cluster,words
1,"['Number', 'employees', 'economic', 'activity', 'collective', 'pay', 'agreement', 'sex', 'employment', 'contract', 'adults', 'age', 'groups', 'children', 'youngest', 'child', 'educational', 'attainment', 'level', 'household', 'composition', 'working', 'status', 'households', 'employed', 'persons', 'planned', 'stopping', 'work', 'time', 'years', 'old', 'having', 'make', 'arrangements', 'months', 'care', 'occupation', 'pattern', 'regularly', 'taking', 'people', 'need', 'family', 'sickness', 'emergencies', 'days', 'reasons', 'vary', 'start', 'end', 'day', 'wishing', 'change', 'organisation', 'life', 'responsibilities', 'reduced', 'hours', 'retirement', 'stay', 'longer', 'flexible', 'available', 'workplace', 'healthier', 'safer', 'update', 'skills', 'worked', 'NACE', 'Rev', 'NUTS', 'regions', 'LCS', 'survey', 'control', 'length', 'service', 'enterprise', 'C', 'O', 'excluding', 'L', 'size', 'class', 'B', 'S', 'finding', 'convenient', 'personal', 'shift', 'evening', 'night', 'weekends', 'annualised', 'possibility', 'variable', 'reference', 'week', 'paid', 'stayed', 'previous', 'job', 'opportunities', 'compared', 'timers', 'older', 'self', 'methods', 'schedule', 'single', 'client', 'customer']"
2,"['Number', 'EEA', 'branches']"
3,"['Number', 'accidents', 'work', 'NACE', 'Rev', 'activity', 'employment', 'status', 'severity', 'size', 'enterprise', 'age', 'sex', 'contact', 'mode', 'injury', 'deviation', 'material', 'agent', 'specific', 'physical', 'body', 'injured', 'type', 'workstation', 'working', 'environment', 'process', 'economic']"
4,"['Number', 'accounts', 'linked', 'CPA', 'categories']"
5,"['Number', 'airports']"
6,"['Number', 'bed', 'places', 'hotels', 'similar', 'accommodation', 'accomodation', 'NACE', 'Rev']"
7,"['Number', 'bovine', 'animals']"
8,"['Number', 'branches', 'non', 'EEA', 'countries']"
9,"['Number', 'combined', 'heat', 'power', 'CHP', 'units', 'type', 'plant', 'generation', 'technologies', 'primary', 'energy', 'savings', 'levels']"
10,"['Number', 'compulsory', 'schooling', 'years']"
11,"['Number', 'dairy', 'cows']"
12,"['Number', 'enterprises', 'balance', 'sheet', 'total', 'legal', 'status', 'residence', 'parent', 'enterprise', 'persons', 'employed', 'category', 'credit', 'institutions', 'importance', 'barriers', 'met', 'cross', 'border', 'trade', 'economic', 'activity', 'employment', 'size', 'class', 'carrying', 'reasons', 'type', 'innovation', 'manufacturing', 'sector', 'technology', 'NACE', 'Rev']"
13,"['Number', 'establishments', 'bed', 'places', 'NUTS', 'regions']"
14,"['Number', 'fatal', 'accidents', 'work', 'Member', 'State', 'age', 'excluding', 'road', 'traffic', 'board', 'mean', 'transport', 'course']"
15,"['Number', 'foreign', 'languages', 'known', 'self', 'reported', 'age', 'degree', 'urbanisation', 'educational', 'attainment', 'level', 'labour', 'status', 'occupation', 'sex']"
16,"['Number', 'households', 'degree', 'urbanisation', 'NUTS', 'regions', 'household', 'composition', 'children', 'age', 'youngest', 'child', 'working', 'status', 'migration']"
17,"['Number', 'innovating', 'enterprises', 'considering', 'different', 'listed', 'objectives', 'relevant', 'NACE', 'Rev', 'size', 'class', 'following', 'important', 'sources', 'information', 'having', 'applied', 'patent', 'supported', 'government', 'innovation', 'cooperation', 'progress', 'problems']"
18,"['Number', 'known', 'species']"
19,"['Number', 'loans', 'advances', 'customers', 'linked', 'CPA', 'categories']"
20,"['Number', 'local', 'units', 'persons', 'employed', 'wages', 'salaries', 'NUTS', 'regions']"
21,"['Number', 'pigs']"
22,"['Number', 'principal', 'ports']"
23,"['Number', 'railway', 'vehicles', 'type']"
24,"['Number', 'retail', 'stores', 'NACE', 'Rev', 'G']"
25,"['Number', 'sheep']"
26,"['Number', 'ships', 'grt', 'type']"
27,"['Number', 'statistical', 'units', 'selected', 'survey', 'NACE', 'Rev', 'activity', 'LCS', 'NUTS', 'regions']"
28,"['Number', 'work', 'related', 'health', 'problems', 'diagnosis', 'group', 'severity', 'activity', 'employment', 'status', 'victim', 'age', 'sex', 'complaints']"
30,"['Number', 'average', 'size', 'enterprises', 'cultural', 'sectors', 'NACE', 'Rev', 'activity']"
31,"['Number', 'capacity', 'recovery', 'disposal', 'facilities', 'NUTS', 'regions']"
32,"['Number', 'length', 'district', 'networks', 'type', 'network', 'efficiency']"
34,"['month', 'rates', 'euro', 'area', 'countries', 'annual', 'data', 'monthly', 'quarterly']"
35,"['month', 'rate']"
36,"['D', 'printing', 'robotics', 'NACE', 'Rev', 'activity', 'size', 'class', 'enterprise']"
37,"['Ability', 'make', 'ends', 'meet', 'level', 'disability', 'activity', 'limitation', 'sex', 'age']"
38,"['Abortion', 'indicators']"
39,"['Absence', 'work', 'main', 'reason', 'sex', 'age', 'group', 'quarterly', 'data', 'personal', 'health', 'problems', 'level', 'disability', 'activity', 'limitation', 'degree', 'urbanisation', 'educational', 'attainment']"
40,"['Access', 'basic', 'services', 'housing']"
41,"['Accidental', 'injuries', 'work', 'severity', 'type', 'injury', 'status', 'age', 'sex']"
43,"['Accidents', 'work', 'ISCO', 'employment', 'status', 'NACE', 'Rev', 'activity', 'C', 'N', 'body', 'injured', 'size', 'enterprise', 'type', 'injury', 'days', 'lost', 'sex', 'age', 'severity', 'excluding', 'road', 'traffic', 'board', 'mean', 'transport', 'course', 'H', 'Total', 'contact', 'mode', 'deviation', 'material', 'agent', 'specific', 'physical', 'working', 'environment', 'process', 'workstation']"
44,"['Accidents', 'inland', 'waterway', 'transport']"
45,"['Accidents', 'involving', 'transport', 'dangerous', 'goods', 'annual', 'data']"
46,"['Accommodation', 'establishments']"
47,"['Accrued', 'date', 'pension', 'entitlements', 'social', 'insurance', 'annual', 'data']"
48,"['Acquisition', 'citizenship', 'age', 'group', 'sex', 'level', 'human', 'development']"
50,"['Active', 'population', 'citizenship', 'age', 'group', 'sex', 'country', 'birth', 'educational', 'attainment', 'level', 'groups', 'working', 'status']"
51,"['Active', 'recent', 'immigrants', 'sex', 'age', 'citizenship', 'country', 'birth']"
52,"['Activities', 'internet', 'security', 'concerns']"
53,"['Activity', 'rate', 'age', 'sex', 'migration', 'status', 'citizenship', 'educational', 'attainment', 'level', 'people', 'type', 'disability', 'rates', 'years', 'old', 'limitation', 'country', 'birth', 'NUTS', 'regions', 'degree', 'urbanisation', 'young', 'education', 'training', 'completion', 'highest']"
54,"['Additional', 'indicators']"
55,"['Adjusted', 'gross', 'disposable', 'income', 'households', 'capita', 'PPS']"
56,"['Admitted', 'family', 'members', 'EU', 'Blue', 'Cards', 'holders', 'type', 'decision', 'citizenship']"
57,"['Adult', 'participation', 'learning', 'past', 'weeks', 'sex']"
58,"['Age', 'person', 'received', 'old', 'pension', 'years']"
60,"['Aggregate', 'propensity', 'consume', 'activity', 'status', 'reference', 'person', 'experimental', 'statistics', 'age', 'degree', 'urbanisation', 'educational', 'attainment', 'level', 'household', 'type', 'income', 'quintile']"
61,"['Aggregate', 'replacement', 'ratio', 'pensions', 'excluding', 'social', 'benefits', 'sex', 'EU', 'SILC', 'survey']"
62,"['Agricultural', 'holding', 'utilised', 'area', 'vocational', 'training', 'sex', 'age', 'farm', 'managers', 'holdings', 'holder', 'manager', 'crops', 'economic', 'size', 'Standard', 'Output', 'Euro', 'legal', 'form', 'management', 'livestock', 'practices', 'number', 'farms', 'labour', 'force', 'LSU', 'selected', 'variables', 'ESU']"
63,"['Agricultural', 'labour', 'force', 'legal', 'entity', 'work', 'status', 'sex', 'worker', 'economic', 'size', 'holding', 'NUTS', 'regions', 'farm']"
64,"['Agricultural', 'labour', 'input', 'statistics', 'indices']"
65,"['Agricultural', 'land', 'prices', 'region', 'historical', 'data', 'renting', 'year']"
66,"['Agricultural', 'real', 'factor', 'income', 'annual', 'work', 'unit', 'AWU']"
67,"['Air', 'transport', 'infrastructure', 'airports', 'length', 'paved', 'runways', 'freight', 'NUTS', 'regions', 'questionnaire', 'goods', 'country', 'yearly', 'data', 'passengers', 'airport', 'type', 'monthly', 'traffic', 'number', 'aircraft', 'movements']"
68,"['Air', 'accident', 'victims', 'aerial', 'works', 'country', 'occurrence', 'registration', 'aircraft', 'commercial', 'transport', 'general', 'aviation', 'maximum', 'mass', 'kg']"
69,"['Air', 'emission', 'footprints', 'domestic', 'technology', 'assumption', 'intensity', 'industry']"
70,"['Air', 'emissions', 'accounts', 'NACE', 'Rev', 'activity', 'greenhouse', 'gases', 'quarterly', 'data', 'related', 'road', 'transport', 'totals', 'bridging', 'emission', 'inventory', 'intensities']"
71,"['Air', 'emissions', 'sector', 'gas']"
72,"['Air', 'passenger', 'transport', 'main', 'airports', 'partner', 'reporting', 'countries', 'aircraft', 'model', 'distance', 'bands', 'coverage', 'type', 'schedule', 'country', 'routes', 'Austria', 'Belgium', 'Bosnia', 'Herzegovina', 'Bulgaria', 'Croatia', 'Cyprus', 'Czechia', 'Denmark', 'Estonia', 'Finland', 'France', 'Germany', 'Greece', 'Hungary', 'Iceland', 'Italy', 'Latvia', 'Lithuania', 'Montenegro', 'North', 'Macedonia', 'Norway', 'Poland', 'Portugal', 'Romania', 'Serbia', 'Slovakia', 'Slovenia', 'Spain', 'Sweden', 'Switzerland', 'T', 'rkiye', 'Netherlands', 'United', 'Kingdom']"
73,"['Air', 'pollutants', 'source', 'sector', 'aggregated', 'indicator', 'sets']"
74,"['Air', 'transport', 'airline', 'licence', 'EU', 'non', 'reporting', 'airports', 'main', 'coverage']"
75,"['Air', 'transport', 'equipment', 'number', 'aircrafts']"
76,"['Aircraft', 'traffic', 'data', 'reporting', 'country']"
77,"['Airport', 'connections', 'transport', 'infrastructure', 'infrastructures', 'type']"
79,"['causes', 'death', 'NUTS', 'regions']"
80,"['valid', 'permits', 'age', 'sex', 'citizenship', 'December', 'year', 'reason', 'length', 'validity']"
81,"['Ammonia', 'emissions', 'agriculture', 'total']"
83,"['Animal', 'housing', 'type', 'bovine', 'utilised', 'agricultural', 'area', 'size', 'classes', 'livestock', 'units', 'NUTS', 'regions', 'pigs', 'poultry']"
84,"['Animal', 'output', 'basic', 'producer', 'prices']"
85,"['Animal', 'populations', 'NUTS', 'regions']"
86,"['Annual', 'detailed', 'enterprise', 'statistics', 'construction', 'NACE', 'Rev', 'F', 'industry', 'B', 'E', 'services', 'H', 'N', 'S', 'trade', 'G', 'electricity', 'gas', 'water', 'supply', 'manufacturing', 'subsections', 'DA', 'total', 'D', 'DF', 'DN', 'mining', 'quarrying', 'C', 'K', 'earnings', 'economic', 'control', 'enterprises', 'employed', 'persons', 'O', 'excluding', 'L', 'quantiles', 'contractual', 'working', 'time', 'according', 'country', 'residence', 'parent', 'geographical', 'breakdown', 'products', 'legal', 'status', 'product', 'size', 'class', 'special', 'aggregates', 'activities', 'gross', 'premium', 'written', 'technical', 'provisions', 'type', 'ownership']"
87,"['Annual', 'aquaculture', 'production', 'live', 'weight', 'tonnes']"
88,"['Annual', 'captures', 'fish', 'live', 'weight', 'tonnes', 'fishing', 'areas']"
89,"['Annual', 'data', 'employment', 'knowledge', 'intensive', 'activities', 'national', 'level', 'sex', 'NACE', 'Rev', 'onwards']"
90,"['Annual', 'expenditure', 'educational', 'institutions', 'pupil', 'student', 'based', 'FTE', 'education', 'level', 'programme', 'orientation']"
91,"['Annual', 'financial', 'accounts', 'general', 'government']"
92,"['Annual', 'freshwater', 'abstraction', 'source', 'sector']"
93,"['Annual', 'net', 'earnings', 'time', 'single', 'worker', 'children', 'earning', 'average', 'wage']"
94,"['Annual', 'population', 'sex', 'age', 'degree', 'urbanisation', 'labour', 'status']"
95,"['Annual', 'production', 'utilisation', 'milk', 'farm']"
96,"['Annual', 'work', 'units', 'forestry', 'logging']"
97,"['Apparent', 'cost', 'general', 'government', 'gross', 'debt']"
98,"['Apple', 'pear', 'trees', 'Area', 'age', 'density', 'classes', 'ha', 'group', 'varieties', 'pears']"
99,"['Applicants', 'having', 'benefited', 'material', 'reception', 'conditions', 'end', 'reference', 'year', 'annual', 'data']"
100,"['Aquaculture', 'production', 'aquatic', 'environment', 'quantities', 'tonnes', 'live', 'weight', 'value', 'values', 'euro']"
101,"['Arable', 'crops', 'number', 'farms', 'areas', 'size', 'farm', 'UAA', 'area', 'different', 'agricultural', 'economic', 'Euro']"
103,"['Area', 'risk', 'severe', 'soil', 'erosion', 'water']"
104,"['Area', 'NUTS', 'region']"
106,"['Area', 'regions', 'metropolitan', 'typologies']"
107,"['Area', 'wooded', 'land', 'EFA', 'questionnaire', 'FAO', 'FE']"
109,"['Area', 'organic', 'farming']"
110,"['Area', 'wine', 'grape', 'vine', 'varieties', 'broken', 'type', 'production', 'yield', 'class', 'regions', 'variety', 'age', 'vines', 'Austria', 'Bulgaria', 'Cyprus', 'Czech', 'Republic', 'France', 'Germany', 'Greece', 'Hungaria', 'Italy', 'Portugal', 'Slovakia', 'Slovenia', 'United', 'Kingdom', 'NUTS', 'Romania', 'Spain', 'grubbed', 'planted', 'replanted']"
111,"['Arrears', 'mortgage', 'rent', 'utility', 'bills', 'hire', 'purchase', 'NUTS', 'regions', 'level', 'disability', 'activity', 'limitation', 'sex', 'age', 'onwards', 'EU', 'SILC', 'survey', 'ECHP', 'payments']"
112,"['Arrears', 'hire', 'purchase', 'instalments', 'loan', 'payments', 'EU', 'SILC', 'survey']"
113,"['Arrears', 'non', 'housing', 'bills', 'income', 'quintile', 'risk', 'poverty', 'threshold']"
114,"['Arrivals', 'tourism', 'accommodation', 'establishments', 'type', 'tourist', 'monthly', 'data', 'NUTS', 'regions', 'country', 'origin', 'non', 'residents', 'hotels', 'similar', 'accomodation']"
115,"['Arrivals', 'tourists', 'border']"
116,"['Artificial', 'intelligence', 'NACE', 'Rev', 'activity', 'NUTS', 'regions', 'size', 'class', 'enterprise']"
117,"['Assumptions', 'fertility', 'rates', 'age', 'type', 'projection', 'NUTS', 'region', 'mortality', 'sex']"
118,"['Assumptions', 'net', 'migration', 'age', 'sex', 'type', 'projection', 'NUTS', 'region', 'metropolitan', 'regions', 'typologies']"
119,"['Assumptions', 'probability', 'dying', 'age', 'sex', 'type', 'projection', 'NUTS', 'region']"
120,"['Asylum', 'applicants', 'citizenship', 'annual', 'data', 'type', 'aggregated', 'monthly', 'age', 'sex', 'considered', 'unaccompanied', 'minors', 'having', 'applications', 'processed', 'accelerated', 'procedure', 'state', 'withdrawn', 'withdrawal']"
121,"['Asylum', 'decisions', 'final', 'instance', 'type', 'decision', 'total']"
123,"['upper', 'secondary', 'educational', 'attainment', 'age', 'group', 'sex']"
124,"['lower', 'secondary', 'educational', 'attainment', 'age']"
125,"['risk', 'poverty', 'social', 'exclusion', 'rate', 'elderly', 'population', 'living', 'quasi', 'jobless', 'households', 'unemployed', 'persons', 'detailed', 'age', 'group', 'EU', 'SILC', 'survey', 'household', 'type', 'frequent', 'activity', 'status', 'tenure', 'adults', 'aged', 'years', 'educational', 'attainment', 'level', 'parents', 'financial', 'situation', 'respondent', 'old', 'children', 'sex', 'citizenship', 'country', 'birth', 'deducting', 'housing', 'costs', 'degree', 'urbanisation', 'transfers', 'anchored', 'fixed', 'moment', 'time', 'point', 'ECHP', 'pensions', 'excluded', 'NUTS', 'regions', 'threshold', 'surveys', 'included', 'main', 'source', 'income', 'previous', 'year', 'work', 'intensity', 'broad', 'groups', 'pensioners', 'people', 'dependent', 'child', 'older', 'selected', 'single', 'thresholds', 'highest', 'education', 'attained']"
126,"['Authorisations', 'long', 'term', 'mobility', 'researchers', 'reason', 'type', 'decision', 'citizenship', 'length', 'validity', 'study', 'research', 'issued', 'purpose', 'seasonal', 'work', 'economic', 'sector', 'sex']"
127,"['Authorisations', 'purpose', 'seasonal', 'work', 'status', 'length', 'validity', 'economic', 'sector', 'citizenship']"
128,"['Autonomous', 'pension', 'funds', 'indicators', 'geographical', 'breakdown', 'number', 'enterprises', 'size', 'class', 'investments', 'members', 'total', 'currencies']"
130,"['Available', 'beds', 'hospitals', 'NUTS', 'region', 'regions']"
131,"['Available', 'energy', 'supply', 'final', 'consumption', 'capita']"
132,"['Average', 'hours', 'worked', 'paid', 'employee', 'working', 'time', 'NACE', 'Rev', 'activity', 'LCS', 'survey', 'NUTS', 'regions', 'number', 'actual', 'weekly', 'work', 'main', 'job', 'sex', 'age', 'professional', 'status', 'economic', 'onwards', 'occupation', 'second', 'children', 'household', 'households', 'composition', 'foreign', 'languages', 'studied', 'pupil', 'education', 'level', 'overtime', 'employees', 'persons', 'youngest', 'child', 'rooms', 'person', 'region', 'degree', 'urbanization', 'tenure', 'dwelling', 'type', 'EU', 'SILC', 'ECHP', 'income', 'group', 'usual', 'frequency', 'pressure', 'related', 'contacts', 'leisure', 'months', 'formal', 'care', 'hour', 'types', 'years', 'spent', 'financial', 'incentive', 'stay', 'employed', 'old', 'childcare', 'reasons', 'given', 'used', 'spouse', 's', 'regular', 'people', 'need', 'wish', 'change', 'organisation', 'life', 'responsibilities', 'possibility', 'variable', 'reference', 'week']"
133,"['Average', 'emissions', 'km', 'new', 'passenger', 'cars', 'source', 'EEA', 'DG', 'CLIMA', 'HIDDEN', 'DAT']"
135,"['Average', 'age', 'employed', 'persons', 'started', 'receiving', 'retirement', 'pension', 'sex', 'main', 'financial', 'incentive', 'stay', 'work', 'granting', 'individual', 'benefits', 'labour', 'status', 'just', 'leaving', 'job', 'reason', 'early']"
136,"['Average', 'age', 'leaving', 'formal', 'education', 'sex', 'educational', 'attainment', 'level', 'persons', 'left', 'years']"
137,"['Average', 'annual', 'gross', 'earnings', 'sex', 'NACE', 'Rev', 'activity', 'occupation']"
138,"['Average', 'annual', 'population', 'calculate', 'regional', 'GDP', 'data', 'thousand', 'persons', 'NUTS', 'regions', 'metropolitan', 'typologies']"
139,"['Average', 'expenditure', 'night', 'trip']"
140,"['Average', 'time', 'adjusted', 'salary', 'employee']"
141,"['Average', 'gross', 'annual', 'earnings', 'industry', 'services', 'sex']"
142,"['Average', 'household', 'size', 'EU', 'SILC', 'survey']"
143,"['Average', 'nominal', 'monthly', 'wages', 'salaries']"
144,"['Average', 'population', 'mid', 'year', 'sex', 'age', 'group']"
145,"['Average', 'remaining', 'maturity', 'general', 'government', 'gross', 'debt']"
146,"['Average', 'remuneration', 'national', 'civil', 'servants', 'central', 'public', 'administration']"
147,"['Average', 'rent', 'month', 'cities', 'type', 'dwelling']"
148,"['Average', 'seniority', 'work', 'employer', 'NACE', 'Rev', 'activity']"
149,"['Average', 'size', 'dwelling', 'household', 'composition', 'degree', 'urbanisation', 'type', 'income', 'quintile', 'tenure', 'status']"
150,"['Average', 'time', 'leaving', 'formal', 'education', 'starting', 'job', 'age', 'sex', 'educational', 'attainment', 'level', 'persons', 'left', 'years', 'months']"
151,"['Aviation', 'airport', 'enterprises']"
152,"['BERD', 'industry', 'orientation', 'NACE', 'Rev', 'activity']"
153,"['BERD', 'NACE', 'Rev', 'activity', 'source', 'funds', 'type', 'expenditure']"
154,"['BERD', 'concentration', 'personnel', 'ranking']"
155,"['BERD', 'size', 'class', 'source', 'funds']"
158,"['Balance', 'payments', 'country', 'annual', 'data', 'BPM', 'monthly', 'quarterly', 'EU', 'institutions', 'capital', 'account', 'current', 'GDP', 'financial', 'net']"
159,"['Balance', 'trade', 'EU', 'euro', 'area', 'aggregates']"
160,"['Balance', 'sheets', 'non', 'financial', 'assets']"
161,"['Balancing', 'items']"
162,"['Barley', 'area', 'production', 'humidity', 'number', 'farms', 'size', 'farm', 'UAA', 'areas', 'agricultural']"
163,"['Barriers', 'considered', 'international', 'sourcing', 'status', 'economic', 'activity', 'experimental', 'statistics']"
164,"['Basic', 'economic', 'information', 'enterprises', 'NACE', 'Rev', 'activity', 'size', 'class']"
165,"['Bathing', 'sites', 'excellent', 'water', 'quality', 'location']"
166,"['Batteries', 'power', 'capacities', 'energy', 'storage']"
167,"['Beds', 'nursing', 'residential', 'long', 'term', 'care', 'facilities']"
169,"['Beneficiaries', 'disability', 'pensions', 'pension', 'type', 'sex']"
170,"['Beneficiaries', 'temporary', 'protection', 'end', 'month', 'citizenship', 'age', 'sex', 'monthly', 'data', 'thousand', 'persons']"
171,"['Big', 'data', 'analysis', 'NACE', 'Rev', 'activity', 'size', 'class', 'enterprise']"
172,"['Biochemical', 'oxygen', 'demand', 'rivers']"
173,"['Body', 'mass', 'index', 'BMI', 'level', 'disability', 'activity', 'limitation', 'sex', 'age', 'country', 'birth', 'citizenship', 'degree', 'urbanisation', 'educational', 'attainment', 'income', 'quintile']"
174,"['Bovine', 'population', 'annual', 'data']"
175,"['Breast', 'cancer', 'cervical', 'screenings', 'historical', 'data']"
176,"['Bribery', 'legal', 'status', 'sex', 'person', 'involved']"
177,"['Broadband', 'internet', 'coverage', 'speed', 'technology']"
178,"['Building', 'permits', 'annual', 'data', 'monthly', 'quarterly']"
179,"['Buses', 'coaches', 'traffic', 'performance', 'registered', 'reporting', 'country', 'transport', 'covarage']"
180,"['Business', 'demography', 'high', 'growth', 'enterprise', 'NACE', 'Rev', 'activity', 'metropolitan', 'regions', 'typologies', 'NUTS', 'enterprises', 'legal', 'form', 'size', 'class', 'main', 'variables', 'B', 'N', 'excluding', 'K']"
181,"['Business', 'enterprise', 'R', 'D', 'expenditure', 'high', 'tech', 'sectors', 'NACE', 'Rev', 'personnel']"
182,"['Business', 'expenditure', 'R', 'D', 'BERD', 'ICT', 'sector', 'total', 'NACE', 'Rev', 'activity']"
183,"['Business', 'registration', 'bankruptcy', 'index', 'NACE', 'Rev', 'activity', 'annual', 'data', 'monthly', 'quarterly']"
184,"['Business', 'written', 'EEA', 'branches', 'non', 'countries']"
185,"['Butter', 'distribution', 'enterprises', 'volume', 'annual', 'production']"
186,"['Calculation', 'overall', 'target', 'details']"
187,"['Calorific', 'values']"
189,"['Capacities', 'production', 'fuel', 'used', 'energy', 'savings', 'combined', 'heat', 'power', 'CHP', 'type', 'plant', 'generation', 'technologies', 'primary', 'levels']"
190,"['Capacities', 'productions', 'losses', 'district', 'networks', 'type', 'network', 'plant']"
192,"['Capital', 'account', 'annual', 'data', 'quarterly']"
193,"['Capital', 'stock', 'based', 'productivity', 'indicators', 'industry', 'level']"
194,"['Carbon', 'dioxide', 'emission', 'footprints', 'FIGARO', 'application']"
195,"['Carrying', 'capacity', 'merchant', 'ships', 'grt', 'vessel', 'type', 'pipelines', 'operated', 'inland', 'waterway', 'transport', 'enterprises', 'vessels', 'number']"
196,"['Catches', 'Antarctic', 'Atlantic', 'Indian', 'Ocean', 'Pacific', 'Total', 'Mediterranean', 'Black', 'Sea', 'onwards', 'West', 'central', 'east', 'inland', 'waters', 'major', 'fishing', 'areas', 'north', 'south', 'regions']"
197,"['Cattle', 'number', 'farms', 'heads', 'fodder', 'crops', 'agricultural', 'size', 'farm', 'UAA', 'livestock', 'units', 'LSU', 'herd']"
198,"['Cattles', 'total', 'dairy', 'cow', 'cows']"
199,"['Causes', 'death', 'absolute', 'number', 'crude', 'rate', 'NUTS', 'region', 'residence', 'regions', 'year', 'average', 'deaths', 'country', 'occurrence', 'infant', 'mortality', 'potential', 'years', 'life', 'lost', 'standardised', 'females', 'males', 'total', 'monthly', 'data', 'sex']"
201,"['Central', 'government', 'bond', 'yields', 'annual', 'data', 'monthly', 'quarterly']"
202,"['Central', 'government', 'debt']"
203,"['Cereal', 'balance', 'items', 'main', 'cereals']"
204,"['Cereals', 'production', 'grain', 'including', 'seed', 'area', 'humidity', 'number', 'farms', 'areas', 'agricultural', 'size', 'farm', 'UAA', 'cereal', 'combine', 'harvestors']"
205,"['Cereals', 'NUTS', 'regions']"
206,"['Change', 'immigration', 'status', 'permits', 'age', 'sex', 'citizenship', 'reason']"
207,"['Cheese', 'distribution', 'enterprises', 'volume', 'annual', 'production']"
209,"['Child', 'youth', 'population', 'January', 'sex', 'age']"
210,"['Child', 'specific', 'material', 'deprivation', 'rate', 'age', 'children', 'aged', 'years', 'educational', 'attainment', 'level', 'parents', 'household', 'composition']"
211,"['Children', 'risk', 'poverty', 'social', 'exclusion', 'educational', 'attainment', 'level', 'parents', 'population', 'aged', 'years', 'EU', 'strategy', 'cared', 'age', 'group', 'SILC', 'survey', 'formal', 'childcare', 'education', 'duration', 'income', 'quintile', 'respective', 'situation', 'living', 'households', 'low', 'work', 'intensity', 'receiving', 'services', 'degree', 'urbanisation', 'household', 'type', 'difficulty', 'afford', 'paid', 'contributor']"
212,"['Children', 'aged', 'having', 'bath', 'shower', 'dwelling', 'EU', 'SILC', 'survey', 'living', 'leaking', 'roof', 'damp', 'walls', 'floors', 'foundation', 'rot', 'window', 'frames', 'floor', 'households', 'considering', 'dark', 'indoor', 'flushing', 'toilet', 'sole', 'use', 'household']"
213,"['Children', 'aged', 'risk', 'poverty', 'social', 'exclusion', 'EU', 'target', 'living', 'households', 'low', 'work', 'intensity', 'sex', 'years', 'formal', 'childcare']"
214,"['Children', 'household', 'type', 'income', 'group', 'degree', 'urbanisation', 'main', 'reason', 'meeting', 'needs', 'formal', 'childcare', 'services']"
215,"['Children', 'level', 'general', 'health', 'household', 'composition', 'quantile', 'age']"
216,"['Children', 'having', 'parents', 'living', 'outside', 'household']"
217,"['Children', 'limitation', 'activities', 'health', 'problems', 'income', 'group', 'household', 'composition', 'age']"
218,"['Children', 'unmet', 'needs', 'medical', 'examination', 'treatment', 'income', 'group', 'household', 'composition', 'degree', 'urbanization', 'specific', 'reason']"
219,"['Circular', 'material', 'use', 'rate', 'type']"
221,"['Classroom', 'teachers', 'academic', 'staff', 'education', 'level', 'programme', 'orientation', 'sex', 'age', 'groups', 'type', 'institution', 'employment', 'status']"
222,"['Classroom', 'teachers', 'working', 'time', 'primary', 'lower', 'secondary', 'upper', 'education', 'total', 'active', 'population']"
223,"['Climate', 'related', 'economic', 'losses', 'type', 'event', 'values', 'constant', 'prices']"
224,"['Cloud', 'computing', 'services', 'NACE', 'Rev', 'activity', 'NUTS', 'regions', 'size', 'class', 'enterprise']"
225,"['patenting', 'EPO', 'according', 'applicants', 'inventors', 'country', 'residence', 'number']"
226,"['Collection', 'cow', 's', 'milk']"
228,"['Commercial', 'aircraft', 'fleet', 'age', 'country', 'operator', 'registration', 'category', 'type']"
229,"['Commercial', 'airports', 'type']"
230,"['Commercial', 'flights', 'reporting', 'airport', 'type', 'schedule', 'monthly', 'data', 'source', 'Eurocontrol', 'country']"
231,"['Commissions', 'payable', 'product', 'receivable']"
232,"['Common', 'farmland', 'bird', 'index']"
233,"['Common', 'bird', 'index', 'type', 'species', 'EU', 'aggregate', 'indices', 'estimate']"
234,"['Common', 'wheat', 'number', 'farms', 'area', 'size', 'farm', 'UAA', 'areas', 'agricultural']"
236,['Communication']
237,['Context']
238,['Debts']
239,['Emigration']
240,['Employment']
241,['Erosion']
242,['Goats']
243,['Immigration']
244,['Landuse']
245,['Literacy']
246,['Livestock']
247,['Pensions']
248,['Sheep']
249,['Trams']
250,['Vineyards']
251,['Wages']
252,"['Community', 'design', 'CD', 'applications', 'NUTS', 'regions', 'metropolitan', 'typologies', 'type', 'billion', 'GDP', 'million', 'population', 'designs', 'filed']"
253,"['Comparative', 'price', 'levels']"
254,"['Compensation', 'employees', 'NACE', 'Rev', 'annual', 'data', 'million', 'units', 'national', 'currency', 'quarterly', 'NUTS', 'regions', 'employee', 'hours', 'worked', 'employed', 'person', 'industry']"
255,"['Complete', 'energy', 'balances']"
256,"['Composition', 'municipal', 'waste']"
257,"['Computer', 'based', 'learning', 'participants', 'educational', 'attainment', 'level', 'labour', 'status', 'sex', 'age']"
259,"['Concentration', 'multinational', 'enterprise', 'groups', 'NACE', 'Rev', 'activity', 'experimental', 'statistics']"
260,"['Concentration', 'trade', 'NACE', 'Rev', 'activity']"
261,"['Confidence', 'indicators', 'sector']"
262,"['Consolidated', 'banking', 'leverage', 'domestic', 'foreign', 'entities', 'asset', 'equity', 'multiple']"
263,"['Construction', 'monthly', 'data', 'quarterly', 'growth', 'rates', 'NACE', 'Rev', 'activity', 'index', 'producer', 'prices', 'costs', 'new', 'residential', 'buildings', 'annual']"
264,"['Construction', 'employment', 'size', 'class', 'NACE', 'Rev', 'F']"
265,"['Construction', 'cost', 'new', 'residential', 'buildings']"
266,"['Consultation', 'dentist', 'inhabitant', 'medical', 'doctor', 'private', 'practice', 'outpatient', 'historical', 'data']"
267,"['Consumer', 'price', 'index']"
268,"['Consumers', 'monthly', 'data', 'quarterly']"
270,"['Consumption', 'footprint', 'single', 'weighted', 'score']"
272,"['Consumption', 'antibiotics', 'community', 'hospital', 'sectors', 'defined', 'daily', 'doses', 'DDD', 'day']"
273,"['Consumption', 'chemicals', 'hazardousness', 'EU', 'aggregate']"
274,"['Consumption', 'fruits', 'sex', 'age', 'educational', 'attainment', 'level']"
275,"['Consumption', 'inorganic', 'fertilizers']"
276,"['Consumption', 'lightweight', 'plastic', 'carrier', 'bags', 'wall', 'thickness']"
277,"['Consumption', 'vegetables', 'sex', 'age', 'educational', 'attainment', 'level']"
278,"['Container', 'transport', 'nationality', 'vessel', 'loading', 'status', 'coverage', 'size', 'type', 'goods', 'country', 'region', 'unloading', 'onwards']"
281,"['Contribution', 'recycled', 'materials', 'raw', 'demand', 'end', 'life', 'recycling', 'input', 'rates', 'EOL', 'RIR']"
282,"['Contribution', 'renewable', 'fuels', 'gross', 'final', 'consumption', 'energy']"
283,"['Contribution', 'international', 'bn', 'USD', 'commitment', 'climate', 'related', 'expending']"
284,"['Control', 'foreign', 'affiliates', 'estimated', 'employment', 'business', 'function', 'country', 'location', 'economic', 'activity', 'experimental', 'statistics']"
285,"['Conventional', 'dwellings', 'occupancy', 'status', 'type', 'building', 'NUTS', 'region']"
286,"['Convergence', 'indicators']"
287,"['Conversion', 'factors', 'euro', 'fixed', 'series', 'ECU', 'annual', 'data', 'monthly', 'quarterly']"
288,"['Cooling', 'heating', 'degree', 'days', 'NUTS', 'regions', 'annual', 'data', 'monthly', 'country']"
290,"['Correction', 'coefficients', 'European', 'Union', 'Countries', 'index', 'Belgium', 'Duty', 'stations', 'Brussels', 'outside', 'Monthly', 'data']"
291,"['Correction', 'vision', 'problems', 'sex', 'age', 'degree', 'urbanisation', 'educational', 'attainment', 'level']"
292,"['Corruption', 'Perceptions', 'Index']"
293,"['Cost', 'CVT', 'courses', 'type', 'NACE', 'Rev', 'activity', 'person', 'employed', 'enterprises', 'providing', 'total', 'labour', 'participant', 'training', 'hour', 'size', 'class']"
295,"['Country', 'destination', 'international', 'sourcing', 'enterprises', 'currently', 'planning', 'engage', 'business', 'functions', 'economic', 'activity', 'figures', 'collection', 'round', 'experimental', 'statistics', 'function']"
297,"['Country', 'level', 'Gross', 'weight', 'goods', 'handled', 'main', 'ports', 'type', 'direction', 'cargo', 'transported', 'traffic']"
298,"['Country', 'level', 'passengers', 'embarked', 'disembarked', 'ports', 'direction']"
299,"['Country', 'level', 'volume', 'TEUs', 'containers', 'handled', 'main', 'ports', 'loading', 'status']"
300,"['Covid', 'Impact', 'ICT', 'usage', 'NACE', 'Rev', 'activity', 'size', 'class', 'enterprise']"
301,"['Cows', 'milk', 'collection', 'products', 'obtained', 'annual', 'data', 'monthly']"
302,"['Credit', 'mobile', 'graduates', 'months', 'abroad', 'education', 'level', 'country', 'destination', 'type', 'mobility', 'sex', 'scheme']"
303,"['Crime', 'violence', 'vandalism', 'area', 'EU', 'SILC', 'survey', 'degree', 'urbanisation', 'level', 'disability', 'activity', 'limitation', 'sex', 'age']"
304,"['Crimes', 'recorded', 'police', 'offence', 'category', 'metropolitan', 'regions', 'typologies', 'homicide', 'cities']"
306,"['Crop', 'output', 'basic', 'producer', 'prices']"
307,"['Crop', 'production', 'NUTS', 'regions', 'historical', 'data']"
308,"['Crop', 'production', 'historical', 'data']"
309,"['Crop', 'production', 'EU', 'standard', 'humidity', 'NUTS', 'regions', 'national']"
310,"['Crops', 'glass', 'number', 'farms', 'areas', 'agricultural', 'size', 'farm', 'UAA', 'area']"
312,"['Cross', 'classification', 'fixed', 'assets', 'industry', 'asset', 'stocks', 'gross', 'capital', 'formation', 'flows']"
313,"['Cross', 'trade', 'road', 'freight', 'transport', 'reporting', 'country', 'loading', 'unloading', 'type', 't', 'tkm', 'quarterly', 'data', 'goods', 'annual', 'onwards']"
315,"['Crude', 'divorce', 'rate']"
316,"['Crude', 'marriage', 'rate']"
317,"['Crude', 'oil', 'imports', 'field', 'production', 'monthly', 'data', 'supply']"
318,"['Crude', 'rate', 'birth', 'dead', 'population', 'change']"
319,"['Cultural', 'employment', 'NACE', 'Rev', 'activity', 'NUTS', 'regions', 'age', 'educational', 'attainment', 'level', 'sex', 'selected', 'labour', 'market', 'characteristics']"
320,"['Culture', 'tourism', 'cities', 'greater']"
322,"['Current', 'account', 'monthly', 'data', 'quarterly', 'balance', 'year', 'average', 'annual', 'main', 'component', 'credit', 'GDP', 'components', 'million', 'units', 'national', 'currency', 'debit', 'net']"
323,"['Current', 'account', 'transactions', 'credits', 'debits', 'balance', 'goods', 'primary', 'income', 'secondary', 'services']"
324,"['Current', 'depressive', 'symptoms', 'level', 'disability', 'activity', 'limitation', 'sex', 'age', 'country', 'birth', 'citizenship', 'degree', 'urbanisation', 'educational', 'attainment', 'income', 'quintile']"
325,"['Current', 'level', 'capacity', 'utilization', 'manufacturing', 'industry']"
326,"['Customers', 'type', 'district', 'network', 'efficiency']"
327,"['Daily', 'exposure', 'tobacco', 'smoke', 'indoors', 'sex', 'age', 'degree', 'urbanisation', 'educational', 'attainment', 'level']"
328,"['Daily', 'consumption', 'fruit', 'vegetables', 'level', 'disability', 'activity', 'limitation', 'sex', 'age', 'body', 'mass', 'index', 'country', 'birth', 'citizenship', 'degree', 'urbanisation', 'educational', 'attainment', 'income', 'quintile']"
329,"['Daily', 'smokers', 'number', 'cigarettes', 'sex', 'age', 'educational', 'attainment', 'level', 'degree', 'urbanisation', 'income', 'quintile']"
330,"['Dairy', 'cows', 'number', 'farms', 'heads', 'fodder', 'crops', 'agricultural', 'size', 'farm', 'UAA', 'herd']"
331,"['Data', 'analytics', 'NACE', 'Rev', 'activity', 'NUTS', 'regions', 'size', 'class', 'enterprise']"
332,"['Day', 'money', 'market', 'rates', 'euro', 'area', 'countries', 'annual', 'data', 'monthly', 'quarterly']"
333,"['Death', 'AIDS', 'HIV', 'disease', 'sex', 'accidents', 'NUTS', 'regions', 'alcoholic', 'abuse', 'cancer', 'chronic', 'liver', 'diabetes', 'mellitus', 'diseases', 'nervous', 'drugs', 'dependence', 'homicide', 'assault', 'ischaemic', 'heart', 'pneumonia', 'suicide', 'transport']"
334,"['Deaths', 'total', 'NUTS', 'region', 'metropolitan', 'regions', 'month', 'typologies', 'age', 'sex', 'group', 'citizenship', 'country', 'birth', 'educational', 'attainment', 'level', 'legal', 'marital', 'status', 'week', 'year', 'reached']"
335,"['Deaths', 'crude', 'death', 'rate']"
336,"['Deaths', 'residents', 'related', 'dementias', 'including', 'Alzheimer']"
337,"['Deaths', 'related', 'infectious', 'diseases', 'transport', 'accidents', 'occurring', 'country']"
339,"['Debt', 'currency', 'issue']"
340,"['Debt', 'EU', 'institutions']"
341,"['Decisions', 'granting', 'temporary', 'protection', 'citizenship', 'thousand', 'persons', 'age', 'sex', 'annual', 'aggregated', 'data', 'monthly', 'quarterly', 'unaccompanied', 'minors', 'withdrawing', 'status', 'granted', 'final', 'decision', 'appeal', 'review', 'type', 'withdrawn', 'reason', 'instance']"
342,"['Decisions', 'incoming', 'Dublin', 'requests', 'based', 'EURODAC', 'submitting', 'country', 'PARTNER', 'type', 'request', 'sex', 'applicant', 'decision', 'legal', 'provision', 'outgoing', 'receiving']"
343,"['Decisions', 'asylum', 'applications', 'citizenship', 'annual', 'data', 'December', 'monthly']"
344,"['Degree', 'mobile', 'graduates', 'abroad', 'education', 'level', 'sex', 'country', 'origin', 'field']"
345,"['Demographic', 'balance', 'crude', 'rates', 'metropolitan', 'regions', 'typologies', 'balances', 'indicators', 'type', 'projection', 'NUTS', 'region']"
346,"['Departures', 'residents', 'going', 'abroad', 'holidays', 'business']"
347,"['Depth', 'material', 'deprivation', 'EU', 'SILC', 'survey']"
349,"['Destination', 'country', 'international', 'sourcing', 'business', 'functions', 'economic', 'activity', 'collection', 'round', 'experimental', 'statistics']"
350,"['Destination', 'ICT', 'devices', 'longer', 'use']"
352,"['Detailed', 'average', 'prices']"
353,"['Detailed', 'deaths', 'related', 'transport', 'accidents', 'occurring', 'EU']"
354,"['Development', 'employment', 'foreign', 'affiliates', 'business', 'function', 'economic', 'activity', 'experimental', 'statistics', 'enterprise', 'sourcing', 'status']"
355,"['Devices', 'medical', 'imaging']"
356,"['Difficulties', 'household', 'activities', 'sex', 'age', 'degree', 'urbanisation', 'educational', 'attainment', 'level', 'income', 'quintile', 'disability', 'activity', 'limitation', 'use', 'home', 'care', 'services', 'personal']"
357,"['Digital', 'Intensity', 'NACE', 'Rev', 'activity', 'size', 'class', 'enterprise']"
358,"['Direct', 'investment', 'annual', 'data', 'million', 'units', 'national', 'currency', 'quarterly', 'abroad', 'GDP', 'main', 'components', 'assets', 'instruments', 'reporting', 'economy', 'liabilities', 'flows', 'stocks']"
359,"['Disability', 'employment', 'gap', 'level', 'activity', 'limitation', 'sex', 'source', 'EU', 'SILC']"
360,"['Disaggregated', 'final', 'energy', 'consumption', 'households', 'calorific', 'values', 'quantities', 'industry', 'NACE', 'Rev', 'activity', 'services']"
361,"['Discharges', 'hospitals']"
362,"['Dispersion', 'risk', 'poverty', 'threshold', 'EU', 'SILC', 'survey', 'sex', 'selected', 'age', 'groups', 'ECHP', 'surveys', 'elderly', 'people']"
363,"['Disposable', 'income', 'households', 'expenditure', 'greater', 'zero', 'spent', 'essential', 'goods', 'services', 'activity', 'status', 'reference', 'person', 'experimental', 'statistics', 'age', 'group', 'degree', 'urbanisation', 'educational', 'attainment', 'level', 'household', 'composition', 'quantiles', 'overburden', 'risk', 'poverty', 'social', 'exclusion', 'material', 'deprivation', 'private', 'NUTS', 'regions']"
364,"['Distribution', 'children', 'aged', 'educational', 'attainment', 'level', 'parents', 'income', 'group', 'households', 'activity', 'status', 'reference', 'person', 'experimental', 'statistics', 'age', 'household', 'size', 'EU', 'SILC', 'survey', 'type', 'onwards', 'ECHP', 'number', 'population', 'health', 'sex', 'degree', 'urbanisation', 'occupation', 'time', 'employment', 'dwelling', 'citizenship', 'tenure', 'country', 'birth', 'types', 'housing', 'cost', 'burden', 'difficulty', 'accessing', 'public', 'transport', 'quintile', 'overall', 'satisfaction', 'years', 'spent', 'poverty', 'year', 'period', 'work', 'intensity', 'frequent']"
365,"['Distribution', 'VAT', 'paid', 'households', 'percentage', 'gross', 'income', 'age', 'reference', 'person', 'experimental', 'statistics', 'household', 'type', 'quintile']"
366,"['Distribution', 'academic', 'staff', 'education', 'level', 'age', 'groups']"
367,"['Distribution', 'degree', 'mobile', 'graduates', 'abroad', 'education', 'level', 'sex', 'field']"
368,"['Distribution', 'digital', 'platform', 'workers', 'hour', 'month', 'consequences', 'rejecting', 'task', 'service', 'experimental', 'statistics', 'educational', 'attainment', 'level', 'labour', 'status', 'price', 'setting', 'share', 'income', 'earnings', 'social', 'insurance', 'coverage', 'risk', 'type', 'work', 'assignment', 'working', 'hours', 'months', 'number', 'worked']"
369,"['Distribution', 'direct', 'indirect', 'taxes', 'paid', 'households', 'percentage', 'gross', 'income', 'age', 'reference', 'person', 'experimental', 'statistics', 'household', 'type', 'quintile']"
370,"['Distribution', 'education', 'training', 'activities', 'field', 'ISCED', 'F']"
371,"['Distribution', 'graduates', 'education', 'level', 'programme', 'orientation', 'sex', 'field']"
372,"['Distribution', 'income', 'different', 'groups', 'EU', 'SILC', 'ECHP', 'surveys', 'quantiles']"
373,"['Distribution', 'instruction', 'hours', 'field', 'ISCED', 'F']"
374,"['Distribution', 'male', 'female', 'graduates', 'different', 'fields', 'education', 'level', 'programme', 'orientation']"
375,"['Distribution', 'mobile', 'students', 'abroad', 'enrolled', 'education', 'level', 'sex', 'field', 'EU', 'non', 'country', 'origin']"
376,"['Distribution', 'new', 'entrants', 'education', 'level', 'programme', 'orientation', 'sex', 'field']"
377,"['Distribution', 'non', 'formal', 'education', 'training', 'activities', 'provider', 'type', 'age', 'educational', 'attainment', 'level', 'sex']"
378,"['Distribution', 'participation', 'formal', 'education', 'training', 'months', 'programme', 'sex', 'age', 'weeks']"
379,"['Distribution', 'pupils', 'students', 'enrolled', 'general', 'vocational', 'programmes', 'education', 'level', 'NUTS', 'regions']"
380,"['Distribution', 'students', 'education', 'level', 'programme', 'orientation', 'sex', 'field', 'enrolled', 'tertiary', 'levels']"
381,"['Distribution', 'teachers', 'education', 'level', 'programme', 'orientation', 'age', 'groups']"
382,"['Distributive', 'trades', 'employment', 'size', 'class', 'NACE', 'Rev', 'G', 'turnover']"
383,"['Diversity', 'index', 'energy', 'supply', 'final', 'consumption', 'sector']"
384,"['Divorce', 'indicators']"
385,"['Divorces', 'citizenship', 'wife', 'husband', 'country', 'birth']"
386,"['Divorces', 'duration', 'marriage', 'reached', 'year']"
387,"['Domestic', 'industrial', 'production', 'price', 'index', 'producer', 'prices', 'capital', 'goods', 'consumer', 'durables', 'non', 'energy', 'intermediate', 'manufacturing', 'total', 'industry', 'excluding', 'construction']"
388,"['Domestic', 'material', 'consumption', 'capita']"
389,"['Domestic', 'international', 'sourcing', 'different', 'business', 'functions', 'economic', 'activity', 'collection', 'round', 'experimental', 'statistics']"
390,"['Dried', 'crop', 'pulses', 'NUTS', 'regions']"
391,"['Drinking', 'milk', 'distribution', 'enterprises', 'volume', 'annual', 'production']"
392,"['Drought', 'impact', 'area', 'ecosystems']"
393,"['Dry', 'pulses', 'protein', 'crops', 'production', 'grain', 'including', 'seed', 'mixtures', 'cereals', 'area', 'humidity']"
395,"['Duration', 'daily', 'tobacco', 'smoking', 'sex', 'age', 'educational', 'attainment', 'level']"
396,"['Duration', 'working', 'life']"
397,"['Dwellings', 'type', 'housing', 'building', 'NUTS', 'regions', 'ownership', 'occupancy', 'status']"
399,"['E', 'commerce', 'purchases', 'NACE', 'Rev', 'activity', 'size', 'class', 'enterprise', 'sales', 'enterprises', 'NUTS', 'regions']"
400,"['E', 'government', 'activities', 'individuals', 'websites']"
401,"['EC', 'index', 'producer', 'prices', 'agricultural', 'products', 'monthly', 'weighting', 'change', 'quarterly', 'averages', 'annual', 'data', 'indices', 'purchase', 'means', 'production']"
402,"['ECU', 'EUR', 'exchange', 'rates', 'versus', 'national', 'currencies']"
403,"['EMU', 'convergence', 'criterion', 'series', 'annual', 'data', 'daily', 'monthly', 'quarterly']"
404,"['EU', 'imports', 'developing', 'countries', 'country', 'income', 'groups']"
405,"['EU', 'Blue', 'Cards', 'type', 'decision', 'occupation', 'citizenship', 'holders', 'family', 'members', 'Member', 'State', 'previous', 'residence']"
406,"['EU', 'emissions', 'production', 'consumption', 'footprint', 'perspectives', 'FIGARO', 'application']"
407,"['EU', 'EFTA', 'citizens', 'usual', 'residents', 'country', 'January']"
408,"['EU', 'patenting', 'EPO', 'according', 'applicants', 'inventors', 'country', 'residence', 'international', 'patent', 'classification', 'IPC', 'sections', 'number']"
409,"['EU', 'direct', 'investment', 'flows', 'country', 'economic', 'activity', 'BPM', 'NACE', 'Rev', 'income', 'positions', 'ultimate', 'immediate', 'counterpart', 'countries', 'investments', 'indicators', 'GDP', 'impact', 'rate', 'return']"
410,"['EU', 'financing', 'developing', 'countries', 'source']"
411,"['EU', 'index', 'occupational', 'diseases', 'experimental', 'statistics']"
412,"['EU', 'level', 'extra', 'partner', 'countries', 'gross', 'weight', 'goods', 'handled', 'main', 'ports', 'maritime', 'trade', 'flows', 'direction', 'type', 'cargo', 'traffic', 'various', 'types', 'geographical', 'areas']"
413,"['EU', 'self', 'sufficiency', 'raw', 'materials']"
414,"['EU', 'EFTA', 'born', 'population', 'working', 'age', 'usually', 'resides', 'country', 'birth', 'educational', 'attainment', 'level', 'sex', 'citizens', 'reside', 'citizenship']"
416,"['EU', 'international', 'trade', 'monthly', 'data']"
417,"['EU', 'trade', 'BEC', 'product', 'group', 'SITC']"
419,"['Early', 'leavers', 'education', 'training', 'age', 'group', 'type', 'disability', 'sex', 'labour', 'status', 'aged', 'NUTS', 'regions', 'citizenship', 'country', 'birth', 'degree', 'urbanisation', 'level', 'activity', 'limitation', 'started', 'upper', 'secondary', 'reason', 'starting', 'completed', 'completing', 'formal']"
420,"['Early', 'retirement', 'persons', 'receive', 'old', 'age', 'pension']"
422,"['Economic', 'accounts', 'agriculture', 'EAA', 'agricultural', 'income', 'indicators', 'indices', 'volume', 'price', 'values', 'constant', 'prices', 'current', 'n', 'real', 'NUTS', 'regions']"
423,"['Economic', 'activity', 'rates', 'sex', 'age', 'NUTS', 'regions']"
424,"['Economic', 'aggregates', 'forestry']"
425,"['Economic', 'data', 'high', 'tech', 'sectors', 'NACE', 'Rev', 'activity']"
426,"['Economic', 'sentiment', 'indicator']"
427,"['Economic', 'variables', 'Annex', 'Council', 'Regulation']"
429,"['Economically', 'active', 'population', 'sex', 'age', 'NUTS', 'regions', 'metropolitan', 'typologies', 'educational', 'attainment', 'level']"
430,"['Economically', 'inactive', 'persons', 'receive', 'pension', 'wished', 'stay', 'longer', 'employment']"
431,"['Economy', 'finance', 'cities', 'greater']"
432,"['Education', 'cities', 'greater', 'functional', 'urban', 'areas']"
433,"['Education', 'indicators', 'NUTS', 'regions']"
434,"['Educational', 'attainment', 'level', 'ISCED', 'distribution', 'sex', 'age', 'migration', 'status', 'parents', 'F']"
435,"['Effect', 'social', 'transfers', 'income', 'quintile', 'share', 'ratio', 'S']"
436,"['Effect', 'taxes', 'social', 'transfers', 'income', 'quintile', 'share', 'ratio', 'S']"
437,"['Effect', 'search', 'information', 'learning', 'possibilities']"
438,"['Effective', 'exchange', 'rates', 'indices', 'monthly', 'data']"
439,"['Effects', 'innovation']"
440,"['Effort', 'involved', 'performing', 'work', 'related', 'physical', 'activity', 'sex', 'age', 'degree', 'urbanisation', 'educational', 'attainment', 'level', 'income', 'quintile']"
441,"['Electricity', 'marker', 'prices', 'bi', 'annual', 'data', 'available', 'internal', 'market', 'type', 'user', 'components', 'household', 'consumers', 'onwards', 'non', 'domestic', 'industrial']"
442,"['Electricity', 'production', 'self', 'consumption', 'sector', 'fuel', 'capacities', 'main', 'groups', 'operator', 'combustible', 'fuels', 'technology', 'renewables', 'wastes']"
443,"['Electricity', 'gas', 'water', 'employment', 'size', 'class', 'NACE', 'Rev', 'E']"
444,"['Emergency', 'oil', 'stocks', 'days', 'equivalent', 'monthly', 'data']"
445,"['Emigration', 'age', 'sex', 'group', 'citizenship', 'country', 'birth', 'usual', 'residence', 'ad', 'hoc', 'data', 'collection']"
446,"['Employed', 'persons', 'aged', 'sex', 'industry', 'indicator', 'age', 'group', 'economic', 'activity', 'NACE', 'Rev', 'occupation', 'citizenship', 'ISCO', 'status', 'employment', 'NUTS', 'regions', 'time', 'usually', 'worked', 'employees', 'able', 'choose', 'methods', 'work', 'influence', 'pace', 'decisions', 'affect', 'self', 'groups', 'current', 'preferred', 'professional', 'country', 'birth', 'educational', 'attainment', 'level', 'detailed', 'digit', 'job', 'autonomy', 'migration', 'satisfaction', 'repetitiveness', 'tasks', 'standardization', 'degree', 'urbanisation', 'number', 'jobs', 'working', 'usual', 'weekly', 'hours', 'experience', 'studying', 'tenure', 'match', 'education', 'type', 'assistance', 'finding', 'spent', 'cognitive', 'doing', 'hard', 'physical', 'manual', 'social', 'involving', 'finger', 'dexterity', 'using', 'digital', 'devices', 'specific', 'task', 'advising', 'training', 'teaching', 'relatively', 'complex', 'calculations', 'interacting', 'people', 'outside', 'enterprise', 'organisation', 'reading', 'documents', 'discriminated', 'months', 'having', 'good', 'relationship', 'colleagues', 'second', 'main', 'opportunity', 'use', 'knowledge', 'skills', 'high', 'speed', 'tight', 'deadlines', 'participating', 'related', 'non', 'formal', 'past', 'perceiving', 'helped', 'improve', 'way', 'thinking', 'useful', 'weekends', 'involves', 'improving', 'helpful', 'ICT', 'long', 'percentage', 'total', 'nights', 'home', 'evenings', 'involuntarily', 'Saturdays', 'Sundays', 'average', 'years', 'population']"
448,"['Employed', 'HRST', 'category', 'NACE', 'Rev', 'activity', 'NUTS', 'regions', 'age', 'occupation', 'sex']"
449,"['Employed', 'HRST', 'tertiary', 'education', 'age', 'field', 'occupation']"
450,"['Employed', 'ICT', 'specialists', 'total', 'NACE', 'Rev', 'activity', 'age', 'educational', 'attainment', 'level', 'sex']"
451,"['Employed', 'foreign', 'born', 'change', 'skill', 'level', 'job', 'migrating', 'current', 'sex', 'age', 'main', 'reason', 'country', 'birth', 'educational', 'attainment', 'professional', 'status']"
452,"['Employed', 'service', 'sector', 'occupational', 'status', 'recent', 'school', 'leavers']"
453,"['Employed', 'people', 'having', 'longstanding', 'health', 'problem', 'difficulty', 'basic', 'activities', 'type', 'special', 'assistance', 'used', 'sex', 'age']"
454,"['Employed', 'persons', 'expecting', 'possible', 'loss', 'job', 'months', 'sex', 'age']"
455,"['Employed', 'persons', 'exposed', 'employment', 'related', 'physical', 'psychological', 'sexual', 'violence', 'months', 'sex', 'age']"
456,"['Employed', 'recent', 'immigrants', 'sex', 'age', 'citizenship', 'country', 'birth']"
457,"['Employed', 'women', 'managerial', 'positions', 'age']"
458,"['Employees', 'educational', 'attainment', 'level', 'sex', 'age', 'NACE', 'Rev', 'activity', 'employment', 'contract', 'time', 'occupation', 'size', 'local', 'unit', 'flexibility', 'working', 'schedule', 'economic', 'frequency', 'adapting', 'fulfil', 'work', 'tasks', 'type', 'firm', 'related', 'contacts', 'leisure', 'months', 'job', 'autonomy', 'satisfaction', 'supervisory', 'responsibilities', 'difficulty', 'days', 'leave', 'short', 'notice', 'repetitiveness', 'standardization', 'migration', 'status', 'recording', 'presence', 'hours', 'onwards', 'experience', 'studying', 'method', 'used', 'finding', 'current', 'European', 'socio', 'group', 'spent', 'doing', 'hard', 'physical', 'involving', 'finger', 'dexterity', 'shifts', 'percentage', 'total', 'number']"
460,"['Employees', 'family', 'workers', 'wish', 'self', 'employed', 'main', 'reason', 'sex']"
461,"['Employees', 'self', 'employed', 'persons', 'business', 'function', 'NACE', 'Rev', 'activity', 'aggregate', 'size', 'class', 'experimental', 'statistics']"
462,"['Employees', 'perceived', 'possibility', 'vary', 'start', 'stop', 'working', 'day', 'family', 'reasons']"
463,"['Employees', 'having', 'good', 'relationship', 'supervisor', 'sex', 'age']"
464,"['Employees', 'precarious', 'employment', 'percentage', 'total', 'number', 'sex', 'age', 'educational', 'attainment', 'level', 'work', 'experience', 'studying']"
465,"['Employees', 'receiving', 'regular', 'feedback', 'supervisor', 'sex', 'age']"
466,"['Employees', 'day', 'family', 'reasons', 'occupation']"
467,"['Employees', 'permanent', 'time', 'job', 'sex', 'age']"
468,"['Employees', 'contract', 'limited', 'duration', 'annual', 'average', 'flexible', 'work', 'schedule', 'sex']"
469,"['Employees', 'care', 'responsibilities', 'flexibility', 'taking', 'days', 'occupation', 'educational', 'attainment', 'level', 'degree', 'urbanisation', 'working', 'time']"
470,"['Employees', 'involuntary', 'temporary', 'contracts', 'percentage', 'total', 'number', 'sex', 'age', 'educational', 'attainment', 'level', 'work', 'experience', 'studying']"
471,"['Employees', 'domestic', 'concept', 'annual', 'data']"
472,"['Employer', 'business', 'demography', 'NACE', 'Rev', 'activity', 'NUTS', 'regions', 'typologies', 'metropolitan', 'legal', 'form', 'size', 'class']"
473,"['Employment', 'activity', 'sex', 'age', 'annual', 'data', 'quarterly', 'atypical', 'working', 'time', 'percentage', 'total', 'European', 'socio', 'economic', 'group', 'educational', 'attainment', 'level', 'job', 'satisfaction', 'citizenship', 'occupation', 'country', 'birth', 'migration', 'status', 'professional', 'size', 'local', 'unit', 'home', 'flexibility', 'reason', 'discrimination', 'current', 'NUTS', 'regions', 'detailed', 'onwards', 'NACE', 'Rev', 'digit', 'tenure', 'metropolitan', 'typologies', 'degree', 'urbanisation', 'started', 'type', 'disability', 'number', 'usual', 'weekly', 'hours', 'work', 'main', 'supervisor', 'responsibility', 'high', 'medium', 'technology', 'manufacturing', 'sectors', 'knowledge', 'intensive', 'service', 'tech', 'rate', 'groups', 'household', 'composition', 'experience', 'studying', 'EU', 'EFTA', 'born', 'population', 'usually', 'resides', 'citizens', 'reside', 'adults', 'children', 'youngest', 'child', 'generation', 'immigrants', 'years', 'residence', 'low', 'skilled', 'persons', 'non', 'nationals', 'older', 'workers', 'people', 'rates', 'old', 'leaving', 'formal', 'education', 'recent', 'graduates', 'young', 'training', 'completion', 'highest']"
474,"['Employment', 'thousand', 'hours', 'worked', 'NUTS', 'regions', 'persons']"
475,"['Employment', 'industry', 'breakdowns']"
476,"['Employment', 'commuting', 'sex', 'age', 'NUTS', 'regions']"
477,"['Employment', 'economic', 'activity', 'branches']"
478,"['Employment', 'rates', 'years', 'old', 'sex']"
479,"['Employment', 'population', 'international', 'data', 'cooperation', 'quarterly', 'annual']"
480,"['Employment', 'industry', 'breakdowns']"
481,"['Employment', 'NACE', 'Rev', 'activity', 'metropolitan', 'typology', 'typologies', 'age', 'European', 'socio', 'economic', 'group', 'percentage', 'change', 'Q', 'SCA', 'NSA', 'thousand', 'persons']"
482,"['Employment', 'age', 'European', 'socio', 'economic', 'group']"
483,"['Employment', 'level', 'disability', 'activity', 'limitation', 'occupation', 'professional', 'status']"
484,"['Employment', 'migration', 'status', 'professional', 'type', 'contract', 'time']"
485,"['Employment', 'professional', 'status']"
486,"['Employment', 'working', 'time', 'age', 'European', 'socio', 'economic', 'group']"
487,"['Employment', 'characteristics']"
488,"['Employment', 'expectations', 'sectors', 'indicator']"
489,"['Employment', 'growth', 'domestic', 'concept']"
490,"['Employment', 'Foreign', 'Affiliates', 'Domestic', 'Enterprises', 'Controlled']"
491,"['Employment', 'current', 'job', 'duration']"
492,"['Employment', 'forestry', 'forest', 'based', 'industry', 'Nace', 'Rev']"
493,"['Employment', 'inland', 'waterways', 'transport', 'enterprises', 'number', 'vessels', 'sex']"
494,"['Employment', 'principal', 'railway', 'enterprises', 'type', 'activity']"
495,"['Employment', 'sport', 'age', 'educational', 'attainment', 'level', 'sex']"
496,"['Employment', 'technology', 'knowledge', 'intensive', 'sectors', 'national', 'level', 'education', 'onwards', 'NACE', 'Rev', 'sex', 'type', 'occupation', 'NUTS', 'regions']"
497,"['Employment', 'environmental', 'goods', 'services', 'sector']"
498,"['Employment', 'statistics', 'high', 'tech', 'industries', 'Knowledge', 'Intensive', 'Services', 'national', 'level', 'onwards', 'NACE', 'Rev']"
499,"['Employment', 'domestic', 'concept', 'Total', 'annual', 'data', 'quarterly', 'thousands', 'persons', 'seasonally', 'adjusted']"
500,"['loaded', 'intermodal', 'transport', 'units']"
502,"['End', 'life', 'vehicles', 'reuse', 'recycling', 'recovery', 'totals', 'waste', 'management', 'operations', 'detailed', 'data']"
503,"['End', 'stage', 'renal', 'failure', 'ESRF', 'patients', 'historical', 'data']"
504,"['Energy', 'balance', 'consumption', 'efficiency', 'footprints', 'domestic', 'technology', 'assumption', 'imports', 'dependency', 'productivity']"
505,"['Energy', 'historical', 'data', 'methodology', 'source']"
506,"['Energy', 'monthly', 'data']"
507,"['Energy', 'flow', 'Sankey', 'diagram', 'data']"
509,"['Energy', 'import', 'dependency', 'products']"
510,"['Energy', 'import', 'origin', 'concentration', 'index', 'fuel']"
511,"['Energy', 'intensity']"
512,"['Energy', 'market', 'indicator']"
513,"['Energy', 'removed', 'district', 'networks', 'customers', 'type', 'efficiency', 'network']"
514,"['Energy', 'self', 'reliance']"
515,"['Energy', 'supply', 'use', 'NACE', 'Rev', 'activity']"
516,"['Energy', 'taxes', 'paying', 'sector']"
517,"['Enterprise', 'administrative', 'state', 'NACE', 'Rev', 'activity', 'size', 'class', 'place', 'goods', 'services', 'sold', 'largest', 'market', 'terms', 'turnover', 'statistics', 'onwards', 'introduced', 'innovation', 'logistics', 'type']"
518,"['Enterprises', 'ICT', 'functions', 'performed', 'NACE', 'Rev', 'activity', 'size', 'class', 'enterprise', 'expenditure', 'innovation', 'activities', 'area', 'total', 'attaching', 'high', 'importance', 'business', 'strategies', 'profile', 'aggregate', 'destination', 'international', 'sourcing', 'type', 'experimental', 'statistics', 'NUTS', 'regions', 'barriers', 'considered', 'level', 'status', 'partner', 'function', 'country', 'detailed', 'special', 'aggregates', 'group', 'identification', 'economic', 'motivation', 'hampering', 'factor', 'intellectual', 'property', 'rights', 'IPRs', 'licensing', 'prior', 'reference', 'period', 'kind', 'channels', 'acquire', 'information', 'relevant', 'work', 'organization', 'methods', 'main', 'types', 'market', 'place', 'means', 'services', 'supply', 'factors', 'moving', 'abroad', 'movement', 'percentage', 'employees', 'university', 'education', 'persons', 'employed', 'turnover', 'customised', 'created', 'goods', 'collection', 'round', 'specific', 'belonging', 'environmental', 'benefits', 'obtained', 'consumption', 'use', 'innovative', 'product', 'introducing', 'process', 'driving', 'innovations', 'related', 'climate', 'change', 'conditions', 'COVID', 'impact', 'strategy', 'applied', 'buyer', 'power', 'asymmetry', 'global', 'value', 'chain', 'supplier', 'trade', 'barrier', 'year', 'registration', 'employing', 'IVT', 'participants', 'reason', 'wholesale', 'repair', 'vehicles', 'motorcycles', 'G', 'changes', 'stocks', 'perceiving', 'finance', 'need', 'providing', 'training', 'limiting', 'provision', 'participation', 'intensity', 'previous', 'seeking', 'domestically', 'complete', 'acquiesce', 'transfer', 'resources', 'patent', 'registered', 'industrial', 'design', 'mark', 'used', 'secrets', 'operated', 'R', 'D', 'organisations', 'location', 'operation', 'field', 'did', 'introduce', 'logistics', 'employ', 'specialists', 'introduced', 'developer', 'new', 'improved', 'processes', 'licenced', 'sold', 'exchanged', 'transaction', 'debt', 'equity', 'intra', 'loans', 'offered', 'cooperation', 'standardised', 'provided', 'develop', 'upgrade', 'skills', 'personnel', 'purchased', 'machinery', 'equipment', 'software', 'licensed', 'issuing', 'organisation', 'technical', 'received', 'public', 'funding', 'research', 'development', 'source', 'recruited', 'tried', 'recruit', 'obtain', 'effect', 'outcome', 'tax', 'incentives', 'allowances', 'affected', 'legislation', 'regulations', 'subject', 'regulation', 'CVT', 'agreement', 'planning', 'staff', 'representatives', 'involved', 'management', 'involvement']"
519,"['Enterprises', 'backsourcing', 'status', 'experimental', 'statistics']"
520,"['Enterprises', 'control', 'foreign', 'affiliates', 'economic', 'activity', 'experimental', 'statistics']"
521,"['Enterprises', 'impact', 'COVID', 'turnover', 'NACE', 'rev', 'activity', 'aggregate', 'experimental', 'statistics']"
522,"['Enterprises', 'relocation', 'status', 'experimental', 'statistics']"
523,"['Enterprises', 'having', 'received', 'orders', 'online']"
524,"['Enterprises', 'NACE', 'Rev', 'Sections', 'B', 'G', 'net', 'turnover', 'selected', 'activities']"
525,"['Enterprises', 'business', 'services', 'net', 'turnover', 'kind', 'product', 'CPA', 'residence', 'client']"
526,"['Enterprises', 'high', 'tech', 'sectors', 'NACE', 'Rev', 'activity']"
527,"['Enterprises', 'population', 'realised', 'sample', 'manufacturing', 'sector', 'technology', 'NACE', 'Rev', 'size', 'class']"
528,"['Enterprises', 'managed', 'founder', 'birth', 'size', 'class', 'number', 'employees', 'branch', 'experience', 'education', 'attainment', 'level', 'entrepreneur', 'age', 'managing', 'enterprise', 'sex', 'survival']"
529,"['Enterprises', 'needing', 'guarantee', 'obtaining', 'loan', 'finance', 'type', 'enterprise', 'NACE', 'Rev', 'activity']"
530,"['Enterprises', 'providing', 'training', 'reason', 'non', 'provision', 'NACE', 'Rev', 'activity', 'size', 'class']"
531,"['Enterprises', 'purchasing', 'goods', 'abroad', 'type', 'business', 'partner', 'trade', 'region', 'experimental', 'statistics', 'services']"
532,"['Enterprises', 'sourcing', 'abroad']"
533,"['Enterprises', 'supplying', 'goods', 'abroad', 'type', 'business', 'partner', 'trade', 'region', 'experimental', 'statistics', 'services']"
534,"['Enterprises', 'using', 'software', 'solutions', 'like', 'CRM', 'analyse', 'information', 'clients', 'marketing', 'purposes']"
535,"['Enterprises', 'assess', 'outcomes', 'CVT', 'activities', 'assessment', 'method', 'NACE', 'Rev', 'activity', 'training', 'size', 'class', 'type', 'provided', 'future', 'skill', 'needs']"
536,"['Enterprises', 'introduced', 'innovations', 'logistics', 'reason', 'introduction', 'level', 'importance', 'NACE', 'Rev', 'activity', 'size', 'class']"
537,"['Enterprises', 'expenditures', 'innovation', 'logistics', 'size', 'classes', 'expenditure', 'NACE', 'Rev', 'activity', 'class']"
538,"['Enterprises', 'innovation', 'activities', 'NACE', 'Rev', 'activity', 'size', 'class']"
539,"['Enterprises', 'members', 'EEA', 'countries']"
540,"['Enterprises', 'procedures', 'place', 'regularly', 'identify', 'reduce', 'environmental', 'impacts']"
541,"['Enterprises', 'research', 'development', 'R', 'D', 'activities', 'NACE', 'Rev', 'activity', 'size', 'class']"
542,"['Environment', 'cities', 'greater', 'functional', 'urban', 'areas']"
543,"['Environmental', 'protection', 'expenditure', 'pollution', 'prevention', 'gross', 'fixed', 'capital', 'formation', 'output', 'euro', 'inhabitant', 'GDP', 'million', 'units', 'national', 'currency', 'domains', 'NACE', 'Rev', 'C', 'E', 'B', 'size', 'class', 'industry', 'investments', 'corporations', 'ancillary', 'producers', 'activity', 'specialist', 'secondary', 'general', 'government', 'total', 'economy', 'taxes', 'economic']"
544,"['Environmental', 'benefits', 'innovation', 'enterprises', 'NACE', 'Rev', 'activity', 'size', 'class']"
545,"['Environmental', 'protection', 'transfers', 'activity', 'institutional', 'sector']"
546,"['Environmental', 'subsidies', 'similar', 'transfers', 'general', 'government', 'corporations', 'activity', 'ESA', 'category', 'transfer', 'NACE', 'Rev', 'recipient', 'sector', 'Rest', 'World', 'domestic', 'economy']"
547,"['Environmental', 'tax', 'revenues']"
548,"['Envisaged', 'finance', 'sources', 'type', 'enterprise', 'NACE', 'Rev']"
549,"['Equidae', 'annual', 'data']"
550,"['Establishments', 'bedrooms', 'bed', 'places', 'hotels', 'similar', 'accommodation', 'size', 'class', 'tourist', 'NUTS', 'regions', 'annual', 'data', 'degree', 'urbanisation', 'coastal', 'non', 'area']"
552,"['Estimated', 'average', 'age', 'young', 'people', 'leaving', 'parental', 'household', 'sex']"
553,"['Estimated', 'employment', 'business', 'function', 'NACE', 'Rev', 'activity', 'experimental', 'statistics', 'economic']"
554,"['Estimated', 'soil', 'erosion', 'water', 'level', 'land', 'cover', 'NUTS', 'regions', 'loss', 'type']"
555,"['Estimated', 'trends', 'fish', 'stock', 'biomass', 'fishing', 'areas', 'pressure', 'area']"
556,"['Estimates', 'slaughtering', 'slaughterhouses', 'annual', 'data', 'monthly']"
557,"['Euro', 'yield', 'curve', 'maturity', 'years', 'curves', 'annual', 'data', 'daily', 'monthly', 'quarterly', 'yields', 'coefficients', 'zone', 'Business', 'Climate', 'Indicator', 'ECU', 'exchange', 'rates', 'national', 'currency']"
559,"['Euro', 'area', 'international', 'trade', 'monthly', 'data']"
560,"['Euro', 'area', 'trade', 'BEC', 'product', 'group', 'SITC']"
562,"['European', 'Neighbourhood', 'Policy', 'East', 'Countries', 'trade', 'goods', 'SITC', 'product', 'group']"
564,"['European', 'Union', 'euro', 'area', 'balance', 'payments', 'monthly', 'data', 'BPM', 'quarterly']"
565,"['European', 'Union', 'trade', 'mark', 'EUTM', 'applications', 'NUTS', 'regions', 'class', 'NICE', 'classification', 'metropolitan', 'nature', 'number', 'classes', 'typologies', 'type', 'billion', 'GDP', 'million', 'population', 'marks', 'status', 'application']"
566,"['Evaluating', 'data', 'information', 'digital', 'content', 'onwards']"
568,"['partnered', 'women', 'experienced', 'violence', 'intimate', 'partner', 'consequences', 'age', 'group', 'country', 'birth', 'degree', 'urbanisation', 'level', 'disability', 'activity', 'limitation', 'education', 'occurrence', 'episode', 'person', 'support', 'service', 'reported', 'type', 'frequency']"
569,"['working', 'women', 'experienced', 'sexual', 'harassment', 'work', 'age', 'group', 'frequency', 'occurrence', 'episode', 'person', 'support', 'service', 'violence', 'reported', 'year', 'type', 'male', 'perpetrator']"
570,"['Excess', 'mortality', 'month']"
571,"['Exchange', 'rates']"
572,"['Expected', 'school', 'years', 'pupils', 'students', 'education', 'level']"
573,"['Expenditure', 'activity', 'status', 'tourist', 'age', 'group', 'category', 'detailed', 'country', 'world', 'region', 'main', 'destination', 'trip', 'duration', 'purpose', 'educational', 'attainment', 'level', 'household', 'income', 'quartile', 'month', 'departure', 'sex', 'type', 'arrangement', 'package', 'trips', 'onwards', 'education', 'GDP', 'public', 'constant', 'prices', 'current', 'private', 'institutions', 'total', 'road', 'transport', 'vehicles', 'infrastructure', 'mode', 'accommodation', 'related']"
574,"['Expenditure', 'selected', 'health', 'care', 'functions', 'financing', 'schemes', 'providers']"
575,"['Expenditure', 'educational', 'institutions', 'education', 'level', 'programme', 'orientation', 'type', 'institution', 'category', 'vocational']"
576,"['Expenditure', 'accommodation', 'main', 'mode', 'trip', 'arrangement', 'booking', 'channel', 'onwards']"
577,"['Expenditure', 'educational', 'institutions', 'education', 'level', 'programme', 'orientation']"
578,"['Expenditure', 'inland', 'waterway', 'transport', 'infrastructure', 'freight', 'vessels']"
579,"['Expenditure', 'pensions']"
580,"['Expenditure', 'rolling', 'stock', 'railway', 'infrastructure']"
581,"['Expenditure', 'day', 'visits', 'annual', 'data', 'quarterly']"
582,"['Expenditure', 'social', 'protection', 'inhabitant']"
583,"['Expenditure', 'transport', 'booking', 'channel', 'main', 'mode', 'onwards']"
584,"['Expenditures', 'product', 'process', 'innovative', 'enterprises', 'area', 'expenditure', 'NACE', 'Rev', 'activity', 'size', 'class']"
586,"['Export', 'market', 'shares', 'BPM', 'years', 'change', 'items', 'world', 'total', 'year', 'volume']"
587,"['Export', 'import', 'ratio']"
588,"['Exports', 'oil', 'monthly', 'data', 'solid', 'fuels', 'imports', 'Member', 'States', 'EU', 'countries', 'biofuels', 'partner', 'country', 'electricity', 'derived', 'heat', 'goods', 'chemicals', 'related', 'products', 'food', 'drinks', 'tobacco', 'machinery', 'transport', 'equipment', 'mineral', 'lubricants', 'materials', 'manufactured', 'raw', 'total', 'services', 'GDP', 'high', 'technology', 'share', 'SITC', 'Rev', 'natural', 'gas', 'petroleum', 'fossil']"
589,"['Exports', 'electricity', 'monthly', 'data']"
590,"['Exports', 'gas', 'monthly', 'data']"
591,"['Exports', 'biomethane', 'grid']"
592,"['Exposure', 'VET', 'graduates', 'work', 'based', 'learning']"
593,"['External', 'balance', 'goods', 'services', 'current', 'prices']"
594,"['Extra', 'EU', 'imports', 'Member', 'State', 'shares', 'invoicing', 'currency', 'trade', 'total', 'product', 'group', 'Euro', 'area', 'partner', 'SITC', 'EA', 'main', 'partners']"
595,"['Extra', 'EU', 'trade', 'raw', 'materials', 'SITC', 'partner', 'chemicals', 'related', 'products', 'food', 'drinks', 'tobacco', 'machinery', 'transport', 'equipment', 'mineral', 'fuels', 'lubricants', 'manufactured', 'goods']"
596,"['Extra', 'EU', 'exports', 'Member', 'State', 'shares', 'invoicing', 'currency']"
597,"['FDI', 'flows', 'intensity', 'market', 'integration']"
598,"['Factors', 'likely', 'limiting', 'business', 'growth', 'type', 'enterprise', 'NACE', 'Rev']"
599,"['Fallow', 'land', 'set', 'aside', 'number', 'farms', 'areas', 'size', 'farm', 'UAA', 'arable', 'area']"
600,"['Families', 'type', 'size', 'NUTS', 'region']"
602,"['Family', 'labour', 'force', 'gainful', 'activity', 'number', 'persons', 'size', 'farm', 'UAA', 'work', 'AWU', 'sex', 'worker', 'age']"
603,"['Family', 'nuclei', 'number', 'children']"
604,"['Farm', 'equipment', 'agricultural', 'area', 'number', 'farms', 'different', 'type', 'size', 'UAA', 'machinery', 'machines']"
605,"['Farm', 'indicators', 'age', 'sex', 'manager', 'economic', 'size', 'utilised', 'agricultural', 'area', 'NUTS', 'region']"
606,"['Farm', 'labour', 'force']"
607,"['Farmland', 'number', 'farms', 'areas', 'economic', 'size', 'farm', 'ESU', 'NUTS', 'regions', 'UAA']"
608,"['Farms', 'hectares', 'type', 'crops', 'utilised', 'agricultural', 'area', 'economic', 'size', 'NUTS', 'regions']"
609,"['Fat', 'contents', 'protein', 'cow', 's', 'milk', 'annual', 'data']"
610,"['Fatal', 'Accidents', 'work', 'NACE', 'Rev', 'activity', 'workers', 'sex']"
611,"['Female', 'school', 'management', 'personnel', 'total', 'education', 'level', 'teachers']"
612,"['Female', 'active', 'population', 'age', 'marital', 'status']"
613,"['Female', 'population', 'aged', 'household', 'composition', 'age', 'group', 'youngest', 'child', 'current', 'activity', 'status']"
614,"['Female', 'tertiary', 'education', 'graduates', 'STEM', 'fields']"
615,"['Fertility', 'indicators', 'NUTS', 'region', 'rates', 'age']"
616,"['Fertility', 'mortality', 'cities', 'greater', 'functional', 'urban', 'areas']"
617,"['Fetal', 'peri', 'neonatal', 'mortality', 'rates', 'NUTS', 'region', 'occurrence', 'year', 'average', 'country']"
618,"['Fields', 'study', 'formal', 'education', 'sex', 'labour', 'status']"
620,"['Final', 'consumption', 'aggregates', 'durability', 'expenditure', 'general', 'government', 'households', 'NPISH', 'current', 'prices', 'volumes', 'non', 'profit', 'institutions', 'serving', 'annual', 'data', 'quarterly', 'purpose', 'COICOP', 'digit', 'environmental', 'protection', 'services', 'institutional', 'sector']"
622,"['Final', 'decisions', 'appeal', 'review', 'applications', 'type', 'decision', 'citizenship', 'age', 'sex', 'annual', 'data', 'unaccompanied', 'minors']"
623,"['Final', 'decisions', 'asylum', 'applicationsby', 'type', 'decision', 'annual', 'data']"
624,"['Final', 'energy', 'consumption', 'agriculture', 'forestry', 'hectare', 'utilised', 'agricultural', 'area', 'product', 'sector', 'households', 'type', 'fuel', 'capita', 'industry', 'road', 'transport']"
625,"['Finance', 'types', 'likely', 'needed', 'type', 'enterprise', 'NACE', 'Rev']"
626,"['Financial', 'account', 'annual', 'data', 'monthly', 'quarterly', 'components', 'net', 'balance', 'million', 'units', 'national', 'currency', 'main', 'sheets', 'international', 'cooperation', 'services', 'transactions']"
627,"['Financial', 'accounts', 'EU', 'institutions']"
628,"['Financial', 'accounts', 'counterpart', 'information', 'quarterly', 'data', 'annual']"
629,"['Financial', 'activities', 'internet', 'onwards']"
630,"['Financial', 'aid', 'students', 'education', 'level', 'total', 'public', 'expenditure']"
631,"['Financial', 'burden', 'repayment', 'debts', 'hire', 'purchases', 'loans', 'EU', 'SILC', 'survey', 'total', 'housing', 'cost']"
632,"['Financial', 'derivatives', 'employee', 'stock', 'options', 'annual', 'data', 'million', 'units', 'national', 'currency', 'quarterly', 'sectors']"
633,"['Financial', 'sector', 'leverage', 'debt', 'equity', 'non', 'consolidated']"
634,"['Financial', 'subsidiaries', 'countries']"
636,"['generation', 'immigrants', 'sex', 'citizenship', 'duration', 'reason', 'migration']"
637,"['instance', 'decisions', 'applications', 'type', 'decision', 'citizenship', 'age', 'sex', 'annual', 'aggregated', 'data', 'quarterly', 'unaccompanied', 'minors', 'asylum']"
638,"['marriage', 'rates', 'age', 'sex']"
639,"['permits', 'reason', 'age', 'sex', 'citizenship', 'length', 'validity', 'issued', 'education', 'reasons', 'family', 'reunification', 'beneficiary', 'protection', 'status', 'remunerated', 'activities']"
640,"['residence', 'permits', 'thousand', 'persons', 'reasons', 'total']"
642,"['time', 'asylum', 'applicants', 'citizenship', 'monthly', 'data', 'December', 'total', 'thousand', 'persons', 'applications', 'unaccompanied', 'minors']"
643,"['time', 'graduates', 'education', 'level', 'sex', 'age', 'group']"
644,"['time', 'marrying', 'persons', 'age', 'sex']"
645,"['Fish', 'catches', 'fishing', 'areas']"
646,"['Fishing', 'Fleet', 'Number', 'Vessels', 'age', 'length', 'gross', 'tonnage', 'type', 'gear', 'engine', 'power', 'total']"
647,"['Flowers', 'ornamental', 'plants', 'NUTS', 'regions', 'number', 'farms', 'areas', 'agricultural', 'size', 'farm', 'UAA', 'flower', 'plant', 'area']"
648,"['Fodder', 'crops', 'number', 'farms', 'areas', 'agricultural', 'size', 'farm', 'UAA', 'area']"
650,"['Food', 'price', 'monitoring', 'tool']"
651,"['Food', 'waste', 'prevention', 'NACE', 'Rev', 'activity', 'tonnes', 'fresh', 'mass']"
652,"['Foreign', 'graduates', 'level', 'education', 'sex']"
653,"['Foreign', 'affiliates', 'EU', 'enterprises', 'NACE', 'Rev', 'activity', 'country', 'onwards', 'detailed', 'breakdown']"
654,"['Foreign', 'control', 'enterprises', 'controlling', 'countries', 'economic', 'activity', 'selection', 'research', 'development', 'characteristics', 'NACE', 'Rev', 'B', 'F']"
655,"['Foreign', 'controlled', 'EU', 'enterprises', 'NACE', 'Rev', 'activity', 'country', 'control', 'onwards', 'detailed', 'breakdown', 'countries']"
656,"['Foreign', 'controlling', 'EU', 'enterprises', 'domestic', 'affiliates', 'NACE', 'Rev', 'activity', 'onwards']"
657,"['Foreign', 'students', 'level', 'field', 'education', 'country', 'destination', 'origin', 'sex']"
658,"['Foreign', 'born', 'population', 'level', 'current', 'skills', 'main', 'host', 'country', 'language', 'sex', 'age', 'citizenship', 'labour', 'status', 'birth', 'educational', 'attainment', 'migrating', 'obstacle', 'suitable', 'job', 'reason', 'participation', 'course', 'participating', 'time', 'required', 'paid']"
659,"['Forest', 'irrigated', 'land']"
660,"['Formal', 'child', 'care', 'duration', 'age', 'group']"
662,"['daily', 'tobacco', 'smokers', 'sex', 'age', 'educational', 'attainment', 'level', 'income', 'quintile']"
663,"['euro', 'area', 'national', 'currencies', 'vs', 'ECU', 'annual', 'data', 'daily', 'monthly', 'quarterly']"
665,"['Freight', 'mail', 'air', 'transport', 'including', 'national', 'main', 'airports', 'partner', 'reporting', 'countries', 'aircraft', 'model', 'distance', 'bands', 'coverage', 'type', 'schedule', 'country', 'territory', 'territorial', 'sea', 'million', 'tonne', 'km', 'routes', 'Austria', 'Belgium', 'Bosnia', 'Herzegovina', 'Bulgaria', 'Croatia', 'Cyprus', 'Czechia', 'Denmark', 'Estonia', 'Finland', 'France', 'Germany', 'Greece', 'Hungary', 'Iceland', 'Italy', 'Latvia', 'Lithuania', 'Montenegro', 'North', 'Macedonia', 'Norway', 'Poland', 'Portugal', 'Romania', 'Serbia', 'Slovakia', 'Slovenia', 'Spain', 'Sweden', 'Switzerland', 'Netherlands', 'United', 'Kingdom']"
666,"['Freight', 'loaded', 'unloaded', 'ports', 'inland', 'waterway', 'transport']"
667,"['Frequency', 'alcohol', 'consumption', 'sex', 'age', 'country', 'birth', 'citizenship', 'degree', 'urbanisation', 'educational', 'attainment', 'level', 'income', 'quintile', 'binge', 'drinking', 'pure', 'fruit', 'vegetable', 'juice', 'sugar', 'sweetened', 'soft', 'drinks', 'body', 'mass', 'index', 'heavy', 'episodic']"
668,"['Frequency', 'contacts', 'relatives', 'friends', 'level', 'disability', 'activity', 'limitation', 'sex', 'age']"
669,"['Frequency', 'fruit', 'vegetables', 'consumption', 'level', 'disability', 'activity', 'limitation', 'sex', 'age', 'body', 'mass', 'index', 'country', 'birth', 'citizenship', 'degree', 'urbanisation', 'educational', 'attainment', 'income', 'quintile']"
670,"['Frequency', 'getting', 'relatives', 'friends', 'level', 'disability', 'activity', 'limitation', 'sex', 'age']"
671,"['Frequency', 'going', 'cinema', 'live', 'performances', 'cultural', 'sites', 'attending', 'sport', 'events', 'level', 'disability', 'activity', 'limitation', 'sex', 'age']"
672,"['Frequency', 'internet', 'use', 'individuals', 'aged']"
674,"['Fresh', 'products', 'distribution', 'enterprises', 'volume', 'annual', 'production']"
675,"['Fresh', 'vegetables', 'strawberries', 'area']"
676,"['Fresh', 'water', 'abstraction', 'source', 'capita', 'm']"
678,"['Freshwater', 'abstraction']"
679,"['Freshwater', 'resources', 'river', 'basin', 'district', 'RBD']"
680,"['Fright', 'mail', 'air', 'transport', 'type', 'schedule', 'coverage', 'main', 'airports']"
682,"['Fruit', 'berries']"
683,"['Fruit', 'berry', 'plantations', 'number', 'farms', 'areas', 'agricultural', 'size', 'farm', 'UAA', 'plantation', 'area']"
684,"['Fuel', 'used', 'combined', 'heat', 'power']"
685,"['time', 'employment', 'sex', 'economic', 'activity', 'onwards', 'NACE', 'Rev', 'age', 'educational', 'attainment', 'level', 'occupation']"
686,"['Functional', 'limitations', 'sex', 'age', 'degree', 'urbanisation', 'educational', 'attainment', 'level', 'disability', 'activity', 'limitation']"
687,"['Funding', 'education', 'level', 'programme', 'orientation', 'recipient', 'vocational', 'type', 'source']"
688,"['G', 'CPI', 'items', 'Group', 'Consumer', 'price', 'index']"
690,"['GBARD', 'socioeconomic', 'objectives', 'NABS']"
691,"['GBARD', 'type', 'funding']"
692,"['GDP', 'main', 'aggregates', 'international', 'data', 'cooperation', 'quarterly', 'annual', 'components', 'output', 'expenditure', 'income', 'deflator']"
693,"['GDP', 'capita', 'PPS']"
694,"['GDP', 'weights', 'used', 'calculation', 'global', 'specific', 'indicator']"
695,"['GERD', 'sector', 'performance', 'NUTS', 'regions', 'fields', 'R', 'D', 'socioeconomic', 'objectives', 'NABS', 'source', 'funds', 'type', 'expenditure', 'institution']"
696,"['GHG', 'Green', 'House', 'Gases', 'emissions']"
697,"['GNI', 'gross', 'national', 'income', 'capita', 'PPS']"
698,"['Gas', 'prices', 'type', 'user', 'components', 'household', 'consumers', 'annual', 'data', 'non', 'domestic', 'bi', 'onwards', 'industrial']"
699,"['Gender', 'coverage', 'rate', 'pension', 'age', 'group', 'EU', 'SILC', 'survey', 'employment', 'gap', 'NUTS', 'regions', 'degree', 'urbanisation', 'type', 'time', 'overall', 'earnings', 'pay', 'unadjusted', 'form', 'NACE', 'Rev', 'activity', 'structure', 'methodology', 'B', 'S', 'O', 'ownership', 'economic', 'working']"
700,"['Gender', 'differences', 'aggregate', 'replacement', 'ratio', 'pensions', 'excluding', 'social', 'benefits', 'EU', 'SILC', 'survey', 'risk', 'poverty', 'rate', 'age', 'relative', 'income', 'elderly', 'people', 'older', 'median']"
701,"['Gender', 'parity', 'index', 'education', 'level']"
703,"['General', 'education']"
704,"['General', 'government', 'debt', 'deficit', 'surplus', 'annual', 'data', 'quarterly', 'gross', 'EDP', 'concept', 'consolidated', 'fixed', 'capital', 'formation']"
705,"['General', 'government', 'employment']"
706,"['General', 'government', 'expenditure', 'function', 'COFOG']"
707,"['General', 'government', 'non', 'financial', 'balance', 'sheets']"
708,"['General', 'government', 'total', 'expenditure', 'law', 'courts']"
709,"['General', 'indicators']"
711,"['General', 'information', 'enterprises']"
712,"['General', 'information', 'enterprises', 'NACE', 'Rev', 'activity', 'size', 'class']"
714,"['Generation', 'discharge', 'wastewater', 'pollutant', 'volume']"
715,"['Generation', 'municipal', 'waste', 'capita', 'packaging', 'plastic', 'economic', 'activity', 'hazardousness', 'households', 'sector', 'category', 'NACE', 'Rev', 'excluding', 'major', 'mineral', 'wastes', 'GDP', 'unit']"
716,"['Gini', 'coefficient', 'equivalised', 'disposable', 'income', 'social', 'transfers', 'pensions', 'excluded', 'included', 'age', 'children', 'aged', 'household', 'population', 'experimental', 'statistics']"
717,"['Global', 'mean', 'surface', 'seawater', 'acidity']"
718,"['Goals', 'innovative', 'non', 'enterprises', 'highly', 'important', 'relevant', 'NACE', 'Rev', 'activity', 'size', 'class']"
719,"['Goat', 'types', 'utilised', 'agricultural', 'area', 'share', 'fodder', 'size', 'classes', 'livestock', 'NUTS', 'regions']"
720,"['Goats', 'population', 'annual', 'data', 'number', 'farms', 'heads', 'fodder', 'crops', 'agricultural', 'size', 'farm', 'UAA', 'goat', 'herd']"
721,"['Goods', 'transport', 'inland', 'waterways', 'rail', 'road', 'transported', 'group', 'onwards', 'based', 'NST', 'R', 'type', 'consignment', 'detailed', 'reporting', 'intermodal', 'units']"
722,"['Goods', 'passenger', 'train', 'traffic', 'performance']"
723,"['Goods', 'services', 'imports', 'exports']"
724,"['Goods', 'road', 'transport', 'enterprises', 'employment', 'size', 'classes', 'number', 'vehicles']"
725,"['Goods', 'transported', 'detailed', 'reporting', 'Quarterly', 'data']"
726,"['Government', 'revenue', 'expenditure', 'main', 'aggregates']"
727,"['Government', 'bond', 'yields', 'years', 'maturity', 'annual', 'data', 'monthly']"
728,"['Government', 'consolidated', 'gross', 'debt', 'components', 'annual', 'data']"
729,"['Government', 'deficit', 'surplus', 'debt', 'associated', 'data']"
730,"['Government', 'final', 'consumption', 'expenditure', 'current', 'prices', 'volumes']"
731,"['Government', 'guarantees']"
732,"['Government', 'support', 'agricultural', 'research', 'development']"
733,"['Graduates', 'doctoral', 'level', 'sex', 'age', 'groups', 'population', 'aged', 'science', 'math', 'computing', 'engineering', 'manufacturing', 'construction', 'education', 'programme', 'orientation', 'completion', 'field', 'abroad']"
734,"['Graduates', 'ISCED', 'age', 'sex']"
735,"['Graduates', 'tertiary', 'education', 'age', 'groups', 'population', 'aged', 'level', 'women', 'men', 'science', 'math', 'computing', 'engineering', 'manufacturing', 'construction', 'sex']"
736,"['Graduation', 'tertiary', 'education', 'ISCED', 'sex', 'level', 'field']"
737,"['Graduations', 'ISCED', 'field', 'education', 'sex']"
738,"['Grain', 'maize', 'corn', 'cob', 'mix', 'area', 'production', 'humidity', 'number', 'farms', 'size', 'farm', 'UAA', 'areas', 'agricultural']"
739,"['Grape', 'wine', 'production', 'area', 'vine', 'varieties', 'yield', 'class', 'estimated', 'average', 'natural', 'alcoholic', 'strength', 'broken', 'type', 'regions']"
740,"['Grapes', 'production']"
741,"['Grassland', 'butterfly', 'index', 'EU', 'aggregate']"
743,"['Green', 'bond', 'issuance', 'corporates', 'governments', 'type', 'issuer']"
744,"['Green', 'maize', 'area', 'production', 'humidity']"
745,"['Greenhouse', 'gases', 'emissions', 'production', 'activities']"
746,"['Greenhouse', 'gas', 'emission', 'footprints', 'equivalent', 'FIGARO', 'application']"
747,"['Greenhouse', 'gas', 'emissions', 'source', 'sector', 'agriculture']"
749,"['Gross', 'net', 'production', 'electricity', 'derived', 'heat', 'type', 'plant', 'operator']"
750,"['Gross', 'available', 'energy', 'product']"
751,"['Gross', 'capital', 'formation', 'industry', 'NACE']"
752,"['Gross', 'debt', 'income', 'ratio', 'households']"
753,"['Gross', 'disposable', 'income']"
754,"['Gross', 'domestic', 'expenditure', 'R', 'D', 'GERD', 'sector', 'research', 'development']"
755,"['Gross', 'domestic', 'product', 'GDP', 'quarterly', 'data', 'vintages', 'based', 'ESA', 'value', 'added', 'GVA', 'volume', 'NUTS', 'regions', 'current', 'market', 'prices', 'metropolitan', 'typologies', 'expenditure', 'volumes']"
756,"['Gross', 'external', 'debt', 'economy', 'relative', 'exports', 'goods', 'services']"
757,"['Gross', 'fixed', 'capital', 'formation', 'investments', 'current', 'prices', 'F', 'asset', 'type', 'NUTS', 'regions', 'percentage', 'change', 'Q', 'breakdowns', 'volumes']"
758,"['Gross', 'national', 'income']"
759,"['Gross', 'non', 'performing', 'loans', 'domestic', 'foreign', 'entities']"
760,"['Gross', 'nutrient', 'balance']"
761,"['Gross', 'production', 'electricity', 'derived', 'heat', 'combustible', 'fuels', 'type', 'plant', 'operator', 'non']"
762,"['Gross', 'saving']"
763,"['Gross', 'value', 'added', 'NACE', 'Rev', 'current', 'prices', 'volumes', 'B', 'E', 'C', 'F', 'G', 'J', 'K', 'L', 'M', 'N', 'O', 'Q', 'R', 'U', 'TOTAL', 'income', 'industry', 'breakdowns', 'basic', 'NUTS', 'regions', 'metropolitan', 'typologies', 'international', 'data', 'cooperation', 'annual', 'quarterly', 'environmental', 'goods', 'services', 'sector', 'agricultural', 'producer']"
764,"['Gross', 'weight', 'dry', 'bulk', 'goods', 'transported', 'short', 'sea', 'shipping', 'EU', 'ports', 'handled', 'direction', 'annual', 'data', 'main', 'type', 'cargo', 'quarterly', 'Ro', 'units', 'containers', 'Belgium', 'Bulgaria', 'Croatia', 'Cyprus', 'Denmark', 'Estonia', 'Finland', 'France', 'Germany', 'Greece', 'Italy', 'Latvia', 'Lithuania', 'Montenegro', 'Netherlands', 'Norway', 'Poland', 'Portugal', 'Romania', 'Slovenia', 'Spain', 'Sweden', 'T', 'rkiye', 'United', 'Kingdom', 'traffic', 'national', 'international', 'liquid']"
765,"['Guarantees', 'contingent', 'liabilities']"
766,"['Guest', 'nights', 'spent', 'short', 'stay', 'accommodation', 'offered', 'collaborative', 'economy', 'platforms', 'NUTS', 'regions', 'experimental', 'statistics', 'world', 'residence', 'country', 'mode', 'size', 'class']"
767,"['HICP', 'items', 'annual', 'average', 'indices', 'excluding', 'energy', 'seasonal', 'food', 'unprocessed', 'alcohol', 'tobacco', 'education', 'health', 'household', 'equipment', 'housing', 'miscellaneous', 'goods', 'services', 'non', 'industrial', 'transport']"
768,"['HICP', 'administered', 'prices', 'composition']"
769,"['HICP', 'alcohol', 'tobacco']"
770,"['HICP', 'annual', 'data', 'average', 'index', 'rate', 'change']"
771,"['HICP', 'clothing']"
772,"['HICP', 'communications']"
773,"['HICP', 'contributions', 'EA', 'annual', 'inflation', 'percentage', 'points']"
774,"['HICP', 'country', 'weights']"
775,"['HICP', 'published', 'data', 'monthly', 'index', 'annual', 'rate', 'change']"
776,"['HICP', 'hotels', 'restaurants']"
777,"['HICP', 'inflation', 'rate']"
778,"['HICP', 'item', 'weights']"
779,"['HICP', 'monthly', 'data', 'month', 'average', 'rate', 'change', 'annual', 'index']"
780,"['HICP', 'recreation', 'culture']"
781,"['HICP', 'constant', 'tax', 'rates', 'monthly', 'data', 'annual', 'rate', 'change', 'index']"
783,"['HRST', 'category', 'NUTS', 'regions', 'age', 'sex']"
784,"['HRST', 'tertiary', 'education', 'age', 'field', 'sex']"
785,"['Hampered', 'innovation', 'activities']"
786,"['Hampering', 'factors', 'innovating', 'enterprises', 'abolished', 'projects', 'NACE', 'Rev', 'size', 'class', 'started', 'seriously', 'delayed']"
788,"['Harmonised', 'index', 'consumer', 'prices', 'monthly', 'data']"
789,"['Harmonised', 'risk', 'indicator', 'pesticides', 'categorisation', 'active', 'substances']"
790,"['Hatcheries', 'hens', 'annual', 'data', 'poultry']"
791,"['Hauled', 'passenger', 'railway', 'vehicle', 'traffic', 'performance', 'type', 'speed', 'seat', 'km', 'train', 'category', 'source', 'energy', 'gross', 'tkm']"
792,"['Hazardous', 'alcohol', 'drinkers', 'sex', 'age', 'degree', 'urbanisation', 'educational', 'attainment', 'level', 'income', 'quintile']"
793,"['Health', 'graduates', 'historical', 'data', 'personnel', 'excluding', 'nursing', 'caring', 'professionals', 'employed', 'hospital']"
794,"['Health', 'care', 'expenditure', 'share', 'GDP', 'financing', 'scheme', 'function', 'provider']"
795,"['Health', 'impacts', 'air', 'pollution']"
796,"['Health', 'personnel', 'NUTS', 'regions', 'historical', 'data']"
797,"['Health', 'workforce', 'migration', 'historical', 'data']"
799,"['Healthy', 'life', 'expectancy', 'based', 'self', 'perceived', 'health']"
800,"['Healthy', 'life', 'years', 'females', 'males', 'age', 'sex', 'birth', 'onwards']"
801,"['Heat', 'pumps', 'ambient', 'captured', 'technology', 'climate', 'technical', 'characteristics', 'technologies']"
803,"['High', 'growth', 'enterprises', 'related', 'employment', 'NACE', 'Rev', 'activity', 'micro']"
804,"['High', 'speed', 'internet', 'coverage', 'type', 'area']"
806,"['High', 'tech', 'exports', 'technology', 'products', 'share', 'total', 'SITC', 'Rev']"
807,"['High', 'tech', 'patent', 'applications', 'EPO', 'priority', 'year', 'metropolitan', 'regions', 'typologies', 'NUTS']"
808,"['High', 'tech', 'trade', 'group', 'products', 'million', 'euro', 'SITC', 'Rev']"
809,"['Higher', 'education']"
810,"['Highly', 'important', 'effects', 'innovation', 'organisational', 'objectives', 'marketing', 'product', 'process', 'source', 'information']"
811,"['Highly', 'important', 'sources', 'information', 'product', 'process', 'innovation']"
812,"['Holder', 'manager', 'relationship', 'area', 'livestock', 'labour', 'force', 'standard', 'output', 'agricultural', 'size', 'farm', 'UAA', 'selected', 'variables']"
814,"['Holdings', 'areas', 'wine', 'grape', 'vine', 'varieties', 'broken', 'area', 'size', 'class', 'classes', 'producing', 'quality', 'wines', 'produced', 'specific', 'regions', 'psr', 'total', 'vines']"
815,"['Holdings', 'cultivated', 'area', 'vines', 'CAV', 'agricultural', 'use', 'broken', 'type', 'production', 'size', 'class', 'regions', 'utilised', 'AA', 'AV', 'ratio']"
816,"['Hospital', 'days', 'patients', 'NUTS', 'regions', 'females', 'males', 'total']"
817,"['Hospital', 'beds', 'NUTS', 'regions', 'historical', 'data', 'function', 'type', 'care', 'ownership']"
818,"['Hospital', 'discharges', 'length', 'stay', 'inpatient', 'curative', 'care', 'historical', 'data']"
819,"['Hospital', 'discharges', 'diagnosis', 'NUTS', 'regions', 'day', 'cases', 'inhabitants', 'females', 'males', 'total', 'number', 'patients']"
820,"['Hospital', 'employment']"
822,"['Hourly', 'earnings', 'economic', 'activity', 'contractual', 'working', 'time', 'enterprises', 'employed', 'persons']"
823,"['Hourly', 'labour', 'costs', 'NACE', 'Rev', 'activity']"
825,"['Hours', 'spent', 'CVT', 'courses', 'NACE', 'Rev', 'activity', 'worked', 'enterprises', 'providing', 'participant', 'person', 'employed', 'size', 'class', 'type', 'agreement', 'planning', 'course', 'total']"
827,"['Hours', 'worked', 'compared', 'paid', 'NACE', 'Rev', 'activity', 'LCS', 'survey']"
828,"['Hours', 'worked', 'week', 'time', 'employment']"
829,"['House', 'price', 'index', 'Item', 'weights', 'annual', 'data', 'country', 'quarterly', 'deflated', 'sales', 'number', 'value']"
831,"['Household', 'characteristics', 'activity', 'employment', 'status', 'reference', 'person', 'age', 'degree', 'urbanisation', 'main', 'source', 'income', 'number', 'active', 'persons', 'type']"
832,"['Household', 'composition', 'size']"
833,"['Household', 'consumption', 'volumes', 'electricity', 'bands', 'gas']"
834,"['Household', 'debt', 'consolidated', 'including', 'Non', 'profit', 'institutions', 'serving', 'households', 'GDP']"
835,"['Household', 'final', 'consumption', 'expenditures', 'durability', 'percentage', 'change', 'Q']"
836,"['Household', 'saving', 'rate']"
837,"['Households', 'availability', 'computers', 'devices', 'access', 'internet', 'level', 'type', 'connection', 'secure', 'tenure', 'simplified', 'degree', 'urbanisation', 'home']"
838,"['Households', 'reasons', 'having', 'internet', 'access', 'home']"
839,"['Households', 'risk', 'asset', 'based', 'vulnerability', 'experimental', 'statistics']"
840,"['Households', 'country', 'birth', 'parents', 'working', 'status', 'years', 'residence', 'migration', 'household', 'composition', 'number', 'persons', 'economic', 'activity']"
841,"['Households', 'size', 'number', 'persons']"
842,"['Households', 'investment', 'rate']"
843,"['Households', 'maintaining', 'standard', 'living', 'using', 'savings', 'duration', 'income', 'quintile', 'risk', 'poverty', 'threshold']"
844,"['Households', 'internet', 'access', 'home', 'NUTS', 'regions']"
845,"['Households', 'broadband', 'access']"
846,"['Households', 'expenditure', 'greater', 'zero', 'COICOP', 'consumption', 'purpose']"
847,"['Households', 'sustainable', 'access', 'improved', 'sanitation', 'simplified', 'degree', 'urbanisation']"
848,"['Housing', 'deprivation', 'rate', 'number', 'item', 'EU', 'SILC', 'survey']"
849,"['Housing', 'cost', 'overburden', 'rate', 'NUTS', 'regions', 'age', 'group', 'EU', 'SILC', 'survey', 'sex', 'citizenship', 'total', 'population', 'aged', 'country', 'birth', 'poverty', 'status', 'degree', 'urbanisation', 'household', 'type', 'income', 'quintile', 'level', 'disability', 'activity', 'limitation', 'tenure']"
850,"['Housing', 'units', 'type', 'building']"
851,"['Human', 'resources', 'science', 'technology', 'HRST', 'NUTS', 'regions']"
852,"['Hydrofluorocarbon', 'emission', 'footprints', 'HFC', 'equivalent', 'FIGARO', 'application']"
853,"['ICT', 'environment', 'NACE', 'Rev', 'activity', 'size', 'class', 'enterprise']"
854,"['Identification', 'procedures', 'used', 'online', 'services', 'onwards']"
855,"['Immigration', 'age', 'sex', 'group', 'citizenship', 'country', 'birth', 'previous', 'residence', 'level', 'human', 'development', 'ad', 'hoc', 'data', 'collection']"
856,"['Immigration', 'broad', 'group', 'country', 'previous', 'residence']"
858,"['Impact', 'level', 'international', 'sourcing', 'activities', 'economic', 'activity', 'collection', 'round', 'experimental', 'statistics']"
860,"['Impact', 'ICT', 'tasks', 'skills']"
861,"['Impact', 'social', 'transfers', 'excluding', 'pensions', 'poverty', 'reduction', 'sex', 'NUTS', 'regions']"
862,"['Implementation', 'type', 'new', 'marketing', 'method', 'organisational']"
863,"['Implicit', 'tax', 'rate', 'energy']"
865,"['Import', 'dependency', 'countries', 'fuel', 'type']"
866,"['Import', 'prices', 'capital', 'goods', 'consumer', 'durables', 'non', 'intermediate', 'manufacturing', 'total', 'industry', 'annual', 'data', 'monthly', 'quarterly']"
867,"['Importance', 'barriers', 'met', 'engaging', 'international', 'sourcing', 'activities', 'status', 'economic', 'activity', 'figures', 'collection', 'round', 'experimental', 'statistics']"
868,"['Importance', 'motivation', 'factors', 'international', 'sourcing', 'economic', 'activity', 'collection', 'round', 'experimental', 'statistics', 'enterprises', 'currently', 'planning', 'engage', 'figures']"
869,"['Importance', 'physical', 'proximity', 'support', 'business', 'functions', 'core', 'function', 'sourcing', 'status', 'economic', 'activity', 'experimental', 'statistics']"
870,"['Importance', 'drivers', 'introduce', 'innovations', 'environmental', 'benefits', 'procedures', 'reduce', 'impacts', 'enterprises', 'NACE', 'Rev', 'activity', 'size', 'class', 'reasons', 'innovate', 'barriers', 'innovation']"
871,"['Important', 'characteristics', 'buying', 'ICT', 'devices']"
872,"['Imports', 'oil', 'monthly', 'data', 'solid', 'fuels']"
873,"['Imports', 'electricity', 'monthly', 'data']"
874,"['Imports', 'gas', 'monthly', 'data']"
875,"['Imports', 'biofuels', 'partner', 'country', 'goods', 'chemicals', 'related', 'products', 'food', 'drinks', 'tobacco', 'machinery', 'transport', 'equipment', 'mineral', 'fuels', 'lubricants', 'materials', 'manufactured', 'raw', 'total', 'services', 'GDP', 'natural', 'gas', 'monthly', 'data', 'oil', 'petroleum', 'solid', 'fossil']"
876,"['Imports', 'biomethane', 'grid']"
877,"['Imports', 'electricity', 'derived', 'heat', 'partner', 'country']"
879,"['work', 'risk', 'poverty', 'rate', 'age', 'sex', 'EU', 'SILC', 'survey', 'educational', 'attainment', 'level', 'time', 'group', 'citizenship', 'population', 'aged', 'country', 'birth', 'household', 'type', 'disability', 'activity', 'limitation', 'months', 'worked', 'contract', 'intensity', 'years', 'working']"
880,"['house', 'external', 'skills', 'available', 'enterprises']"
881,"['patient', 'average', 'length', 'stay', 'days', 'NUTS', 'regions', 'females', 'males', 'total']"
882,"['Inability', 'afford', 'meal', 'meat', 'chicken', 'fish', 'vegetarian', 'equivalent', 'daily', 'respondent', 'years', 'old', 'second', 'day', 'EU', 'SILC', 'survey', 'NUTS', 'regions', 'level', 'disability', 'activity', 'limitation', 'sex', 'age', 'basic', 'school', 'needs', 'books', 'equipment', 'week', 'annual', 'holiday', 'away', 'home', 'paying']"
883,"['Inability', 'face', 'unexpected', 'financial', 'expenses', 'EU', 'SILC', 'survey', 'NUTS', 'regions', 'level', 'disability', 'activity', 'limitation', 'sex', 'age']"
884,"['Inability', 'home', 'adequately', 'warm', 'EU', 'SILC', 'survey', 'NUTS', 'regions', 'level', 'disability', 'activity', 'limitation', 'sex', 'age']"
885,"['Inability', 'make', 'ends', 'meet', 'EU', 'SILC', 'survey']"
886,"['Inactive', 'population', 'percentage', 'total', 'sex', 'age', 'level', 'disability', 'activity', 'limitation', 'educational', 'attainment', 'citizenship', 'country', 'birth', 'group', 'type', 'main', 'reason', 'seeking', 'employment', 'willingness', 'work']"
887,"['Inactivity', 'rate', 'sex', 'age', 'educational', 'attainment', 'level', 'work', 'experience', 'studying', 'rates', 'young', 'people', 'education', 'training', 'years', 'completion', 'highest']"
888,"['Incidence', 'rate', 'accidents', 'work', 'contact', 'mode', 'injury', 'NACE', 'Rev', 'activity', 'sex', 'age', 'severity', 'deviation', 'material', 'agent', 'specific', 'physical', 'type', 'workstation', 'working', 'environment', 'process']"
890,"['Income', 'distribution']"
891,"['Income', 'intellectual', 'property', 'rights', 'computer', 'services']"
892,"['Income', 'real', 'terms', 'SILC']"
893,"['Income', 'inequality', 'older', 'people', 'EU', 'SILC', 'survey']"
894,"['Income', 'households', 'NUTS', 'regions']"
895,"['Income', 'quintile', 'share', 'ratio', 'S', 'sex', 'disposable', 'age', 'group', 'EU', 'SILC', 'survey', 'NUTS', 'regions', 'gross', 'market', 'total', 'net']"
896,"['Income', 'share', 'population']"
897,"['Incoming', 'Dublin', 'requests', 'based', 'EURODAC', 'submitting', 'country', 'PARTNER', 'type', 'request', 'legal', 'provision', 'sex', 'applicant', 'information', 'transfers', 'duration', 'transfer', 'responses', 'response']"
898,"['Index', 'total', 'actual', 'hours', 'worked', 'main', 'job', 'sex', 'age', 'group', 'quarterly', 'data']"
899,"['Indicator', 'income', 'agricultural', 'activity']"
901,"['Indicators', 'health', 'safety', 'work']"
902,"['Indicators', 'growth', 'NACE', 'Rev']"
903,"['Individuals', 'computer', 'use', 'devices', 'used', 'access', 'internet', 'frequency', 'activities', 'using', 'smart', 'TV', 'places', 'frequently', 'regularly', 'NUTS', 'regions', 'buying', 'goods', 'services', 'doing', 'online', 'course', 'finding', 'information', 'banking', 'looking', 'job', 'sending', 'application', 'participating', 'social', 'networks', 'seeking', 'health', 'related', 'selling', 'receiving', 'e', 'mails', 'taking', 'consultations', 'voting', 'accessed', 'away', 'home', 'work', 'basic', 'overall', 'digital', 'skills', 'sex', 'interaction', 'public', 'authorities']"
904,"['Individuals', 'encountering', 'hostile', 'degrading', 'online', 'messages']"
905,"['Individuals', 'mobile', 'internet', 'access']"
906,"['Individuals', 'use', 'cloud', 'services', 'collaborative', 'economy']"
907,"['Individuals', 'ordered', 'goods', 'services', 'internet', 'private', 'use', 'year', 'NUTS', 'regions']"
908,"['Individuals', 'level', 'computer', 'skills', 'onwards', 'digital', 'country', 'birth', 'citizenship', 'sex', 'age', 'internet']"
910,"['Industrial', 'construction', 'production', 'volume', 'index', 'calendar', 'adjusted']"
911,"['Industrial', 'countries', 'effective', 'exchange', 'rates', 'annual', 'data', 'monthly', 'quarterly']"
913,"['Industrial', 'crops', 'NUTS', 'regions']"
914,"['Industrial', 'crops', 'number', 'farms', 'areas', 'agricultural', 'size', 'farm', 'UAA', 'crop', 'area']"
915,"['Industrial', 'plants', 'number', 'farms', 'areas', 'size', 'farm', 'UAA', 'plant', 'area']"
916,"['Industrial', 'production', 'monthly', 'data', 'vintages', 'onwards']"
917,"['Industrial', 'roundwood', 'assortment', 'species']"
918,"['Industry', 'monthly', 'data', 'quarterly', 'growth', 'rates', 'NACE', 'Rev', 'activity', 'index']"
919,"['Industry', 'employment', 'size', 'class', 'NACE', 'Rev', 'B', 'E']"
920,"['Inequality', 'income', 'distribution', 'S', 'quintile', 'share', 'ratio', 'EU', 'SILC', 'ECHP', 'surveys']"
921,"['Infant', 'deaths', 'occurring', 'EU', 'cause', 'age', 'country', 'mortality', 'NUTS', 'region', 'sex', 'mother', 's', 'educational', 'attainment', 'level', 'ISCED', 'f', 'father', 'rate', 'rates']"
922,"['Inland', 'waterway', 'transport', 'nationality', 'vessel', 'countries', 'regions', 'loading', 'unloading', 'onwards', 'coverage', 'type', 'cargo', 'country', 'region', 'goods', 'enterprises', 'number', 'vessels']"
923,"['Innovating', 'firms', 'level', 'R', 'D', 'intensity', 'size', 'class', 'export', 'type', 'independent', 'non']"
924,"['Innovation', 'activities', 'expenditures', 'enterprises', 'NACE', 'Rev', 'activity', 'size', 'class', 'expenditure', 'operation', 'absolute', 'value']"
925,"['Innovation', 'high', 'tech', 'sectors', 'CIS', 'EU', 'Member', 'States', 'selected', 'countries', 'SMEs']"
926,"['Innovation', 'intensity', 'manufacturing', 'sector', 'technology']"
927,"['Innovation', 'intensity', 'NACE', 'Rev', 'size', 'class']"
928,"['Innovations', 'environmental', 'benefits']"
929,"['Innovative', 'non', 'enterprises', 'type', 'business', 'strategy', 'applied', 'importance', 'NACE', 'Rev', 'activity', 'size', 'class', 'hampering', 'factor', 'innovation', 'activities', 'level', 'meeting', 'expectations', 'operated', 'R', 'D', 'organisations', 'kind', 'location', 'operation', 'partner', 'affected', 'legislation', 'regulations', 'subject', 'regulation', 'effect']"
930,"['Inpatient', 'curative', 'care', 'bed', 'occupancy', 'rate', 'type']"
931,"['Input', 'capture', 'based', 'aquaculture', 'onwards']"
933,"['Integration', 'internal', 'processes', 'NACE', 'Rev', 'activity', 'NUTS', 'regions', 'size', 'class', 'enterprise']"
934,"['Integration', 'customers', 'suppliers', 'supply', 'chain', 'management', 'NACE', 'Rev', 'activity', 'NUTS', 'regions', 'size', 'class', 'enterprise']"
935,"['Intellectual', 'property', 'rights', 'licensing', 'enterprises', 'NACE', 'Rev', 'activity', 'size', 'class']"
936,"['Intentional', 'homicide', 'sexual', 'offences', 'legal', 'status', 'sex', 'person', 'involved', 'largest', 'cities', 'victims', 'victim', 'offender', 'relationship']"
937,"['rates', 'monthly', 'data']"
938,"['Interests', 'payable', 'similar', 'charges', 'product', 'receivable', 'income']"
940,"['Intermediate', 'consumption', 'environmental', 'protection', 'services', 'institutional', 'sector', 'NACE', 'Rev', 'activity']"
941,"['Intermediate', 'goods', 'trade']"
942,"['Intermediate', 'services', 'trade']"
943,"['International', 'extra', 'EU', 'air', 'passenger', 'transport', 'main', 'airports', 'partner', 'world', 'regions', 'countries', 'reporting', 'country', 'freight', 'mail', 'intra', 'road', 'loaded', 'goods', 'unloading', 'type', 't', 'tkm', 'quarterly', 'data', 'annual', 'onwards', 'unloaded', 'loading', 'aggregates', 'countryby', 'trade', 'share', 'GDP', 'SITC', 'EUR', 'EFTA', 'enlargement', 'total', 'product', 'euro', 'area', 'Member', 'States', 'group', 'Monthly', 'passengers', 'embarkation', 'disembarkation']"
944,"['International', 'investment', 'position', 'quarterly', 'data', 'million', 'units', 'national', 'currency', 'EU', 'institutions', 'BPM']"
945,"['International', 'supply', 'services', 'modes', 'type', 'product', 'EBOPS', 'partner', 'country']"
946,"['International', 'trade', 'services', 'BPM', 'historical', 'data', 'market', 'integration', 'indicators']"
948,"['Internet', 'access', 'NACE', 'Rev', 'activity', 'NUTS', 'regions', 'size', 'class', 'enterprise']"
949,"['Internet', 'Things', 'barriers', 'use', 'NACE', 'Rev', 'activity', 'size', 'class', 'enterprise']"
950,"['Internet', 'purchases', 'collaborative', 'economy', 'onwards', 'goods', 'services', 'money', 'spent', 'origin', 'sellers', 'perceived', 'barriers', 'problems', 'encountered', 'individuals']"
951,"['Internet', 'use', 'individuals']"
953,"['Intra', 'Extra', 'EU', 'trade', 'Member', 'State', 'product', 'group', 'cultural', 'goods', 'partner', 'sporting']"
954,"['Intra', 'EU', 'trade', 'Member', 'State', 'total', 'product']"
956,"['Intra', 'corporate', 'notifications', 'received', 'economic', 'sector', 'citizenship', 'length', 'validity']"
957,"['Intra', 'corporate', 'transferee', 'permits', 'issued', 'type', 'permit', 'economic', 'sector', 'citizenship', 'length', 'validity', 'position', 'renewed', 'withdrawn']"
958,"['Intra', 'mural', 'Business', 'Enterprise', 'R', 'D', 'Expenditures', 'Foreign', 'Controlled', 'Enterprises']"
959,"['Intramural', 'R', 'D', 'expenditure', 'GERD', 'NUTS', 'regions', 'source', 'funds']"
960,"['Investment', 'institutional', 'sectors', 'share', 'GDP']"
961,"['Investment', 'maintenance', 'oil', 'pipeline', 'infrastructure']"
962,"['Investment', 'rate', 'non', 'financial', 'corporations']"
963,"['Investment', 'expenditure', 'purchases', 'enterprises', 'NACE', 'Rev', 'activity']"
965,"['Involuntary', 'time', 'employment', 'percentage', 'total', 'young', 'people', 'sex', 'age']"
966,"['Involuntary', 'temporary', 'employment']"
967,"['Inward', 'FDI', 'stocks', 'GDP']"
968,"['Irrigation', 'agricultural', 'holdings', 'number', 'farms', 'areas', 'equipment', 'size', 'farm', 'UAA', 'NUTS', 'regions', 'irrigated', 'area']"
969,"['Job', 'vacancies', 'number', 'NACE', 'Rev', 'B', 'S', 'quarterly', 'data', 'vacancy', 'rate', 'activity', 'annual', 'statistics', 'Q', 'onwards', 'occupation', 'NUTS', 'regions']"
970,"['Job', 'loss', 'creation', 'result', 'international', 'sourcing', 'activity', 'economic', 'collection', 'round', 'experimental', 'statistics']"
971,"['Job', 'mismatches', 'labour', 'market', 'effects', 'school', 'leavers', 'Europe']"
972,"['Job', 'tenure', 'sex', 'age', 'professional', 'status', 'occupation']"
973,"['Job', 'mobility', 'HRST', 'NACE', 'Rev', 'activity', 'age', 'sex', 'transitions', 'annual', 'averages', 'quarterly', 'estimated', 'probabilities', 'experimental', 'statistics']"
974,"['Jobless', 'households', 'children', 'sex']"
975,"['Jobs', 'created', 'result', 'international', 'sourcing', 'NACE', 'Rev', 'activity', 'aggregate', 'business', 'function', 'job', 'skill', 'requirement', 'experimental', 'statistics', 'relocated', 'abroad', 'functions']"
976,"['Jobs', 'lost', 'business', 'function', 'economic', 'activity', 'experimental', 'statistics']"
977,"['Jobs', 'lost', 'relocated', 'abroad', 'result', 'international', 'sourcing', 'NACE', 'Rev', 'activity', 'aggregate', 'business', 'function', 'job', 'skill', 'requirement', 'experimental', 'statistics']"
978,"['Joint', 'Index']"
979,"['Key', 'farm', 'variables', 'area', 'livestock', 'LSU', 'labour', 'force', 'standard', 'output', 'agricultural', 'size', 'UAA', 'age', 'manager', 'legal', 'status', 'holding', 'NUTS', 'regions', 'holder', 'LFA', 'economic', 'ESU', 'type', 'farming', 'digit', 'objective', 'zone', 'Euro']"
981,"['Key', 'indicators', 'annual', 'data']"
982,"['Key', 'indicators', 'quarterly', 'data']"
983,"['Key', 'indicators', 'physical', 'energy', 'flow', 'accounts', 'NACE', 'Rev', 'activity']"
984,"['Kind', 'business', 'partner', 'function', 'economic', 'activity', 'experimental', 'statistics', 'partners', 'engaged', 'international', 'sourcing', 'collection', 'round']"
985,"['Labour', 'cost', 'index', 'NACE', 'Rev', 'activity', 'country', 'weights', 'item', 'nominal', 'value', 'annual', 'data', 'quarterly', 'percentage', 'change', 'Q', 'levels', 'wages', 'salaries', 'including', 'apprentices', 'direct', 'remuneration', 'excluding', 'LCS', 'survey', 'NUTS', 'regions', 'costs', 'input', 'total', 'industry', 'construction', 'monthly', 'services', 'wholesale', 'retail', 'trade', 'productivity', 'unit', 'level', 'GDP', 'constant', 'prices', 'person', 'employed', 'hour', 'worked', 'EU']"
986,"['Labour', 'force', 'categories', 'number', 'persons', 'farm', 'work', 'AWU', 'legal', 'status', 'holding', 'economic', 'size', 'Euro', 'sex', 'worker', 'satus', 'agricultural', 'UAA', 'working', 'time', 'age', 'category', 'ESU', 'NUTS', 'regions', 'workers', 'LFA', 'objective', 'zone', 'type', 'farming', 'digit']"
987,"['Labour', 'force', 'participation', 'rate', 'total', 'population', 'aged', 'annual', 'averages']"
988,"['Labour', 'market', 'cities', 'greater']"
989,"['Labour', 'market', 'functional', 'urban', 'areas']"
990,"['Labour', 'market', 'demand', 'ICT', 'specialists', 'online', 'job', 'advertisements', 'NUTS', 'regions', 'experimental', 'statistics', 'percentage', 'change', 'Q', 'occupation', 'ISCO']"
991,"['Labour', 'market', 'slack', 'sex', 'age', 'annual', 'data', 'quarterly', 'NUTS', 'regions']"
992,"['Labour', 'market', 'transitions', 'quarterly', 'data', 'annual']"
993,"['Labour', 'status', 'distribution', 'population', 'sex', 'age', 'migration', 'educational', 'attainment', 'level']"
994,"['Labour', 'transitions', 'employment', 'status', 'pay', 'level', 'changes', 'qualifications', 'type', 'contract', 'security', 'temporary', 'permanent', 'contracts', 'sex', 'year', 'average']"
995,"['Land', 'cover', 'FAO', 'Forest', 'categories', 'NUTS', 'regions', 'overview']"
996,"['Land', 'covered', 'artificial', 'surfaces', 'index', 'NUTS', 'regions']"
997,"['Land', 'use', 'overview', 'NUTS', 'regions', 'number', 'farms', 'areas', 'size', 'farm', 'UAA', 'LFA', 'status', 'objective', 'zone', 'type', 'farming', 'digit', 'economic', 'ESU', 'different', 'crops', 'agricultural', 'Euro']"
998,"['Land', 'use', 'footprints']"
999,"['Landfill', 'rate', 'waste', 'excluding', 'major', 'mineral', 'wastes']"
1000,"['Landings', 'fishery', 'products', 'main', 'data', 'Belgium', 'Bulgaria', 'Croatia', 'Cyprus', 'Denmark', 'Estonia', 'Finland', 'France', 'Germany', 'Greece', 'Iceland', 'Italy', 'Latvia', 'Lithuania', 'Norway', 'Poland', 'Portugal', 'Romania', 'Slovenia', 'Spain', 'Sweden', 'Netherlands', 'United', 'Kingdom']"
1001,"['Language', 'learning']"
1002,"['Late', 'foetal', 'deaths', 'mother', 's', 'age']"
1003,"['Laying', 'hens', 'population', 'annual', 'data', 'number', 'farms', 'heads', 'economic', 'size', 'farm', 'Euro', 'hen', 'flock', 'poultry', 'agricultural', 'UAA']"
1004,"['Legal', 'cases', 'processed', 'instance', 'courts', 'status', 'court', 'process']"
1005,"['Legally', 'induced', 'abortions', 'mother', 's', 'age', 'number', 'previous', 'live', 'births']"
1006,"['Length', 'electric', 'non', 'railway', 'lines', 'nature', 'transport', 'electrified', 'track', 'gauge', 'type', 'current', 'roads', 'outside', 'built', 'areas', 'paved', 'unpaved', 'maximum', 'permitted', 'speed', 'number', 'tracks', 'electrification', 'equipped', 'traffic', 'management', 'signalling', 'network']"
1007,"['Length', 'motorways', 'e', 'roads']"
1008,"['Length', 'navigable', 'inland', 'waterways', 'waterway', 'type']"
1009,"['Length', 'network']"
1010,"['Length', 'pipelines', 'operated']"
1011,"['Length', 'state', 'provincial', 'communal', 'roads']"
1013,"['Level', 'crossings', 'type']"
1015,"['Level', 'disability', 'activity', 'limitation', 'sex', 'age', 'citizenship', 'country', 'birth', 'degree', 'urbanisation', 'educational', 'attainment', 'income', 'quintile']"
1016,"['Level', 'expected', 'impact', 'employment', 'international', 'sourcing', 'enterprises', 'currently', 'engaged', 'planning', 'engage', 'status', 'economic', 'activity', 'figures', 'collection', 'round', 'experimental', 'statistics']"
1017,"['Level', 'internet', 'access', 'households']"
1018,"['Level', 'best', 'known', 'foreign', 'language', 'self', 'reported', 'age', 'degree', 'urbanisation', 'educational', 'attainment', 'labour', 'status', 'occupation', 'sex', 'country']"
1019,"['Level', 'trust', 'income', 'quintile', 'household', 'composition', 'degree', 'urbanisation', 'domain', 'sex', 'age', 'educational', 'attainment']"
1021,"['Liabilities', 'government', 'controlled', 'entities', 'classified', 'outside', 'general']"
1022,"['Liabilities', 'related', 'private', 'public', 'partnerships', 'PPPs', 'recorded', 'balance', 'sheet', 'government']"
1023,"['Licensed', 'physicians']"
1024,"['Life', 'expectancy', 'birth', 'sex', 'NUTS', 'region', 'age', 'educational', 'attainment', 'level', 'table']"
1025,"['Life', 'satisfaction', 'income', 'quintile', 'household', 'composition', 'degree', 'urbanisation', 'domain', 'sex', 'age', 'educational', 'attainment']"
1026,"['Limitations', 'household', 'activities', 'sex', 'age', 'educational', 'attainment', 'level', 'personal', 'care']"
1027,"['Liquid', 'biofuels', 'production', 'capacities']"
1028,"['Literacy', 'rate', 'sex', 'age', 'group']"
1029,"['Live', 'births', 'total', 'NUTS', 'region', 'metropolitan', 'regions', 'month', 'typologies', 'crude', 'birth', 'rate', 'age', 'group', 'mothers', 'weight', 'duration', 'gestation', 'mother', 's', 'activity', 'status', 'order', 'citizenship', 'country', 'educational', 'attainment', 'level', 'legal', 'marital', 'newborn', 'sex', 'year', 'reached']"
1030,"['Livestock', 'number', 'heads', 'farms', 'economic', 'size', 'farm', 'ESU', 'NUTS', 'regions', 'units', 'LSU', 'UAA', 'LFA', 'status', 'objective', 'zone', 'animals', 'Euro', 'type', 'farming', 'digit', 'different', 'types', 'agricultural']"
1031,"['Livestock', 'density', 'index']"
1033,"['Living', 'conditions', 'cities', 'greater', 'functional', 'urban', 'areas']"
1034,"['Living', 'quarters', 'type', 'housing']"
1035,"['Load', 'capacity', 'lorries', 'new', 'semi', 'trailers', 'type', 'carriage', 'self', 'propelled', 'vessels', 'year', 'construction']"
1036,"['Loan', 'deposit', 'year', 'rate']"
1037,"['Loans', 'excluding', 'mortgages', 'purchase', 'main', 'residence', 'income', 'quintile', 'risk', 'poverty', 'threshold']"
1039,"['Local', 'government', 'debt']"
1040,"['Local', 'pollution']"
1041,"['Location', 'partner', 'NACE', 'Rev', 'size', 'class']"
1042,"['Locomotives', 'railcars', 'source', 'energy']"
1045,"['Long', 'term', 'government', 'bond', 'yields']"
1046,"['Long', 'term', 'care', 'health', 'expenditure', 'beds', 'nursing', 'residential', 'facilities', 'NUTS', 'regions', 'historical', 'data']"
1047,"['Long', 'term', 'residence', 'permits', 'issued', 'year', 'age', 'sex', 'citizenship']"
1048,"['Long', 'term', 'residents', 'non', 'EU', 'citizens', 'holding', 'residence', 'permits', 'citizenship', 'December', 'age', 'sex', 'year']"
1049,"['Long', 'term', 'unemployment', 'months', 'sex', 'age', 'educational', 'attainment', 'level', 'NUTS', 'regions', 'percentage', 'total', 'citizenship', 'country', 'birth', 'disability', 'activity', 'limitation', 'annual', 'data', 'quarterly', 'rate', 'active', 'population', 'aged', 'rates']"
1050,"['Long', 'time', 'series', 'covering', 'enterprises', 'persons', 'employed', 'main', 'indicators', 'NACE', 'Rev', 'C', 'F']"
1051,"['Long', 'working', 'hours', 'main', 'job', 'sex', 'age', 'professional', 'status', 'occupation']"
1052,"['Lorries', 'load', 'capacity', 'type', 'motor', 'energy']"
1053,"['Lorries', 'road', 'tractors', 'age', 'type', 'vehicle']"
1054,"['Lorries', 'load', 'capacity', 'permissible', 'maximum', 'gross', 'weight']"
1055,"['Loss', 'citizenship', 'sex', 'new']"
1057,"['Low', 'achieving', 'year', 'olds', 'reading', 'mathematics', 'science', 'sex']"
1058,"['Low', 'wage', 'earners', 'proportion', 'employees', 'excluding', 'apprentices', 'age', 'economic', 'activity', 'educational', 'attainment', 'level', 'employment', 'contract', 'sex']"
1059,"['Macro', 'series', 'EFTA', 'enlargement', 'countries', 'Northern', 'raw', 'data', 'growth', 'rates']"
1060,"['Macroeconomic', 'imbalance', 'procedure', 'Statistical', 'annex', 'indicators']"
1062,"['Main', 'Balance', 'Payments', 'International', 'Investment', 'Position', 'items', 'share', 'GDP', 'BPM']"
1063,"['Main', 'GDP', 'aggregates', 'capita']"
1064,"['Main', 'care', 'related', 'reasons', 'working', 'time']"
1065,"['Main', 'childcare', 'related', 'reasons', 'working', 'time', 'given', 'employed', 'persons', 'years', 'old']"
1066,"['Main', 'crops', 'NUTS', 'regions']"
1067,"['Main', 'economic', 'variables', 'employment', 'size', 'class']"
1069,"['Main', 'farm', 'indicators', 'organic', 'farming', 'utilised', 'agricultural', 'area', 'economic', 'size', 'type', 'holding', 'NUTS']"
1070,"['Main', 'farm', 'land', 'use']"
1071,"['Main', 'financial', 'incentives', 'employed', 'persons', 'entitled', 'receive', 'individual', 'retirement', 'pension', 'stay', 'work', 'sex', 'occupation']"
1072,"['Main', 'flows']"
1073,"['Main', 'national', 'accounts', 'tax', 'aggregates']"
1074,"['Main', 'permanent', 'crops', 'farm']"
1075,"['Main', 'providers', 'used', 'external', 'CVT', 'courses', 'type', 'provider', 'NACE', 'Rev', 'activity', 'enterprises', 'providing', 'size', 'class']"
1076,"['Main', 'reason', 'economically', 'inactive', 'persons', 'receive', 'pension', 'quit', 'working', 'time', 'employment', 'Distributions', 'sex', 'age', 'continue']"
1078,"['Main', 'reasons', 'linked', 'care', 'people', 'need', 'given', 'employed', 'persons', 'years', 'old', 'working', 'occupation', 'time', 'pattern']"
1079,"['Main', 'reasons', 'retirement', 'early', 'sex', 'labour', 'status', 'just', 'leaving', 'job']"
1080,"['Main', 'skills', 'needed', 'development', 'enterprise', 'type', 'skill', 'NACE', 'Rev', 'activity', 'enterprises', 'size', 'class', 'targeted', 'CVT', 'courses', 'providing']"
1081,"['Main', 'type', 'childcare', 'used', 'employed', 'persons', 'years', 'old', 'spouse', 's', 'children', 'working']"
1082,"['Main', 'vine', 'varieties', 'age', 'group']"
1083,"['Management', 'waste', 'operations', 'type', 'material', 'Sankey', 'diagram', 'data', 'excluding', 'major', 'mineral', 'flow']"
1084,"['Manufacturing', 'subsections', 'DF', 'DN', 'total', 'NACE', 'Rev', 'D', 'employment', 'size', 'class', 'DA', 'onwards']"
1085,"['Manure', 'storage', 'facilities', 'NUTS', 'regions']"
1086,"['Marine', 'waters', 'affected', 'eutrophication']"
1087,"['Maritime', 'goods', 'short', 'sea', 'shipping', 'performed', 'Exclusive', 'Economic', 'Zone', 'countries', 'transport', 'passenger', 'traffic', 'passengers', 'freight', 'ship', 'movements']"
1088,"['Maritime', 'accident', 'victims', 'sea', 'basin', 'occurrence', 'country', 'registration', 'vessels', 'category', 'type']"
1089,"['Maritime', 'equipment', 'carrying', 'capacity', 'ships', 'grt', 'number']"
1090,"['Maritime', 'transport', 'infrastructure', 'ports']"
1091,"['Maritime', 'transport', 'freight', 'NUTS', 'regions', 'questionnaire', 'passengers']"
1093,"['Market', 'production', 'annual', 'data', 'monthly', 'quarterly']"
1094,"['Market', 'share', 'largest', 'generator', 'electricity']"
1095,"['Market', 'value', 'general', 'government', 'gross', 'debt']"
1096,"['Marriage', 'indicators']"
1097,"['Marriages', 'citizenship', 'bride', 'groom', 'country', 'birth', 'previous', 'legal', 'union', 'status']"
1098,"['Marriages', 'sex', 'previous', 'marital', 'status']"
1099,"['Material', 'Deprivation', 'rate', 'age', 'group', 'EU', 'SILC', 'survey', 'sex', 'Durables', 'dimension', 'number', 'item', 'Economic', 'strain', 'dimensions', 'Environment', 'Housing', 'household', 'type', 'poverty', 'status', 'items']"
1100,"['Material', 'social', 'deprivation', 'rate', 'NUTS', 'regions', 'age', 'sex', 'educational', 'attainment', 'level', 'group', 'citizenship', 'country', 'birth', 'frequent', 'activity', 'status', 'degree', 'urbanisation', 'income', 'quintile', 'household', 'type', 'number', 'items', 'EU', 'SILC', 'survey', 'tenure', 'children', 'parents']"
1101,"['Material', 'flow', 'accounts', 'balancing', 'items', 'domestic', 'processed', 'output', 'main', 'indicators']"
1102,"['Material', 'flows', 'circular', 'economy', 'Sankey', 'diagram', 'data']"
1103,"['Material', 'footprint']"
1104,"['Material', 'footprints', 'details', 'final', 'use', 'products', 'main', 'indicators']"
1105,"['Material', 'import', 'dependency']"
1106,"['Mean', 'median', 'economic', 'resources', 'households', 'income', 'consumption', 'wealth', 'quantiles', 'experimental', 'statistics', 'social', 'transfers', 'pensions', 'excluded', 'age', 'sex', 'household', 'type', 'included', 'ability', 'make', 'ends', 'meet', 'EU', 'SILC', 'ECHP', 'surveys', 'degree', 'urbanisation', 'educational', 'attainment', 'level', 'survey', 'group', 'citizenship', 'population', 'aged', 'country', 'birth', 'main', 'source', 'frequent', 'activity', 'status', 'tenure', 'work', 'intensity', 'years', 'annual', 'earnings', 'NUTS', 'regions', 'enterprises', 'employees', 'NACE', 'Rev', 'C', 'O', 'excluding', 'L', 'B', 'S', 'collective', 'pay', 'agreement', 'employment', 'contract', 'length', 'service', 'enterprise', 'occupation', 'size', 'class', 'holidays', 'hourly', 'monthly', 'hours', 'paid']"
1108,"['Mean', 'age', 'marriage', 'sex']"
1109,"['Mean', 'age', 'women', 'childbirth', 'birth', 'child']"
1110,"['Mean', 'consumption', 'expenditure', 'age', 'reference', 'person', 'degree', 'urbanisation', 'income', 'quintile', 'main', 'source', 'household', 's', 'number', 'active', 'persons', 'socio', 'economic', 'category', 'type', 'private', 'households', 'cultural', 'goods', 'services', 'COICOP', 'purpose', 'sporting', 'adult', 'equivalent', 'greater', 'zero']"
1111,"['Mean', 'duration', 'commuting', 'time', 'way', 'work', 'home', 'sex', 'age']"
1112,"['Mean', 'instruction', 'hours', 'employed', 'participant', 'non', 'formal', 'education', 'training', 'sex', 'NACE', 'Rev', 'activity', 'occupation', 'field', 'learning', 'age', 'labour', 'status', 'spent', 'degree', 'urbanisation', 'educational', 'attainment', 'level']"
1113,"['Mean', 'number', 'deprivation', 'items', 'children', 'deprived', 'aged', 'years', 'EU', 'SILC', 'survey']"
1114,"['Meat', 'total', 'production', 'foreign', 'trade', 'head', 'monthly', 'data']"
1115,"['Median', 'relative', 'income', 'elderly', 'people', 'EU', 'SILC', 'survey']"
1116,"['Median', 'age', 'sex', 'residents', 'citizenship', 'country', 'birth']"
1117,"['Median', 'consumption', 'income', 'decile', 'experimental', 'statistics']"
1118,"['Median', 'hourly', 'earnings', 'employees', 'excluding', 'apprentices', 'age', 'economic', 'activity', 'educational', 'attainment', 'level', 'employment', 'contract', 'sex']"
1119,"['Median', 'number', 'weekly', 'hours', 'formal', 'care', 'age', 'group', 'children', 'hour', 'EU', 'SILC', 'survey', 'types']"
1120,"['Median', 'housing', 'cost', 'burden', 'distribution', 'age', 'group', 'EU', 'SILC', 'survey', 'sex', 'poverty', 'status', 'degree', 'urbanisation']"
1121,"['Median', 'saving', 'rate', 'activity', 'status', 'reference', 'person', 'experimental', 'statistics', 'age', 'degree', 'urbanisation', 'educational', 'attainment', 'level', 'household', 'type', 'income', 'quintile', 'self', 'declared', 'difficulty', 'make', 'ends', 'meet']"
1123,"['Medical', 'intervention', 'accident', 'resulting', 'injury', 'sex', 'age', 'educational', 'attainment', 'level']"
1124,"['Medical', 'technologies', 'examinations', 'imaging', 'techniques', 'CT', 'MRI', 'PET']"
1125,"['Medical', 'technology', 'historical', 'data']"
1126,"['Meetings', 'internet', 'NACE', 'Rev', 'activity', 'size', 'class', 'enterprise']"
1127,"['Member', 'States', 'EU', 'trade', 'BEC', 'product', 'group']"
1128,"['Methane', 'emission', 'footprints', 'CH', 'equivalent', 'FIGARO', 'application']"
1130,"['Methods', 'maintaining', 'increasing', 'competitiveness', 'enterprises', 'highly', 'important', 'used', 'NACE', 'Rev', 'activity', 'size', 'class']"
1131,"['Methods', 'stimulating', 'new', 'ideas', 'creativity']"
1132,"['Methods', 'current', 'job', 'migration', 'status', 'educational', 'attainment', 'level', 'type', 'contract']"
1133,"['Methods', 'used', 'seeking', 'work', 'Percentage', 'unemployed', 'declared', 'having', 'given', 'method', 'sex']"
1134,"['Milk', 'collection', 'milks', 'dairy', 'products', 'obtained', 'annual', 'data', 'distribution', 'centres', 'volume', 'enterprises', 'treated', 'production']"
1135,"['Minimum', 'wages']"
1136,"['Mining', 'quarrying', 'employment', 'size', 'class', 'NACE', 'Rev', 'C']"
1138,"['Mobile', 'fixed', 'broadband', 'internet', 'prices', 'type', 'offer', 'expensive']"
1139,"['Mobile', 'students', 'abroad', 'enrolled', 'education', 'level', 'sex', 'country', 'origin', 'field']"
1141,"['Modal', 'shift', 'potential', 'long', 'distance', 'road', 'freight', 'containers', 'tonne', 'kilometre']"
1142,"['Modal', 'split', 'air', 'sea', 'inland', 'freight', 'transport', 'passenger']"
1144,"['Monetary', 'supply', 'use', 'wood', 'rough']"
1145,"['Monetary', 'value', 'e', 'commerce', 'sales', 'NACE', 'Rev', 'activity', 'size', 'class', 'enterprise']"
1147,"['Money', 'market', 'rates', 'annual', 'data', 'monthly', 'quarterly']"
1148,"['Money', 'supply', 'official', 'reserves']"
1150,"['Monthly', 'earnings', 'economic', 'control', 'enterprises', 'employed', 'persons', 'NACE', 'Rev', 'C', 'O', 'excluding', 'L', 'B', 'S', 'quantiles', 'contractual', 'working', 'time']"
1151,"['Monthly', 'labour', 'costs', 'NACE', 'Rev', 'activity']"
1152,"['Monthly', 'minimum', 'wage', 'proportion', 'average', 'earnings', 'NACE', 'Rev', 'onwards', 'wages', 'bi', 'annual', 'data']"
1153,"['Mopeds', 'motorcycles', 'type', 'motor', 'energy']"
1155,"['Motivation', 'factors', 'backsourcing', 'experimental', 'statistics', 'international', 'sourcing', 'economic', 'activity']"
1156,"['Motivation', 'introduce', 'environmental', 'innovation']"
1157,"['Motor', 'coaches', 'buses', 'trolley', 'age', 'type', 'energy', 'vehicle']"
1158,"['Motorcycles', 'engine', 'size']"
1159,"['Motorways', 'network', 'NUTS', 'regions']"
1161,"['Multi', 'yearly', 'statistics', 'NUTS', 'regions']"
1162,"['Multi', 'yearly', 'enterprise', 'statistics', 'intangible', 'investment', 'subcontracting', 'NACE', 'Rev', 'C', 'F', 'purchases', 'energy', 'products', 'D', 'size', 'class', 'construction', 'industry', 'B']"
1163,"['Multiannual', 'enterprise', 'statistics', 'Breakdown', 'turnover', 'activity', 'type', 'wholesale', 'retail', 'trade', 'repair', 'motor', 'vehicles', 'motorcycles', 'NACE', 'Rev', 'G', 'product', 'intangible', 'investment', 'industry', 'construction', 'B', 'F']"
1164,"['Multiannual', 'enterprises', 'statistics', 'environmental', 'protection', 'expenditure', 'domains', 'industry', 'NACE', 'Rev', 'B', 'E', 'size', 'class']"
1165,"['Multiannual', 'statistics', 'distributive', 'trades', 'NACE', 'Rev', 'G', 'NUTS', 'regions']"
1166,"['Multinational', 'enterprise', 'groups', 'employment', 'controlling', 'country', 'group', 'size', 'class', 'NACE', 'Rev', 'activity', 'work', 'experimental', 'statistics', 'EU', 'EFTA', 'countries']"
1167,"['Municipal', 'waste', 'management', 'operations', 'generated', 'inhabitant']"
1168,"['Mushrooms', 'energy', 'crops', 'GMO', 'number', 'farms', 'areas', 'size', 'farm', 'UAA']"
1169,"['National', 'annual', 'road', 'freight', 'transport', 'regions', 'loading', 'group', 'goods', 'metropolitan', 'typologies', 'unloading', 'mail', 'air', 'main', 'airports', 'reporting', 'country', 'passenger', 'performance', 'type', 'vehicles', 'registered', 'distance', 'class', 'tkm', 'data', 't', 'onwards', 'region', 'NUTS', 'Directive', 'EEC']"
1170,"['National', 'accounts', 'aggregates', 'industry', 'NACE', 'employment', 'data']"
1171,"['National', 'air', 'passenger', 'transport', 'main', 'airports', 'reporting', 'country']"
1172,"['National', 'civil', 'servants', 'central', 'public', 'administration']"
1173,"['National', 'expenditure', 'environmental', 'protection', 'institutional', 'sector']"
1174,"['National', 'public', 'funding', 'transnationally', 'coordinated', 'R', 'D']"
1175,"['National', 'road', 'traffic', 'performance', 'type', 'vehicle']"
1176,"['National', 'transport', 'Directive', 'EEC', 'monthly', 'data']"
1177,"['Natura', 'protected', 'areas']"
1178,"['Natural', 'gas', 'import', 'dependency', 'country', 'origin']"
1179,"['Navigable', 'inland', 'waterways', 'horizontal', 'dimensions', 'vessels', 'pushed', 'convoys']"
1180,"['Need', 'help', 'household', 'activities', 'sex', 'age', 'degree', 'urbanisation', 'educational', 'attainment', 'level', 'activity', 'limitation', 'personal', 'care', 'difficulty', 'experienced', 'income', 'quintile']"
1183,"['Net', 'Lending', 'Borrowing', 'current', 'capital', 'account', 'annual', 'data', 'quarterly']"
1184,"['Net', 'lending', 'borrowing', 'sub', 'sector', 'current', 'prices', 'million', 'units', 'national', 'currency']"
1185,"['Net', 'electricity', 'generation', 'type', 'fuel', 'monthly', 'data']"
1186,"['Net', 'enrolment', 'rates', 'sex', 'education', 'level']"
1187,"['Net', 'external', 'debt', 'annual', 'data', 'GDP', 'quarterly']"
1188,"['Net', 'greenhouse', 'gas', 'emissions', 'Land', 'use', 'change', 'Forestry', 'LULUCF', 'sector']"
1189,"['Net', 'international', 'investment', 'position', 'annual', 'data', 'quarterly', 'GDP', 'excluding', 'non', 'defaultable', 'instruments']"
1190,"['Net', 'migration', 'age', 'sex']"
1191,"['Net', 'occupancy', 'rate', 'bed', 'places', 'bedrooms', 'hotels', 'similar', 'accommodation', 'NACE', 'Rev', 'activity', 'NUTS', 'regions', 'size', 'class', 'onwards', 'monthly', 'data', 'accommodations']"
1192,"['Net', 'savings', 'sub', 'sectors', 'current', 'prices', 'million', 'units', 'national', 'currency']"
1194,"['Net', 'social', 'benefits', 'function']"
1195,"['Net', 'social', 'protection', 'benefits']"
1196,"['Net', 'trade', 'balance', 'energy', 'products', 'GDP']"
1197,"['New', 'lorries', 'load', 'capacity', 'permissible', 'maximum', 'gross', 'weight', 'alternative', 'motor', 'energy', 'kg', 'type', 'road', 'tractors', 'semi', 'trailers', 'carriage', 'coaches', 'buses', 'trolley', 'vehicles', 'passenger', 'cars', 'engine', 'size', 'unloaded']"
1199,"['New', 'entrants', 'education', 'level', 'programme', 'orientation', 'sex', 'age', 'field']"
1200,"['New', 'entrants', 'ISCED', 'age', 'sex']"
1201,"['New', 'mopeds', 'motorcycles', 'type', 'motor', 'energy']"
1202,"['New', 'motorcycles', 'engine', 'size']"
1203,"['New', 'semi', 'trailers', 'load', 'capacity', 'permissible', 'maximum', 'gross', 'weight']"
1204,"['New', 'special', 'purpose', 'road', 'vehicles']"
1205,"['New', 'trailers', 'load', 'capacity', 'permissible', 'maximum', 'gross', 'weight']"
1206,"['New', 'trams']"
1207,"['New', 'zero', 'emission', 'vehicles', 'type', 'vehicle', 'motor', 'energy']"
1208,"['Newly', 'employed', 'share', 'people', 'current', 'job', 'months', 'total', 'employment', 'age', 'professional', 'status', 'citizenship', 'country', 'birth']"
1209,"['Nights', 'spent', 'hotels', 'similar', 'accommodation', 'NACE', 'Rev', 'activity', 'size', 'class', 'tourism', 'establishments', 'tourist', 'monthly', 'data', 'NUTS', 'regions', 'onwards', 'country', 'origin', 'world', 'region', 'residence', 'degree', 'urbanisation', 'coastal', 'non', 'area', 'month', 'residents', 'selected', 'cities', 'status', 'age', 'group', 'booking', 'channel', 'main', 'mode', 'transport', 'used', 'trip', 'detailed', 'destination', 'duration', 'purpose', 'educational', 'attainment', 'level', 'household', 'income', 'quartile', 'departure', 'sex', 'arrangement', 'type', 'personal', 'trips', 'package']"
1210,"['Nitrate', 'groundwater']"
1212,"['Nitrogen', 'dioxide', 'concentrations', 'European', 'capital', 'cities', 'monthly', 'averages', 'experimental', 'statistics']"
1213,"['Nitrogen', 'trifluoride', 'sulphur', 'hexafluoride', 'emission', 'footprints', 'NF', 'SF', 'equivalent', 'FIGARO', 'application']"
1214,"['Nitrous', 'oxide', 'emission', 'footprints', 'N', 'O', 'equivalent', 'FIGARO', 'application']"
1215,"['Noise', 'neighbours', 'street', 'EU', 'SILC', 'survey', 'degree', 'urbanisation', 'level', 'disability', 'activity', 'limitation', 'sex', 'age']"
1216,"['Nominal', 'Labour', 'productivity', 'NUTS', 'regions', 'person', 'employed', 'ESA']"
1217,"['Nominal', 'effective', 'exchange', 'rate', 'trading', 'partners', 'euro', 'area']"
1218,"['Nominal', 'unit', 'labour', 'cost', 'NULC', 'quarterly', 'data', 'growth', 'hour', 'worked', 'years', 'change', 'annual', 'changes', 'index']"
1220,"['Non', 'national', 'workers', 'citizenship', 'sex', 'economic', 'activity']"
1221,"['Non', 'innovative', 'enterprises', 'barrier', 'innovation', 'activities', 'level', 'importance', 'NACE', 'Rev', 'activity', 'size', 'class']"
1222,"['Non', 'autonomous', 'pension', 'funds']"
1223,"['Non', 'fatal', 'accidents', 'work', 'NACE', 'Rev', 'activity', 'age', 'sex']"
1225,"['Non', 'financial', 'accounts', 'EU', 'institutions']"
1226,"['Non', 'financial', 'corporations', 'debt', 'consolidated', 'GDP']"
1227,"['Non', 'financial', 'transactions', 'annual', 'data', 'quarterly', 'selected', 'international']"
1228,"['Non', 'household', 'consumption', 'volumes', 'electricity', 'bands', 'gas']"
1229,"['Non', 'performing', 'loans', 'government']"
1230,"['Non', 'residents', 'hospital', 'discharges']"
1232,"['employed', 'people', 'having', 'previous', 'work', 'experience', 'type', 'disability', 'sex', 'age', 'main', 'reason', 'leaving', 'job', 'business', 'longstanding', 'health', 'problem', 'difficulty', 'basic', 'activities', 'special', 'assistance', 'needed']"
1233,"['employed', 'persons', 'average', 'number', 'years', 'spent', 'working', 'granting', 'individual', 'benefits', 'sex', 'occupation', 'previous', 'job', 'economic', 'activity', 'NACE', 'Rev']"
1234,"['Notifications', 'research', 'study', 'reason', 'decision', 'citizenship', 'length', 'validity']"
1235,"['Nuclear', 'energy', 'facilities']"
1236,"['Nurses', 'age', 'sex']"
1237,"['Nursing', 'caring', 'professionals', 'historical', 'data']"
1238,"['Oats', 'spring', 'cereal', 'mixtures', 'area', 'production', 'humidity']"
1239,"['Obesity', 'rate', 'body', 'mass', 'index', 'BMI']"
1241,"['Obstacles', 'web', 'sales', 'NACE', 'Rev', 'activity', 'size', 'class', 'enterprise']"
1242,"['Obstacles', 'innovative', 'non', 'enterprises', 'highly', 'important', 'relevant', 'NACE', 'Rev', 'activity', 'size', 'class']"
1243,"['Obstacles', 'getting', 'suitable', 'job', 'migration', 'status', 'labour', 'citizenship', 'educational', 'attainment', 'level']"
1244,"['Occupants', 'type', 'housing']"
1245,"['Occupied', 'conventional', 'dwellings', 'households', 'number', 'rooms', 'occupants', 'presence', 'comfort', 'characteristics', 'tenure', 'status', 'amenities', 'period', 'construction']"
1246,"['Official', 'development', 'assistance', 'share', 'gross', 'national', 'income']"
1248,"['Oil', 'petroleum', 'products', 'import', 'dependency', 'country', 'origin']"
1250,"['Oil', 'pipeline', 'enterprises']"
1251,"['Oil', 'pipeline', 'transport', 'measurements', 'national', 'territory', 'coverage', 'energy', 'products']"
1252,"['Oil', 'stocks', 'emergency', 'days', 'equivalent', 'monthly', 'data', 'stock', 'levels', 'held', 'countries', 'abroad']"
1253,"['Oilseed', 'balance', 'items', 'main', 'oilseeds']"
1254,"['Old', 'age', 'dependency', 'ratio']"
1255,"['Olive', 'plantations', 'number', 'farms', 'areas', 'agricultural', 'size', 'farm', 'UAA', 'plantation', 'area', 'trees', 'age', 'density', 'classes', 'ha']"
1256,"['Olives', 'production']"
1257,"['Orange', 'lemon', 'small', 'citrus', 'fruit', 'trees', 'Area', 'age', 'density', 'classes', 'ha', 'group', 'varieties']"
1258,"['Organic', 'animal', 'farming', 'utilised', 'agricultural', 'area', 'livestock', 'unit', 'economic', 'size', 'farm', 'NUTS', 'regions', 'crop', 'production', 'methods', 'crops', 'number', 'farms', 'areas', 'different', 'heads', 'types', 'animals', 'UAA', 'selected', 'variables', 'products', 'aquaculture']"
1259,"['Organic', 'farming', 'age', 'sex', 'training', 'farm', 'manager']"
1260,"['Organic', 'operators', 'status', 'registration', 'process']"
1261,"['Organisational', 'marketing', 'innovation', 'product', 'process', 'innovative', 'enterprises', 'NACE', 'Rev', 'activity', 'size', 'class', 'innovations']"
1262,"['activities', 'holding', 'number', 'farms', 'agricultural', 'area', 'economic', 'size', 'ESU', 'age', 'holder', 'sex', 'legal', 'status', 'gainful', 'activity', 'sole', 'farm', 'UAA', 'type', 'farming', 'digit', 'OGA', 'standard', 'output', 'livestock', 'LSU', 'Euro', 'directly', 'related']"
1263,"['changes', 'volume', 'annual', 'data', 'quarterly']"
1264,"['cows', 'number', 'farms', 'heads', 'fodder', 'crops', 'agricultural', 'size', 'farm', 'UAA', 'cow', 'herd']"
1265,"['expenditure', 'social', 'protection']"
1266,"['important', 'strategic', 'organizational', 'changes']"
1267,"['investment', 'annual', 'data', 'million', 'units', 'national', 'currency', 'quarterly', 'sectors']"
1268,"['land', 'number', 'farms', 'areas', 'agricultural', 'size', 'farm', 'UAA', 'wooded', 'area']"
1269,"['methods', 'contacting', 'public', 'authorities', 'services']"
1270,"['types', 'childcare', 'age', 'group', 'duration', 'population', 'EU', 'SILC', 'survey']"
1272,"['pocket', 'expenditure', 'healthcare']"
1273,"['school', 'rate', 'sex', 'age', 'population', 'corresponding', 'lower', 'secondary', 'upper']"
1274,"['Outgoing', 'Dublin', 'requests', 'based', 'EURODAC', 'receiving', 'country', 'PARTNER', 'type', 'request', 'legal', 'provision', 'sex', 'applicant', 'information', 'transfers', 'duration', 'transfer', 'responses', 'response']"
1276,"['Output', 'forestry', 'type']"
1277,"['Output', 'agricultural', 'industry', 'basic', 'producer', 'prices']"
1279,"['Outward', 'FATS', 'additional', 'variables', 'experimental', 'data', 'main', 'NACE', 'Rev']"
1280,"['Outward', 'FDI', 'stocks', 'GDP']"
1281,"['qualification', 'rates', 'citizenship', 'country', 'birth', 'economic', 'activity', 'NACE', 'Rev']"
1283,"['Overall', 'employment', 'growth']"
1284,"['Overall', 'life', 'satisfaction', 'income', 'quintile', 'household', 'composition', 'degree', 'urbanisation', 'level', 'age', 'educational', 'attainment', 'sex']"
1285,"['Overall', 'perceived', 'social', 'support', 'level', 'disability', 'activity', 'limitation', 'sex', 'age', 'country', 'birth', 'citizenship', 'degree', 'urbanisation', 'educational', 'attainment']"
1286,"['Overall', 'satisfaction', 'dwelling', 'level', 'disability', 'activity', 'limitation', 'sex', 'age']"
1287,"['Overcrowding', 'rate', 'age', 'group', 'EU', 'SILC', 'survey', 'population', 'single', 'person', 'households', 'sex', 'citizenship', 'total', 'aged', 'country', 'birth', 'poverty', 'status', 'degree', 'urbanisation', 'household', 'type', 'income', 'quintile', 'level', 'disability', 'activity', 'limitation', 'tenure']"
1289,"['Owner', 'occupied', 'dwellings', 'type', 'year', 'construction', 'building']"
1290,"['Owner', 'occupied', 'housing', 'price', 'index', 'annual', 'data', 'country', 'weights', 'item', 'quarterly']"
1291,"['Ownership', 'situation', 'type', 'enterprise', 'NACE', 'Rev']"
1292,"['Package', 'trips', 'duration', 'purpose', 'main', 'destination', 'onwards']"
1293,"['Packaging', 'waste', 'management', 'operations']"
1295,"['Parents', 'educational', 'attainment', 'level']"
1296,"['Parents', 'spending', 'time', 'children', 'living']"
1297,"['time', 'employment', 'temporary', 'contracts', 'annual', 'data', 'quarterly', 'percentage', 'total', 'sex', 'age', 'young', 'people', 'country', 'birth', 'citizenship', 'educational', 'attainment', 'level', 'degree', 'urbanisation', 'rate']"
1299,"['Participants', 'CVT', 'courses', 'sex', 'NACE', 'Rev', 'activity', 'persons', 'employed', 'enterprises', 'providing', 'size', 'class', 'type', 'agreement', 'planning']"
1301,"['Participants', 'studying', 'making', 'use', 'educational', 'broadcasting', 'attainment', 'level', 'labour', 'status', 'sex', 'age']"
1302,"['Participants', 'studying', 'libraries', 'learning', 'centres', 'educational', 'attainment', 'level', 'labour', 'status', 'sex', 'age']"
1303,"['Participation', 'learning', 'activities', 'NACE', 'Rev', 'activity', 'degree', 'urbanisation', 'educational', 'attainment', 'level', 'labour', 'status', 'occupation', 'sex', 'age', 'size', 'local', 'unit', 'education', 'training', 'type', 'disability', 'formal', 'informal', 'voluntary', 'limitation', 'job', 'related', 'non', 'main', 'reason', 'participating', 'taught', 'number', 'paid', 'working', 'hours', 'tertiary', 'ISCED', 'field', 'rate', 'months', 'NUTS', 'regions', 'citizenship', 'country', 'birth', 'weeks', 'form', 'wide', 'groups', 'time', 'day', 'employees', 'employment', 'contract', 'young', 'people', 'incl', 'NEET', 'rates', 'selected', 'levels', 'regional', 'enrolment']"
1304,"['Participation', 'activities', 'churches', 'religious', 'organisations', 'level', 'disability', 'activity', 'limitation', 'sex', 'age']"
1305,"['Participation', 'tourism', 'personal', 'purposes', 'total', 'population']"
1306,"['Participation', 'employed', 'persons', 'non', 'formal', 'education', 'training', 'activities', 'foreign', 'languages', 'computers', 'sex', 'occupation', 'field', 'study', 'NACE', 'Rev', 'activity']"
1307,"['Participation', 'foreign', 'students', 'tertiary', 'education', 'ISCED', 'field']"
1308,"['Passenger', 'cars', 'age', 'alternative', 'motor', 'energy', 'unloaded', 'weight', 'accompanied', 'car', 'railway', 'transport', 'type', 'size', 'engine', 'vehicles', 'category', 'vehicle', 'road']"
1309,"['Passenger', 'air', 'transport', 'national', 'territory', 'including', 'territorial', 'sea', 'million', 'km']"
1310,"['Passenger', 'cars', 'thousand', 'inhabitants']"
1311,"['Passenger', 'train', 'traffic', 'performance', 'type', 'speed']"
1313,"['Passenger', 'transport', 'type', 'detailed', 'reporting']"
1314,"['Passenger', 'transport', 'performance', 'buses', 'coaches', 'registered', 'reporting', 'country', 'coverage']"
1315,"['Passengers', 'excluding', 'cruise', 'transported', 'main', 'ports', 'quarterly', 'data', 'Belgium', 'Croatia', 'Denmark', 'Estonia', 'Finland', 'France', 'Germany', 'Greece', 'Italy', 'Latvia', 'Lithuania', 'Montenegro', 'Netherlands', 'Norway', 'Poland', 'Portugal', 'Spain', 'Sweden', 'T', 'rkiye', 'United', 'Kingdom', 'direction', 'transport', 'coverage', 'embarked', 'disembarked', 'cruises', 'annual', 'EU']"
1316,"['Passengers', 'accompanied', 'passenger', 'car', 'railway', 'transport', 'type']"
1317,"['Passengers', 'transported', 'detailed', 'reporting', 'quarterly', 'data']"
1318,"['Passengers', 'transported', 'type', 'train', 'speed']"
1319,"['Patent', 'applications', 'EPO', 'priority', 'year', 'metropolitan', 'regions', 'typologies', 'NACE', 'Rev', 'activity', 'NUTS', 'international', 'classification', 'IPC', 'sections', 'classes', 'institutional', 'sector', 'foreign', 'inventors', 'European', 'Office', 'applicants', 'country', 'residence', 'cooperation', 'treaty', 'PCT', 'designated']"
1321,"['Patents', 'protection', 'methods']"
1322,"['Patents', 'related', 'recycling', 'secondary', 'raw', 'materials']"
1323,"['Peach', 'apricot', 'trees', 'Area', 'age', 'density', 'classes', 'ha', 'group', 'varieties']"
1324,"['Pending', 'Dublin', 'incoming', 'requests', 'submitting', 'country', 'PARTNER', 'type', 'request', 'sex', 'applicant', 'outgoing', 'receiving', 'transfers']"
1325,"['Pensions', 'beneficiaries', 'st', 'December']"
1326,"['People', 'having', 'long', 'standing', 'illness', 'health', 'problem', 'sex', 'age', 'degree', 'urbanisation', 'educational', 'attainment', 'level', 'groups', 'country', 'birth', 'citizenship', 'income', 'quintile', 'labour', 'status']"
1327,"['People', 'risk', 'poverty', 'social', 'transfer', 'exclusion', 'NUTS', 'regions', 'age', 'sex']"
1328,"['People', 'declaring', 'physical', 'pain', 'discomfort', 'sex', 'age', 'educational', 'attainment', 'level']"
1329,"['People', 'living', 'households', 'low', 'work', 'intensity', 'NUTS', 'regions', 'population', 'aged', 'years', 'educational', 'attainment', 'level', 'group', 'citizenship', 'country', 'birth', 'income', 'quintile', 'household', 'type', 'frequent', 'activity', 'status', 'sex', 'tenure']"
1330,"['People', 'reporting', 'chronic', 'disease', 'sex', 'age', 'educational', 'attainment', 'level', 'limitation', 'getting', 'work', 'caused', 'longstanding', 'health', 'problems', 'difficulties', 'basic', 'activities', 'cause', 'type', 'reason']"
1331,"['People', 'reporting', 'having', 'accident', 'sex', 'age', 'educational', 'attainment', 'level', 'resulted', 'injury', 'medical', 'treatment', 'sought']"
1333,"['Perceived', 'barriers', 'buying', 'ordering', 'internet']"
1334,"['Perceived', 'independence', 'justice']"
1335,"['Percentage', 'employed', 'adults', 'having', 'second', 'job', 'sex', 'age', 'groups', 'number', 'children', 'youngest', 'child', 'working', 'home', 'people', 'household', 'composition', 'employees', 'overtime', 'economic', 'activity', 'occupation', 'paid', 'time', 'employment', 'self']"
1337,"['Percentage', 'change', 'compared', 'corresponding', 'period', 'previous', 'year', 'nights', 'spent', 'tourist', 'accommodation', 'establishments', 'residents', 'non', 'monthly', 'data']"
1338,"['Percentage', 'change', 'value', 'added', 'ICT', 'sector', 'current', 'prices']"
1339,"['Percentage', 'distribution', 'accidents', 'work', 'contact', 'mode', 'injury', 'NACE', 'Rev', 'activity', 'sex', 'age', 'severity', 'deviation', 'material', 'agent', 'specific', 'physical', 'type', 'workstation', 'working', 'environment', 'process', 'assistance', 'needed', 'employed', 'disabled', 'people', 'provided', 'causes', 'disability', 'economic', 'duration', 'years', 'onset', 'cause', 'labour', 'status', 'main', 'reason', 'migration', 'country', 'birth', 'total', 'migrants', 'residence', 'severities', 'types']"
1340,"['Percentage', 'households', 'having', 'internet', 'access', 'home']"
1341,"['Percentage', 'temporary', 'contracts', 'sex', 'age', 'groups', 'household', 'composition', 'adults', 'number', 'children', 'youngest', 'child']"
1342,"['Percentage', 'ICT', 'personnel', 'total', 'employment', 'sector', 'Gross', 'value', 'added', 'population', 'upper', 'secondary', 'educational', 'attainment', 'age', 'group']"
1343,"['Percentage', 'threatened', 'species']"
1346,"['Perception', 'discrimination', 'cities']"
1347,"['Perception', 'working', 'women', 'victims', 'non', 'sexual', 'harassment', 'work', 'commonness']"
1348,"['Perception', 'changes', 'type', 'enterprise', 'NACE', 'Rev']"
1349,"['Perception', 'women', 'victims', 'non', 'intimate', 'partner', 'violence', 'commonness']"
1350,"['Perception', 'survey', 'results']"
1351,"['Perfluorocarbon', 'emission', 'footprints', 'PFC', 'equivalent', 'FIGARO', 'application']"
1352,"['Performing', 'non', 'work', 'related', 'physical', 'activities', 'sex', 'age', 'degree', 'urbanisation', 'educational', 'attainment', 'level', 'income', 'quintile', 'health', 'enhancing', 'activity', 'disability', 'limitation', 'country', 'birth', 'citizenship']"
1353,"['Peri', 'neonatal', 'mortality', 'age', 'mother', 'parity', 'NUTS', 'region', 'residence', 'occurrence', 'year', 'average']"
1354,"['Permanency', 'job', 'permanent', 'temporary', 'NACE', 'Rev', 'activity']"
1355,"['Permanent', 'crops', 'human', 'consumption', 'area', 'number', 'farms', 'areas', 'agricultural', 'size', 'farm', 'UAA', 'crop', 'economic', 'Euro', 'NUTS', 'regions', 'grassland', 'utilised']"
1356,"['Permits', 'valid', 'end', 'year', 'family', 'reunification', 'beneficiary', 'protection', 'status']"
1357,"['Persistent', 'risk', 'poverty', 'rate', 'age', 'group', 'EU', 'SILC', 'survey', 'sex', 'educational', 'attainment', 'level', 'household', 'type', 'ECHP', 'surveys']"
1358,"['Person', 'distribution', 'body', 'mass', 'index', 'educational', 'attainment', 'level', 'sex', 'age']"
1359,"['Personal', 'transfers', 'compensation', 'employees']"
1360,"['Personnel', 'criminal', 'justice', 'sex']"
1361,"['Persons', 'risk', 'monetary', 'poverty', 'social', 'transfers', 'EU', 'SILC', 'ECHP', 'surveys', 'citizenship', 'pensions', 'included', 'level', 'disability', 'activity', 'limitation', 'sex', 'age', 'exclusion', 'target', 'NUTS', 'regions', 'strategy', 'degree', 'urbanisation', 'educational', 'attainment', 'population', 'aged', 'group', 'country', 'birth', 'income', 'quantile', 'household', 'composition', 'frequent', 'status', 'tenure', 'fold', 'experimental', 'statistics', 'type', 'feeling', 'left', 'society', 'quintile', 'threshold', 'having', 'overcome', 'housing', 'difficulties', 'experienced', 'life', 'reason', 'participating', 'active', 'urbanization', 'reasons', 'cultural', 'sport', 'activities', 'months', 'formal', 'informal', 'voluntary', 'tourism', 'employment', 'training', 'related', 'professional', 'non', 'participation', 'frequency', 'organisation', 'destination', 'purpose', 'duration', 'tourist', 'personal', 'purposes', 'number', 'tourists', 'stay', 'quartile', 'hobbies', 'providing', 'care', 'assistance', 'week', 'homecare', 'services', 'adressee', 'reporting', 'chronic', 'disease', 'broad', 'contry', 'difficulty', 'need', 'longstanding', 'basic', 'encountered', 'health', 'problem', 'road', 'traffic', 'accident', 'work', 'NACE', 'Rev', 'time', 'occupation', 'size', 'enterprise', 'working', 'home', 'resulting', 'limitations', 'daily', 'period', 'atypical', 'sick', 'leave', 'injury', 'action', 'experiencing', 'situation']"
1362,"['Persons', 'attending', 'live', 'sport', 'events', 'months', 'sex', 'age', 'educational', 'attainment', 'level']"
1363,"['Persons', 'happy', 'weeks', 'income', 'quintile', 'degree', 'urbanisation', 'household', 'composition', 'frequency', 'sex', 'age', 'educational', 'attainment']"
1364,"['Persons', 'brought', 'criminal', 'courts', 'legal', 'status', 'court', 'process']"
1366,"['Persons', 'risk', 'poverty', 'material', 'deprivation', 'work', 'intensity', 'household', 'citizenship', 'population', 'aged', 'intersections', 'EU', 'Strategy', 'target', 'indicators', 'country', 'birth', 'educational', 'attainment', 'level', 'composition', 'income', 'quantile', 'frequent', 'activity', 'status', 'tenure', 'age', 'sex', 'person']"
1367,"['Persons', 'sex', 'age', 'household', 'type', 'income', 'group', 'degree', 'urbanisation', 'main', 'reason', 'meeting', 'needs', 'formal', 'education']"
1368,"['Persons', 'type', 'building', 'NUTS', 'regions']"
1369,"['Persons', 'communicating', 'social', 'media', 'income', 'quintile', 'household', 'composition', 'degree', 'urbanisation', 'frequency', 'sex', 'age', 'educational', 'attainment']"
1370,"['Persons', 'considering', 'dwelling', 'dark', 'level', 'disability', 'activity', 'limitation', 'sex', 'age']"
1371,"['Persons', 'eating', 'fruit', 'vegetables', 'salad', 'educational', 'attainment', 'level', 'risk', 'poverty', 'threshold', 'frequent', 'activity', 'status', 'sex']"
1372,"['Persons', 'eligible', 'vote', 'European', 'Parliament', 'elections', 'category', 'voters', 'dedicated', 'data', 'collection']"
1374,"['Persons', 'employed', 'aviation', 'airport', 'enterprises', 'sex', 'circular', 'economy', 'sectors', 'goods', 'road', 'transport', 'employment', 'size', 'classes', 'main', 'airports', 'multinational', 'enterprise', 'groups', 'class', 'experimental', 'statistics', 'oil', 'pipeline', 'principal', 'railway']"
1375,"['Persons', 'employed', 'time', 'Total']"
1376,"['Persons', 'getting', 'family', 'relatives', 'friends', 'sex', 'age', 'educational', 'attainment', 'frequency', 'level', 'disability', 'activity', 'limitation', 'income', 'quintile', 'household', 'composition', 'degree', 'urbanisation']"
1377,"['Persons', 'having', 'longstanding', 'health', 'problem', 'level', 'disability', 'activity', 'limitation', 'sex', 'age']"
1378,"['Persons', 'having', 'contacts', 'family', 'relatives', 'friends', 'sex', 'age', 'educational', 'attainment', 'frequency', 'level', 'disability', 'activity', 'limitation', 'income', 'quintile', 'household', 'composition', 'degree', 'urbanisation']"
1379,"['Persons', 'having', 'experienced', 'housing', 'difficulties', 'life', 'sex', 'current', 'risk', 'poverty', 'social', 'exclusion', 'situation', 'group', 'country', 'birth', 'citizenship', 'reason', 'type', 'temporary', 'solution', 'effect', 'renting', 'months', 'income', 'quintile', 'household', 'composition', 'degree', 'urbanization', 'age', 'educational', 'attainment', 'level', 'disability', 'activity', 'limitation']"
1380,"['Persons', 'having', 'issue', 'using', 'website', 'app', 'public', 'authorities', 'level', 'disability', 'activity', 'limitation']"
1381,"['Persons', 'having', 'ask', 'help', 'income', 'quintile', 'household', 'composition', 'degree', 'urbanisation', 'sex', 'age', 'educational', 'attainment', 'discuss', 'personal', 'matters', 'rely', 'case', 'need']"
1382,"['Persons', 'employment', 'commuting', 'time', 'economic', 'activity', 'NACE', 'Rev', 'occupation', 'educational', 'attainment', 'level', 'degree', 'urbanisation', 'household', 'composition', 'working', 'home', 'frequency', 'adapting', 'fulfil', 'work', 'tasks', 'professional', 'status', 'related', 'contacts', 'leisure', 'months', 'pressure', 'size', 'firm', 'atypical', 'job', 'autonomy', 'difficulty', 'days', 'leave', 'short', 'notice', 'hours', 'main', 'place', 'locations', 'sex', 'flexibility', 'previous', 'experience', 'effects', 'care', 'incapacitated', 'relatives', 'responsibilities', 'obstacle', 'reconciliation', 'childcare', 'effect']"
1383,"['Persons', 'formal', 'education', 'sex', 'age', 'income', 'group', 'contributor']"
1384,"['Persons', 'involved', 'migrant', 'smuggling', 'legal', 'status', 'sex', 'trafficking', 'human', 'beings']"
1385,"['Persons', 'killed', 'road', 'accidents', 'age', 'sex', 'category', 'involved', 'type', 'vehicle']"
1386,"['Persons', 'living', 'dwelling', 'leaking', 'roof', 'damp', 'walls', 'floors', 'foundation', 'rot', 'window', 'frames', 'floor', 'level', 'disability', 'activity', 'limitation', 'sex', 'age', 'households', 'low', 'work', 'intensity', 'NUTS', 'regions', 'population', 'aged', 'years', 'EU', 'strategy', 'degree', 'urbanisation', 'educational', 'attainment', 'group', 'citizenship', 'country', 'birth', 'income', 'quantile', 'household', 'composition', 'frequent', 'status', 'tenure']"
1387,"['Persons', 'living', 'parents', 'contributing', 'benefiting', 'household', 'income', 'population', 'aged', 'years']"
1388,"['Persons', 'making', 'weekly', 'use', 'childcare', 'services', 'youngest', 'child']"
1389,"['Persons', 'having', 'indoor', 'flushing', 'toilet', 'sole', 'use', 'household', 'level', 'disability', 'activity', 'limitation', 'sex', 'age']"
1390,"['Persons', 'employment', 'sex', 'age', 'educational', 'attainment', 'level', 'work', 'experience', 'studying', 'type', 'assistance', 'finding', 'job']"
1391,"['Persons', 'reading', 'books', 'months', 'risk', 'poverty', 'threshold', 'household', 'composition', 'degree', 'urbanization', 'reasons', 'sex', 'age', 'educational', 'attainment', 'level', 'disability', 'activity', 'limitation', 'social', 'exclusion', 'situation']"
1392,"['Persons', 'outside', 'labour', 'force', 'caring', 'responsibilities', 'sex']"
1393,"['Persons', 'owning', 'real', 'estate', 'main', 'residence', 'income', 'quantile', 'risk', 'poverty', 'threshold']"
1395,"['Persons', 'paying', 'formal', 'education', 'household', 'type', 'income', 'group', 'degree', 'urbanisation', 'level', 'difficulty', 'pay']"
1396,"['Persons', 'paying', 'professional', 'homecare', 'services', 'household', 'type', 'income', 'group', 'level', 'difficulty', 'pay']"
1397,"['Persons', 'paying', 'tuition', 'fees', 'sex', 'age', 'income', 'group', 'cost']"
1398,"['Persons', 'performing', 'physical', 'activity', 'outside', 'working', 'time', 'duration', 'typical', 'week', 'body', 'mass', 'index', 'age', 'educational', 'attainment', 'level', 'sex', 'frequent', 'status', 'income', 'quantile', 'degree', 'urbanization', 'frequency', 'type']"
1399,"['Persons', 'practicing', 'artistic', 'activities', 'income', 'quintile', 'household', 'composition', 'degree', 'urbanisation', 'frequency', 'sex', 'age', 'educational', 'attainment']"
1400,"['Persons', 'rating', 'life', 'satisfaction', 'high', 'medium', 'low', 'sex', 'age', 'educational', 'attainment', 'domain']"
1401,"['Persons', 'reading', 'books', 'months', 'risk', 'poverty', 'threshold', 'household', 'composition', 'degree', 'urbanization', 'number', 'sex', 'age', 'educational', 'attainment', 'level', 'disability', 'activity', 'limitation', 'social', 'exclusion', 'situation', 'newspapers']"
1402,"['Persons', 'receiving', 'benefits', 'old', 'age', 'risk', 'poverty', 'work', 'intensity', 'household', 'population', 'aged', 'thresholds', 'percentage', 'total', 'disposable', 'income']"
1403,"['Persons', 'regularly', 'using', 'internet', 'level', 'disability', 'activity', 'limitation']"
1404,"['Persons', 'reporting', 'exposure', 'risk', 'factors', 'adversely', 'affect', 'mental', 'sex', 'age', 'NACE', 'Rev', 'activity', 'educational', 'attainment', 'level', 'factor', 'size', 'enterprise', 'physical', 'health']"
1406,"['Persons', 'subject', 'asylum', 'applications', 'pending', 'end', 'month', 'monthly', 'data', 'citizenship', 'age', 'sex']"
1407,"['Persons', 'subject', 'immigration', 'law', 'enforcement', 'thousand']"
1408,"['Persons', 'taking', 'care', 'children', 'need']"
1409,"['Persons', 'using', 'website', 'app', 'public', 'authorities', 'level', 'disability', 'activity', 'limitation']"
1410,"['Persons', 'using', 'health', 'care', 'services', 'household', 'type', 'income', 'group', 'level', 'difficulty', 'afford']"
1411,"['Persons', 'using', 'professional', 'homecare', 'services', 'household', 'type', 'income', 'group', 'degree', 'urbanisation', 'reason']"
1412,"['Persons', 'using', 'professional', 'homecare', 'services', 'household', 'type', 'income', 'group', 'degree', 'urbanisation', 'frequency']"
1413,"['Persons', 'using', 'internet', 'finding', 'information', 'goods', 'services', 'level', 'disability', 'activity', 'limitation', 'interaction', 'public', 'authorities', 'banking', 'learning', 'activities', 'making', 'appointment', 'reservation', 'practitioner', 'website', 'participating', 'social', 'networks', 'seeking', 'health', 'telephoning', 'video', 'calls', 'past', 'months', 'request', 'official', 'documents', 'certificates']"
1414,"['Persons', 'visiting', 'doctor', 'months', 'medical', 'speciality', 'frequency', 'frequent', 'activity', 'status', 'degree', 'urbanization', 'income', 'quantile', 'number', 'visits', 'educational', 'attainment', 'level', 'sex', 'age', 'disability', 'limitation', 'specialty']"
1415,"['Persons', 'afford', 'colour', 'TV', 'EU', 'SILC', 'survey', 'computer', 'personal', 'car', 'regular', 'use', 'public', 'transport', 'age', 'sex', 'income', 'group', 'employment', 'status', 'quintile', 'telephone', 'washing', 'machine', 'internet', 'connection', 'home', 'friends', 'family', 'relatives', 'drink', 'meal', 'month', 'regularly', 'participate', 'leisure', 'activity', 'replace', 'worn', 'clothes', 'new', 'second', 'hand', 'ones', 'furniture', 'type', 'household', 'spend', 'small', 'money', 'week']"
1416,"['Persons', 'receive', 'pension', 'thousand', 'type']"
1417,"['Persons', 'reduced', 'working', 'hours', 'retirement', 'time', 'care', 'youngest', 'child', 'aged']"
1418,"['Persons', 'stopped', 'work', 'care', 'youngest', 'child', 'aged', 'duration', 'absence']"
1419,"['Persons', 'took', 'parental', 'leave', 'care', 'youngest', 'child', 'aged', 'duration']"
1420,"['Persons', 'ICT', 'education', 'labour', 'status']"
1421,"['Persons', 'disabilities', 'sex', 'age', 'life', 'area', 'barrier', 'reported', 'need', 'assistance', 'severity', 'disability', 'educational', 'attainment', 'level', 'having', 'longstanding', 'difficulty', 'activities', 'household', 'care', 'personal', 'basic', 'health', 'problem', 'type', 'income', 'quintile', 'labour', 'status']"
1422,"['Persons', 'financial', 'burden', 'health', 'care', 'level', 'difficulty', 'type', 'degree', 'urbanization', 'income', 'quantile', 'household', 'composition', 'risk', 'poverty', 'threshold', 'sex', 'age', 'disability', 'activity', 'limitation']"
1423,"['Persons', 'loans', 'education', 'purposes', 'risk', 'poverty', 'threshold', 'property', 'transport', 'daily', 'living', 'expenses', 'cover']"
1424,"['Persons', 'low', 'level', 'expenditure', 'risk', 'income', 'poverty', 'material', 'deprivation', 'work', 'intensity', 'experimental', 'statistics']"
1425,"['Persons', 'bath', 'shower', 'dwelling', 'level', 'disability', 'activity', 'limitation', 'sex', 'age']"
1426,"['Persons', 'working', 'creative', 'performing', 'artists', 'authors', 'journalists', 'linguists', 'individual', 'employment', 'characteristics']"
1427,"['Pesticide', 'sales', 'categorisation', 'active', 'substances', 'use', 'agriculture']"
1428,"['Phosphate', 'rivers']"
1431,"['Physical', 'sensory', 'functional', 'limitations', 'sex', 'age', 'educational', 'attainment', 'level']"
1432,"['Physical', 'sexual', 'violence', 'women', 'age', 'group', 'data']"
1433,"['Physical', 'energy', 'flow', 'accounts', 'totals', 'bridging', 'balances']"
1434,"['Physical', 'supply', 'use', 'wood', 'rough', 'bark']"
1435,"['Physicians', 'category', 'medical', 'speciality', 'historical', 'data']"
1436,"['Physicians', 'NUTS', 'region']"
1437,"['Physicians', 'sex', 'age']"
1439,"['Pig', 'population', 'annual', 'data']"
1440,"['Pig', 'types', 'utilised', 'agricultural', 'area', 'size', 'classes', 'livestock', 'NUTS', 'regions']"
1441,"['Pigs', 'sows', 'number', 'farms', 'heads', 'agricultural', 'size', 'farm', 'UAA', 'breeding', 'sow', 'herd', 'economic', 'Euro', 'pig']"
1442,"['Pigs', 'total', 'fattening', 'sows']"
1443,"['Plants', 'harvested', 'green', 'fallow', 'land', 'NUTS', 'regions']"
1445,"['Police', 'officers']"
1446,"['Police', 'recorded', 'offences', 'NUTS', 'regions', 'offence', 'category']"
1447,"['Pollution', 'grime', 'environmental', 'problems', 'EU', 'SILC', 'survey', 'degree', 'urbanisation', 'level', 'disability', 'activity', 'limitation', 'sex', 'age']"
1448,"['Population', 'aged', 'living', 'private', 'households', 'sex', 'age', 'group', 'family', 'status', 'current', 'activity', 'educational', 'attainment', 'level', 'programme', 'orientation', 'occupation', 'ISCO', 'completed', 'upper', 'secondary', 'ISCED', 'work', 'experience', 'studying', 'years', 'completion', 'highest', 'education', 'metropolitan', 'regions', 'typologies', 'tertiary', 'equivalent', 'employment', 'citizenship', 'country', 'birth', 'cities', 'greater', 'functional', 'urban', 'areas', 'national', 'mother', 'father', 'parents', 'labour', 'successfully', 'NACE', 'Rev', 'NUTS', 'region', 'migration', 'main', 'indicators', 'degree', 'urbanisation', 'disability', 'limitation', 'marital', 'period', 'arrival', 'year', 'household', 'participation', 'training', 'weeks', 'situation', 'place', 'residence', 'prior', 'census', 'size', 'having', 'longstanding', 'difficulty', 'basic', 'activities', 'health', 'problem', 'type', 'income', 'quintile', 'reporting', 'care', 'personal', 'formal', 'non', 'housing', 'single', 'urbanization', 'composition', 'January', 'human', 'development', 'groups', 'broad', 'legal', 'st', 'projection', 'ready', 'hour', 'travel', 'time', 'way', 'job', 'structure', 'detailed', 'EU', 'force', 'survey']"
1449,"['Population', 'percentage', 'EU']"
1450,"['Population', 'care', 'responsibilities', 'citizenship', 'country', 'birth', 'degree', 'urbanisation', 'educational', 'attainment', 'level', 'household', 'composition', 'labour', 'status']"
1451,"['Population', 'effects', 'childcare', 'employment', 'citizenship', 'country', 'birth', 'educational', 'attainment', 'level']"
1452,"['Population', 'family', 'status', 'NUTS', 'region']"
1453,"['Population', 'housing', 'arrangement', 'NUTS', 'region']"
1454,"['Population', 'participate', 'education', 'training']"
1455,"['Population', 'change', 'Demographic', 'balance', 'crude', 'rates', 'national', 'level', 'regional', 'NUTS', 'total', 'natural', 'net', 'migration', 'plus', 'adjustment', 'region']"
1456,"['Population', 'connected', 'Wastewater', 'Treatment', 'secondary', 'public', 'water', 'supply', 'collection', 'systems', 'plants']"
1457,"['Population', 'covered', 'Covenant', 'Mayors', 'Climate', 'Energy', 'signatories']"
1458,"['Population', 'density', 'NUTS', 'region', 'metropolitan', 'regions', 'typologies']"
1459,"['Population', 'having', 'bath', 'shower', 'indoor', 'flushing', 'toilet', 'household', 'poverty', 'status']"
1460,"['Population', 'jobless', 'households']"
1461,"['Population', 'private', 'households', 'sex', 'age', 'group', 'citizenship', 'size', 'household']"
1462,"['Population', 'tertiary', 'education', 'sex', 'age', 'educational', 'attainment', 'level', 'work', 'experience', 'studying']"
1463,"['Population', 'living', 'households', 'considering', 'suffer', 'noise', 'poverty', 'status']"
1464,"['Population', 'participating', 'education', 'training', 'main', 'reason', 'age', 'educational', 'attainment', 'level', 'sex', 'wanting', 'participate']"
1465,"['Population', 'using', 'childcare', 'services', 'main', 'reason']"
1466,"['Population', 'projections']"
1467,"['Population', 'reporting', 'occurrence', 'crime', 'violence', 'vandalism', 'area', 'poverty', 'status']"
1468,"['Population', 'served', 'municipal', 'waste']"
1469,"['Population', 'unable', 'home', 'adequately', 'warm', 'poverty', 'status']"
1470,"['Population', 'wanting', 'participate', 'education', 'training', 'main', 'reason', 'participating', 'age', 'educational', 'attainment', 'level', 'sex']"
1471,"['Population', 'Ukrainian', 'citizenship', 'year', 'age', 'group', 'NUTS', 'regions', 'marital', 'status', 'arrival', 'country']"
1472,"['Population', 'childcare', 'responsibilities', 'use', 'services', 'citizenship', 'country', 'birth', 'degree', 'urbanisation', 'educational', 'attainment', 'level', 'time', 'work', 'labour', 'status', 'professional']"
1473,"['Population', 'confidence', 'EU', 'institutions', 'institution']"
1474,"['Population', 'medium', 'educational', 'attainment', 'formal', 'education', 'started', 'tertiary', 'sex', 'age', 'level', 'work', 'experience', 'studying', 'reason', 'starting', 'completed', 'completing']"
1475,"['Population', 'highest', 'level', 'education', 'obtained', 'abroad', 'application', 'formal', 'recognition', 'host', 'country', 'sex', 'age', 'educational', 'attainment', 'birth', 'outcome', 'applying', 'reason']"
1476,"['Population', 'work', 'interruption', 'childcare', 'duration', 'educational', 'attainment', 'level', 'type', 'leave']"
1477,"['Population', 'citizenship', 'reporting', 'country']"
1478,"['Portfolio', 'investement', 'annual', 'data', 'million', 'units', 'national', 'currency', 'investment', 'quarterly', 'assets', 'instuments', 'liabilities', 'instruments']"
1479,"['Positions', 'held', 'women', 'senior', 'management']"
1480,"['Positive', 'instance', 'decisions', 'thousand', 'persons']"
1481,"['Potatoes', 'number', 'farms', 'area', 'agricultural', 'size', 'farm', 'UAA', 'potato']"
1482,"['Potential', 'purpose', 'finance', 'type', 'enterprise', 'NACE', 'Rev']"
1483,"['Poultry', 'annual', 'data', 'monthly', 'farming', 'types', 'utilised', 'agricultural', 'area', 'size', 'classes', 'livestock', 'NUTS', 'regions', 'number', 'farms', 'heads', 'farm', 'UAA', 'broiler', 'flock', 'economic', 'Euro', 'laying', 'hen']"
1484,"['Poverty', 'headcount', 'ratio', 'sex', 'proportion', 'persons', 'national', 'line']"
1485,"['Poverty', 'lines']"
1486,"['Powdered', 'dairy', 'products', 'distribution', 'enterprises', 'volume', 'annual', 'production']"
1487,"['Power', 'self', 'propelled', 'vessels', 'load', 'capacity']"
1488,"['Practice', 'daily', 'physical', 'activity', 'sex', 'age', 'educational', 'attainment', 'level']"
1490,"['Practising', 'dentists']"
1491,"['Practising', 'physicians']"
1492,"['Precarious', 'employment', 'sex', 'age', 'NACE', 'Rev', 'activity']"
1493,"['Preliminary', 'results', 'employer', 'enterprise', 'deaths', 'presented', 'legal', 'form', 'NACE', 'Rev', 'size', 'class']"
1494,"['Premature', 'deaths', 'exposure', 'fine', 'particulate', 'matter', 'PM']"
1496,"['Prevalence', 'disability', 'sex', 'age', 'economic', 'activity', 'NACE', 'Rev', 'educational', 'attainment', 'level', 'labour', 'status', 'marital', 'occupation', 'NUTS', 'regions']"
1497,"['Prevalence', 'main', 'basic', 'activity', 'difficulties', 'sex', 'age', 'longstanding', 'health', 'problems']"
1498,"['Preventive', 'cancer', 'screenings', 'programme', 'data']"
1499,"['Previous', 'occupations', 'unemployed', 'sex']"
1501,"['Price', 'volume', 'convergence', 'EU', 'Member', 'States']"
1502,"['Price', 'indices', 'agricultural', 'input', 'output', 'nominal', 'value', 'products', 'annual', 'data', 'monthly', 'quarterly', 'means', 'production']"
1503,"['Prices', 'annual', 'series']"
1505,"['Primary', 'energy', 'consumption', 'production']"
1506,"['Primary', 'income', 'private', 'households', 'NUTS', 'regions']"
1507,"['Prison', 'capacity', 'number', 'persons', 'held', 'population']"
1508,"['Prisoners', 'age', 'sex', 'citizenship', 'offence', 'category']"
1509,"['Prisoners', 'legal', 'status', 'trial', 'process']"
1510,"['Privacy', 'protection', 'personal', 'data', 'onwards', 'information']"
1512,"['Private', 'educational', 'expenditure', 'education', 'level', 'programme', 'orientation', 'type', 'source', 'category']"
1513,"['Private', 'households', 'composition', 'citizenship', 'age', 'group', 'children', 'NUTS', 'regions', 'size', 'presence', 'elderly', 'members', 'type', 'housing', 'tenure', 'status', 'region']"
1514,"['Private', 'housholds', 'composition', 'type', 'housing']"
1515,"['Private', 'investment', 'gross', 'added', 'value', 'related', 'circular', 'economy', 'sectors']"
1516,"['Private', 'sector', 'credit', 'flow', 'consolidated', 'GDP', 'non', 'debt', 'securities', 'sectors', 'million', 'units', 'national', 'currency', 'loans']"
1518,"['Problems', 'encountered', 'individuals', 'buying', 'ordering', 'internet']"
1519,"['Problems', 'experienced', 'using', 'e', 'government', 'websites']"
1520,"['Processors', 'importers', 'organic', 'products', 'NACE', 'Rev', 'activity', 'D', 'C']"
1521,"['Producer', 'price', 'indices', 'animals', 'animal', 'products', 'crop', 'total', 'agricultural', 'production', 'prices', 'industry', 'domestic', 'market', 'annual', 'data', 'monthly', 'quarterly', 'non']"
1522,"['Product', 'process', 'innovation', 'innovative', 'enterprises', 'NACE', 'Rev', 'activity', 'size', 'class', 'introduced', 'type', 'developer', 'engaged', 'operation', 'partner', 'organisational', 'marketing', 'received', 'public', 'funding', 'activities', 'source', 'used', 'information', 'level', 'importance', 'new', 'significantly', 'improved', 'products']"
1525,"['Production', 'consumption', 'chemicals', 'hazard', 'class']"
1526,"['Production', 'utilization', 'milk', 'farm', 'annual', 'data']"
1527,"['Production', 'forecasts', 'bovines', 'sheep', 'goats', 'thousand', 'heads', 'bi', 'annual', 'data', 'pigs', 'quarterly']"
1528,"['Production', 'aquaculture', 'excluding', 'hatcheries', 'nurseries', 'onwards']"
1529,"['Production', 'construction', 'annual', 'data', 'monthly', 'quarterly', 'industry', 'capital', 'goods', 'consumer', 'durables', 'non', 'energy', 'intermediate', 'manufacturing', 'total', 'excluding', 'services', 'growth', 'rates', 'NACE', 'Rev', 'activity', 'index']"
1531,"['Production', 'bovine', 'meat', 'slaughterhouses']"
1532,"['Production', 'butter']"
1533,"['Production', 'cheese']"
1534,"['Production', 'cow', 's', 'milk', 'farms', 'NUTS', 'regions']"
1535,"['Production', 'eggs', 'consumption', 'number', 'laying', 'hens']"
1536,"['Production', 'electricity', 'derived', 'heat', 'type', 'fuel', 'autoproducers', 'plant']"
1537,"['Production', 'environmental', 'protection', 'services', 'corporations', 'ancillary', 'producers', 'economic', 'characteristics', 'NACE', 'Rev', 'activity', 'specialist', 'secondary', 'general', 'government']"
1538,"['Production', 'fish', 'eggs', 'human', 'consumption', 'aquaculture', 'onwards']"
1539,"['Production', 'hatcheries', 'nurseries', 'eggs', 'stage', 'life', 'cycle', 'onwards', 'juveniles']"
1540,"['Production', 'milk', 'farms', 'powder']"
1541,"['Production', 'pigmeat', 'slaughterhouses']"
1542,"['Production', 'poultry', 'meat', 'slaughterhouses']"
1543,"['Production', 'sheepmeat', 'goat', 'meat', 'slaughterhouses']"
1544,"['Production', 'value', 'added', 'employment', 'industry', 'groups', 'environmental', 'goods', 'services', 'sector', 'exports']"
1545,"['Profit', 'share', 'non', 'financial', 'corporations']"
1546,"['Projected', 'deaths', 'age', 'sex', 'type', 'projection', 'NUTS', 'region', 'metropolitan', 'regions', 'typologies', 'life', 'expectancy', 'completed', 'years', 'reached', 'year']"
1547,"['Projected', 'old', 'age', 'dependency', 'ratio']"
1548,"['Proportion', 'dissaving', 'households', 'experimental', 'statistics', 'level', 'expenditure', 'activity', 'status', 'household', 'reference', 'person', 'age', 'degree', 'urbanisation', 'educational', 'attainment', 'type', 'income', 'quintile', 'persons', 'risk', 'relative', 'poverty', 'social', 'transfers', 'sex', 'living', 'jobless']"
1549,"['Proportion', 'consumption', 'decile', 'income', 'experimental', 'statistics']"
1550,"['Proportion', 'fish', 'stocks', 'sustainably', 'exploited']"
1551,"['Proportion', 'population', 'aged', 'age', 'group', 'sex', 'citizenship', 'country', 'birth']"
1552,"['Protected', 'areas', 'forests']"
1553,"['Protective', 'functions', 'forests']"
1555,"['Psychological', 'distress', 'sex', 'age', 'educational', 'attainment', 'level', 'average', 'score']"
1556,"['Psychological', 'energy', 'vitality', 'index', 'sex', 'age', 'educational', 'attainment', 'level', 'average', 'score']"
1557,"['Public', 'educational', 'expenditure', 'education', 'level', 'programme', 'orientation', 'type', 'source', 'category', 'subsidies', 'private', 'sector']"
1558,"['Public', 'expenditure', 'education', 'level', 'programme', 'orientation', 'GDP', 'GNI', 'current', 'prices', 'pupil', 'student', 'based', 'FTE']"
1559,"['Public', 'funding', 'innovation', 'activities']"
1560,"['Public', 'funding', 'enterprises', 'NACE', 'Rev', 'activity', 'size', 'class']"
1561,"['Public', 'sector', 'procurement', 'innovation', 'enterprises', 'NACE', 'Rev', 'activity', 'size', 'class']"
1562,"['Pulp', 'paper', 'paperboard']"
1563,"['Pupil', 'student', 'teacher', 'ratio', 'average', 'class', 'size', 'ISCED']"
1564,"['Pupils', 'aged', 'years', 'old', 'sex', 'population', 'corresponding', 'age', 'group', 'students', 'education', 'level', 'total', 'enrolled', 'programme', 'orientation', 'coverage', 'adjusted', 'statistics', 'educational', 'finance', 'aligned', 'financial', 'year', 'completion', 'NUTS', 'regions', 'field', 'type', 'institution', 'intensity', 'participation', 'groups', 'early', 'childhood', 'lower', 'secondary', 'post', 'non', 'tertiary', 'primary', 'upper', 'vocational', 'starting', 'compulsory']"
1565,"['Pupils', 'education', 'level', 'modern', 'foreign', 'language', 'studied', 'absolute', 'numbers', 'age', 'number', 'languages']"
1566,"['Pupils', 'age', 'sex', 'population', 'corresponding']"
1567,"['Purchase', 'price', 'indices', 'total', 'means', 'agricultural', 'production', 'prices', 'absolute', 'annual', 'old', 'codes', 'data', 'onwards', 'monthly']"
1568,"['Purchases', 'advertising', 'space', 'time', 'resale']"
1570,"['Purchasing', 'Power', 'Parities', 'European', 'Union', 'Countries', 'index', 'Belgium', 'Duty', 'stations', 'Brussels', 'outside', 'Monthly', 'data', 'PPPs', 'price', 'level', 'indices', 'real', 'expenditures', 'ESA', 'aggregates']"
1571,"['Purchasing', 'power', 'adjusted', 'GDP', 'capita']"
1572,"['Quality', 'education']"
1573,"['Quarterly', 'financial', 'accounts', 'general', 'government', 'non']"
1574,"['Quarterly', 'government', 'debt']"
1575,"['Quarterly', 'population', 'sex', 'age', 'degree', 'urbanisation', 'labour', 'status']"
1576,"['R', 'D', 'personnel', 'researchers', 'sector', 'performance', 'educational', 'attainment', 'level', 'ISCED', 'sex', 'fields', 'NUTS', 'regions', 'business', 'enterprise', 'NACE', 'Rev', 'activity', 'size', 'class', 'concentration', 'ranking', 'professional', 'position', 'ICT', 'total']"
1577,"['Rail', 'equipment', 'number', 'capacity', 'railways', 'vehicles', 'load', 'goods', 'transport', 'wagons', 'locomotives', 'passenger', 'freight', 'traffic', 'infrastructure', 'length', 'network', 'passengers']"
1578,"['Rail', 'accidents', 'type', 'accident', 'involving', 'transport', 'dangerous', 'goods', 'victims', 'category', 'persons', 'involved']"
1579,"['Rail', 'network', 'NUTS', 'regions']"
1581,"['Railway', 'accidents', 'type', 'accident', 'annual', 'data']"
1582,"['Railway', 'enterprises', 'type', 'enterprise']"
1584,"['Railway', 'transport', 'national', 'international', 'goods', 'loading', 'unloading', 'NUTS', 'region', 'passengers']"
1585,"['Railway', 'transport', 'vans']"
1586,"['Railway', 'victims', 'type', 'accident', 'annual', 'data']"
1587,"['Ranking', 'citizenship', 'sex', 'age', 'migration', 'status', 'country', 'birth', 'generation', 'immigrants']"
1588,"['Rape', 'turnip', 'sunflower', 'seeds', 'soya', 'area']"
1590,"['Ratio', 'annual', 'expenditure', 'student', 'tertiary', 'level', 'primary', 'education', 'public', 'educational', 'institutions']"
1591,"['Ratio', 'pupils', 'students', 'teachers', 'academic', 'staff', 'education', 'level', 'programme', 'orientation', 'teacher', 'aides']"
1592,"['Ratio', 'proportion', 'tertiary', 'students', 'population', 'NUTS', 'regions']"
1593,"['Ratio', 'young', 'people', 'total', 'population', 'January', 'sex', 'age']"
1594,"['Raw', 'material', 'consumption', 'RMC']"
1596,"['Real', 'GDP', 'growth', 'rate', 'volume', 'capita']"
1597,"['Real', 'Labour', 'productivity', 'NUTS', 'regions', 'person', 'employed', 'quarterly', 'data']"
1598,"['Real', 'effective', 'exchange', 'rate', 'trading', 'partners', 'euro', 'area', 'index', 'percentage', 'changes']"
1599,"['Real', 'growth', 'rate', 'regional', 'gross', 'value', 'added', 'GVA', 'basic', 'prices', 'NUTS', 'regions']"
1600,"['Realised', 'sample', 'size', 'monthly', 'data', 'experimental', 'statistics']"
1602,"['Reasons', 'choosing', 'bank', 'loan', 'finance', 'type', 'enterprise', 'NACE', 'Rev']"
1603,"['Reasons', 'submitting', 'completed', 'forms', 'public', 'authorities', 'websites']"
1604,"['Reasons', 'partial', 'success', 'lack', 'obtaining', 'equity', 'finance', 'type', 'enterprise', 'NACE', 'Rev', 'loan']"
1606,"['Receipts', 'sector', 'origin']"
1607,"['Receipts', 'type']"
1609,"['Recent', 'immigrants', 'sex', 'age', 'citizenship', 'country', 'birth']"
1610,"['Recent', 'job', 'leavers', 'sex', 'age', 'quarterly', 'data', 'starters']"
1611,"['Recognised', 'cases', 'occupational', 'cancers', 'experimental', 'statistics']"
1612,"['Recovery', 'rates', 'packaging', 'waste']"
1613,"['Recycling', 'rate', 'waste', 'excluding', 'major', 'mineral', 'municipal', 'packaging', 'type', 'electrical', 'electronic', 'equipment', 'WEEE', 'separately', 'collected', 'rates', 'monitoring', 'compliance', 'policy', 'targets']"
1614,"['Recycling', 'batteries', 'accumulators']"
1616,"['Regional', 'disparities', 'employment', 'rates', 'NUTS', 'level', 'gender', 'gap', 'long', 'term', 'unemployment', 'rate', 'early', 'leavers', 'education', 'training', 'young', 'people', 'NEET']"
1617,"['Regional', 'gross', 'domestic', 'product', 'PPS', 'inhabitant', 'EU', 'average', 'NUTS', 'regions', 'million', 'EUR']"
1618,"['Registered', 'Community', 'designs', 'RCD', 'NUTS', 'regions', 'metropolitan', 'typologies']"
1619,"['Relative', 'risk', 'poverty', 'gap', 'threshold', 'EU', 'SILC', 'ECHP', 'surveys']"
1620,"['Relative', 'incidence', 'rate', 'accidental', 'injuries', 'work', 'occupation', 'NACE', 'Rev', 'activity', 'EU', 'mean', 'severity', 'frequency', 'night', 'age', 'shift', 'permanency', 'job', 'length', 'service', 'enterprise', 'working', 'hours', 'sex', 'number', 'contract']"
1621,"['Relative', 'median', 'risk', 'poverty', 'gap', 'elderly', 'people', 'EU', 'SILC', 'ECHP', 'surveys', 'survey', 'income', 'ratio', 'age', 'group']"
1623,"['Relative', 'poverty', 'gap', 'risk', 'work', 'intensity', 'household', 'households', 'income', 'benefits']"
1624,"['Relative', 'poverty', 'threshold', 'social', 'transfers', 'income', 'month']"
1625,"['Relative', 'prevalence', 'rate', 'work', 'related', 'health', 'problems', 'severity', 'diagnosis', 'group', 'occupation', 'NACE', 'Rev', 'activity', 'EU', 'mean', 'permanency', 'job', 'length', 'service', 'enterprise']"
1626,"['Relative', 'standardised', 'incidence', 'rate', 'accidental', 'injuries', 'work', 'educational', 'attainment', 'level', 'sex', 'mean', 'Member', 'State', 'permanency', 'job', 'length', 'service', 'enterprise', 'NACE', 'Rev', 'activity']"
1627,"['Remote', 'access', 'NACE', 'Rev', 'activity', 'size', 'class', 'enterprise']"
1628,"['Remuneration', 'indexes', 'national', 'civil', 'servants', 'central', 'public', 'administration']"
1630,"['Renewable', 'cooling', 'ambient', 'energy', 'technology', 'technical', 'characteristics']"
1631,"['Renewable', 'freshwater', 'resources', 'long', 'term', 'annual', 'averages']"
1632,"['Research', 'development', 'expenditure', 'sectors', 'performance', 'personnel', 'variables', 'foreign', 'controlled', 'EU', 'enterprises', 'NACE', 'Rev', 'activity', 'B', 'F', 'country', 'control', 'onwards', 'detailed', 'breakdown']"
1634,"['Researchers', 'sector', 'performance', 'age', 'class', 'sex', 'country', 'citizenship']"
1635,"['Researchers', 'higher', 'education', 'sector', 'seniority', 'category']"
1636,"['Researchers', 'sectors', 'NUTS', 'regions']"
1637,"['Resettled', 'persons', 'annual', 'data', 'age', 'sex', 'citizenship', 'decision', 'resettlement', 'framework', 'unaccompanied', 'minors']"
1638,"['Residential', 'construction', 'annual', 'data', 'GDP']"
1639,"['Residents', 'acquired', 'citizenship', 'share', 'resident', 'non', 'citizens', 'sex']"
1640,"['Resource', 'productivity']"
1642,"['Retail', 'sale', 'monthly', 'data']"
1643,"['Retail', 'trade', 'operating', 'costs', 'forms', 'trading', 'types', 'supplier', 'NACE', 'Rev', 'G', 'yearly', 'statistics', 'growth', 'rates', 'activity', 'monthly', 'data', 'index', 'quarterly', 'turnover', 'automotive', 'fuel', 'food', 'beverages', 'tobacco', 'non', 'total', 'volume', 'sales', 'deflated']"
1644,"['Return', 'equity', 'banks']"
1645,"['Returns', 'type', 'return', 'total']"
1646,"['Revaluation', 'account', 'annual', 'data', 'quarterly']"
1647,"['Revenues', 'health', 'care', 'financing', 'schemes']"
1648,"['Road', 'freight', 'transport', 'NACE', 'Rev', 'activity', 'tkm', 'vehicle', 'km', 'journeys', 'annual', 'data', 'age', 'axle', 'configuration', 'distance', 'class', 'type', 'goods', 't', 'basic', 'operations', 'onwards', 'load', 'capacity', 'LC', 'maximum', 'permissible', 'laden', 'weight', 'MPLW', 'region', 'loading', 'unloading', 'cargo', 'operation', 'quarterly', 'dangerous', 'territorial', 'coverage', 'movements', 'status', 'transit', 'country', 'EU', 'aggregates', 'totals']"
1650,"['Road', 'accidents', 'NUTS', 'regions']"
1651,"['Road', 'accidents', 'persons', 'killed']"
1652,"['Road', 'cabotage', 'transport', 'country', 'takes', 'place', 't', 'tkm', 'onwards', 'reporting', 'performed']"
1653,"['Road', 'equipment', 'number', 'vehicles', 'age', 'categories']"
1654,"['Road', 'equipment', 'load', 'capacity', 'lorries']"
1655,"['Road', 'equipment', 'new', 'registrations', 'categories']"
1656,"['Road', 'infrastructure', 'lenght', 'network']"
1657,"['Road', 'motor', 'vehicle', 'traffic', 'performance', 'registration', 'location', 'type']"
1658,"['Road', 'tractors', 'type', 'motor', 'energy']"
1659,"['Road', 'traffic', 'deaths', 'type', 'roads']"
1660,"['Road', 'traffic', 'performance', 'category', 'vehicle', 'registration', 'type', 'motor', 'energy', 'location', 'national', 'foreign', 'territory', 'age']"
1661,"['Road', 'traffic', 'freight', 'transport', 'volume']"
1662,"['Road', 'rail', 'navigable', 'inland', 'waterways', 'networks', 'NUTS', 'regions']"
1663,"['Root', 'crops', 'plants', 'harvested', 'green', 'arable', 'land', 'area', 'NUTS', 'regions']"
1665,"['Roundwood', 'removals', 'type', 'wood', 'assortment', 'bark', 'ownership']"
1666,"['Roundwood', 'fuelwood', 'basic', 'products']"
1667,"['Rye', 'winter', 'cereal', 'mixtures', 'area', 'production', 'humidity']"
1669,"['SBS', 'data', 'NUTS', 'regions', 'NACE', 'Rev']"
1670,"['SBS', 'variables', 'client', 'specialisation', 'employment', 'size', 'class', 'div', 'product']"
1671,"['Safety', 'copies', 'files']"
1673,"['Sales', 'collection', 'portable', 'batteries', 'accumulators']"
1674,"['Sales', 'area', 'retail', 'stores', 'square', 'meters', 'NACE', 'Rev', 'G']"
1675,"['Sales', 'pesticides', 'type', 'pesticide']"
1676,"['day', 'visits', 'annual', 'data', 'quarterly']"
1677,"['Satisfaction', 'dwelling', 'level', 'risk', 'poverty', 'threshold', 'disability', 'activity', 'limitation', 'sex', 'age', 'educational', 'attainment', 'job']"
1678,"['Savings', 'typical', 'month', 'household', 'habits', 'income', 'quintile', 'risk', 'poverty', 'threshold']"
1680,"['Sawnwood', 'panels']"
1681,"['Sawnwood', 'trade', 'species']"
1682,"['School', 'completion', 'rate', 'ISCED', 'level', 'sex']"
1683,"['Sea', 'transport', 'goods']"
1684,"['Search', 'information', 'learning', 'possibilities', 'type', 'age', 'educational', 'attainment', 'level', 'sex']"
1685,"['Seat', 'capacity', 'new', 'motor', 'coaches', 'buses', 'trolley', 'passenger', 'railway', 'vehicles', 'type', 'berth']"
1687,"['Seats', 'berths', 'motor', 'coaches', 'buses', 'trolley']"
1688,"['Seats', 'held', 'women', 'national', 'parliaments', 'governments']"
1690,"['Secondary', 'energy', 'production', 'transformation']"
1691,"['Secondary', 'paper', 'products']"
1692,"['Secondary', 'wood', 'products', 'production', 'trade']"
1693,"['Sector', 'specific', 'variables', 'profit', 'loss', 'account', 'balance', 'sheet', 'additional', 'accounting']"
1694,"['Security', 'incidents', 'consequences', 'NACE', 'Rev', 'activity', 'size', 'class', 'enterprise', 'policy', 'measures', 'risks', 'staff', 'awareness']"
1695,"['Security', 'related', 'problems', 'experienced', 'using', 'internet']"
1696,"['Self', 'perceived', 'health', 'level', 'disability', 'activity', 'limitation', 'sex', 'age', 'degree', 'urbanisation', 'educational', 'attainment', 'groups', 'country', 'birth', 'citizenship', 'income', 'quintile', 'labour', 'status', 'long', 'standing', 'limitations', 'usual', 'activities', 'problem']"
1697,"['Self', 'defined', 'health', 'status', 'age', 'income', 'quantile', 'ECHP', 'survey']"
1698,"['Self', 'declared', 'qualified', 'employees', 'percentage', 'total', 'sex', 'age', 'migration', 'status', 'educational', 'attainment', 'level']"
1699,"['Self', 'employed', 'persons', 'business', 'partners', 'sex', 'professional', 'status', 'main', 'difficulty', 'reason', 'number', 'importance', 'clients', 'months', 'planned', 'hiring', 'employees', 'subcontractors', 'having', 'client', 'control', 'working', 'time', 'country', 'birth']"
1700,"['Self', 'employment', 'sex', 'age', 'citizenship', 'country', 'birth', 'economic', 'activity', 'onwards', 'NACE', 'Rev', 'educational', 'attainment', 'level', 'occupation', 'degree', 'urbanisation']"
1701,"['Self', 'propelled', 'vessels', 'dumb', 'pushed', 'load', 'capacity', 'tugs', 'pushers', 'power', 'year', 'construction']"
1702,"['Self', 'reported', 'consultation', 'medical', 'professional', 'sex', 'age', 'educational', 'attainment', 'level', 'psychologist', 'physiotherapist', 'mental', 'healthcare', 'rehabilitative', 'care', 'professionals', 'disability', 'activity', 'limitation', 'degree', 'urbanisation', 'consultations', 'country', 'birth', 'citizenship', 'hospital', 'patient', 'day', 'admissions', 'time', 'elapsed', 'visit', 'unmet', 'need', 'examination', 'needs', 'dental', 'main', 'reason', 'declared', 'groups', 'income', 'quintile', 'labour', 'status', 'financial', 'reasons', 'long', 'waiting', 'list', 'distance', 'risk', 'poverty', 'threshold', 'persons', 'having', 'health', 'specific', 'NUTS', 'regions', 'related', 'services', 'use', 'home', 'difficulty', 'personal', 'household', 'activities', 'type', 'people', 'severe', 'non', 'prescribed', 'medicines', 'diseases']"
1703,"['Self', 'reported', 'breast', 'examination', 'X', 'ray', 'educational', 'attainment', 'level', 'women', 'aged']"
1704,"['Self', 'reported', 'cervical', 'smear', 'test', 'educational', 'attainment', 'level', 'women', 'aged']"
1705,"['Self', 'reported', 'colorectal', 'cancer', 'screening', 'test', 'sex', 'age', 'educational', 'attainment', 'level', 'people', 'aged']"
1706,"['Self', 'reported', 'breast', 'examination', 'X', 'ray', 'women', 'age', 'degree', 'urbanisation', 'educational', 'attainment', 'level', 'income', 'quintile', 'cervical', 'smear', 'test', 'colonoscopy', 'sex', 'colorectal', 'cancer', 'screening']"
1707,"['Self', 'reported', 'screening', 'cardiovascular', 'diseases', 'diabetes', 'risks', 'sex', 'age', 'degree', 'urbanisation', 'educational', 'attainment', 'level', 'income', 'quintile']"
1708,"['Self', 'reported', 'vaccination', 'influenza', 'sex', 'age', 'degree', 'urbanisation', 'educational', 'attainment', 'level', 'income', 'quintile']"
1709,"['Self', 'studying', 'printed', 'materials', 'participants', 'educational', 'attainment', 'level', 'labour', 'status', 'sex', 'age']"
1710,"['Selling', 'prices', 'animal', 'products', 'absolute', 'annual', 'old', 'codes', 'data', 'price', 'onwards', 'monthly', 'code', 'barley', 'calves', 'chickens', 'live', 'st', 'choice', 'crop', 'fresh', 'eggs', 'main', 'potatoes', 'maize', 'oats', 'piglets', 'pigs', 'light', 'raw', 'cow', 's', 'milk', 'sheep', 'soft', 'wheat', 'sugar', 'beet', 'unit', 'value']"
1711,"['Semi', 'trailers', 'load', 'capacity', 'permissible', 'maximum', 'gross', 'weight']"
1712,"['Sensitivity', 'analysis', 'accrued', 'date', 'pension', 'entitlements', 'general', 'government', 'schemes', 'outside', 'core', 'national', 'accounts', 'annual', 'data']"
1713,"['Sentiment', 'indicators', 'monthly', 'data']"
1714,"['Service', 'producer', 'prices', 'annual', 'data', 'quarterly', 'growth', 'rates', 'index']"
1716,"['Services', 'monthly', 'data']"
1717,"['Services', 'quarterly', 'data']"
1718,"['Services', 'employment', 'size', 'class', 'NACE', 'Rev', 'H', 'K', 'N', 'S']"
1719,"['Services', 'trade', 'broad', 'economic', 'categories', 'BEC', 'Rev', 'enterprise', 'characteristics', 'STEC', 'EBOPS', 'items', 'NACE', 'activities', 'size', 'class', 'type', 'ownership']"
1720,"['Services', 'turnover', 'index', 'calendar', 'adjusted']"
1721,"['Settlement', 'area', 'capita']"
1722,"['Severe', 'housing', 'deprivation', 'rate', 'age', 'sex', 'poverty', 'status', 'EU', 'SILC', 'survey', 'degree', 'urbanisation', 'household', 'type', 'income', 'quintile', 'level', 'disability', 'activity', 'limitation', 'tenure', 'material', 'social', 'NUTS', 'region', 'group', 'citizenship', 'country', 'birth', 'quantile', 'composition', 'children', 'aged', 'regions', 'educational', 'attainment', 'population', 'frequent', 'parents', 'years']"
1723,"['Severe', 'difficulties', 'personal', 'care', 'activities', 'household', 'age', 'income', 'quintile', 'type', 'activity', 'difficulty', 'encountered', 'sex']"
1724,"['Severely', 'materially', 'socially', 'deprived', 'people']"
1726,"['Severity', 'bodily', 'pain', 'level', 'disability', 'activity', 'limitation', 'sex', 'age', 'country', 'birth', 'citizenship', 'educational', 'attainment']"
1727,"['Severity', 'current', 'depressive', 'symptoms', 'level', 'disability', 'activity', 'limitation', 'sex', 'age', 'country', 'birth', 'citizenhip', 'degree', 'urbanisation', 'educational', 'attainment', 'income', 'quintile']"
1728,"['Sewage', 'sludge', 'production', 'disposal', 'urban', 'wastewater', 'dry', 'substance', 'd', 's']"
1730,"['Share', 'transmission', 'distribution', 'network', 'cost', 'gas', 'electricity', 'annual', 'data']"
1731,"['Share', 'housing', 'cost', 'disposable', 'income', 'level', 'disability', 'activity', 'limitation', 'sex', 'age', 'costs', 'household', 'type', 'group', 'EU', 'SILC', 'survey', 'people', 'having', 'greater', 'equal', 'specific', 'national', 'thresholds', 'degree', 'urbanisation', 'educational', 'attainment', 'living', 'occupied', 'dwellings', 'poverty', 'status', 'total', 'population', 'quintile', 'tenure', 'good', 'perceived', 'health']"
1732,"['Share', 'European', 'Neighbourhood', 'Policy', 'East', 'Countries', 'Union', 'trade', 'EU', 'World']"
1733,"['Share', 'GBAORD', 'allocated', 'defence', 'total', 'civil', 'socio', 'economic', 'objectives']"
1734,"['Share', 'GBARD', 'total', 'general', 'government', 'expenditure']"
1735,"['Share', 'R', 'D', 'personnel', 'researchers', 'total', 'active', 'population', 'employment', 'sector', 'performance', 'sex']"
1736,"['Share', 'buses', 'trains', 'inland', 'passenger', 'transport']"
1737,"['Share', 'children', 'aged', 'living', 'parents', 'type', 'household', 'EU', 'SILC', 'survey']"
1738,"['Share', 'degree', 'mobile', 'graduates', 'abroad', 'education', 'level', 'sex', 'country', 'origin']"
1739,"['Share', 'digital', 'platform', 'workers', 'months', 'educational', 'attainment', 'level', 'experimental', 'statistics', 'type', 'task', 'service']"
1740,"['Share', 'employment', 'EU', 'Member', 'States', 'supported', 'exports', 'FIGARO', 'application']"
1741,"['Share', 'energy', 'renewable', 'sources']"
1742,"['Share', 'enterprises', 'turnover', 'e', 'commerce']"
1743,"['Share', 'environmental', 'taxes', 'total', 'tax', 'revenues']"
1744,"['Share', 'exports', 'advanced', 'economies']"
1745,"['Share', 'family', 'farms', 'NUTS', 'regions']"
1746,"['Share', 'female', 'researchers', 'sector', 'performance']"
1747,"['Share', 'forest', 'area']"
1748,"['Share', 'fossil', 'fuels', 'gross', 'available', 'energy']"
1749,"['Share', 'fuels', 'final', 'energy', 'consumption']"
1750,"['Share', 'government', 'budget', 'appropriations', 'outlays', 'research', 'development']"
1751,"['Share', 'holdings', 'age', 'farm', 'managers', 'NUTS', 'regions', 'economic', 'size', 'classes', 'sex', 'training', 'manager']"
1752,"['Share', 'households', 'economic', 'resources', 'income', 'consumption', 'wealth', 'quantiles', 'experimental', 'statistics']"
1753,"['Share', 'irrigable', 'irrigated', 'areas', 'utilised', 'agricultural', 'area', 'UAA', 'NUTS', 'regions']"
1754,"['Share', 'landcover', 'types', 'affected', 'severe', 'erosion']"
1755,"['Share', 'main', 'land', 'types', 'utilised', 'agricultural', 'area', 'UAA', 'NUTS', 'regions', 'livestock', 'total', 'units', 'LSU']"
1756,"['Share', 'mobile', 'students', 'abroad', 'enrolled', 'education', 'level', 'sex', 'country', 'origin']"
1757,"['Share', 'organic', 'crop', 'area', 'total', 'utilised', 'agricultural', 'UAA']"
1758,"['Share', 'persons', 'afford', 'colour', 'TV', 'level', 'activity', 'limitation', 'sex', 'age', 'computer', 'disability', 'personal', 'car', 'telephone', 'washing', 'machine']"
1759,"['Share', 'population', 'having', 'moved', 'dwelling', 'year', 'period', 'tenure', 'status', 'degree', 'urbanisation', 'living', 'comfortably', 'cool', 'summer', 'time', 'income', 'quintile']"
1760,"['Share', 'rail', 'inland', 'waterways', 'freight', 'transport']"
1761,"['Share', 'renewable', 'energy', 'gross', 'final', 'consumption', 'sector', 'fuels', 'renewables', 'total']"
1762,"['Share', 'rent', 'related', 'occupied', 'dwelling', 'disposable', 'household', 'income', 'type', 'group', 'EU', 'SILC', 'survey']"
1763,"['Share', 'total', 'population', 'considering', 'dwelling', 'dark', 'EU', 'SILC', 'survey', 'having', 'bath', 'shower', 'living', 'leaking', 'roof', 'damp', 'walls', 'floors', 'foundation', 'rot', 'window', 'frames', 'floor', 'indoor', 'flushing', 'toilet', 'sole', 'use', 'household']"
1764,"['Share', 'trade', 'EU']"
1765,"['Share', 'value', 'added', 'EU', 'Member', 'States', 'supported', 'exports', 'FIGARO', 'application']"
1766,"['Share', 'women', 'researchers', 'sectors', 'performance']"
1767,"['Share', 'young', 'adults', 'aged', 'living', 'parents', 'self', 'defined', 'current', 'economic', 'status', 'EU', 'SILC', 'survey', 'type', 'contract']"
1768,"['Sheep', 'types', 'utilised', 'agricultural', 'area', 'share', 'fodder', 'size', 'classes', 'livestock', 'NUTS', 'regions', 'number', 'farms', 'heads', 'crops', 'farm', 'UAA', 'flock']"
1769,"['Sheep', 'population', 'annual', 'data']"
1770,"['Shift', 'work', 'patterns', 'used', 'employees', 'sex', 'age', 'economic', 'activity', 'occupation']"
1772,"['Short', 'sea', 'shipping', 'EU', 'level', 'gross', 'weight', 'goods', 'transported', 'main', 'ports', 'type', 'cargo', 'region', 'partner', 'country', 'direction', 'volume', 'TEU', 's', 'containers', 'loading', 'status']"
1773,"['Short', 'stay', 'accommodation', 'offered', 'collaborative', 'economy', 'platforms', 'months', 'residence', 'guest', 'experimental', 'statistics', 'NUTS', 'regions', 'cities']"
1774,"['Short', 'term', 'update', 'projected', 'population']"
1775,"['Simplified', 'energy', 'balances']"
1776,"['Single', 'Permits', 'issued', 'type', 'decision', 'length', 'validity']"
1777,"['Skills', 'host', 'country', 'language', 'migration', 'status', 'citizenship']"
1778,"['Slaughtering', 'slaughterhouses', 'annual', 'data', 'monthly']"
1779,"['Smoking', 'tobacco', 'products', 'sex', 'age', 'country', 'birth', 'citizenship', 'degree', 'urbanisation', 'educational', 'attainment', 'level', 'income', 'quintile', 'prevalence']"
1781,"['Social', 'benefits', 'function', 'total', 'million', 'EUR', 'head', 'population']"
1782,"['Social', 'media', 'use', 'purpose', 'NACE', 'Rev', 'activity', 'size', 'class', 'enterprise', 'type', 'internet', 'advertising']"
1784,"['Social', 'protection', 'expenditure', 'excluding', 'administrative', 'costs', 'including', 'health', 'share', 'GDP', 'disability', 'benefits', 'PPS', 'inhabitant', 'million', 'EUR']"
1785,"['Social', 'protection', 'receipts', 'type']"
1786,"['Social', 'security', 'funds', 'debt']"
1788,"['Soil', 'cover', 'NUTS', 'regions']"
1789,"['Soil', 'sealing', 'index']"
1790,"['Solar', 'thermal', 'collectors', 'surface']"
1791,"['Source', 'information', 'innovation']"
1792,"['Sources', 'information', 'enterprises', 'highly', 'important', 'used', 'NACE', 'Rev', 'activity', 'size', 'class', 'getting', 'learning', 'possibilities']"
1793,"['Sourcing', 'status', 'business', 'function', 'economic', 'activity', 'experimental', 'statistics']"
1795,"['Special', 'areas', 'farmland', 'NUTS', 'regions']"
1796,"['Special', 'purpose', 'road', 'vehicles']"
1798,"['Standardised', 'death', 'rate', 'homicide', 'sex', 'tuberculosis', 'HIV', 'hepatitis', 'type', 'disease']"
1799,"['Standardised', 'incidence', 'rate', 'accidents', 'work', 'NACE', 'Rev', 'activity', 'employment', 'status', 'size', 'enterprise', 'severity', 'age', 'sex', 'fatal', 'Member', 'State', 'excluding', 'road', 'traffic', 'board', 'mean', 'transport', 'course']"
1800,"['Standardised', 'prevalence', 'rate', 'work', 'related', 'health', 'problems', 'diagnosis', 'group', 'NACE', 'Rev', 'activity', 'age', 'severity']"
1801,"['Standardised', 'preventable', 'treatable', 'mortality']"
1802,"['State', 'government', 'debt']"
1803,"['Statistical', 'transfers', 'joint', 'projects', 'support', 'schemes']"
1805,"['Stock', 'levels', 'gas', 'products', 'monthly', 'data', 'gaseous', 'liquefied', 'natural', 'oil']"
1806,"['Stock', 'electric', 'vehicles', 'category', 'NUTS', 'regions']"
1807,"['Stock', 'general', 'government', 'debt', 'security', 'liabilities', 'issued', 'green', 'bonds', 'data', 'collection', 'experimental', 'statistics']"
1808,"['Stock', 'zero', 'emission', 'vehicles', 'st', 'December', 'type', 'vehicle', 'motor', 'energy']"
1809,"['Strategies', 'innovative', 'non', 'enterprises', 'highly', 'important', 'relevant', 'NACE', 'Rev', 'activity', 'size', 'class']"
1810,"['Structural', 'information']"
1812,"['Structure', 'agricultural', 'holdings', 'NUTS', 'regions', 'main', 'indicators', 'eurofarm', 'region']"
1813,"['Structure', 'consumption', 'expenditure', 'COICOP', 'purpose', 'activity', 'employment', 'status', 'reference', 'person', 'age', 'degree', 'urbanisation', 'income', 'quintile', 'main', 'source', 'number', 'active', 'persons', 'type', 'household']"
1814,"['Structure', 'earnings', 'survey', 'annual', 'hourly', 'monthly']"
1815,"['Structure', 'labour', 'cost', 'NACE', 'Rev', 'activity', 'total', 'LCS', 'survey', 'NUTS', 'regions']"
1816,"['Students', 'ISCED', 'level', 'age', 'sex', 'study', 'intensity', 'type', 'institution', 'NUTS', 'regions', 'education', 'orientation', 'enrolled', 'STEM', 'fields', 'thousand', 'population', 'aged', 'formal', 'non', 'tertiary', 'adult', 'group', 'programme', 'field', 'participation', 'abroad', 'origin']"
1817,"['Students', 'going', 'abroad', 'level', 'education', 'destination']"
1818,"['Students', 'ISCED', 'modern', 'foreign', 'language', 'studied', 'number', 'languages']"
1819,"['Students', 'post', 'compulsory', 'education', 'total', 'population', 'school', 'age']"
1820,"['Students', 'tertiary', 'education', 'years', 'old', 'population', 'age', 'groups', 'corresponding']"
1821,"['Students', 'participation', 'end', 'compulsory', 'education', 'corresponding', 'age', 'population']"
1822,"['Subjective', 'poverty', 'degree', 'urbanization', 'educational', 'attainment', 'level', 'population', 'aged', 'frequent', 'activity', 'status', 'sex', 'age', 'tenure']"
1823,"['Success', 'rate', 'obtaining', 'equity', 'finance', 'sources', 'type', 'enterprise', 'NACE', 'Rev', 'loan', 'types']"
1824,"['Sugar', 'beet', 'number', 'farms', 'area', 'size', 'farm', 'UAA', 'areas', 'agricultural']"
1825,"['Suicide', 'death', 'rate', 'age', 'group']"
1826,"['Suicides', 'involving', 'railways']"
1827,"['Supplementary', 'indicators', 'unemployment', 'annual', 'data', 'quarterly', 'level', 'disability', 'activity', 'limitation', 'sex', 'age', 'citizenship', 'country', 'birth', 'educational', 'attainment']"
1828,"['Supply', 'electricity', 'short', 'term', 'monthly', 'data', 'natural', 'gas', 'oil', 'transformation', 'consumption', 'derived', 'heat', 'petroleum', 'products', 'renewables', 'wastes', 'solid', 'fossil', 'fuels']"
1829,"['Supply', 'transformation', 'oil', 'monthly', 'data', 'petroleum', 'products', 'solid', 'fossil', 'fuels']"
1830,"['Supply', 'use', 'products', 'forestry']"
1831,"['Supply', 'biomass', 'annual', 'data']"
1832,"['Supply', 'table', 'basic', 'prices', 'incl', 'transformation', 'purchasers', 'previous', 'years']"
1833,"['Support', 'rural', 'development', 'legal', 'status', 'size', 'farm', 'typology', 'sex', 'age', 'holder', 'number', 'farms', 'agricultural', 'area', 'standard', 'output', 'livestock', 'LSU', 'economic', 'Euro', 'type', 'farming', 'digit', 'holding', 'UAA']"
1834,"['Surface', 'marine', 'protected', 'areas', 'terrestrial']"
1836,"['Surgical', 'operations', 'procedures', 'performed', 'hospitals', 'ICD', 'CM', 'historical', 'data']"
1837,"['Surgical', 'procedures']"
1839,"['Suspects', 'offenders', 'age', 'citizenship', 'sex']"
1840,"['Suspects', 'migrant', 'smuggling', 'citizenship']"
1841,"['Symmetric', 'input', 'output', 'table', 'basic', 'prices', 'industry', 'previous', 'years', 'product']"
1843,"['Table', 'grape', 'vines', 'Area', 'age', 'density', 'classes', 'ha']"
1845,"['Table', 'taxes', 'subsidies', 'product', 'products', 'previous', 'years', 'prices']"
1846,"['Table', 'trade', 'transport', 'margins', 'previous', 'years', 'prices']"
1847,"['Tables', 'benefits', 'disability', 'function', 'family', 'children', 'housing', 'old', 'age', 'sickness', 'health', 'care', 'social', 'exclusion', 'n', 'e', 'c', 'survivors', 'unemployment']"
1848,"['Tax', 'rate', 'low', 'wage', 'earners', 'trap', 'Unemployment', 'wedge', 'labour', 'costs']"
1850,"['Teachers', 'ISCED', 'academic', 'staff', 'age', 'sex', 'employment', 'status']"
1851,"['Teachers', 'working', 'time', 'education', 'level']"
1852,"['Teaching', 'staff']"
1854,"['Technical', 'vocational', 'education', 'training', 'TVET']"
1855,"['Technical', 'resources', 'hospital']"
1856,"['Temporary', 'employees', 'percentage', 'total', 'number', 'sex', 'age', 'citizenship', 'country', 'birth', 'duration', 'work', 'contract', 'economic', 'activity', 'onwards', 'NACE', 'Rev', 'educational', 'attainment', 'level', 'main', 'reason', 'occupation', 'degree', 'urbanisation', 'employment', 'agency', 'workers', 'experience', 'studying']"
1857,"['Temporary', 'staff', 'labour', 'cost', 'number', 'employees', 'hours', 'worked', 'NACE', 'Rev', 'activity', 'LCS', 'survey']"
1858,"['Tenure', 'status', 'level', 'disability', 'activity', 'limitation', 'poverty']"
1859,"['Terms', 'trade', 'items', 'years', 'change']"
1860,"['Territorialised', 'road', 'freight', 'transport', 'coverage', 'annual', 'data']"
1861,"['Tertiary', 'education', 'graduates', 'participation', 'educational', 'attainment', 'age', 'group', 'type', 'disability', 'sex', 'NUTS', 'regions', 'students', 'ISCED', 'country', 'citizenship', 'field', 'non', 'citizens', 'residents']"
1863,"['European', 'Innovation', 'scoreboard', 'indicators']"
1864,"['community', 'innovation', 'light', 'survey', 'CIS']"
1865,"['real', 'gross', 'disposable', 'income', 'households', 'capita', 'index']"
1866,"['country', 'nationals', 'illegally', 'present', 'annual', 'data', 'rounded', 'ordered', 'leave', 'citizenship', 'age', 'sex', 'quarterly', 'refused', 'entry', 'external', 'borders', 'returned', 'following', 'order', 'type', 'return', 'destination', 'left', 'territory', 'assistance', 'received', 'agreement', 'procedure', 'unaccompanied', 'minors', 'minor']"
1867,"['Tier', 'capital', 'ratio', 'banking', 'sector']"
1868,"['Time', 'spent', 'total', 'work', 'paid', 'unpaid', 'main', 'secondary', 'activity', 'sex', 'form', 'forms', 'eating', 'home', 'health', 'enhancing', 'non', 'related', 'aerobic', 'physical', 'age', 'degree', 'urbanisation', 'educational', 'attainment', 'level', 'income', 'quintile', 'body', 'mass', 'index', 'travelling', 'mode', 'transport', 'participation', 'rate', 'group', 'day', 'week', 'household', 'composition', 'month', 'year', 'professional', 'status', 'self', 'declared', 'labour']"
1869,"['Time', 'spent']"
1870,"['Time', 'spent', 'doing', 'activity', 'simultaneously']"
1871,"['Time', 'spent', 'providing', 'childcare', 'main', 'secondary', 'activity']"
1872,"['Time', 'spent', 'watching', 'TV', 'media', 'playing', 'computer', 'games', 'similar', 'screen', 'activities', 'main', 'secondary', 'activity']"
1873,"['ports', 'gross', 'weight', 'goods', 'handled', 'port', 'Ro', 'units', 'containers', 'dry', 'bulk', 'liquid', 'cargo', 'specified', 'volume', 'TEUs']"
1875,"['Total', 'absences', 'work', 'sex', 'age', 'group', 'quarterly', 'data']"
1876,"['Total', 'active', 'population', 'sex', 'age', 'employment', 'status', 'residence', 'year', 'prior', 'census', 'NUTS', 'regions']"
1877,"['Total', 'area', 'species', 'ha']"
1878,"['Total', 'economy', 'deficit', 'surplus']"
1879,"['Total', 'educational', 'expenditure', 'education', 'level', 'programme', 'orientation', 'type', 'source']"
1880,"['Total', 'employment', 'age', 'group']"
1881,"['Total', 'energy', 'supply', 'product']"
1882,"['Total', 'expenditure', 'administration', 'costs', 'social', 'benefits', 'protection', 'type', 'head', 'population', 'ECU', 'EUR']"
1883,"['Total', 'fertility', 'rate', 'NUTS', 'region']"
1884,"['Total', 'financial', 'sector', 'liabilities', 'instruments', 'consolidated', 'GDP', 'million', 'units', 'national', 'currency', 'non', 'sub', 'sectors', 'annual', 'data']"
1885,"['Total', 'general', 'government', 'expenditure', 'revenue']"
1886,"['Total', 'health', 'care', 'expenditure']"
1887,"['Total', 'high', 'tech', 'trade', 'million', 'euro', 'percentage', 'SITC', 'Rev']"
1888,"['Total', 'housing', 'costs', 'pps', 'EU', 'SILC', 'survey']"
1889,"['Total', 'length', 'motorways', 'railway', 'lines']"
1890,"['Total', 'population', 'having', 'bath', 'shower', 'dwelling', 'EU', 'SILC', 'survey', 'indoor', 'flushing', 'toilet', 'household', 'sole', 'use']"
1891,"['Total', 'population', 'considering', 'dwelling', 'dark', 'EU', 'SILC', 'survey']"
1892,"['Total', 'population', 'living', 'dwelling', 'leaking', 'roof', 'damp', 'walls', 'floors', 'foundation', 'rot', 'window', 'frames', 'floor', 'EU', 'SILC', 'survey']"
1893,"['Total', 'population', 'Candidate', 'countries', 'potential', 'candidates']"
1894,"['Total', 'researchers', 'sectors', 'performance', 'time', 'equivalent', 'head', 'count']"
1895,"['Total', 'services', 'detailed', 'geographical', 'breakdown', 'EU', 'Member', 'States', 'BPM', 'historical', 'data']"
1896,"['Total', 'unemployment', 'rate']"
1897,"['Tourism', 'infrastructure']"
1898,"['Tractive', 'power', 'locomotives', 'railcars', 'source', 'energy']"
1899,"['Trade', 'balance', 'NACE', 'Rev', 'activity', 'enterprise', 'size', 'class', 'sector', 'commodity', 'number', 'partner', 'countries', 'country', 'goods', 'partners', 'main', 'world', 'traders', 'EU', 'waste', 'type', 'material']"
1900,"['Trade', 'exports', 'intensity']"
1901,"['Trade', 'type', 'ownership', 'trader']"
1902,"['Trade', 'recyclable', 'raw', 'materials', 'partner']"
1903,"['Trade', 'services', 'partners']"
1904,"['Trade', 'shares', 'invoicing', 'currency', 'onwards', 'additional', 'SITC', 'product', 'group', 'breakdowns']"
1905,"['Trade', 'unit', 'value', 'indices', 'reporting', 'country']"
1906,"['Trade', 'value', 'goods', 'SITC', 'product', 'group']"
1907,"['Trade', 'volume', 'indices', 'reporting', 'country']"
1908,"['Trailers', 'load', 'capacity', 'permissible', 'maximum', 'gross', 'weight']"
1910,"['Train', 'traffic', 'rail', 'network', 'Austria', 'Belgium', 'Bulgaria', 'Croatia', 'Czech', 'Republic', 'Czechia', 'Denmark', 'Estonia', 'Finland', 'France', 'Germany', 'Greece', 'Hungaria', 'Hungary', 'Italia', 'Italy', 'Latvia', 'Liechtenstein', 'Lithuania', 'Netherlands', 'North', 'Macedonia', 'Norway', 'Poland', 'Portugal', 'Romania', 'Slovakia', 'Slovenia', 'Spain', 'Sweden', 'Switzerland', 'T', 'rkiye', 'United', 'Kingdom', 'Yugoslav']"
1911,"['Train', 'traffic', 'performance', 'category', 'source', 'energy']"
1912,"['Trainsets', 'capacity', 'type', 'speed']"
1913,"['Transboundary', 'shipments', 'notified', 'waste', 'partner', 'hazardousness', 'management', 'operations']"
1914,"['Transit', 'transport', 'group', 'goods', 'loading', 'unloading', 'countries']"
1916,"['Transition', 'employment', 'unemployment', 'sex', 'age', 'degree', 'urbanisation', 'annual', 'averages', 'quarterly', 'transitions', 'estimated', 'probabilities', 'experimental', 'statistics', 'fixed', 'term', 'contracts', 'permanent', 'inactivity', 'labour', 'market', 'attachment', 'time', 'work', 'duration', 'previous', 'experience']"
1917,"['Transition', 'deficit', 'surplus', 'change', 'debt', 'working', 'balance']"
1919,"['Transition', 'ability', 'make', 'ends', 'meet', 'childhood', 'current', 'situation', 'population', 'aged']"
1920,"['Transition', 'educational', 'attainment', 'level', 'parents', 'current', 'adults', 'population', 'aged']"
1921,"['Transitions', 'income', 'year', 'decile', 'years']"
1922,"['Transport', 'cities', 'greater', 'type', 'good', 'country', 'regional', 'flows', 'onwards', 'NST', 'vessel']"
1923,"['Transport', 'functional', 'urban', 'areas']"
1924,"['Transport', 'containers', 'road', 'vehicles']"
1925,"['Transport', 'dangerous', 'goods']"
1926,"['Treatable', 'preventable', 'mortality', 'residents', 'cause', 'sex']"
1927,"['Treatment', 'disposal', 'facilities', 'municipal', 'waste', 'category', 'hazardousness', 'management', 'operations']"
1928,"['Triadic', 'patent', 'families', 'earliest', 'priority', 'year']"
1929,"['Trips', 'activity', 'status', 'tourist', 'age', 'group', 'detailed', 'country', 'world', 'region', 'main', 'destination', 'duration', 'trip', 'purpose', 'educational', 'attainment', 'level', 'household', 'income', 'quartile', 'mode', 'accommodation', 'transport', 'month', 'departure', 'sex', 'arrangement', 'type', 'personal']"
1930,"['Trips', 'booking', 'channel', 'main', 'mode', 'accommodation', 'onwards', 'transport']"
1931,"['Tropical', 'wood', 'imports', 'EU', 'chapter', 'Harmonised']"
1933,"['Trust', 'income', 'quintile', 'household', 'composition', 'degree', 'urbanisation', 'sex', 'age', 'educational', 'attainment']"
1934,"['Trust', 'security', 'privacy', 'smartphones', 'onwards']"
1935,"['Turnover', 'volume', 'sales', 'wholesale', 'retail', 'trade', 'annual', 'data', 'monthly', 'quarterly', 'client', 'specialisation', 'NACE', 'Rev', 'digit', 'level', 'employment', 'size', 'class', 'product', 'nationality', 'activity', 'CPA', 'economic', 'motor', 'G', 'yearly', 'statistics', 'group', 'div', 'type', 'residence', 'media', 'advertising', 'services', 'innovating', 'products', 'manufacturing', 'sector', 'technology', 'industry', 'capital', 'goods', 'consumer', 'durables', 'non', 'intermediate', 'domestic', 'market', 'total', 'growth', 'rates', 'index', 'enterprises', 'innovation', 'profile', 'place', 'new', 'significantly', 'improved', 'innovative', 'construction', 'F', 'B', 'E']"
1937,"['Type', 'connections', 'internet', 'NACE', 'Rev', 'activity', 'NUTS', 'regions', 'size', 'class', 'enterprise']"
1938,"['Type', 'innovating', 'firms', 'engagement', 'R', 'D', 'NACE', 'Rev', 'size', 'class']"
1939,"['Type', 'partner', 'chosen', 'NACE', 'Rev', 'size', 'class']"
1940,"['Type', 'tenure', 'number', 'farms', 'areas', 'agricultural', 'size', 'farm', 'UAA', 'NUTS', 'regions', 'economic', 'Euro']"
1941,"['Types', 'operation', 'enterprises', 'NACE', 'Rev', 'activity', 'size', 'class', 'partner', 'product', 'process', 'innovation']"
1943,"['Typical', 'dwelling', 'sizes', 'type', 'surveyed', 'city']"
1944,"['Typical', 'guarantors', 'obtaining', 'loan', 'finance', 'type', 'enterprise', 'NACE', 'Rev']"
1945,"['Unaccompanied', 'minor', 'asylum', 'applicants', 'type', 'citizenship', 'age', 'sex', 'annual', 'aggregated', 'data', 'monthly', 'having', 'applications', 'processed', 'accelerated', 'procedure', 'minors', 'benefiting', 'temporary', 'protection', 'end', 'month', 'subject', 'pending']"
1947,"['mortality', 'rate', 'sex']"
1948,"['glass', 'NUTS', 'regions']"
1949,"['Unemployed', 'sex', 'age', 'type', 'employment', 'sought', 'persons', 'HRST', 'category']"
1950,"['Unemployment', 'sex', 'age', 'group', 'annual', 'data', 'quarterly', 'monthly', 'citizenship', 'country', 'birth', 'duration', 'educational', 'attainment', 'metropolitan', 'regions', 'typologies', 'type', 'employment', 'sought', 'NUTS', 'degree', 'urbanisation', 'distinction', 'registration', 'benefits', 'level', 'rate', 'education', 'work', 'experience', 'studying', 'migration', 'status', 'people', 'disability', 'rates', 'activity', 'limitation', 'population', 'aged', 'young', 'training', 'years', 'completion', 'highest']"
1951,"['Unemployment', 'monthly', 'data']"
1952,"['Unemployment', 'monthly', 'data', 'vintages', 'onwards']"
1953,"['Unemployment', 'rate', 'year', 'average']"
1954,"['Unemployment', 'rate', 'quarterly', 'data', 'seasonally', 'adjusted']"
1955,"['Unilateral', 'Dublin', 'decisions', 'partner', 'country', 'type', 'decision', 'sex', 'applicant']"
1956,"['Unit', 'value', 'exports', 'imports']"
1957,"['Unit', 'labour', 'cost', 'performance', 'related', 'euro', 'area', 'annual', 'data']"
1958,"['Unit', 'values', 'basic', 'prices', 'producer']"
1959,"['Unit', 'values', 'quantities', 't']"
1960,"['Unitisation', 'inland', 'waterways', 'freight', 'transport', 'tonne', 'kilometre', 'gross', 'weight', 'goods', 'maritime', 'tonnes', 'rail', 'road', 'different', 'modes']"
1961,"['Urban', 'wastewater', 'treatment']"
1963,"['Use', 'risk', 'chemical', 'pesticides']"
1964,"['Use', 'computers', 'internet', 'employees', 'NACE', 'Rev', 'activity', 'size', 'class', 'enterprise', 'NUTS', 'regions']"
1965,"['Use', 'ICT', 'work', 'activities', 'performed']"
1966,"['Use', 'electronic', 'cigarettes', 'similar', 'devices', 'sex', 'age', 'educational', 'attainment', 'level', 'identification', 'eID']"
1967,"['Use', 'mobile', 'connections', 'internet', 'NACE', 'Rev', 'activity', 'employees', 'size', 'class', 'enterprise']"
1968,"['Use', 'renewables', 'electricity', 'details', 'heating', 'cooling', 'transport']"
1969,"['Use', 'table', 'basic', 'prices', 'previous', 'years', 'purchasers']"
1970,"['User', 'satisfaction', 'use', 'e', 'government', 'websites']"
1971,"['Usual', 'reaction', 'future', 'skill', 'needs', 'type', 'NACE', 'Rev', 'activity', 'enterprises', 'size', 'class']"
1972,"['Usually', 'resident', 'population', 'January']"
1973,"['Utilised', 'agricultural', 'area', 'UAA', 'managed', 'low', 'medium', 'high', 'input', 'farms', 'categories']"
1974,"['VAT', 'rate', 'COICOP', 'consumption', 'purpose', 'experimental', 'statistics']"
1975,"['Vaccination', 'influenza', 'population', 'aged']"
1976,"['Valid', 'permits', 'reasons', 'total']"
1979,"['Value', 'Added', 'Foreign', 'Controlled', 'Enterprises']"
1980,"['Value', 'added', 'turnover', 'enterprises', 'cultural', 'sectors', 'NACE', 'Rev', 'activity']"
1981,"['Value', 'e', 'commerce', 'sales', 'NACE', 'Rev', 'activity', 'NUTS', 'regions', 'size', 'class', 'enterprise']"
1983,"['Vegetables', 'NUTS', 'regions']"
1984,"['Vegetables', 'melons', 'strawberries', 'greenhouses', 'number', 'farms', 'areas', 'size', 'farm', 'UAA', 'vegetable', 'melon', 'strawberry', 'area', 'glass', 'outdoor', 'agricultural']"
1985,"['Vehicle', 'traffic', 'performance', 'type', 'tractive', 'source', 'energy']"
1986,"['Vessel', 'traffic']"
1987,"['Vessels', 'arriving', 'main', 'EU', 'ports', 'type', 'estimates', 'experimental', 'statistics', 'size', 'quarterly', 'data', 'annual']"
1989,"['Victims', 'road', 'accidents', 'NUTS', 'regions']"
1991,"['Victims', 'intentional', 'homicide', 'sexual', 'exploitation', 'age', 'sex']"
1992,"['Victims', 'trafficking', 'human', 'beings', 'forms', 'exploitation', 'citizenship', 'sex']"
1993,"['Vineyards', 'number', 'farms', 'areas', 'agricultural', 'size', 'farm', 'UAA', 'vineyard', 'area']"
1994,"['Volume', 'freight', 'transport', 'relative', 'GDP']"
1995,"['Volume', 'containers', 'handled', 'EU', 'main', 'ports', 'loading', 'status', 'transported', 'quarterly', 'data']"
1996,"['Volume', 'job', 'related', 'non', 'formal', 'education', 'training', 'participant', 'months', 'duration', 'sex', 'age']"
1997,"['Volume', 'passenger', 'transport', 'relative', 'GDP']"
1998,"['Volume', 'timber', 'FAO', 'FE', 'bark', 'EFA', 'questionnaire']"
1999,"['Wagons', 'load', 'capacity', 'type']"
2000,"['Walking', 'cycling', 'minutes', 'day', 'sex', 'age', 'educational', 'attainment', 'level']"
2002,"['Waste', 'electrical', 'electronic', 'equipment', 'WEEE', 'management', 'operations', 'open', 'scope', 'product', 'categories', 'onwards']"
2003,"['Waste', 'generated', 'households', 'year', 'category']"
2004,"['Waste', 'generation', 'capita']"
2005,"['Water', 'abstracted', 'sector', 'use', 'available', 'supplied', 'used', 'economic', 'sectors', 'activity', 'river', 'basin', 'district', 'RBD', 'supply', 'category', 'economical', 'manufacturing', 'industry']"
2006,"['Water', 'abstraction', 'river', 'basin', 'district', 'RBD']"
2007,"['Water', 'exploitation', 'index', 'plus', 'WEI']"
2008,"['Water', 'resources', 'long', 'term', 'annual', 'average']"
2009,"['Water', 'use', 'balance']"
2010,"['Way', 'obtaining', 'ICT', 'skills']"
2011,"['Websites', 'functionalities', 'NACE', 'Rev', 'activity', 'size', 'class', 'enterprise']"
2013,"['Weekly', 'absences', 'work', 'sex', 'age', 'data', 'experimental', 'statistics']"
2014,"['Weekly', 'working', 'hours', 'sex', 'age', 'professional', 'status', 'occupation']"
2015,"['Weights', 'producer', 'prices', 'agricultural', 'products', 'survey', 'purchase', 'means', 'production']"
2016,"['Wheat', 'spelt', 'area', 'production', 'humidity']"
2017,"['developed', 'innovation', 'activity', 'NACE', 'Rev', 'size', 'class']"
2018,"['Wholesale', 'trade', 'operating', 'costs', 'types', 'customer', 'NACE', 'Rev', 'G', 'yearly', 'statistics']"
2019,"['Wine', 'grower', 'holdings', 'degree', 'specialisation', 'production', 'size', 'class']"
2020,"['Women', 'victims', 'non', 'violence', 'awareness', 'free', 'legal', 'aid', 'existence', 'support', 'services', 'experienced', 'sexual', 'childhood', 'age', 'group', 'person', 'service', 'reported', 'type', 'perpetrator', 'stalking', 'consequences', 'occurrence', 'episode', 'domestic', 'country', 'birth', 'degree', 'urbanisation', 'level', 'disability', 'activity', 'limitation', 'education', 'partner', 'frequency']"
2022,"['Work', 'home', 'external', 'site']"
2023,"['Work', 'weekends', 'sex', 'age', 'professional', 'status', 'occupation']"
2024,"['Work', 'related', 'health', 'problems', 'sex']"
2025,"['Young', 'people', 'aged', 'upper', 'secondary', 'educational', 'attainment', 'level', 'sex', 'age', 'employment', 'education', 'training', 'years', 'total', 'population', 'group', 'NEET', 'annual', 'data', 'quarterly', 'citizenship', 'NUTS', 'regions', 'rates', 'country', 'birth', 'degree', 'urbanisation', 'labour', 'status', 'disability', 'activity', 'limitation', 'persons', 'type']"
2026,"['Young', 'emigrants', 'sex', 'age', 'country', 'birth']"
2027,"['Young', 'immigrants', 'sex', 'age', 'country', 'birth']"
2028,"['Young', 'people', 's', 'social', 'origin', 'educational', 'attainment', 'level', 'labour', 'outcomes', 'Europe']"
2029,"['Youth', 'employment', 'sex', 'age', 'educational', 'attainment', 'level', 'rate', 'NUTS', 'regions', 'country', 'birth', 'group', 'long', 'term', 'unemployment', 'months', 'longer', 'self', 'active', 'population', 'aged', 'ratio']"
2030,"['Youth', 'population', 'January', 'sex', 'age', 'country', 'birth']"
2031,"['Youth', 'transitions', 'education', 'working', 'life', 'Europe', 'number', 'months']"
