cluster,prefix,measure
1,rates for euro area countries,3-month rates for euro area countries - annual data
1,rates for euro area countries,3-month rates for euro area countries - quarterly data
2,interest rate,3-month-interest rate
3,abortion,Abortion indicators
4,access,Access to basic services and housing
5,accidental,Accidental injuries at work in by sex
7,in inland waterway transport,Accidents in inland waterway transport
8,involving the transport of dangerous goods annual data,Accidents involving the transport of dangerous goods - annual data
9,accommodation,Accommodation establishments
10,acquisition,Acquisition of citizenship
11,activity,Activity rate by sex
11,activity,Activity rates 15-64 years old by sex
11,activity,Activity rates by sex and age
12,additional,Additional indicators
13,adjusted,Adjusted gross disposable income of households per capita
13,adjusted,Adjusted gross disposable income of households per capita in PPS
14,adult,Adult participation in learning in the past four weeks by sex
15,age,Age at which the person first received an old-age pension (years)
17,propensity to consume by,Aggregate propensity to consume by activity status of the reference person - experimental statistics
17,propensity to consume by,Aggregate propensity to consume by degree of urbanisation - experimental statistics
17,propensity to consume by,Aggregate propensity to consume by household type - experimental statistics
17,propensity to consume by,Aggregate propensity to consume by income quintile - experimental statistics
18,replacement ratio,Aggregate replacement ratio
18,replacement ratio,Aggregate replacement ratio for pensions (excluding other social benefits) by sex
18,replacement ratio,Aggregate replacement ratio for pensions (excluding other social benefits) by sex - EU-SILC survey
20,holdings,Agricultural holdings by age of holder
20,holdings,Agricultural holdings by age of manager
20,holdings,Agricultural holdings by agricultural area
20,holdings,Agricultural holdings by crops
20,holdings,Agricultural holdings with livestock
21,economic size of the farm standard output in euro,Agricultural holdings by economic size of the farm (Standard Output in Euro)
22,land,Agricultural land prices by region - historical data (until
22,land,Agricultural land renting prices for one year by region - historical data (until
23,real factor income per annual work unit awu,Agricultural real factor income per annual work unit (AWU)
24,air,Air passenger transport
24,air,Air transport equipment: number of aircrafts
24,air,Air transport infrastructure: airports
24,air,Air transport infrastructure: length of paved runways
24,air,Air transport of goods by country (yearly data)
24,air,Air transport traffic: freight and passengers
24,air,Air transport traffic: number of aircraft movements
25,emission intensity from industry,Air emission intensity from industry
26,emissions per sector and per gas,Air emissions per sector and per gas
27,pollutants,Air pollutants
28,freight by nuts 2 regions,Air transport of freight by NUTS 2 regions
29,nuts 2 regions,Air transport of passengers by NUTS 2 regions
30,country,Air transport of passengers by country (yearly data)
30,country,Air transport of passengers by country and type of transport (monthly data)
31,all,All valid permits by reason on 31 December of each year
32,ammonia,Ammonia emissions from agriculture
32,ammonia,Ammonia emissions from agriculture - % of total emissions
33,animal,Animal output - basic and producer prices
35,aquaculture production live weight in tonnes,Annual aquaculture production - live weight in tonnes
36,captures of fish live weight in tonnes by fishing areas,Annual captures of fish - live weight in tonnes - by fishing areas
37,earnings by,"Annual earnings by economic control (enterprises with 10 employed persons or more) - NACE Rev. 1.1, C-O excluding L"
37,earnings by,"Annual earnings by economic control (enterprises with 10 employed persons or more) - NACE Rev. 2, B-S excluding O"
37,earnings by,"Annual earnings by quantiles and contractual working time (enterprises with 10 employed persons or more) - NACE Rev. 1.1, C-O excluding L"
37,earnings by,"Annual earnings by quantiles and contractual working time (enterprises with 10 employed persons or more) - NACE Rev. 2, B-S excluding O"
38,freshwater abstraction by source,Annual freshwater abstraction by source
39,net earnings of a full time single worker without children earning an average wage,Annual net earnings of a full-time single worker without children earning an average wage
40,production and utilisation of milk on the farm,Annual production and utilisation of milk on the farm
41,work units in forestry and logging,Annual work units in forestry and logging
42,apparent,Apparent cost of general government gross debt
43,applicants,Applicants having benefited from material reception conditions at the end of the reference year - annual data
44,aquaculture,Aquaculture production by aquatic environment
44,aquaculture,Aquaculture production in tonnes and value
46,at risk of severe soil erosion by water,Area at risk of severe soil erosion by water
47,of wooded land fe,Area of wooded land FE)
49,organic farming,Area under organic farming
50,wine grape vine varieties broken down by vine variety and by age of the vines,Area under wine-grape vine varieties broken down by vine variety and by age of the vines -
51,by species area in ha,area by species (area in ha)
53,mortgage or rent utility bills or hire purchase by nuts regions,"Arrears (mortgage or rent, utility bills or hire purchase) by NUTS regions"
54,on non housing bills by,Arrears on non-housing bills by income quintile
54,on non housing bills by,Arrears on non-housing bills by risk of poverty threshold
55,arrivals,Arrivals at tourism accommodation establishments by type of accommodation
55,arrivals,Arrivals by type of accommodation
55,arrivals,Arrivals of non-residents at hotels and similar accomodation establishments
55,arrivals,Arrivals of residents/non-residents at tourist accommodation establishments
56,tourists at the border,Arrivals of tourists at the border
57,asylum,Asylum applicants by type - annual aggregated data
57,asylum,Asylum applicants by type - monthly data
57,asylum,"Asylum applicants by type, citizenship, age and sex - annual aggregated data"
57,asylum,Asylum applicants considered to be unaccompanied minors - annual data
57,asylum,"Asylum applicants having had their applications processed under the accelerated procedure, by age, sex and citizenship - monthly data"
57,asylum,Asylum applications by state of procedure
57,asylum,"Asylum applications withdrawn by citizenship, age, sex and type of withdrawal - annual aggregated data"
58,decisions at,Asylum decisions at final instance by type of decision - % of total decisions at final instance
58,decisions at,Asylum decisions at first instance by type of decision - % of total decisions at first instance
60,least upper secondary educational attainment age group,"At least upper secondary educational attainment, age group 20-24 by sex"
60,least upper secondary educational attainment age group,"At least upper secondary educational attainment, age group 25-64 by sex"
61,most lower secondary educational attainment by age,At most lower secondary educational attainment by age
62,risk of poverty,At risk of poverty or social exclusion rate for elderly (65+)
62,risk of poverty,At risk-of-poverty rate for the population living in (quasi-)jobless households
62,risk of poverty,At-risk-of poverty rate
62,risk of poverty,At-risk-of poverty rate by household type - EU-SILC survey
62,risk of poverty,At-risk-of poverty rate by tenure status - EU-SILC survey
62,risk of poverty,At-risk-of poverty rate for adults (aged 25 to 59 years) by educational attainment level of their parents
62,risk of poverty,At-risk-of poverty rate for adults (aged 25 to 59 years) by level of financial situation of their households when respondent was around 14 years old
62,risk of poverty,At-risk-of poverty rate for children (aged less than 18) by sex
62,risk of poverty,At-risk-of poverty rate for children by citizenship of their parents (population aged 0 to 17 years)
62,risk of poverty,At-risk-of poverty rate for children by country of birth of their parents (population aged 0 to 17 years)
62,risk of poverty,At-risk-of-poverty rate anchored at a fixed moment in time by age and sex - EU-SILC survey
62,risk of poverty,At-risk-of-poverty rate anchored at a fixed moment in time by age group - EU-SILC survey
62,risk of poverty,At-risk-of-poverty rate anchored at a fixed moment in time by sex - EU-SILC survey
62,risk of poverty,At-risk-of-poverty rate before social transfers by sex - EU-SILC survey
62,risk of poverty,"At-risk-of-poverty rate by poverty threshold, age and sex - EU-SILC and ECHP surveys"
62,risk of poverty,At-risk-of-poverty rate by sex
62,risk of poverty,At-risk-of-poverty rate for pensioners - EU-SILC survey
62,risk of poverty,At-risk-of-poverty rate of elderly people by tenure status - EU-SILC survey
62,risk of poverty,At-risk-of-poverty rate of older people by sex - EU-SILC survey
62,risk of poverty,At-risk-of-poverty threshold - EU-SILC survey
62,risk of poverty,At-risk-of-poverty threshold for a single household
62,risk of poverty,"At-risk-of-poverty-rate, by highest level of education attained"
63,unemployed persons,At-risk of poverty rate of unemployed persons
64,nuts 2 regions,At-risk-of-poverty rate by NUTS 2 regions
65,deducting housing costs by degree of urbanisation,At-risk-of-poverty rate after deducting housing costs by degree of urbanisation
66,social transfers by sex,At-risk-of-poverty rate after social transfers by sex
67,autonomous,Autonomous pension funds - number of enterprises by size class of investments
67,autonomous,Autonomous pension funds - number of enterprises by size class of members
67,autonomous,Autonomous pension funds - total investments by currencies
68,available,Available beds in hospitals by NUTS 2 regions
69,average,Average household size - EU-SILC survey
70,co2 emissions per km from new passenger cars source dg clima hidden dat,Average CO2 emissions per km from new passenger cars (source: DG CLIMA) - HIDDEN DAT
71,age at which employed persons started receiving a retirement pension by sex and main financial incentive to stay at work,Average age at which employed persons started receiving a retirement pension - by sex and main financial incentive to stay at work
73,night,Average expenditure per night
74,trip,Average expenditure per trip
75,full time adjusted salary per employee,Average full time adjusted salary per employee
76,gross annual earnings in industry and services by sex,"Average gross annual earnings in industry and services, by sex"
77,nominal monthly wages and salaries,Average nominal monthly wages and salaries
79,foreign languages studied per pupil by education level,Average number of foreign languages studied per pupil by education level
80,rooms per person by,Average number of rooms per person by NUTS region
80,rooms per person by,Average number of rooms per person by degree of urbanization
80,rooms per person by,Average number of rooms per person by tenure status and dwelling type until - ECHP survey
81,weekly hours of,Average number of weekly hours of formal care by age group - children with at least 1 hour of formal care - EU-SILC survey
81,weekly hours of,Average number of weekly hours of formal care by age group - children with or without formal care - EU-SILC survey
81,weekly hours of,Average number of weekly hours of other types of care by age group - children with at least one hour of other types of care - EU-SILC survey
81,weekly hours of,Average number of weekly hours of other types of care by age group - children with or without other types of care - EU-SILC survey
82,population mid year,Average population (mid-year)
82,population mid year,Average population mid-year by sex and age group
83,remuneration of national civil servants in central public administration,Average remuneration of national civil servants in central public administration
84,aviation,Aviation and airport enterprises
85,berd,BERD by concentration of personnel (ranking)
87,payments,Balance of payments
87,payments,"Balance of payments, capital account, monthly data"
87,payments,"Balance of payments, capital account, quarterly data"
87,payments,"Balance of payments, current account, monthly data"
87,payments,"Balance of payments, current and capital account, monthly data"
87,payments,"Balance of payments, current and capital account, quarterly data"
88,trade,Balance of trade
88,trade,Balance of trade - and euro area aggregates
89,balancing,Balancing items
90,barley,"Barley by area, production and humidity"
91,bathing,Bathing sites with excellent water quality by location
92,beds,Beds in nursing and other residential long-term care facilities
94,disability pensions by,Beneficiaries of disability pensions by pension type
94,disability pensions by,Beneficiaries of disability pensions by sex
95,temporary protection,"Beneficiaries of temporary protection at the end of the month by citizenship, age and sex - monthly data"
95,temporary protection,Beneficiaries of temporary protection by citizenship - per thousand persons
96,biochemical,Biochemical oxygen demand in rivers
97,body,"Body mass index (BMI) by sex, age and educational attainment level"
97,body,"Body mass index (BMI) by sex, age and income quintile"
98,breast,Breast cancer and cervical cancer screenings - historical data
99,bribery,Bribery by legal status and sex of the person involved
100,broadband,Broadband internet coverage by speed
101,building,Building permits - annual data
101,building,Building permits - monthly data
102,buses,Buses and coaches traffic performance registered in the reporting country by transport covarage
104,demography by size class and nace rev 2 activity,Business demography by size class and NACE Rev. 2 activity
105,written in non eea countries,Business written in non-EEA countries
106,co2,CO2 emissions from the production and consumption (footprint) perspectives (FIGARO application)
107,capital,Capital account - annual data
109,merchant ships of 1000 grt and over by vessel type,Carrying capacity of merchant ships of 1000 grt and over by vessel type
110,pipelines operated,Carrying capacity of pipelines operated
111,the inland waterway transport enterprises vessels by number of vessels in enterprises,Carrying capacity of the inland waterway transport enterprises vessels by number of vessels in enterprises -
112,catches,Catches - north-west Pacific
112,catches,Catches - west-central Pacific
112,catches,Catches in all fishing regions
114,crude death rate by nuts 2 region of residence,Causes of death - crude death rate by NUTS 2 region of residence
115,potential years of life lost by residence,Causes of death - potential years of life lost by residence
116,by sex,"Causes of death, by sex"
117,central,Central government bond yields - annual data
117,central,Central government bond yields - monthly data
117,central,Central government bond yields - quarterly data
118,cereals,"Cereals for the production of grain (including seed) by area, production and humidity"
119,change,"Change of immigration status permits by age, sex and citizenship"
120,child,Child specific material deprivation rate by age (children aged less than 16 years)
120,child,Child specific material deprivation rate by educational attainment level of their parents (children aged less than 16 years)
120,child,Child specific material deprivation rate by household composition (children aged less than 16 years)
121,children,Children at risk of poverty or social exclusion
122,0 to 17,"Children (aged 0 to 17) having neither a bath, nor a shower in their dwelling - EU-SILC survey"
122,0 to 17,Children (aged 0 to 17) not having indoor flushing toilet for the sole use of their household - EU-SILC survey
125,at risk of poverty or social exclusion eu2030 target,Children (aged less than 18) at risk of poverty or social exclusion - EU2030 target
126,living in households with very low work intensity by sex,Children (aged less than 18) living in households with very low work intensity by sex
127,3 years in formal childcare,Children aged less than 3 years in formal childcare
128,cared only by their parents by age group over the population of each age group eu silc survey,Children cared only by their parents by age group - % over the population of each age group - EU-SILC survey
129,having one of their parents living outside the household,Children having one of their parents living outside the household
130,with unmet needs for medical examination or treatment by specific reason,Children with unmet needs for medical examination or treatment by specific reason
131,circular,Circular material use rate
131,circular,Circular material use rate by material type
132,classroom,"Classroom teachers working full-time and part-time in primary, lower-secondary and upper-secondary education - as % of total active population"
133,climate,Climate related economic losses – values at constant prices
134,collection,Collection of cow's milk
136,aircraft fleet by,Commercial aircraft fleet by age of aircraft and country of operator
136,aircraft fleet by,Commercial aircraft fleet by age of aircraft and country of registration
136,aircraft fleet by,Commercial aircraft fleet by type of aircraft
137,airports by type,Commercial airports by type
138,commissions,Commissions payable by product
138,commissions,Commissions receivable by product
139,common,Common bird index by type of species - aggregate
139,common,Common bird indices by type of estimate
139,common,Common farmland bird index
141,communication,Communication
142,debts,Debts
143,emigration,Emigration
144,employment,Employment
145,erosion,Erosion
146,immigration,Immigration
147,landuse,Landuse
148,literacy,Literacy
149,livestock,Livestock
150,trams,Trams
151,wages,Wages
152,area,area
153,community,Community design applications
153,community,Community design applications by metropolitan regions
153,community,Community design applications by other typologies
153,community,Community design applications by type of design
153,community,Community design applications per billion GDP
153,community,Community design applications per million population
153,community,Community design applications per million population by metropolitan regions
153,community,Community design applications per million population by other typologies
153,community,Community designs by metropolitan regions
153,community,Community designs by other typologies
153,community,Community designs filed
153,community,Community designs per million population by metropolitan regions
153,community,Community designs per million population by other typologies
154,comparative,Comparative price levels
155,compensation,Compensation of employees
155,compensation,"Compensation of employees - annual data, million units of national currency"
156,composition,Composition of municipal waste
157,concentration,Concentration of multinational enterprise groups by NACE Rev.2 activity - experimental statistics
158,confidence,Confidence indicators by sector
159,consolidated,"Consolidated banking leverage, domestic and foreign entities (asset-to-equity multiple)"
160,consultation,Consultation of a dentist per inhabitant
160,consultation,Consultation of a medical doctor (in private practice or as outpatient) per inhabitant – historical data
160,consultation,Consultation of a medical doctor per inhabitant
161,consumer,Consumer price index
163,footprint single weighted score,Consumption footprint – single weighted score
165,antibiotics in the community and hospital sectors defined daily doses ddd per day,Consumption of antibiotics in the community and hospital sectors – defined daily doses (DDD) per day
166,chemicals by hazardousness aggregate,Consumption of chemicals by hazardousness - aggregate
167,lightweight plastic carrier bags by their wall thickness,Consumption of lightweight plastic carrier bags by their wall thickness
168,container,Container transport by type of goods and coverage
170,of recycled materials to raw materials demand end of life recycling input rates eol rir,Contribution of recycled materials to raw materials demand - end-of-life recycling input rates (EOL-RIR)
171,to the international 100bn usd commitment on climate related expending,Contribution to the international 100bn USD commitment on climate related expending
172,convergence,Convergence indicators
173,conversion,Conversion factors for euro fixed series into euro/ECU - annual data
174,cooling,Cooling and heating degree days by country - annual data
175,correction,Correction coefficients in the European Union (Countries) - index = 100)
175,correction,Correction coefficients in the European Union (Duty stations) - index (Brussels = 100)
175,correction,Correction coefficients outside the European Union (Duty stations) - index (Brussels = 100)
176,corruption,Corruption Perceptions Index
178,gross weight of goods,Country level - gross weight of goods handled in all ports
178,gross weight of goods,Country level - gross weight of goods handled in main ports
178,gross weight of goods,Country level - gross weight of goods transported to/from main ports
179,passengers embarked and disembarked in all ports,Country level - passengers embarked and disembarked in all ports
180,volume in teus of containers handled in main ports by loading status,"Country level - volume (in TEUs) of containers handled in main ports, by loading status"
181,crimes,Crimes recorded by the police
181,crimes,Crimes recorded by the police: homicide in cities
182,crop,Crop output - basic and producer prices
182,crop,Crop production
183,crude,Crude divorce rate
183,crude,Crude marriage rate
184,rate of birth of dead and of population change,"Crude rate of birth, of dead and of population change"
185,cultural,Cultural employment by sex
188,balance,Current account balance - 3 year average
188,balance,Current account balance - annual data
189,transactions,"Current account transactions - credits, debits and balance"
189,transactions,"Current account transactions - goods: credits, debits and balance"
189,transactions,"Current account transactions - primary income: credits, debits and balance"
189,transactions,"Current account transactions - secondary income: credits, debits and balance"
189,transactions,"Current account transactions - services: credits, debits and balance"
190,depressive symptoms by sex age and,"Current depressive symptoms by sex, age and educational attainment level"
190,depressive symptoms by sex age and,"Current depressive symptoms by sex, age and income quintile"
191,level of capacity utilization in manufacturing industry,Current level of capacity utilization in manufacturing industry
192,customers,Customers by type of district network and efficiency of network
194,consumption of fruit and vegetables by sex age and educational attainment level,"Daily consumption of fruit and vegetables by sex, age and educational attainment level"
195,smokers of cigarettes by sex age and,"Daily smokers of cigarettes by sex, age and educational attainment level"
195,smokers of cigarettes by sex age and,"Daily smokers of cigarettes by sex, age and income quintile"
197,money market interest rates,Day-to-day money market interest rates
198,rates for euro area countries,Day-to-day rates for euro area countries - annual data
198,rates for euro area countries,Day-to-day rates for euro area countries - quarterly data
199,death,"Death due to AIDS (HIV-disease), by sex"
199,death,"Death due to accidents, by sex"
199,death,"Death due to alcoholic abuse, by sex"
199,death,"Death due to cancer, by sex"
199,death,"Death due to chronic liver disease, by sex"
199,death,"Death due to diabetes mellitus, by sex"
199,death,"Death due to diseases of the nervous system, by sex"
199,death,"Death due to drugs dependence, by sex"
199,death,"Death due to homicide, assault, by sex"
199,death,"Death due to other ischaemic heart diseases, by sex"
199,death,"Death due to pneumonia, by sex"
199,death,"Death due to suicide, by sex"
199,death,"Death due to transport accidents, by sex"
201,and crude death rate,Deaths and crude death rate
202,by,Deaths by age and sex
202,by,Deaths by sex
203,of residents related to dementias including alzheimer,Deaths of residents related to dementias including Alzheimer
204,debt,Debt of the institutions
205,decisions,Decisions granting temporary protection by citizenship - per thousand persons
205,decisions,"Decisions granting temporary protection by citizenship, age and sex - annual aggregated data"
205,decisions,"Decisions granting temporary protection by citizenship, age and sex - monthly data"
205,decisions,"Decisions granting temporary protection by citizenship, age and sex - quarterly data"
206,demographic,Demographic indicators
207,departures,Departures of residents going abroad for all holidays and business
208,depth,Depth of material deprivation - EU-SILC survey
209,direct,"Direct investment - annual data, million units of national currency"
209,direct,"Direct investment abroad, main components - annual data, million units of national currency"
209,direct,"Direct investment liabilities (flows) - annual data, % of GDP"
209,direct,"Direct investment liabilities (stocks) - annual data, % of GDP"
210,disaggregated,Disaggregated final energy consumption in services – calorific values
211,discharges,Discharges from hospitals
212,dispersion,Dispersion around the at-risk-of-poverty threshold - EU-SILC survey
212,dispersion,Dispersion around the at-risk-of-poverty threshold for elderly people - EU-SILC survey
214,digital platform workers,Distribution of digital platform workers (at least one hour in the last month) by consequences of rejecting the task or service - experimental statistics
214,digital platform workers,Distribution of digital platform workers (at least one hour in the last month) by educational attainment level - experimental statistics
214,digital platform workers,Distribution of digital platform workers (at least one hour in the last month) by labour status - experimental statistics
214,digital platform workers,Distribution of digital platform workers (at least one hour in the last month) by price setting - experimental statistics
214,digital platform workers,Distribution of digital platform workers (at least one hour in the last month) by share of platform income in their earnings - experimental statistics
214,digital platform workers,Distribution of digital platform workers (at least one hour in the last month) by social insurance coverage and risk - experimental statistics
214,digital platform workers,Distribution of digital platform workers (at least one hour in the last month) by type of work assignment - experimental statistics
214,digital platform workers,Distribution of digital platform workers (at least one hour in the last month) by working hours setting - experimental statistics
214,digital platform workers,Distribution of digital platform workers (in the last 12 months) by number of hours worked in the last month - experimental statistics
215,households,Distribution of households by activity status of the reference person - experimental statistics
215,households,Distribution of households by age of the reference person - experimental statistics
215,households,Distribution of households by household size - EU-SILC survey
215,households,Distribution of households by household type - experimental statistics
215,households,Distribution of households by household type until - ECHP survey
215,households,Distribution of households with children by number of children - EU-SILC survey
216,population by household types eu silc survey,Distribution of population by household types - EU-SILC survey
217,diversity,Diversity index of energy supply
218,domestic,Domestic industrial production price index
218,domestic,Domestic producer prices - capital goods
218,domestic,Domestic producer prices - consumer durables
218,domestic,Domestic producer prices - consumer non-durables
218,domestic,Domestic producer prices - energy
218,domestic,Domestic producer prices - intermediate goods
218,domestic,Domestic producer prices - manufacturing
218,domestic,Domestic producer prices - total industry (excluding construction)
219,material consumption per capita,Domestic material consumption per capita
220,drought,Drought impact area on ecosystems
221,dry,"Dry pulses and protein crops for the production of grain (including seed and mixtures of cereals and pulses) by area, production and humidity"
222,duration,Duration of working life
223,dwellings,"Dwellings by type of ownership, type of building and occupancy status"
224,ecu,ECU/EUR exchange rates versus national currencies
225,emu,EMU convergence criterion series - annual data
225,emu,EMU convergence criterion series - quarterly data
227,leavers from education and training,Early leavers from education and training aged 18-24 by sex
227,leavers from education and training,Early leavers from education and training by sex
227,leavers from education and training,Early leavers from education and training by sex and labour status
227,leavers from education and training,"Early leavers from education and training, age group 18-24"
227,leavers from education and training,"Early leavers from education and training, by citizenship"
228,retirement among persons who receive an old age pension,Early retirement among persons who receive an old-age pension (%)
230,accounts for agriculture eaa,Economic accounts for agriculture (EAA)
231,activity,Economic activity
232,sentiment indicator,Economic sentiment indicator
233,economically,Economically inactive persons who receive a pension who would have wished to stay longer in employment (%)
234,effect,Effect of social transfers on income quintile share ratio S80/S20
234,effect,Effect of taxes and social transfers on income quintile share ratio S80/S20
234,effect,Effect of taxes on income quintile share ratio S80/S20
235,the search for information on learning possibilities,Effect of the search for information on learning possibilities
236,electricity,Electricity prices by type of user
237,emigration,Emigration by group of country of next usual residence
238,employed,Employed persons discriminated at work during the last 12 months by sex and age
238,employed,Employed persons expecting a possible loss of their job in the next 6 months by sex and age
238,employed,"Employed persons exposed to employment-related physical, psychological or sexual violence in the last 12 months by sex and age"
238,employed,Employed persons having a good relationship with their colleagues by sex and age
238,employed,Employed persons having more than one job by sex
238,employed,Employed persons having the opportunity to use their knowledge and skills in their current job by sex and age
238,employed,Employed persons having to work at very high speed or to tight deadlines by sex and age
238,employed,Employed persons participating in job-related non-formal education and training in the past 12 months by sex and age
238,employed,Employed persons perceiving that their job-related non-formal education and training helped to improve the way they work by sex and age
238,employed,Employed persons thinking that they do useful work by sex and age
238,employed,Employed persons whose job involves improving their skills by sex and age
238,employed,Employed persons whose work experience and job skills would be helpful to find another job by sex and age
238,employed,Employed persons with ICT education by sex
239,ict specialists,Employed ICT specialists - total
239,ict specialists,Employed ICT specialists by age
239,ict specialists,Employed ICT specialists by sex
240,in service sector and occupational status of recent school leavers,Employed in service sector and occupational status of recent school-leavers
241,able to,Employed persons being able to choose their methods of work or to influence their pace of work by sex and age
241,able to,Employed persons being able to influence decisions that affect their work by sex and age
242,self employed without employees by sex,Employed persons being self-employed without employees by sex
243,working,"Employed persons working at nights as a percentage of the total employment, by sex, age and professional status (%)"
243,working,"Employed persons working in the evenings as a percentage of the total employment, by sex, age and professional status (%)"
243,working,"Employed persons working on Saturdays as a percentage of the total employment, by sex, age and professional status (%)"
243,working,"Employed persons working on Sundays as a percentage of the total employment, by sex, age and professional status (%)"
245,by flexibility of their working schedule and educational attainment level 1 000,Employees by flexibility of their working schedule and educational attainment level (1 000)
246,having a good relationship with their supervisor by sex and age,Employees having a good relationship with their supervisor by sex and age
247,receiving regular feedback from their supervisor by sex and age,Employees receiving regular feedback from their supervisor by sex and age
248,contract of limited duration annual average,Employees with a contract of limited duration (annual average)
249,flexible work schedule by sex,Employees with a flexible work schedule by sex
250,domestic concept annual data,"Employees, domestic concept - annual data"
251,employment,Employment characteristics
251,employment,Employment growth (domestic concept)
251,employment,Employment rate
251,employment,"Employment rate of adults by sex, age groups, educational attainment level, number of children and age of youngest child (%)"
251,employment,"Employment rate of low skilled persons, age group 20-64"
251,employment,"Employment rate of non-EU nationals, age group 20-64"
251,employment,"Employment rate of older workers, age group 55-64"
251,employment,Employment rates 15-64 years old by sex
251,employment,"Employment rates by sex, age and educational attainment level (%)"
251,employment,"Employment rates by sex, age and other typologies"
251,employment,"Employment, domestic concept -"
251,employment,"Employment, domestic concept - annual data"
252,thousand persons by nuts 3 regions,Employment (thousand persons) by NUTS 3 regions
253,economic activity branches,Employment and economic activity branches
254,employment rates 20 64 years old by sex,Employment and employment rates 20-64 years old by sex
255,professional status,Employment by professional status
256,age group,employment by age group
257,expectations,Employment expectations by sectors
257,expectations,Employment expectations indicator
258,foreign,Employment in Foreign Affiliates of Domestic Enterprises
258,foreign,Employment in Foreign Controlled Enterprises
259,high and medium high technology manufacturing sectors and knowledge intensive service sectors,Employment in high- and medium-high technology manufacturing sectors and knowledge-intensive service sectors
260,inland waterways transport enterprises by,Employment in inland waterways transport enterprises by number of vessels in enterprises -
260,inland waterways transport enterprises by,Employment in inland waterways transport enterprises by sex -
262,age,Employment in sport by age
263,sex,Employment in sport by sex
264,sex,Employment rate by sex
265,citizenship,"Employment rate, by citizenship"
266,of recent graduates,Employment rates of recent graduates
267,end,End-stage renal failure (ESRF) patients – historical data
268,energy,Energy balance
268,energy,Energy consumption
268,energy,Energy productivity
268,energy,Energy taxes
269,historical data former methodology and source,Energy - historical data former methodology and source)
270,import dependency by products,Energy import dependency by products
271,removed from district networks by customers type of networks and efficiency of network,"Energy removed from district networks by customers, type of networks and efficiency of network"
272,self reliance,Energy self-reliance
273,enterprises,Enterprises by impact of COVID-19 on turnover and NACE rev.2 activity aggregate - experimental statistics
273,enterprises,Enterprises by international sourcing status prior to the reference period and NACE Rev.2 activity aggregate - experimental statistics
273,enterprises,Enterprises by means of services supply and NACE rev.2 activity aggregate - experimental statistics
273,enterprises,Enterprises by movement of business functions from abroad and by NACE Rev.2 activity - experimental statistics
273,enterprises,"Enterprises by status of movement of business functions from abroad, business function and NACE Rev.2 activity - experimental statistics"
273,enterprises,Enterprises by type of buyer power asymmetry in the global value chain and NACE rev.2 activity aggregate - experimental statistics
273,enterprises,Enterprises by type of supplier power asymmetry in the global value chain and NACE rev.2 activity aggregate - experimental statistics
273,enterprises,Enterprises employing IVT participants by NACE Rev. 1.1 activity - % of all enterprises
273,enterprises,Enterprises employing IVT participants by NACE Rev. 2 activity - % of all enterprises
273,enterprises,Enterprises employing IVT participants by size class - % of all enterprises
274,sourcing status and enterprise group identification collection round experimental statistics,Enterprises by sourcing status and enterprise group identification - collection round - experimental statistics
275,movement of business functions from abroad and by nace rev 2 activity experimental statistics,Enterprises by type of movement of business functions from abroad and by NACE Rev.2 activity - experimental statistics
276,having received orders online at least 1 of enterprises,Enterprises having received orders online (at least 1%) - % of enterprises
277,in wholesale trade repair of vehicles and motorcycles nace rev 2 g changes in stocks,"Enterprises in wholesale trade, repair of vehicles and motorcycles (NACE Rev.2, G) - changes in stocks"
278,sourcing abroad,Enterprises sourcing abroad
279,using software solutions like crm to analyse information about clients for marketing purposes,"Enterprises using software solutions, like CRM to analyse information about clients for marketing purposes"
280,with members in other countries,Enterprises with members in other countries
282,protection investments of total economy,Environmental protection investments of total economy
283,tax revenues,Environmental tax revenues
284,equidae,Equidae - annual data
286,average age of young people leaving the parental household by sex,Estimated average age of young people leaving the parental household by sex
287,soil loss by water erosion by land cover type,Estimated soil loss by water erosion by land cover type
288,trends in,"Estimated trends in fish stock biomass, by fishing areas"
288,trends in,"Estimated trends in fishing pressure, by fishing area"
289,eu,"Eu level - gross weight of goods handled in main ports, by direction"
289,eu,"Eu level - gross weight of goods handled in main ports, by type of cargo"
289,eu,"Eu level - gross weight of goods handled in main ports, by type of traffic"
289,eu,"Eu level - gross weight of goods handled in main ports, by various types of partner geographical areas"
290,euro,"Euro yield curve by maturity (1, 5 and 10 years)"
290,euro,Euro yield curves - annual data
290,euro,Euro/ECU exchange rates - annual data
290,euro,Euro/national currency exchange rates
291,zone business climate indicator monthly data,Euro-zone Business Climate Indicator - monthly data
292,european,European Union trade mark (EUTM) applications
292,european,European Union trade mark (EUTM) applications by nature of the trade mark
292,european,European Union trade mark (EUTM) applications by type of the trade mark
292,european,European Union trade mark (EUTM) applications per billion GDP
292,european,European Union trade mark (EUTM) applications per million population
294,partnered women who have experienced violence by an intimate partner,Ever-partnered women who have experienced violence by an intimate partner and consequences of violence
294,partnered women who have experienced violence by an intimate partner,"Ever-partnered women who have experienced violence by an intimate partner, by age group"
294,partnered women who have experienced violence by an intimate partner,"Ever-partnered women who have experienced violence by an intimate partner, by country of birth"
294,partnered women who have experienced violence by an intimate partner,"Ever-partnered women who have experienced violence by an intimate partner, by degree of urbanisation"
294,partnered women who have experienced violence by an intimate partner,"Ever-partnered women who have experienced violence by an intimate partner, by level of disability (activity limitation)"
294,partnered women who have experienced violence by an intimate partner,"Ever-partnered women who have experienced violence by an intimate partner, by level of education"
294,partnered women who have experienced violence by an intimate partner,"Ever-partnered women who have experienced violence by an intimate partner, by occurrence of the last episode"
294,partnered women who have experienced violence by an intimate partner,"Ever-partnered women who have experienced violence by an intimate partner, by person/support service to whom violence was reported"
294,partnered women who have experienced violence by an intimate partner,"Ever-partnered women who have experienced violence by an intimate partner, by type and frequency of violence"
294,partnered women who have experienced violence by an intimate partner,"Ever-partnered women who have experienced violence by an intimate partner, by type of violence"
295,working women who have experienced sexual harassment at work by,"Ever-working women who have experienced sexual harassment at work, by age group"
295,working women who have experienced sexual harassment at work by,"Ever-working women who have experienced sexual harassment at work, by frequency"
295,working women who have experienced sexual harassment at work by,"Ever-working women who have experienced sexual harassment at work, by occurrence of the last episode"
295,working women who have experienced sexual harassment at work by,"Ever-working women who have experienced sexual harassment at work, by person/support service to whom violence was reported during last year"
295,working women who have experienced sexual harassment at work by,"Ever-working women who have experienced sexual harassment at work, by type of male perpetrator"
296,excess,Excess mortality by month
297,exchange,Exchange rates
298,expected,Expected school years of pupils and students by education level
299,expenditure,Expenditure on pensions
299,expenditure,Expenditure on public educational institutions - as % of total or current expenditure
300,education in constant prices,Expenditure on education in constant prices
301,inland waterway transport infrastructure and freight vessels,Expenditure on inland waterway transport infrastructure and freight vessels
302,road transport vehicles and road infrastructure,Expenditure on road transport vehicles and road infrastructure
303,rolling stock and railway infrastructure,Expenditure on rolling stock and railway infrastructure
304,social,Expenditure on social protection
304,social,Expenditure on social protection per inhabitant
304,social,expenditure on social benefits
304,social,expenditure on social protection by type
304,social,expenditure on social protection per head of population. ECU/EUR
305,administration costs,expenditure on administration costs
307,market shares,Export market shares - 3 years % change
307,market shares,Export market shares by items - % of world total
307,market shares,Export market shares by items - 1 year % change
307,market shares,Export market shares in volume
308,to import ratio,Export to import ratio
310,electricity monthly data,Exports - electricity - monthly data
311,of,Exports of goods - chemicals and related products
311,of,"Exports of goods - food, drinks and tobacco"
311,of,Exports of goods - machinery and transport equipment
311,of,"Exports of goods - mineral fuels, lubricants and related materials"
311,of,Exports of goods - other manufactured products
311,of,Exports of goods - raw materials
311,of,Exports of goods - total
311,of,Exports of goods and services in % of GDP
311,of,"Exports of high technology products as a share of total exports, SITC Rev. 4 - %"
312,exposure,Exposure of VET graduates to work-based learning
313,external,"External balance of goods and services, current prices"
314,extra,"Extra-EU27 (from trade, by Member State, total product"
314,extra,"Extra-EU27 (from trade, by product group"
314,extra,"Extra-euro area trade, by main partners, total product"
314,extra,"Extra-euro area trade, by product group"
315,fdi,"FDI flows intensity, market integration"
316,family,Family nuclei by number of children
317,farm,Farm labour force
318,fat,Fat contents and protein contents (cow's milk) - annual data
319,fatal,"Fatal accidents at work per 100 000 workers, by sex"
321,school management personnel as of total school management personnel by education level,"Female school-management personnel - as % of total school-management personnel, by education level"
322,tertiary education graduates in stem education fields of all tertiary education graduates in stem education fields,Female tertiary education graduates in STEM education fields - % of all tertiary education graduates in STEM education fields
324,indicators by nuts 3 region,Fertility indicators by NUTS 3 region
325,rate,fertility rate
326,fetal,"Fetal, peri- and neonatal mortality rates by country of occurrence"
327,final,Final consumption expenditure
327,final,Final consumption expenditure of general government
327,final,"Final consumption expenditure of households and NPISH, current prices"
327,final,"Final consumption expenditure of households and NPISH, volumes"
327,final,Final consumption expenditure of households and non-profit institutions serving households
327,final,Final consumption expenditure of households and non-profit institutions serving households - annual data
328,decisions on asylum applicationsby type of decision annual data,Final decisions on asylum applicationsby type of decision - annual data
329,energy consumption,Final energy consumption
329,energy consumption,Final energy consumption in households per capita
330,agriculture forestry per hectare of utilised agricultural area,Final energy consumption by agriculture/forestry per hectare of utilised agricultural area
331,sector,Final energy consumption by sector
333,account annual data,Financial account - annual data
334,accounts for institutions,Financial accounts for institutions
335,aid to students,Financial aid to students
335,aid to students,Financial aid to students by education level - as % of total public expenditure
336,derivatives and employee stock options annual data million units of national currency,"Financial derivatives and employee stock options - annual data, million units of national currency"
338,leverage debt to equity non consolidated,"Financial sector leverage (debt to equity), non-consolidated - %"
339,liabilities,"financial sector liabilities, consolidated"
339,liabilities,"financial sector liabilities, non-consolidated - annual data"
341,instance decisions on asylum applications by type of decision annual aggregated data,First instance decisions on asylum applications by type of decision - annual aggregated data
342,permits by reason,First permits by reason
343,residence permits,First residence permits - per thousand persons
343,residence permits,First residence permits by reasons - % of total first residence permits
344,time asylum,First-time asylum applicants - % of total asylum applicants
344,time asylum,First-time asylum applicants - per thousand persons
344,time asylum,First-time asylum applications of unaccompanied minors - % of total first-time asylum applications of minors
345,fish,Fish catches
345,fish,Fish catches by fishing areas
346,fishing,"Fishing Fleet, Number of Vessels"
346,fishing,"Fishing fleet, total tonnage"
347,food,Food waste
348,foreign,Foreign-born population
349,forest,Forest and irrigated land
350,formal,Formal child care by duration and age group
351,former,Former euro area national currencies vs. euro/ECU - annual data
352,freight,Freight and mail air transport (including national transport)
352,freight,Freight and mail air transport over national territory (including territorial sea) - million tonne-km
353,frequency,"Frequency of alcohol consumption by sex, age and educational attainment level"
353,frequency,"Frequency of heavy episodic drinking by sex, age and educational attainment level"
353,frequency,"Frequency of heavy episodic drinking by sex, age and income quintile"
354,internet use by individuals aged 16 74,Frequency of internet use by individuals aged 16-74
356,vegetables and strawberries by area,Fresh vegetables and strawberries by area
357,water abstraction by source per capita m per capita,Fresh water abstraction by source per capita - m³ per capita
358,freshwater,Freshwater abstraction
359,gdp,GDP deflator
360,per capita in pps,GDP per capita in PPS
361,weights used in the calculation of the global specific indicator,GDP weights used in the calculation of the global specific indicator
362,ghg,GHG (Green House Gases) emissions
363,gni,GNI (gross national income) per capita in PPS
364,gas,Gas prices by type of user
365,gender,Gender coverage rate in pension by age group – EU-SILC survey
365,gender,Gender differences in the aggregate replacement ratio for pensions (excluding other social benefits) - EU-SILC survey
365,gender,Gender differences in the at-risk-of-poverty rate by age - EU-SILC survey
365,gender,Gender differences in the relative income of elderly people (65+) - EU-SILC survey
365,gender,Gender differences in the relative income of older people - EU-SILC survey
365,gender,Gender employment gap
365,gender,Gender employment gap by degree of urbanisation
365,gender,"Gender employment gap, by type of employment"
365,gender,Gender gap in part-time employment
365,gender,Gender overall earnings gap
365,gender,Gender pay gap in unadjusted form
365,gender,Gender pay gap in unadjusted form -
365,gender,"Gender pay gap in unadjusted form by age - NACE Rev. 2 activity (B-S except O), structure of earnings survey methodology"
365,gender,"Gender pay gap in unadjusted form by type of ownership of the economic activity - NACE Rev. 2 activity (B-S except O), structure of earnings survey methodology"
365,gender,"Gender pay gap in unadjusted form by working time - NACE Rev. 2 activity (B-S except O), structure of earnings survey methodology"
365,gender,Gender pension gap by age group – EU-SILC survey
366,parity index by education level,Gender parity index by education level
368,education,General education
369,government,General government deficit (-) and surplus (+) - annual data
369,government,General government deficit (-) and surplus (+) - quarterly data
369,government,General government deficit/surplus
369,government,General government expenditure by function
369,government,General government gross debt
369,government,"General government gross debt (EDP concept), consolidated - annual data"
369,government,General government gross debt - annual data
369,government,General government gross debt - quarterly data
369,government,General government gross fixed capital formation - annual data
369,government,general government expenditure
369,government,general government revenue
370,employment,General government employment
371,total expenditure on law courts,General government total expenditure on law courts
372,indicators,General indicators
373,generation,Generation of municipal waste per capita
373,generation,Generation of packaging waste per capita
373,generation,Generation of plastic packaging waste per capita
373,generation,Generation of waste by hazardousness
373,generation,Generation of waste by households
373,generation,Generation of waste by sector
373,generation,Generation of waste excluding major mineral wastes per GDP unit
374,gini,Gini coefficient of equivalised disposable income
374,gini,Gini coefficient of equivalised disposable income before social transfers (pensions excluded from social transfers)
374,gini,Gini coefficient of equivalised disposable income before social transfers (pensions included in social transfers)
374,gini,Gini coefficient of equivalised disposable income by age
374,gini,Gini coefficient of equivalised disposable income for children aged less than 18
374,gini,Gini coefficient on household population - experimental statistics
375,global,Global mean surface seawater acidity
376,goods,Goods road transport enterprises by employment size classes
376,goods,Goods road transport enterprises by number of vehicles
376,goods,Goods transport by inland waterways
376,goods,Goods transport by rail
376,goods,Goods transport by road
376,goods,Goods transported
377,passenger train traffic performance,Goods and passenger train traffic performance
378,services imports and exports,"Goods and services, imports and exports"
379,detailed reporting only quarterly data,Goods transported (detailed reporting only ) - Quarterly data
380,by type of consignment,Goods transported by type of consignment
382,bond yields 10 years maturity,Government bond yields - 10 years' maturity
382,bond yields 10 years maturity,"Government bond yields, 10 years' maturity - annual data"
382,bond yields 10 years maturity,"Government bond yields, 10 years' maturity - monthly data"
383,deficit surplus and debt,Government deficit/surplus and debt
384,final consumption expenditure,"Government final consumption expenditure, current prices"
384,final consumption expenditure,"Government final consumption expenditure, volumes"
385,support to agricultural research and development,Government support to agricultural research and development
386,graduates,Graduates at doctoral level by sex and age groups - per 1000 of population aged 25-34
386,graduates,"Graduates at doctoral level, in science, math., computing, engineering, manufacturing, construction, by sex - per 1000 of population aged 25-34"
386,graduates,Graduates in tertiary education by education level – women per 100 men
387,grain,"Grain maize and corn-cob-mix by area, production and humidity"
388,grapes,Grapes by production
389,grassland,Grassland butterfly index - aggregate
391,bond issuance by,Green bond issuance by corporates and governments
391,bond issuance by,Green bond issuance by type of issuer
392,maize by area production and humidity,"Green maize by area, production and humidity"
393,greenhouse,Greenhouse gas emissions from agriculture
393,greenhouse,Greenhouse gases emissions from production activities
394,gross,Gross national income
394,gross,Gross value added
394,gross,Gross value added - NACE Rev. 2: - current prices
394,gross,Gross value added - NACE Rev. 2: - volumes
394,gross,Gross value added - NACE Rev. 2: A - current prices
394,gross,Gross value added - NACE Rev. 2: A - volumes
394,gross,Gross value added - NACE Rev. 2: B-E - current prices
394,gross,Gross value added - NACE Rev. 2: B-E - volumes
394,gross,Gross value added - NACE Rev. 2: C - current prices
394,gross,Gross value added - NACE Rev. 2: C - volumes
394,gross,Gross value added - NACE Rev. 2: F - current prices
394,gross,Gross value added - NACE Rev. 2: F - volumes
394,gross,Gross value added - NACE Rev. 2: G-I - current prices
394,gross,Gross value added - NACE Rev. 2: G-I - volumes
394,gross,Gross value added - NACE Rev. 2: J - current prices
394,gross,Gross value added - NACE Rev. 2: J - volumes
394,gross,Gross value added - NACE Rev. 2: K - current prices
394,gross,Gross value added - NACE Rev. 2: K - volumes
394,gross,Gross value added - NACE Rev. 2: L - current prices
394,gross,Gross value added - NACE Rev. 2: L - volumes
394,gross,Gross value added - NACE Rev. 2: M_N - current prices
394,gross,Gross value added - NACE Rev. 2: M_N - volumes
394,gross,Gross value added - NACE Rev. 2: O-Q - current prices
394,gross,Gross value added - NACE Rev. 2: O-Q - volumes
394,gross,Gross value added - NACE Rev. 2: R-U - current prices
394,gross,Gross value added - NACE Rev. 2: R-U - volumes
394,gross,Gross value added by industry
395,capital formation,Gross capital formation
396,debt to income ratio of households,Gross debt-to-income ratio of households
397,disposable income,Gross disposable income
398,expenditure on,Gross domestic expenditure on R&D (GERD)
398,expenditure on,Gross domestic expenditure on research and development (R&D)
399,product,Gross domestic product
399,product,Gross domestic product (GDP) at current market prices by NUTS 3 regions
399,product,Gross domestic product (GDP) at current market prices by other typologies
399,product,Gross domestic product at market prices
399,product,Gross domestic product at market prices by expenditure
399,product,"Gross domestic product, current prices"
399,product,"Gross domestic product, volumes"
400,external debt of the whole economy,Gross external debt of the whole economy
400,external debt of the whole economy,"Gross external debt of the whole economy, relative to exports of goods and services"
401,fixed capital formation,Gross fixed capital formation (investments)
401,fixed capital formation,Gross fixed capital formation at current prices
401,fixed capital formation,"Gross fixed capital formation, current prices"
401,fixed capital formation,"Gross fixed capital formation, volumes"
402,non performing loans domestic and foreign entities of gross loans,"Gross non-performing loans, domestic and foreign entities - % of gross loans"
403,saving,Gross saving
404,at basic prices by nuts 3 regions,Gross value added at basic prices by NUTS 3 regions
405,in environmental goods and services sector,Gross value added in environmental goods and services sector
406,of the agricultural industry basic and producer prices,Gross value added of the agricultural industry - basic and producer prices
407,weight of,Gross weight of dry bulk goods transported in short sea shipping from/to the top 5 ports for dry bulk goods
407,weight of,Gross weight of goods handled
407,weight of,Gross weight of goods handled in all ports by direction
407,weight of,Gross weight of goods handled in the top 20 ports by direction
407,weight of,Gross weight of goods in Ro-ro units transported in short sea shipping from/to the top 5 ports for goods in Ro-ro units
407,weight of,Gross weight of goods in containers transported in short sea shipping from/to the top 5 ports for goods in containers
407,weight of,Gross weight of liquid bulk goods transported in short sea shipping from/to the top 5 ports for liquid bulk goods
408,guest,Guest nights spent at short-stay accommodation offered via collaborative economy platforms by mode of accommodation - experimental statistics
408,guest,Guest nights spent at short-stay accommodation offered via collaborative economy platforms by size class of accommodation - experimental statistics
409,hicp,HICP - all items
409,hicp,HICP - clothing
409,hicp,HICP - communications
409,hicp,HICP - education
409,hicp,HICP - energy
409,hicp,HICP - food
409,hicp,"HICP - food, alcohol and tobacco"
409,hicp,HICP - health
409,hicp,HICP - hotels and restaurants
409,hicp,HICP - household equipment
409,hicp,HICP - housing
409,hicp,HICP - miscellaneous goods and services
409,hicp,HICP - non-energy industrial goods
409,hicp,HICP - services
409,hicp,HICP - transport
410,alcohol and tobacco,HICP - alcohol and tobacco
411,annual average indices,HICP - all items - annual average indices
412,excluding,HICP - all items excluding energy
412,excluding,HICP - all items excluding energy and seasonal food
412,excluding,HICP - all items excluding energy and unprocessed food
412,excluding,"HICP - all items excluding energy, food, alcohol and tobacco"
412,excluding,HICP - all items excluding tobacco
413,country weights,HICP - country weights
414,inflation rate,HICP - inflation rate
415,recreation and culture,HICP - recreation and culture
417,passenger railway vehicle traffic performance by type of railway vehicle speed seat km until,Hauled passenger railway vehicle traffic performance by type of railway vehicle speed - seat km (until
418,vehicle traffic performance tkm until,Hauled vehicle traffic performance - tkm (until
420,care expenditure,Health care expenditure as a share of GDP
420,care expenditure,Health care expenditure by financing scheme
420,care expenditure,Health care expenditure by function
421,graduates,Health graduates
422,impacts of air pollution,Health impacts of air pollution
423,personnel,Health personnel
424,healthy,Healthy life years -
424,healthy,Healthy life years at 65 - females
424,healthy,Healthy life years at 65 - males
424,healthy,Healthy life years at age 65 by sex
424,healthy,Healthy life years at birth by sex
424,healthy,Healthy life years by sex (from onwards)
426,speed internet coverage by type of area,"High-speed internet coverage, by type of area"
427,tech exports,High-tech exports
427,tech exports,High-tech exports - Exports of high technology products as a share of total exports (from SITC Rev. 4)
428,higher,Higher education
429,hospital,Hospital beds
431,spent in cvt courses by,Hours spent in CVT courses by NACE Rev. 1.1 activity - hours per 1000 hours worked in all enterprises
431,spent in cvt courses by,Hours spent in CVT courses by NACE Rev. 1.1 activity - hours per 1000 hours worked in enterprises providing CVT courses
431,spent in cvt courses by,Hours spent in CVT courses by NACE Rev. 1.1 activity - hours per participant
431,spent in cvt courses by,Hours spent in CVT courses by NACE Rev. 1.1 activity - hours per person employed in all enterprises
431,spent in cvt courses by,Hours spent in CVT courses by NACE Rev. 1.1 activity - hours per person employed in enterprises providing CVT courses
431,spent in cvt courses by,Hours spent in CVT courses by NACE Rev. 2 activity - hours per 1000 hours worked in all enterprises
431,spent in cvt courses by,Hours spent in CVT courses by NACE Rev. 2 activity - hours per 1000 hours worked in enterprises providing CVT courses
431,spent in cvt courses by,Hours spent in CVT courses by NACE Rev. 2 activity - hours per participant
431,spent in cvt courses by,Hours spent in CVT courses by NACE Rev. 2 activity - hours per person employed in all enterprises
431,spent in cvt courses by,Hours spent in CVT courses by NACE Rev. 2 activity - hours per person employed in enterprises providing CVT courses
431,spent in cvt courses by,Hours spent in CVT courses by size class - hours per 1000 hours worked in all enterprises
431,spent in cvt courses by,Hours spent in CVT courses by size class - hours per 1000 hours worked in enterprises providing CVT courses
431,spent in cvt courses by,Hours spent in CVT courses by size class - hours per participant
431,spent in cvt courses by,Hours spent in CVT courses by size class - hours per person employed in all enterprises
431,spent in cvt courses by,Hours spent in CVT courses by size class - hours per person employed in enterprises providing CVT courses
431,spent in cvt courses by,Hours spent in CVT courses by type of course and NACE Rev. 1.1 activity - % of total hours spent in CVT courses
432,worked per week of full time employment,Hours worked per week of full-time employment
433,house,House price index - annual data
433,house,House price index - quarterly data
433,house,House price index = 100) - quarterly data
433,house,"House price index, deflated - annual data"
433,house,"House price index, deflated - quarterly data"
433,house,House sales - number and index annual data
433,house,House sales - value and index annual data
434,item weights,House price index - Item weights
436,composition by size,Household composition by size
437,consumption volumes of,Household consumption volumes of electricity by consumption bands
437,consumption volumes of,Household consumption volumes of gas by consumption bands
438,debt consolidated including non profit institutions serving households of gdp,"Household debt, consolidated including Non-profit institutions serving households - % of GDP"
439,saving rate,Household saving rate
440,households,Households - availability of computers
440,households,Households - level of internet access
441,by size number of persons,Households by size (number of persons)
442,investment rate,Households investment rate
443,maintaining the same standard of living using savings by duration and risk of poverty threshold,Households maintaining the same standard of living using savings by duration and risk of poverty threshold
444,that have internet access at home by nuts 2 regions,Households that have internet access at home by NUTS 2 regions
446,access to secure tenure by simplified degree of urbanisation,Households with access to secure tenure by simplified degree of urbanisation
447,sustainable access to improved sanitation by simplified degree of urbanisation,Households with sustainable access to improved sanitation by simplified degree of urbanisation
448,housing,Housing deprivation rate by number of item - EU-SILC survey
449,cost overburden rate,Housing cost overburden rate
449,cost overburden rate,Housing cost overburden rate by NUTS regions
449,cost overburden rate,Housing cost overburden rate by age group - EU-SILC survey
449,cost overburden rate,Housing cost overburden rate by degree of urbanisation - EU-SILC survey
449,cost overburden rate,Housing cost overburden rate by household type - EU-SILC survey
449,cost overburden rate,Housing cost overburden rate by income quintile - EU-SILC survey
449,cost overburden rate,Housing cost overburden rate by poverty status
449,cost overburden rate,Housing cost overburden rate by poverty status - EU-SILC survey
449,cost overburden rate,Housing cost overburden rate by sex - EU-SILC survey
449,cost overburden rate,Housing cost overburden rate by tenure status - EU-SILC survey
450,units by type,Housing units by type
450,units by type,Housing units by type of building
451,human,Human resources in science and technology (HRST)
452,immigration,Immigration by broad group of country of previous residence
453,implicit,Implicit tax rate on energy
455,dependency on third countries by fuel type,Import dependency on third countries by fuel type
456,prices,Import prices - capital goods
456,prices,Import prices - consumer durables
456,prices,Import prices - consumer non-durables
456,prices,Import prices - intermediate goods
456,prices,Import prices - manufacturing
456,prices,Import prices - total industry
458,electricity monthly data,Imports - electricity - monthly data
459,of goods,Imports of goods - chemicals and related products
459,of goods,"Imports of goods - food, drinks and tobacco"
459,of goods,Imports of goods - machinery and transport equipment
459,of goods,"Imports of goods - mineral fuels, lubricants and related materials"
459,of goods,Imports of goods - other manufactured products
459,of goods,Imports of goods - raw materials
459,of goods,Imports of goods - total
459,of goods,Imports of goods and services in % of GDP
460,in,In work at-risk-of-poverty rate
460,in,In-work at-risk-of-poverty rate
460,in,In-work at-risk-of-poverty rate by educational attainment level - EU-SILC survey
460,in,In-work at-risk-of-poverty rate by full-/part-time work - EU-SILC survey
460,in,In-work at-risk-of-poverty rate by household type - EU-SILC survey
460,in,In-work at-risk-of-poverty rate by months worked - EU-SILC survey
460,in,In-work at-risk-of-poverty rate by working time - EU-SILC survey
461,sex,In-work at-risk-of-poverty rate by sex
463,afford a meal with meat chicken fish or vegetarian equivalent every second day,"Inability to afford a meal with meat, chicken, fish (or vegetarian equivalent) every second day - EU-SILC survey"
463,afford a meal with meat chicken fish or vegetarian equivalent every second day,"Inability to afford a meal with meat, chicken, fish (or vegetarian equivalent) every second day by NUTS regions"
464,face unexpected financial expenses by nuts regions,Inability to face unexpected financial expenses by NUTS regions
466,nuts regions,Inability to keep home adequately warm by NUTS regions
467,level of disability activity limitation sex and age,"Inability to keep home adequately warm by level of disability (activity limitation), sex and age"
468,inactive,"Inactive population as a percentage of the total population, by sex and age (%)"
469,incidence,"Incidence rate of accidents at work by type of workstation, NACE Rev. 1.1 activity, sex, age and severity"
470,income,Income in real terms SILC=100)
471,distribution,Income distribution
472,from intellectual property rights for computer services,Income from intellectual property rights for computer services
473,inequality for older people eu silc survey,Income inequality for older people - EU-SILC survey
474,quintile share ratio s80 s20,Income quintile share ratio (S80/S20) by sex
474,quintile share ratio s80 s20,Income quintile share ratio - S80/S20
474,quintile share ratio s80 s20,Income quintile share ratio S80/S20 by NUTS 2 regions - EU-SILC survey
475,share of the bottom 40 of the population,Income share of the bottom 40 % of the population
476,indicator,Indicator A of the income from agricultural activity
477,indicators,Indicators on health and safety at work
478,individuals,Individuals - internet activities
478,individuals,Individuals frequently using the internet
478,individuals,Individuals regularly using the internet
478,individuals,Individuals using the internet for buying goods or services
478,individuals,Individuals using the internet for doing an online course
478,individuals,Individuals using the internet for finding information about goods and services
478,individuals,Individuals using the internet for internet banking
478,individuals,Individuals using the internet for looking for a job or sending a job application
478,individuals,Individuals using the internet for participating in social networks
478,individuals,Individuals using the internet for selling goods or services
478,individuals,Individuals using the internet for sending/receiving e-mails
479,seeking health related information,Individuals using the internet for seeking health-related information
481,basic or above basic overall digital skills by sex,Individuals who have basic or above basic overall digital skills by sex
482,never used,Individuals who have never used a computer
482,never used,Individuals who have never used the internet
483,ordered goods or services over the internet for private use in the last year by nuts 2 regions,Individuals who ordered goods or services over the internet for private use in the last year by NUTS 2 regions
484,level of,Individuals' level of computer skills (until
484,level of,Individuals' level of digital skills (until
485,industrial,"Industrial and construction production volume index, calendar adjusted"
486,inequality,Inequality of income distribution
486,inequality,Inequality of income distribution S80/S20 income quintile share ratio - EU-SILC and ECHP surveys
487,infant,Infant mortality rate
487,infant,Infant mortality rate by sex
488,inland,Inland waterway transport enterprises by number of vessels -
489,inpatient,Inpatient curative care bed occupancy rate by type of care
490,intentional,Intentional homicide offences in largest cities
490,intentional,Intentional homicide victims in largest cities by sex
491,interests,Interests payable and similar charges by product
491,interests,Interests receivable and similar income by product
492,intermediate,Intermediate goods trade
492,intermediate,Intermediate services trade
493,international,International trade as a share of GDP
493,international,"International trade of and enlargement countries, by reporting country, total product"
493,international,"International trade, by reporting country, total product"
494,in services market integration indicators historical data,International trade in services - market integration indicators - historical data
495,internet,Internet use by individuals
497,eu27 from trade by member state total product,"Intra-EU27 (from trade, by Member State, total product"
498,mural business enterprise r d expenditures in foreign controlled enterprises,Intra-mural Business Enterprise R&D Expenditures in Foreign Controlled Enterprises
499,intramural,Intramural R&D expenditure (GERD) by source of funds
500,investment,Investment by institutional sectors
500,investment,Investment share of GDP by institutional sectors
501,and maintenance in oil pipeline infrastructure,Investment and maintenance in oil pipeline infrastructure
502,rate of non financial corporations,Investment rate of non-financial corporations
504,part time employment as percentage of the total part time employment by sex and age,"Involuntary part-time employment as percentage of the total part-time employment, by sex and age (%)"
505,temporary employment,Involuntary temporary employment
506,inward,Inward FDI stocks in % of GDP
508,mismatches and their labour market effects among school leavers in europe,Job mismatches and their labour market effects among school-leavers in Europe
509,vacancies in number and nace rev 2 b s quarterly data,"Job vacancies in number and % - NACE Rev. 2, B-S, quarterly data"
510,jobless,Jobless households - children
510,jobless,Jobless households by sex
511,jobs,Jobs created by NACE Rev.2 activity - experimental statistics
512,joint,Joint Index
513,labour,Labour cost index by NACE Rev. 1.1 activity - country weights
513,labour,Labour cost index by NACE Rev. 2
513,labour,Labour cost index by NACE Rev. 2 activity - country weights
513,labour,Labour costs annual data - NACE Rev. 2
513,labour,Labour productivity in GDP (constant prices) per person employed
513,labour,Labour productivity per hour worked - annual data
513,labour,Labour productivity per person employed and hour worked (EU27_2020=100)
514,force participation rate,Labour force participation rate - % of total population aged 15-64
514,force participation rate,"Labour force participation rate, aged 15-64 - annual averages"
515,input,Labour input - total industry (excluding construction)
515,input,Labour input in construction
516,market demand for ict specialists in online job advertisements by occupation isco 08 of online job advertisements for ict specialists experimental statistics,"Labour market demand for ICT specialists in online job advertisements, by occupation (ISCO-08) - % of online job advertisements for ICT specialists - experimental statistics"
518,by employment status,Labour transitions by employment status
519,from temporary to permanent contracts by sex 3 year average,Labour transitions from temporary to permanent contracts by sex -3-year average
521,covered by artificial surfaces index,Land covered by artificial surfaces - index
522,use footprints,Land use footprints
523,landfill,Landfill rate of waste excluding major mineral wastes
524,laying,Laying hens population - annual data
525,length,Length of lines
525,length,Length of motorways and e-roads
525,length,Length of other roads within/outside built-up areas
525,length,Length of paved and unpaved roads
525,length,Length of railway lines by maximum permitted speed
525,length,Length of railway lines equipped with the railway traffic management system by type of signalling
525,length,Length of railway tracks by electrification of tracks
525,length,Length of roads network
525,length,length of motorways
525,length,length of railway lines
526,navigable inland waterways by waterway type,Length of navigable inland waterways by waterway type
527,network,Length of network
528,pipelines operated,Length of pipelines operated
530,crossings by type,Level crossings by type
531,of internet access households,Level of internet access - households
532,licensed,Licensed physicians
534,expectancy,Life expectancy at birth by sex
534,expectancy,Life expectancy by age and sex
535,satisfaction by sex age educational attainment and domain,"Life satisfaction by sex, age, educational attainment and domain"
536,literacy,Literacy rate by sex and age group
537,live,Live births
537,live,Live births and crude birth rate
539,density index,Livestock density index
540,in number of heads,Livestock in number of heads
541,living,Living quarters by type of housing
543,new lorries semi trailers and trailers by type of carriage until,"Load capacity of new lorries, semi-trailers and trailers, by type of carriage (until"
544,self propelled vessels by year of construction,Load capacity of self-propelled vessels by year of construction
545,loan,Loan and deposit one year interest rate
546,loans,Loans (excluding mortgages on purchase of main residence) by income quintile
546,loans,Loans (excluding mortgages on purchase of main residence) by risk of poverty threshold
547,local,Local pollution
550,government bond yields,Long term government bond yields
551,residence permits issued during the year by age sex and citizenship,"Long-term residence permits issued during the year by age, sex and citizenship"
552,residents by age sex and citizenship on 31 december of each year,"Long-term residents by age, sex and citizenship on 31 December of each year"
553,unemployment,Long-term unemployment rates by sex
554,by sex,Long-term unemployment rate by sex
555,of active population aged 15 74,"Long-term unemployment rate, % of active population aged 15-74"
556,working hours in main job by sex age professional status and occupation,"Long working hours in main job by sex, age, professional status and occupation"
558,achieving 15 year olds in reading mathematics or science,"Low achieving 15-year-olds in reading, mathematics or science"
558,achieving 15 year olds in reading mathematics or science,"Low achieving 15-year-olds in reading, mathematics or science by sex"
559,wage earners as a proportion of all employees excluding apprentices by,Low-wage earners as a proportion of all employees (excluding apprentices) by age
559,wage earners as a proportion of all employees excluding apprentices by,Low-wage earners as a proportion of all employees (excluding apprentices) by educational attainment level
559,wage earners as a proportion of all employees excluding apprentices by,Low-wage earners as a proportion of all employees (excluding apprentices) by employment contract
559,wage earners as a proportion of all employees excluding apprentices by,Low-wage earners as a proportion of all employees (excluding apprentices) by sex
561,farm land use,Main farm land use
562,flows,Main flows
563,management,Management of waste
564,marine,Marine waters affected by eutrophication
565,maritime,Maritime goods short-sea shipping performed in the Exclusive Economic Zone of the countries
565,maritime,Maritime goods transport performed in the Exclusive Economic Zone of the countries
565,maritime,Maritime passenger transport performed in the Exclusive Economic Zone of the countries
565,maritime,Maritime traffic: passengers and freight
565,maritime,Maritime traffic: ship movements
566,accident victims by sea basin of occurrence,Maritime accident victims by sea basin of occurrence and country of registration of vessels
566,accident victims by sea basin of occurrence,"Maritime accident victims by sea basin of occurrence, country of registration of vessels and type of vessels"
567,equipment,Maritime equipment - carrying capacity of ships of 1 000 grt and over
567,equipment,Maritime equipment - carrying capacity of ships of 300 grt and over
567,equipment,Maritime equipment - number of ships of 1 000 grt and over
567,equipment,Maritime equipment - number of ships of 300 grt and over
568,infrastructure ports,Maritime transport infrastructure: ports
569,of,Maritime transport of freight by NUTS 2 regions
569,of,Maritime transport of passengers by NUTS 2 regions
571,production annual data,Market production - annual data
572,share of the largest generator in the electricity market,Market share of the largest generator in the electricity market
573,material,Material Deprivation rate by age group - EU-SILC survey
573,material,Material Deprivation rate by sex - EU-SILC survey
573,material,Material and social deprivation rate by NUTS regions
573,material,Material and social deprivation rate by age and sex
573,material,"Material and social deprivation rate by age, sex and educational attainment level"
573,material,Material and social deprivation rate by degree of urbanisation
573,material,Material and social deprivation rate by tenure status
573,material,"Material deprivation for the 'Housing' dimension, by age, sex and by number of item of deprivation - EU-SILC survey"
574,footprint,Material footprint
575,import dependency,Material import dependency
578,at first marriage by sex,Mean age at first marriage by sex
579,of women at childbirth and at birth of first child,Mean age of women at childbirth and at birth of first child
580,annual earnings by nuts 1 regions enterprises with 10 employees or more nace rev,"Mean annual earnings by NUTS 1 regions (enterprises with 10 employees or more) - NACE Rev. 1.1, C-O excluding L"
580,annual earnings by nuts 1 regions enterprises with 10 employees or more nace rev,"Mean annual earnings by NUTS 1 regions (enterprises with 10 employees or more) - NACE Rev. 2, B-S excluding O"
581,consumption expenditure,Mean consumption expenditure by number of active persons
581,consumption expenditure,Mean consumption expenditure of private households on cultural goods and services by income quintile
581,consumption expenditure,Mean consumption expenditure of private households on sporting goods and services by income quintile
581,consumption expenditure,Mean consumption expenditure per household and per adult equivalent
582,duration of commuting time one way between work and home by sex and age,Mean duration of commuting time one-way between work and home by sex and age
583,hourly earnings by nuts 1 regions enterprises with 10 employees or more nace rev,"Mean hourly earnings by NUTS 1 regions (enterprises with 10 employees or more) - NACE Rev. 1.1, C-O excluding L"
583,hourly earnings by nuts 1 regions enterprises with 10 employees or more nace rev,"Mean hourly earnings by NUTS 1 regions (enterprises with 10 employees or more) - NACE Rev. 2, B-S excluding O"
584,instruction hours per,Mean instruction hours per employed participant in non-formal education and training by sex and NACE Rev. 1.1 activity
584,instruction hours per,Mean instruction hours per employed participant in non-formal education and training by sex and occupation
584,instruction hours per,Mean instruction hours per participant in non-formal education and training by field of learning
584,instruction hours per,Mean instruction hours per participant in non-formal education and training by sex and age
584,instruction hours per,Mean instruction hours per participant in non-formal education and training by sex and labour status
585,number of deprivation items among the children deprived children aged less than 16 years,Mean number of deprivation items among the children deprived (children aged less than 16 years)
586,meat,Meat (total production)
586,meat,Meat production
587,median,Median relative income of elderly people (60+) - EU-SILC survey
587,median,Median relative income of elderly people - EU-SILC survey
588,age,Median age by sex
588,age,Median age of residents by sex and country of birth
589,hourly earnings all employees excluding apprentices by,"Median hourly earnings, all employees (excluding apprentices) by age"
589,hourly earnings all employees excluding apprentices by,"Median hourly earnings, all employees (excluding apprentices) by sex"
590,number of weekly hours of,Median number of weekly hours of formal care by age group - children with at least 1 hour of formal care - EU-SILC survey
590,number of weekly hours of,Median number of weekly hours of other types of care by age group - children with at least one hour of other types of care - EU-SILC survey
591,of the housing cost burden distribution by,Median of the housing cost burden distribution by age group - EU-SILC survey
591,of the housing cost burden distribution by,Median of the housing cost burden distribution by degree of urbanisation - EU-SILC survey
591,of the housing cost burden distribution by,Median of the housing cost burden distribution by poverty status - EU-SILC survey
591,of the housing cost burden distribution by,Median of the housing cost burden distribution by sex - EU-SILC survey
592,saving rate by,Median saving rate by activity status of the reference person - experimental statistics
592,saving rate by,Median saving rate by degree of urbanisation - experimental statistics
592,saving rate by,Median saving rate by household type - experimental statistics
592,saving rate by,Median saving rate by income quintile - experimental statistics
592,saving rate by,Median saving rate by the self-declared level of difficulty to make ends meet - experimental statistics
593,minimum,Minimum wages
595,shift potential of long distance road freight in containers tonne,Modal shift potential of long-distance road freight in containers - tonne
595,shift potential of long distance road freight in containers tonne,Modal shift potential of long-distance road freight in containers - tonne-kilometre
596,split of,"Modal split of air, sea and inland freight transport"
596,split of,"Modal split of air, sea and inland passenger transport"
596,split of,Modal split of inland freight transport
598,market interest rates,Money market interest rates
598,market interest rates,Money market interest rates - annual data
599,supply and official reserves,Money supply and official reserves
601,earnings by,"Monthly earnings by economic control (enterprises with 10 employed persons or more) - NACE Rev. 1.1, C-O excluding L"
601,earnings by,"Monthly earnings by economic control (enterprises with 10 employed persons or more) - NACE Rev. 2, B-S excluding O"
601,earnings by,"Monthly earnings by quantiles and contractual working time (enterprises with 10 employed persons or more) - NACE Rev. 1.1, C-O excluding L"
601,earnings by,"Monthly earnings by quantiles and contractual working time (enterprises with 10 employed persons or more) - NACE Rev. 2, B-S excluding O"
602,minimum wage as a proportion of average monthly earnings nace rev,Monthly minimum wage as a proportion of average monthly earnings (%) - NACE Rev. 1.1
602,minimum wage as a proportion of average monthly earnings nace rev,Monthly minimum wage as a proportion of average monthly earnings (%) - NACE Rev. 2 (from onwards)
603,motor,"Motor coaches, buses and trolley buses, by type of vehicle"
604,motorcycles,Motorcycles by engine size
605,multinational,Multinational enterprise groups in EU-EFTA countries by controlling country - experimental statistics
605,multinational,"Multinational enterprise groups in EU-EFTA countries by controlling country, size class and NACE Rev.2 activity - experimental statistics"
606,municipal,Municipal waste
606,municipal,Municipal waste generated
606,municipal,Municipal waste per inhabitant
608,civil servants in central public administration,National civil servants in central public administration
609,expenditure on environmental protection,National expenditure on environmental protection
610,passenger road transport performance by type of vehicles registered in the reporting country,National passenger road transport performance by type of vehicles registered in the reporting country
611,road freight transport by region of,National road freight transport by region of loading (NUTS 3) and type of goods (t) - annual data (from onwards)
611,road freight transport by region of,National road freight transport by region of unloading (NUTS 3) and type of goods (t) - annual data (from onwards)
612,natura,Natura protected areas
613,natural,Natural gas import dependency by country of origin
614,navigable,"Navigable inland waterways, by horizontal dimensions of vessels and pushed convoys"
616,lending borrowing current and capital account annual data,Net Lending/Borrowing (current and capital account) - annual data
617,enrolment rates by sex and education level,Net enrolment rates by sex and education level
618,external debt,"Net external debt - annual data, % of GDP"
618,external debt,"Net external debt - quarterly data, % of GDP"
619,international investment position,Net international investment position - annual data
619,international investment position,"Net international investment position - quarterly data, % of GDP"
619,international investment position,Net international investment position excluding non-defaultable instruments - % of GDP
620,occupancy rate of bed places and bedrooms in hotels and similar,"Net occupancy rate of bed-places and bedrooms in hotels and similar accommodation (NACE Rev. 2, I, 55.1) (from onwards)"
620,occupancy rate of bed places and bedrooms in hotels and similar,"Net occupancy rate of bed-places and bedrooms in hotels and similar accommodations (NACE Rev. 2, I, 55.1) - monthly data"
621,social protection benefits,Net social protection benefits
622,trade balance of energy products of gdp,Net trade balance of energy products - % of GDP
623,new,New lorries by alternative motor energy and load capacity of +/- 1500 kg (until
623,new,"New motor coaches, buses and trolley buses , by type of vehicles"
623,new,"New motor coaches, buses and trolley buses by type of motor energy (until"
623,new,"New passenger cars, motor coaches, buses and trolley buses by alternative motor energy (until"
623,new,New road tractors by type of motor energy (until
624,mopeds and motorcycles by type of motor energy,New mopeds and motorcycles by type of motor energy
625,motorcycles by engine size,New motorcycles by engine size
626,semi trailers and their load capacity by permissible maximum gross weight,"New semi-trailers and their load capacity, by permissible maximum gross weight"
627,special purpose road vehicles,New special purpose road vehicles
628,trailers and their load capacity,New trailers and their load capacity (until
628,trailers and their load capacity,"New trailers and their load capacity, by permissible maximum gross weight"
629,trams,New trams
630,newly,Newly employed
631,nights,Nights spent at tourism accommodation establishments
631,nights,Nights spent at tourist accommodation establishments by country/world region of residence of the tourist
631,nights,Nights spent at tourist accommodation establishments by residents/non-residents
631,nights,Nights spent at tourist accommodation establishments by residents/non-residents - monthly data
631,nights,Nights spent by type of accommodation
632,nitrate,Nitrate in groundwater
633,nitrogen,"Nitrogen dioxide concentrations in European capital cities - monthly averages, experimental statistics"
634,nominal,Nominal labour productivity per person employed
635,effective exchange rate,Nominal effective exchange rate – 42 trading partners
635,effective exchange rate,Nominal effective exchange rate – euro area trading partners
636,unit labour cost,Nominal unit labour cost growth
636,unit labour cost,Nominal unit labour cost per hour worked - 3 years % change
636,unit labour cost,"Nominal unit labour cost per hour worked - annual data, % changes and index = 100)"
638,autonomous pension funds,Non-autonomous pension funds
640,accounts for institutions,Non-financial accounts for institutions
641,corporations debt consolidated of gdp,"Non-financial corporations debt - consolidated, % of GDP"
642,household consumption volumes of,Non-household consumption volumes of electricity by consumption bands
642,household consumption volumes of,Non-household consumption volumes of gas by consumption bands
643,residents among all hospital discharges,"Non-residents among all hospital discharges, %"
645,and length of district networks by type of network and efficiency of network,Number and length of district networks by type of network and efficiency of network
648,nace rev 1 1 activity and,Number of accidents at work by NACE Rev. 1.1 activity and employment status
648,nace rev 1 1 activity and,Number of accidents at work by NACE Rev. 1.1 activity and severity
648,nace rev 1 1 activity and,Number of accidents at work by NACE Rev. 1.1 activity and size of enterprise
649,part of body injured and severity,Number of accidents at work by part of body injured and severity
650,accounts linked to cpa categories,Number of accounts linked to CPA categories
651,airports,Number of airports
652,bed places,Number of bed places in hotels and similar accommodation
652,bed places,Number of bed places in hotels and similar accomodation
652,bed places,Number of bed-places
653,bovine animals,Number of bovine animals
654,branches in non eea countries,Number of branches in non-EEA countries
655,compulsory schooling years,Number of compulsory schooling years
656,dairy cows,Number of dairy cows
657,enterprises carrying out cross border trade by,Number of enterprises carrying out cross border trade by employment size class
657,enterprises carrying out cross border trade by,Number of enterprises carrying out cross border trade by reasons for cross border trade and employment size class
657,enterprises carrying out cross border trade by,Number of enterprises carrying out cross border trade by type of cross border trade and employment size class
658,establishments and bed places,Number of establishments and bed-places
659,known species,Number of known species
660,loans and advances to customers linked to cpa categories,Number of loans and advances to customers linked to CPA categories
661,pigs,Number of pigs
662,principal ports,Number of principal ports
663,railway vehicles per type,Number of railway vehicles per type
664,sheep,Number of sheep
665,ships of,Number of ships of 1000 grt and over by type
665,ships of,Number of ships of 300 grt and over
666,work related health problems by diagnosis group sex and number of complaints per victim,"Number of work-related health problems by diagnosis group, sex and number of complaints per victim"
667,oats,"Oats and spring cereal mixtures by area, production and humidity"
668,obesity,Obesity rate by body mass index (BMI)
669,occupants,Occupants by type of housing
670,occupied,"Occupied conventional dwellings by households, by number of rooms"
670,occupied,Occupied conventional dwellings by number of rooms
670,occupied,Occupied conventional dwellings by presence of comfort characteristics
670,occupied,Occupied conventional dwellings by tenure status and amenities
670,occupied,Occupied conventional dwellings by tenure status and period of construction
671,official,Official development assistance as share of gross national income
672,oil,Oil pipeline enterprises
673,old,Old-age-dependency ratio
674,olive,Olive trees - Area by age and density classes (area in ha)
674,olive,Olive trees - Area by age classes (area in ha)
674,olive,Olive trees - Area by density classes (area in ha)
675,olives,Olives by production
676,organic,Organic production of animal products (until
676,organic,Organic production of aquaculture products
678,expenditure on social protection,Other expenditure on social protection
679,investment annual data million units of national currency,"Other investment - annual data, million units of national currency"
681,pocket expenditure on healthcare,Out-of-pocket expenditure on healthcare
682,school rate,Out-of-school rate by sex and age - as % of the population of the corresponding age
682,school rate,"Out-of-school rate in population of lower secondary school age, by sex"
682,school rate,"Out-of-school rate in population of upper secondary school age, by sex"
683,output,Output of the agricultural industry - basic and producer prices
684,outward,Outward FDI stocks in % of GDP
686,employment growth,Overall employment growth
687,life satisfaction by sex age and educational attainment,"Overall life satisfaction by sex, age and educational attainment"
688,overcrowding,Overcrowding rate by age group - EU-SILC survey
688,overcrowding,Overcrowding rate by age group - population without single-person households - EU-SILC survey
688,overcrowding,"Overcrowding rate by age, sex and poverty status - total population - EU-SILC survey"
688,overcrowding,Overcrowding rate by degree of urbanisation - EU-SILC survey
688,overcrowding,Overcrowding rate by degree of urbanisation - total population - EU-SILC survey
688,overcrowding,Overcrowding rate by household type - EU-SILC survey
688,overcrowding,Overcrowding rate by poverty status - EU-SILC survey
688,overcrowding,Overcrowding rate by poverty status - population without single-person households - EU-SILC survey
688,overcrowding,Overcrowding rate by sex - EU-SILC survey
688,overcrowding,Overcrowding rate by sex - population without single-person households - EU-SILC survey
688,overcrowding,Overcrowding rate by tenure status - EU-SILC survey
688,overcrowding,Overcrowding rate by tenure status - total population - EU-SILC survey
690,educational attainment level,Parents educational attainment level
691,spending enough time with children living with them,Parents spending enough time with children living with them
692,part,Part-time employment rate
693,participants,Participants in CVT courses by sex and size class - % of persons employed in all enterprises
693,participants,Participants in CVT courses by sex and size class - % of persons employed in enterprises providing CVT courses
694,participation,Participation in any learning activities by degree of urbanisation
694,participation,Participation in any learning activities by size of the local unit
694,participation,Participation in formal education by degree of urbanisation
694,participation,Participation in informal learning by degree of urbanisation
694,participation,Participation in job-related non-formal education and training by size of the local unit
694,participation,Participation in non-formal education and training by degree of urbanisation
694,participation,Participation in non-formal education and training by main reason for participating in the taught activity
694,participation,Participation in non-formal education and training by number of activities
694,participation,Participation in non-formal education and training within (or not) paid working hours
694,participation,Participation/ enrolment in education (ISCED 0-4)
695,nace rev 1 1 activity,Participation in any learning activities by NACE Rev. 1.1 activity
696,tourism for personal purposes of total population,Participation in tourism for personal purposes - % of total population
697,rate in education and training last 4 weeks by sex age and educational attainment level,"Participation rate in education and training (last 4 weeks) by sex, age and educational attainment level"
698,passenger,Passenger cars
698,passenger,Passenger cars - per thousand inhabitants
698,passenger,"Passenger cars in accompanied passenger car railway transport, by type of transport"
698,passenger,Passenger railway vehicles by category of vehicle (until
698,passenger,"Passenger railway vehicles, by type of vehicle"
698,passenger,Passenger road transport
699,air transport over national territory including territorial sea million passenger km,Passenger air transport over national territory (including territorial sea) - million passenger-km
700,age,Passenger cars by age
701,alternative motor energy until,Passenger cars by alternative motor energy (until
702,unloaded weight,Passenger cars by unloaded weight
703,train traffic performance by type of train speed,Passenger train traffic performance by type of train speed
704,passengers,Passengers (excluding cruise passengers) transported from/to the main ports
704,passengers,Passengers (excluding cruise passengers) transported from/to the main ports - - quarterly data
704,passengers,Passengers embarked and disembarked (excluding cruises) in all ports by direction
704,passengers,Passengers embarked and disembarked in the top 20 ports
704,passengers,"Passengers in accompanied passenger car railway transport, by type of transport"
704,passengers,Passengers transported
704,passengers,Passengers transported by type of train speed
705,patent,Patent applications to the European Patent Office by applicants' / inventors' country of residence
706,patents,Patents related to recycling and secondary raw materials
707,people,People at risk of poverty after social transfer
707,people,People at risk of poverty or social exclusion
707,people,People at risk of poverty or social exclusion by age
707,people,People at risk of poverty or social exclusion by sex
708,nuts 2 regions,People at risk of poverty or social exclusion by NUTS 2 regions
709,having a long standing illness or health problem by sex age and income quintile,"People having a long-standing illness or health problem, by sex, age and income quintile"
710,living in households with very low work intensity,People living in households with very low work intensity
711,nuts 2 regions population aged 0 to 59 years,People living in households with very low work intensity by NUTS 2 regions (population aged 0 to 59 years)
712,sex,People living in households with very low work intensity by sex
713,perceived,Perceived independence of the justice system
716,compared to corresponding period of the previous year in nights spent at tourist accommodation establishments by residents non residents monthly data,Percentage change (compared to corresponding period of the previous year) in nights spent at tourist accommodation establishments by residents/non-residents - monthly data
717,of value added by ict sector at current prices,Percentage change of value added by ICT sector at current prices
718,distribution of,Percentage distribution of assistance needed by not employed disabled people by sex
718,distribution of,Percentage distribution of assistance provided to employed disabled people by sex
718,distribution of,Percentage distribution of types of assistance needed by not employed disabled people by sex
718,distribution of,Percentage distribution of types of assistance provided to employed disabled people by sex
720,employed adults working at home by sex age groups number of children and age of youngest child,"Percentage of employed adults working at home by sex, age groups, number of children and age of youngest child"
721,households having internet access at home,Percentage of households having internet access at home
723,ict,Percentage of the ICT personnel in total employment
723,ict,Percentage of the ICT personnel on total employment
723,ict,Percentage of the ICT sector in Gross value added
724,population with at least upper secondary educational attainment age group 25 64,"Percentage of the population with at least upper secondary educational attainment, age group 25-64"
725,threatened species,Percentage of threatened species
726,perception,Perception of ever-working women as victims/non-victims of sexual harassment at work by commonness of harassment
726,perception,Perception of women as victims/non-victims of intimate partner violence by commonness of this violence against women
727,performing,"Performing (non-work-related) physical activities by sex, age and educational attainment level"
728,permanent,Permanent crops for human consumption by area
729,persistent,Persistent at-risk-of poverty rate by age group - EU-SILC survey
729,persistent,Persistent at-risk-of poverty rate by sex - EU-SILC survey
729,persistent,Persistent at-risk-of-poverty rate by sex and age - EU-SILC and ECHP surveys
730,persons,Persons having experienced housing difficulties in their life by sex and current risk of poverty or social exclusion situation
730,persons,Persons having experienced housing difficulties in their life by sex and group of country of birth
730,persons,Persons having experienced housing difficulties in their life by sex and group of current country of citizenship
730,persons,Persons having experienced housing difficulties in their life by sex and type of temporary solution (effect)
730,persons,Persons having overcome housing difficulties experienced in their life by sex and reason
730,persons,"Persons participating in any cultural or sport activities in the last 12 months by sex, age and educational attainment"
730,persons,"Persons participating in cultural or sport activities by sex, age, level of disability (activity limitation), activity type and frequency"
730,persons,"Persons participating in cultural or sport activities in the last 12 months by sex, age, educational attainment, activity type and frequency"
730,persons,"Persons participating in formal/informal voluntary activities or active citizenship by income quintile, household composition and degree of urbanisation"
730,persons,"Persons participating in formal/informal voluntary activities or active citizenship by sex, age and educational attainment"
730,persons,"Persons participating in formal/informal voluntary activities or active citizenship by sex, age, level of disability (activity limitation) and activity type"
731,monetary poverty after social transfers,Persons at risk of monetary poverty after social transfers - EU-SILC and ECHP surveys
731,monetary poverty after social transfers,Persons at risk of monetary poverty after social transfers by citizenship
732,poverty or social exclusion,Persons at risk of poverty or social exclusion
732,poverty or social exclusion,Persons at risk of poverty or social exclusion - EU2030 target
732,poverty or social exclusion,Persons at risk of poverty or social exclusion by NUTS regions
732,poverty or social exclusion,Persons at risk of poverty or social exclusion by NUTS regions - strategy
732,poverty or social exclusion,Persons at risk of poverty or social exclusion by age and sex
732,poverty or social exclusion,Persons at risk of poverty or social exclusion by degree of urbanisation
732,poverty or social exclusion,Persons at risk of poverty or social exclusion by tenure status
732,poverty or social exclusion,Persons at risk of poverty or social exclusion by tenure status - strategy
733,being happy in the last 4 weeks by sex age educational attainment and frequency,"Persons being happy in the last 4 weeks by sex, age, educational attainment and frequency"
734,brought before criminal courts by legal status of the court process,Persons brought before criminal courts by legal status of the court process
735,eligible to vote in the european parliament elections by category of voters dedicated data collection,Persons eligible to vote in the European Parliament elections by category of voters - dedicated data collection
737,in,Persons employed in aviation and airport enterprises by sex
737,in,Persons employed in goods road transport enterprises by employment size classes
737,in,Persons employed in goods road transport enterprises by sex
737,in,Persons employed in main airports by sex
737,in,Persons employed in oil pipeline enterprises by sex
737,in,Persons employed in principal railway enterprises by sex (until
738,circular economy sectors,Persons employed in circular economy sectors
739,multinational enterprise groups by size class experimental statistics,Persons employed in multinational enterprise groups by size class - experimental statistics
740,part time,Persons employed part-time -
741,feeling left out from society by sex age and level of disability activity limitation,"Persons feeling left out from society by sex, age and level of disability (activity limitation)"
742,getting together with family and relatives or friends by income quintile household composition degree of urbanisation and frequency,"Persons getting together with family and relatives or friends by income quintile, household composition, degree of urbanisation and frequency"
743,contacts with family and relatives or friends by income quintile household composition degree of urbanisation and frequency,"Persons having contacts with family and relatives or friends by income quintile, household composition, degree of urbanisation and frequency"
744,someone to,"Persons having someone to ask for help by sex, age and educational attainment"
744,someone to,"Persons having someone to discuss personal matters by sex, age and educational attainment"
745,involved in trafficking in human beings by legal status and sex,Persons involved in trafficking in human beings by legal status and sex
746,killed in road accidents,Persons killed in road accidents
746,killed in road accidents,Persons killed in road accidents by type of road
747,in households with very low work intensity by,Persons living in households with very low work intensity by NUTS regions (population aged 0 to 64 years)
747,in households with very low work intensity by,Persons living in households with very low work intensity by age and sex (population aged 0 to 64 years)
747,in households with very low work intensity by,Persons living in households with very low work intensity by degree of urbanisation (population aged 0 to 64 years) - strategy
747,in households with very low work intensity by,"Persons living in households with very low work intensity, by age group"
748,with their parents or contributing benefiting from the household income population aged 18 to 34 years,Persons living with their parents or contributing/benefiting from the household income (population aged 18 to 34 years)
749,participating in,"Persons not participating in active citizenship by sex, age and level of disability (activity limitation)"
749,participating in,"Persons not participating in cultural or sport activities in the last 12 months by income quintile, household composition, degree of urbanisation, activity type and reasons"
749,participating in,"Persons not participating in cultural or sport activities in the last 12 months by sex, age, level of disability (activity limitation), activity type and reasons"
749,participating in,"Persons not participating in formal/informal voluntary activities or active citizenship in the last 12 months by income quintile, household composition, degree of urbanisation and reasons"
749,participating in,"Persons not participating in formal/informal voluntary activities or active citizenship in the last 12 months by sex, age, educational attainment and reasons"
750,reading books in the last 12 months by sex age level of disability activity limitation and reasons,"Persons not reading books in the last 12 months by sex, age, level of disability (activity limitation) and reasons"
751,outside the labour force due to caring responsibilities by sex,Persons outside the labour force due to caring responsibilities by sex
752,owning real estate other than main residence by,Persons owning real estate other than main residence by income quantile
752,owning real estate other than main residence by,Persons owning real estate other than main residence by risk of poverty threshold
753,tourism for personal purposes number of tourists,Persons participating in tourism for personal purposes - number of tourists
754,practicing artistic activities by sex age educational attainment and frequency,"Persons practicing artistic activities by sex, age, educational attainment and frequency"
755,rating their life satisfaction as high medium or low by sex age educational attainment and domain,"Persons rating their life satisfaction as high, medium or low by sex, age, educational attainment and domain"
757,books in the last 12 months by sex age,"Persons reading books in the last 12 months by sex, age, level of disability (activity limitation) and number of books"
757,books in the last 12 months by sex age,"Persons reading books in the last 12 months by sex, age, risk of poverty or social exclusion situation and number of books"
758,newspapers in the last 12 months by sex,Persons reading newspapers in the last 12 months by sex
759,receiving benefits other than old age benefits by risk of poverty and work intensity of the household population aged 18 64,Persons receiving benefits (other than old age benefits) by risk of poverty and work intensity of the household (population aged 18-64)
760,a road traffic accident,Persons reporting a road traffic accident
761,an accident at work by sex age and professional status,"Persons reporting an accident at work by sex, age and professional status"
762,basic activity difficulty by sex age level of difficulty,"Persons reporting basic activity difficulty by sex, age, level of difficulty and degree of urbanization"
762,basic activity difficulty by sex age level of difficulty,"Persons reporting basic activity difficulty by sex, age, level of difficulty and educational attainment level"
762,basic activity difficulty by sex age level of difficulty,"Persons reporting basic activity difficulty by sex, age, level of difficulty and income quintile"
762,basic activity difficulty by sex age level of difficulty,"Persons reporting basic activity difficulty by sex, age, level of difficulty, type of basic action and risk of poverty threshold"
764,of asylum applications pending at the end of the month,Persons subject of asylum applications pending at the end of the month - monthly data
764,of asylum applications pending at the end of the month,"Persons subject of asylum applications pending at the end of the month by citizenship, age and sex - monthly data"
765,to immigration law enforcement per thousand persons,Persons subject to immigration law enforcement - per thousand persons
767,receive a pension by type of pension,"Persons who receive a pension, by type of pension (%)"
768,reduced their working hours in a move towards retirement,Persons who reduced their working hours in a move towards retirement (%)
769,with loans,Persons with loans for education purposes by risk of poverty threshold
769,with loans,Persons with loans for property purposes by risk of poverty threshold
769,with loans,"Persons with loans for purposes other than property, transport, education and daily living expenses by risk of poverty threshold"
769,with loans,Persons with loans for transport purposes by risk of poverty threshold
769,with loans,Persons with loans to cover daily living expenses by risk of poverty threshold
770,working as creative and performing artists authors journalists and linguists,"Persons working as creative and performing artists, authors, journalists and linguists"
771,pesticide,Pesticide sales by categorisation of active substances
772,phosphate,Phosphate in rivers
773,physical,Physical and sexual violence to women by age group data)
775,officers,Police officers
776,recorded offences by offence category,Police-recorded offences by offence category
777,population,"Population by educational attainment level, sex and age (%) - main indicators"
777,population,Population density
777,population,Population density by metropolitan regions
778,aged,Population aged 20-24 who completed at least an upper secondary educational attainment level (ISCED level 3) by sex
778,aged,Population aged 25 and over by sex and educational attainment level
778,aged,Population aged 30-34 who completed tertiary or equivalent education
778,aged,Population aged 30-34 with tertiary educational attainment level by sex
779,15 74 labour force survey,"Population, aged 15-74 - labour force survey"
780,as a percentage of eu27 from population,Population as a percentage of EU27 (from population
781,change,Population change - Demographic balance and crude rates at regional level (NUTS 3)
781,change,"Population change - crude rates of total change, natural change and net migration plus adjustment"
782,connected to,Population connected to Wastewater Treatment
782,connected to,Population connected to at least secondary wastewater treatment
782,connected to,Population connected to public water supply
782,connected to,Population connected to wastewater collection and treatment systems
783,covered by the covenant of mayors for climate energy signatories,Population covered by the Covenant of Mayors for Climate & Energy signatories
784,having neither a bath nor a shower nor indoor flushing toilet in their household by poverty status,"Population having neither a bath, nor a shower, nor indoor flushing toilet in their household by poverty status"
785,in jobless households,Population in jobless households
786,living in households considering that they suffer from noise by poverty status,"Population living in households considering that they suffer from noise, by poverty status"
787,on 1 january,Population on 1 January
787,on 1 january,Population on 1 January by sex and by age group
788,reporting occurrence of crime violence or vandalism in their area by poverty status,"Population reporting occurrence of crime, violence or vandalism in their area by poverty status"
789,served by municipal waste,Population served by municipal waste
790,by,Population structure by detailed age group
790,by,Population structure by sex
791,indicators by nuts 3 region,Population structure indicators by NUTS 3 region
792,unable to keep home adequately warm by poverty status,Population unable to keep home adequately warm by poverty status
793,with confidence in institutions by institution,Population with confidence in institutions by institution
794,without the citizenship of the reporting country,Population without the citizenship of the reporting country
795,candidate countries and potential candidates,"population, Candidate countries and potential candidates"
796,portfolio,"Portfolio investement - annual data, million units of national currency"
797,positions,Positions held by women in senior management positions
798,positive,Positive first instance decisions - per thousand persons
799,poultry,Poultry farming
800,poverty,Poverty headcount ratio by sex: proportion of persons below the national poverty line
800,poverty,Poverty ratio
801,lines,Poverty lines
802,power,Power of self-propelled vessels by load capacity
804,dentists,Practising dentists
805,physicians,Practising physicians
806,premature,Premature deaths due to exposure to fine particulate matter (PM2.5)
807,preventive,Preventive cancer screenings - programme data
809,and volume convergence between member states,Price and volume convergence between Member States
810,indices of agricultural input output at nominal value 100,Price indices of agricultural input/output at nominal value = 100)
811,prices,Prices (annual series)
812,primary,Primary energy consumption
812,primary,Primary energy production
813,prison,Prison capacity and number of persons held
813,prison,Prison population
815,citizenship,Prisoners by citizenship
816,legal status of the trial process,Prisoners by legal status of the trial process
818,households by type of housing,Private households by type of housing
819,investment and gross added value related to circular economy sectors,Private investment and gross added value related to circular economy sectors
820,sector,"Private sector credit flow, consolidated - % GDP"
820,sector,"Private sector credit flow, non-consolidated"
820,sector,"Private sector credit flow: debt securities by sectors, consolidated - % of GDP"
820,sector,"Private sector credit flow: debt securities by sectors, consolidated - million units of national currency"
820,sector,"Private sector credit flow: debt securities by sectors, non-consolidated - % of GDP"
820,sector,"Private sector credit flow: debt securities by sectors, non-consolidated - million units of national currency"
820,sector,"Private sector credit flow: loans by sectors, consolidated - % of GDP"
820,sector,"Private sector credit flow: loans by sectors, consolidated - million units of national currency"
820,sector,"Private sector credit flow: loans by sectors, non-consolidated - % of GDP"
820,sector,"Private sector credit flow: loans by sectors, non-consolidated - million units of national currency"
820,sector,"Private sector debt, consolidated - % of GDP"
820,sector,"Private sector debt, non-consolidated"
820,sector,"Private sector debt: debt securities by sectors, non-consolidated - % of GDP"
820,sector,"Private sector debt: debt securities by sectors, non-consolidated - million units of national currency"
820,sector,"Private sector debt: debt securities, by sectors, consolidated - % of GDP"
820,sector,"Private sector debt: debt securities, by sectors, consolidated - million units of national currency"
820,sector,"Private sector debt: loans by sectors, non-consolidated - million units of national currency"
820,sector,"Private sector debt: loans, by sectors, consolidated - % of GDP"
820,sector,"Private sector debt: loans, by sectors, consolidated - million units of national currency"
820,sector,"Private sector debt: loans, by sectors, non-consolidated - % of GDP"
821,processors,Processors of organic products by NACE Rev. 2 activity (C)
822,producer,"Producer price indices, animals and animal products"
822,producer,"Producer price indices, crop products"
822,producer,"Producer price indices, total agricultural production"
824,and consumption of chemicals by hazard class,Production and consumption of chemicals by hazard class
825,forecasts for pigs thousand heads quarterly data,Production forecasts for pigs – thousand heads – quarterly data
826,in,Production in construction
826,in,Production in industry - capital goods
826,in,Production in industry - consumer durables
826,in,Production in industry - consumer non-durables
826,in,Production in industry - energy
826,in,Production in industry - intermediate goods
826,in,Production in industry - manufacturing
826,in,Production in industry - total (excluding construction)
827,of,Production of bovine meat in slaughterhouses
827,of,Production of milk on farms
827,of,Production of milk powder
827,of,Production of pigmeat in slaughterhouses
827,of,Production of poultry meat in slaughterhouses
827,of,Production of sheepmeat and goat meat in slaughterhouses
828,butter,Production of butter
829,cheese,Production of cheese
830,eggs for consumption and number of laying hens,Production of eggs for consumption and number of laying hens
831,value added and employment by industry groups in the environmental goods and services sector,"Production, value added and employment by industry groups in the environmental goods and services sector"
832,profit,Profit share of non-financial corporations
833,proportion,Proportion of dissaving households - experimental statistics
834,fish stocks sustainably exploited,Proportion of fish stocks sustainably exploited
836,at risk of relative poverty before social transfers by sex,"Proportion of persons at risk of relative poverty, before social transfers by sex"
837,living in jobless households,Proportion of persons living in jobless households
838,population aged 65 and over,Proportion of population aged 65 and over
839,protected,Protected areas
839,protected,Protected forests
840,protective,Protective functions of forests
841,public,Public expenditure on education
842,pupil,Pupil/ student - teacher ratio and average class size (ISCED 1-3)
843,pupils,"Pupils aged 3 years old, by sex - as % of the population of the corresponding age group"
843,pupils,"Pupils aged 4 years old, by sex - as % of the population of the corresponding age group"
843,pupils,Pupils and students enrolled by education level
843,pupils,Pupils and students in education aged 30 and over - per 1000 of corresponding age population
843,pupils,Pupils and students in education by age groups - as % of corresponding age population
843,pupils,Pupils from age 0 to the starting age of compulsory education at primary level by sex - % of the population of the corresponding age
843,pupils,Pupils from age 3 to the starting age of compulsory education at primary level by NUTS2 regions - % of the population of the corresponding age
843,pupils,Pupils from age 3 to the starting age of compulsory education at primary level by sex - % of the population of the corresponding age
843,pupils,Pupils from age 4 to the starting age of compulsory education at primary level by NUTS2 regions - % of the population of the corresponding age
843,pupils,"Pupils from age 4 to the starting age of compulsory education at primary level, by sex - as % of the population of the corresponding age group"
843,pupils,Pupils from age 5 to the starting age of compulsory education at primary level by sex - % of the population of the corresponding age
843,pupils,Pupils under the age of 3 by sex - as % of the population of the corresponding age
844,purchase,"Purchase price indices, total means of agricultural production"
845,purchases,Purchases of advertising space or time for resale
847,parities in the european union,Purchasing Power Parities in the European Union (Countries) - index = 1)
847,parities in the european union,Purchasing Power Parities in the European Union (Duty stations) - index (Brussels = 1)
848,adjusted gdp per capita,Purchasing power adjusted GDP per capita
849,quality,Quality of education
850,r,R&D personnel and researchers in the business enterprise sector by concentration of personnel (ranking)
851,rail,Rail accidents by type of accident
851,rail,Rail accidents involving the transport of dangerous goods
851,rail,Rail equipment: number and capacity of railways vehicles
851,rail,Rail equipment: number and load capacity of goods transport wagons
851,rail,Rail equipment: number of locomotives and passenger railways vehicles
851,rail,Rail freight traffic
851,rail,Rail infrastructure: length of network
851,rail,Rail passenger and freight traffic
851,rail,Rail passenger traffic
851,rail,Rail transport of passengers
853,accidents by type of accident annual data,Railway accidents by type of accident - annual data
854,enterprises by type of enterprise,Railway enterprises by type of enterprise
855,transport vans,Railway transport vans
856,rape,"Rape, turnip rape, sunflower seeds and soya by area"
858,annual expenditure per student at the tertiary level and primary level of education in public educational institutions,"Ratio of annual expenditure per student at the tertiary level and primary level of education, in public educational institutions"
859,pupils to teachers and teacher aides by education level and programme orientation,Ratio of pupils to teachers and teacher aides by education level and programme orientation
860,the proportion of tertiary students over the proportion of the population by nuts1 and nuts2 regions,Ratio of the proportion of tertiary students over the proportion of the population by NUTS1 and NUTS2 regions
861,raw,Raw material consumption (RMC)
863,gdp,Real GDP growth rate - volume
863,gdp,Real GDP per capita
864,effective exchange rate,Real effective exchange rate - 42 trading partners
864,effective exchange rate,Real effective exchange rate – euro area trading partners
864,effective exchange rate,"Real effective exchange rate – index, 42 trading partners"
864,effective exchange rate,"Real effective exchange rate – percentage changes, 42 trading partners"
865,recognised,Recognised cases of occupational cancers - experimental statistics
866,recovery,Recovery rates for packaging waste
867,recycling,Recycling rate of all waste excluding major mineral waste
867,recycling,Recycling rate of municipal waste
867,recycling,Recycling rate of packaging waste by type of packaging
867,recycling,Recycling rate of waste of electrical and electronic equipment (WEEE) separately collected
867,recycling,Recycling rates for packaging waste
868,regional,Regional disparities in gender employment gap (NUTS level 2)
868,regional,Regional disparities in long-term unemployment rates (NUTS level 2)
868,regional,Regional disparities in the rate of early leavers from education and training (NUTS level 2)
868,regional,Regional disparities in the rate of young people neither in employment nor in education and training (NEET) (NUTS level 2)
869,registered,Registered Community designs (RCD)
869,registered,Registered Community designs (RCD) by metropolitan regions
869,registered,Registered Community designs (RCD) by other typologies
870,relative,Relative at risk of poverty gap by poverty threshold - EU-SILC and ECHP surveys
871,incidence rate of accidental injuries at work by,Relative incidence rate of accidental injuries at work by occupation and NACE Rev. 1.1 activity mean rate = 100)
871,incidence rate of accidental injuries at work by,"Relative incidence rate of accidental injuries at work by severity, frequency of night work and age mean rate = 100 for each severity)"
871,incidence rate of accidental injuries at work by,"Relative incidence rate of accidental injuries at work by severity, frequency of shift work and age mean rate = 100 for each severity)"
871,incidence rate of accidental injuries at work by,"Relative incidence rate of accidental injuries at work by severity, working hours and sex mean rate = 100 for each severity)"
872,median,Relative median at-risk-of-poverty gap
872,median,Relative median at-risk-of-poverty gap of elderly people - EU-SILC and ECHP surveys
872,median,Relative median income ratio (60+) - EU-SILC survey
872,median,Relative median income ratio (65+) - EU-SILC and ECHP surveys
872,median,Relative median poverty risk gap by age group - EU-SILC survey
872,median,Relative median poverty risk gap of elderly people - EU-SILC survey
874,gap by risk of poverty and work intensity of the,Relative poverty gap by risk of poverty and work intensity of the household
874,gap by risk of poverty and work intensity of the,Relative poverty gap by risk of poverty and work intensity of the households with income from benefits
875,threshold after social transfers income per month,"Relative poverty threshold after social transfers, income per month"
876,standardised incidence rate of accidental injuries at work by educational attainment level and sex mean rate for each member state 100,Relative standardised incidence rate of accidental injuries at work by educational attainment level and sex (mean rate for each Member State = 100)
877,remuneration,Remuneration indexes of national civil servants in central public administration
878,renewable,Renewable freshwater resources
879,research,"Research and development expenditure, by sectors of performance"
881,in the higher education sector by seniority category,Researchers in the higher education sector by seniority category
882,by sectors of performance head count,researchers by sectors of performance - head count
883,resettled,Resettled persons - annual data
883,resettled,"Resettled persons by age, sex and citizenship - annual data"
884,residential,"Residential construction - annual data, % of GDP"
885,resource,Resource productivity
886,retail,Retail trade turnover - automotive fuel
886,retail,"Retail trade turnover - food, beverages and tobacco"
886,retail,Retail trade turnover - non food
886,retail,Retail trade turnover - total
886,retail,Retail trade volume of sales - automotive fuel
886,retail,"Retail trade volume of sales - food, beverages and tobacco"
886,retail,Retail trade volume of sales - non food
886,retail,Retail trade volume of sales - total
886,retail,Retail trade volume of sales index (deflated turnover)
887,return,Return on equity of banks
888,returns,Returns by type of return - % of total returns
889,road,Road equipment: number of road vehicles by age
889,road,Road equipment: number of road vehicles by categories
889,road,Road freight transport
889,road,Road traffic: road freight transport in volume
890,accidents persons killed,Road accidents: persons killed
891,cabotage transport,"Road cabotage transport by country in which cabotage takes place (t, tkm) - (from onwards)"
891,cabotage transport,Road cabotage transport by country in which cabotage takes place (tkm) -
891,cabotage transport,Road cabotage transport performed by each reporting country (tkm) -
892,load capacity of lorries,Road equipment: load capacity of lorries
893,new registrations by categories,Road equipment: new registrations by categories
894,infrastructure lenght of road network,Road infrastructure: lenght of road network
895,tractors by type of motor energy until,Road tractors by type of motor energy (until
896,root,Root crops and plants harvested green from arable land by area
897,rye,"Rye and winter cereal mixtures by area, production and humidity"
898,safety,Safety copies and back up files
899,sales,Sales and collection of portable batteries and accumulators
901,risk of poverty threshold and level of disability activity limitation,Satisfaction with the job by risk of poverty threshold and level of disability (activity limitation)
902,sex age and educational attainment,"Satisfaction with the job by sex, age and educational attainment"
903,school,School completion rate at ISCED 1 level by sex
904,sea,Sea transport of goods
905,seat,"Seat capacity of new motor coaches, buses and trolley buses"
905,seat,Seat capacity of passenger railway vehicles by type of vehicles
905,seat,Seat/berth capacity of passenger railway vehicles
907,berths in motor coaches buses and trolley buses,"Seats /berths in motor coaches, buses and trolley buses"
908,held by women in national parliaments and governments,Seats held by women in national parliaments and governments
910,energy production transformation,Secondary energy production (transformation)
911,wood products production,"Secondary wood products, production"
913,defined health status by age and income quantile echp survey,Self defined health status by age and income quantile - ECHP survey
914,declared over qualified employees as percentage of the total employees by sex age migration status and educational attainment level,"Self-declared over-qualified employees as percentage of the total employees by sex, age, migration status and educational attainment level"
915,employed persons having at least one client in the last 12 months by control over working time and sex,"Self-employed persons having at least one client in the last 12 months by control over working time, and sex"
916,reported,Self-reported unmet need for medical care by sex
916,reported,Self-reported unmet need for medical examination and care by sex
916,reported,"Self-reported unmet needs for medical examination by sex, age, main reason declared and income quintile"
916,reported,"Self-reported unmet needs for medical examination due to financial reasons, long waiting list or distance by NUTS regions - % of the persons having the same needs"
917,breast examination by x ray by educational attainment level among women aged 50 69,Self-reported breast examination by X-ray by educational attainment level among women aged 50-69 (%)
918,cervical smear test by educational attainment level among women aged 20 69,Self-reported cervical smear test by educational attainment level among women aged 20-69 (%)
919,use of home care services by people with severe difficulty in personal care activities by,Self-reported use of home care services by people with severe difficulty in personal care activities by age and household type
919,use of home care services by people with severe difficulty in personal care activities by,Self-reported use of home care services by people with severe difficulty in personal care activities by sex and age
920,sufficiency for raw materials,self-sufficiency for raw materials
921,selling,Selling prices of barley
921,selling,Selling prices of calves
921,selling,Selling prices of chickens (live 1st choice)
921,selling,Selling prices of fresh eggs
921,selling,Selling prices of main crop potatoes
921,selling,Selling prices of maize
921,selling,Selling prices of oats
921,selling,Selling prices of piglets
921,selling,Selling prices of pigs (light)
921,selling,Selling prices of raw cow's milk
921,selling,Selling prices of sheep
921,selling,Selling prices of soft wheat
921,selling,Selling prices of sugar beet (unit value)
922,semi,"Semi-trailers and their load capacity, by permissible maximum gross weight"
922,semi,Semi-trailers by load capacity (until
924,trade by broad economic categories bec rev 5,Services trade by broad economic categories (BEC Rev.5)
925,turnover index calendar adjusted,"Services turnover index, calendar adjusted"
926,settlement,Settlement area
926,settlement,Settlement area per capita
928,housing deprivation rate by,"Severe housing deprivation rate by age, sex and poverty status - EU-SILC survey"
928,housing deprivation rate by,Severe housing deprivation rate by degree of urbanisation - EU-SILC survey
928,housing deprivation rate by,Severe housing deprivation rate by income quintile - EU-SILC survey
928,housing deprivation rate by,Severe housing deprivation rate by poverty status
928,housing deprivation rate by,Severe housing deprivation rate by tenure status
929,material,Severe material deprivation rate by age and sex
930,by nuts region,Severe material and social deprivation by NUTS region
931,rate,Severe material and social deprivation rate
931,rate,Severe material and social deprivation rate by age group and sex
931,rate,Severe material and social deprivation rate by sex
931,rate,Severe material and social deprivation rate for children (aged less than 18) by sex
932,nuts,Severe material deprivation rate by NUTS 2 regions
932,nuts,Severe material deprivation rate by NUTS regions
933,tenure status,Severe material deprivation rate by tenure status
934,severely,Severely materially and socially deprived people
935,sewage,Sewage sludge production and disposal from urban wastewater (in dry substance (d.s))
937,for transmission and distribution in the network cost for gas and electricity annual data,Share for transmission and distribution in the network cost for gas and electricity - annual data
939,european neighbourhood policy east countries in european union 27 trade,Share of European Neighbourhood Policy East Countries in European Union 27 trade
940,gbaord allocated to defence and total civil socio economic objectives,Share of GBAORD allocated to defence and total civil socio-economic objectives
941,gbard in total general government expenditure,Share of GBARD in total general government expenditure
942,buses and trains in inland passenger transport,Share of buses and trains in inland passenger transport
943,children aged less than 18 living with their parents by type of household eu silc survey,Share of children (aged less than 18) living with their parents by type of household - EU-SILC survey
944,digital platform workers in the last 12 months by,Share of digital platform workers (in the last 12 months) by educational attainment level - experimental statistics
944,digital platform workers in the last 12 months by,Share of digital platform workers (in the last 12 months) by type of task or service - experimental statistics
945,employment in member states supported by exports figaro application,Share of employment in Member States supported by exports (FIGARO application)
946,energy from renewable sources,Share of energy from renewable sources
947,enterprises turnover on e commerce,Share of enterprises' turnover on e-commerce - %
948,environmental taxes in total tax revenues,Share of environmental taxes in total tax revenues
949,forest area,Share of forest area
950,fossil fuels in gross available energy,Share of fossil fuels in gross available energy
951,government budget appropriations or outlays on research and development,Share of government budget appropriations or outlays on research and development
952,landcover types affected by severe erosion,Share of landcover types affected by severe erosion
953,mobile students from abroad enrolled by education level sex and country of origin,"Share of mobile students from abroad enrolled by education level, sex and country of origin"
954,organic crop area out of the total utilised agricultural area uaa until,Share of organic crop area out of the total utilised agricultural area (UAA) (until
956,living in under occupied dwellings by,Share of people living in under-occupied dwellings by degree of urbanisation - total population - EU-SILC survey
956,living in under occupied dwellings by,Share of people living in under-occupied dwellings by tenure status - total population - EU-SILC survey
957,with good or very good perceived health by sex,Share of people with good or very good perceived health by sex
958,rail and inland waterways in inland freight transport,Share of rail and inland waterways in inland freight transport
959,renewable energy in gross final energy consumption by sector,Share of renewable energy in gross final energy consumption by sector
960,total population,Share of total population considering their dwelling as too dark - EU-SILC survey
960,total population,"Share of total population having neither a bath, nor a shower in their dwelling - EU-SILC survey"
960,total population,"Share of total population living in a dwelling with a leaking roof, damp walls, floors or foundation, or rot in window frames of floor - EU-SILC survey"
960,total population,Share of total population not having indoor flushing toilet for the sole use of their household - EU-SILC survey
961,trade with the eu27 from,Share of trade with the EU27 (from
962,value added in member states supported by exports figaro application,Share of value added in Member States supported by exports (FIGARO application)
963,women researchers,"Share of women researchers, all sectors"
963,women researchers,"Share of women researchers, by sectors of performance"
964,short,"Short sea shipping - country level - gross weight of goods transported to/from main ports, by direction"
964,short,"Short sea shipping - country level - volume (in TEU's) of containers transported to/from main ports, by loading status"
964,short,"Short sea shipping - level - gross weight of goods transported to/from main ports, by type of cargo for each sea region of partner ports"
965,simplified,Simplified energy balances
966,smoking,Smoking prevalence by sex
968,expenditure excluding administrative costs including health expenditure as a share of gdp,Social protection expenditure excluding administrative costs (including health expenditure) as a share of GDP
969,receipts by type,Social protection receipts by type
970,soil,Soil sealing index
971,solar,Solar thermal collectors' surface
972,sources,Sources of information used for getting information on learning possibilities
973,special,Special purpose road vehicles
976,homicide by sex,Standardised death rate due to homicide by sex
977,tuberculosis hiv and hepatitis by type of disease,"Standardised death rate due to tuberculosis, HIV and hepatitis by type of disease"
978,incidence rate of accidents at work by nace rev 1 1 activity and,Standardised incidence rate of accidents at work by NACE Rev. 1.1 activity and employment status
978,incidence rate of accidents at work by nace rev 1 1 activity and,Standardised incidence rate of accidents at work by NACE Rev. 1.1 activity and size of enterprise
979,preventable and treatable mortality,Standardised preventable and treatable mortality
981,general government debt security liabilities issued as green bonds one off data collection experimental statistics,"Stock of general government debt security liabilities issued as 'green bonds' - one-off data collection, experimental statistics"
982,vehicles by category,Stock of vehicles by category
983,structural,Structural information
985,post compulsory education as of the total population of post compulsory school age,Students in post-compulsory education - as % of the total population of post-compulsory school age
986,tertiary education as of 20 24 years old in the population,Students in tertiary education - as % of 20-24 years old in the population
987,subjective,Subjective poverty by degree of urbanization
987,subjective,Subjective poverty by educational attainment level (population aged 18 and over)
987,subjective,Subjective poverty by tenure status
988,suicide,Suicide death rate by age group
989,suicides,Suicides involving railways
990,surface,Surface of the marine protected areas
990,surface,Surface of the terrestrial protected areas
991,suspects,Suspects of migrant smuggling by citizenship
992,table,Table grape vines - Area by age and density classes (area in ha)
993,tax,Tax rate on low wage earners - Low wage trap
993,tax,Tax rate on low wage earners - Unemployment trap
993,tax,Tax rate on low wage earners: Tax wedge on labour costs
994,teachers,"Teachers working part-time - as % of all teachers, by education level"
995,technical,Technical and vocational education training (TVET)
996,terms,Terms of trade by items - 5 years % change
997,territorialised,"Territorialised road freight transport, by transport coverage – annual data"
999,by sex,Tertiary educational attainment by sex
1000,age group 30 34,"Tertiary educational attainment, age group 30-34"
1001,the,The real gross disposable income of households per capita (index =
1002,third,Third country nationals ordered to leave - annual data (rounded)
1002,third,Third country nationals returned following an order to leave - annual data (rounded)
1003,tier,Tier-1 capital ratio banking sector
1004,time,Time spent doing more than one activity simultaneously
1004,time,"Time spent watching or other media, playing computer games and any similar screen activities (as main or secondary activity)"
1004,time,"Time spent, participation time and participation rate in the main activity by sex and educational attainment level"
1005,alone,Time spent alone
1006,in,Time spent in total work (paid and unpaid work as main or secondary activity) by sex and by form of work
1006,in,Time spent in unpaid forms of work (as main or secondary activity) by sex and by form of work
1007,eating at home as main or secondary activity,Time spent on eating at home (as main or secondary activity)
1008,health enhancing non work related aerobic physical activity by sex age and educational attainment level,"Time spent on health-enhancing (non-work-related) aerobic physical activity by sex, age and educational attainment level"
1009,travelling by mode of transport,Time spent on travelling by mode of transport
1010,providing childcare as main or secondary activity,Time spent providing childcare (as main or secondary activity)
1011,top,Top 5 ports - gross weight of goods handled in each port
1011,top,Top 5 ports for Ro-ro units - gross weight of goods in Ro-Ro units handled in each port
1011,top,Top 5 ports for containers - gross weight of goods in containers handled in each port
1011,top,Top 5 ports for liquid bulk - gross weight of liquid bulk goods handled in each port
1011,top,Top 5 ports for volume of containers - volume (in TEUs) of containers handled in each port
1012,tourism,Tourism infrastructure
1013,trade,Trade balance
1013,trade,"Trade volume indices, by reporting country"
1014,in,Trade in services with the top 5 partners
1015,with the top 5 partners,Trade in goods with the top 5 partners
1016,by main world traders eu27 from,"Trade in goods, by main world traders - EU27 (from"
1017,unit value indices by reporting country,"Trade unit value indices, by reporting country"
1018,trailers,"Trailers and their load capacity, by permissible maximum gross weight"
1018,trailers,Trailers by load capacity (until
1019,train,Train traffic on the rail network -
1019,train,Train traffic on the rail network - Czech Republic
1019,train,Train traffic on the rail network - Hungaria
1019,train,Train traffic on the rail network - North Macedonia
1019,train,Train traffic on the rail network - the Former Yugoslav Republic of Macedonia
1020,trainsets,Trainsets and capacity by type of speed
1021,transition,"Transition from fixed term contracts to permanent contracts by sex and age (annual averages of quarterly transitions, estimated probabilities) - experimental statistics"
1021,transition,"Transition from part-time work to full-time work by sex and age (annual averages of quarterly transitions, estimated probabilities) - experimental statistics"
1022,treatment,Treatment and disposal facilities
1022,treatment,Treatment of municipal waste
1023,trust,"Trust in others by sex, age and educational attainment"
1024,turnover,Turnover by client specialisation and NACE Rev.1 at 3-digit level
1024,turnover,Turnover by client specialisation and employment size class
1024,turnover,Turnover by client specialisation and product specialisation
1024,turnover,Turnover by nationality of client and NACE Rev.1 at 3-digit level
1024,turnover,Turnover by nationality of client and employment size class
1024,turnover,Turnover by product specialisation and employment size class for group 72.2
1024,turnover,Turnover by product specialisation for div. 72
1024,turnover,Turnover by residence of client and economic activity
1024,turnover,Turnover in industry - capital goods
1024,turnover,Turnover in industry - consumer durables
1024,turnover,Turnover in industry - consumer non-durables
1024,turnover,Turnover in industry - intermediate goods
1024,turnover,Turnover in industry - manufacturing
1026,nace rev 1 at 3 digit level,Turnover by type of client and NACE Rev.1 at 3-digit level
1027,employment size class,Turnover by type of client and employment size class
1028,media for advertising services,Turnover by type of media for advertising services
1029,typical,Typical dwelling sizes by type of dwelling in each surveyed city
1030,under,Under 5 mortality rate by sex
1031,unemployment,Unemployment by sex
1031,unemployment,Unemployment by sex - age group 15-24
1031,unemployment,Unemployment by sex - age group 25-74
1031,unemployment,Unemployment rate
1031,unemployment,Unemployment rate - 3 year average
1031,unemployment,Unemployment rate - annual data
1031,unemployment,"Unemployment rate - quarterly data, seasonally adjusted"
1031,unemployment,Unemployment rates by sex and age
1031,unemployment,"Unemployment rates by sex, age and educational attainment level (%)"
1031,unemployment,Unemployment rates of the population aged 25-64 by educational attainment level
1031,unemployment,unemployment rate
1032,education level,Unemployment rate by education level
1033,sex,Unemployment rate by sex
1033,sex,Unemployment rate by sex - age group 15-24
1033,sex,Unemployment rate by sex - age group 25-74
1035,labour cost performance related to the euro area annual data,Unit labour cost performance related to the euro area - annual data
1036,value of,Unit value of exports
1036,value of,Unit value of imports
1037,unitisation,Unitisation in inland waterways freight transport - tonne-kilometre for gross-gross weight of goods
1037,unitisation,Unitisation in maritime freight transport - tonnes for gross weight of goods
1037,unitisation,Unitisation in rail freight transport- tonne-kilometre for gross-gross weight of goods
1037,unitisation,Unitisation in road freight transport - tonne-kilometre for gross weight of goods
1037,unitisation,Unitisation in the different modes of transport - tonne-kilometre for gross weight of goods
1038,urban,Urban wastewater treatment
1039,use,Use and risk of chemical pesticides
1040,usually,Usually resident population on 1 January
1041,vaccination,Vaccination against influenza of population aged 65 and over
1042,valid,Valid permits by reasons - % of total valid permits
1043,value,Value Added in Foreign Controlled Enterprises
1044,vessel,Vessel traffic
1045,vessels,Vessels arriving in main ports by type of vessels (estimates) - experimental statistics
1046,victims,Victims of trafficking in human beings by all forms of exploitation
1046,victims,Victims of trafficking in human beings by citizenship
1046,victims,Victims of trafficking in human beings by sex
1047,volume,Volume of freight transport relative to GDP
1048,containers handled in the top 20 main ports by loading status,Volume of containers handled in the top 20 main ports by loading status
1049,passenger transport relative to gdp,Volume of passenger transport relative to GDP
1050,timber fe,Volume of timber FE)
1051,waste,Waste generated by households by year and waste category
1051,waste,Waste generation per capita
1052,water,Water abstracted by sector of use
1052,water,Water supplied and used by economic sectors
1053,exploitation index plus wei,"Water exploitation index, plus (WEI+)"
1054,resources long term annual average,Water resources: long-term annual average
1055,balance,Water use balance
1056,by economic activity,Water use by economic activity
1057,weights,Weights of producer prices of agricultural products - survey
1057,weights,Weights of purchase prices of the means of agricultural production - survey
1058,wheat,"Wheat and spelt by area, production and humidity"
1059,women,"Women as victims/non-victims of violence, by awareness of free legal aid"
1059,women,"Women as victims/non-victims of violence, by awareness of the existence of support services"
1059,women,"Women who have experienced sexual violence during childhood, by age group"
1059,women,"Women who have experienced sexual violence during childhood, by person/support service to whom violence was reported"
1059,women,"Women who have experienced sexual violence during childhood, by type of perpetrator"
1059,women,"Women who have experienced stalking, by age group"
1059,women,"Women who have experienced stalking, by consequences of violence"
1059,women,"Women who have experienced stalking, by occurrence of the last episode"
1059,women,"Women who have experienced stalking, by person/support service to whom violence was reported"
1059,women,"Women who have experienced stalking, by type of perpetrator"
1059,women,"Women who have experienced violence by a domestic perpetrator, by age group"
1059,women,"Women who have experienced violence by a domestic perpetrator, by country of birth"
1059,women,"Women who have experienced violence by a domestic perpetrator, by degree of urbanisation"
1059,women,"Women who have experienced violence by a domestic perpetrator, by level of disability (activity limitation)"
1059,women,"Women who have experienced violence by a domestic perpetrator, by level of education"
1059,women,"Women who have experienced violence by a domestic perpetrator, by occurrence of the last episode"
1059,women,"Women who have experienced violence by a domestic perpetrator, by type of violence"
1059,women,Women who have experienced violence by a non-partner and consequences of violence
1059,women,"Women who have experienced violence by a non-partner, by age group"
1059,women,"Women who have experienced violence by a non-partner, by country of birth"
1059,women,"Women who have experienced violence by a non-partner, by degree of urbanisation"
1059,women,"Women who have experienced violence by a non-partner, by level of disability (activity limitation)"
1059,women,"Women who have experienced violence by a non-partner, by level of education"
1059,women,"Women who have experienced violence by a non-partner, by occurrence of the last episode"
1059,women,"Women who have experienced violence by a non-partner, by person/support service to whom violence was reported"
1059,women,"Women who have experienced violence by a non-partner, by type and frequency of violence"
1059,women,"Women who have experienced violence by a non-partner, by type of perpetrator"
1059,women,"Women who have experienced violence by a non-partner, by type of violence"
1059,women,Women who have experienced violence by any perpetrator and consequences of violence
1059,women,"Women who have experienced violence by any perpetrator, by age group"
1059,women,"Women who have experienced violence by any perpetrator, by country of birth"
1059,women,"Women who have experienced violence by any perpetrator, by degree of urbanisation"
1059,women,"Women who have experienced violence by any perpetrator, by level of disability (activity limitation)"
1059,women,"Women who have experienced violence by any perpetrator, by level of education"
1059,women,"Women who have experienced violence by any perpetrator, by occurrence of the last episode"
1059,women,"Women who have experienced violence by any perpetrator, by person/support service to whom violence was reported"
1059,women,"Women who have experienced violence by any perpetrator, by type and frequency of violence"
1059,women,"Women who have experienced violence by any perpetrator, by type of violence"
1060,work,Work-related health problems in by sex
1062,aged 20 24 with at least upper secondary educational attainment level by sex,Young people aged 20-24 with at least upper secondary educational attainment level by sex
1063,neither in employment nor in education and training,Young people neither in employment nor in education and training (15-29 years) - % of the total population in the same age group
1063,neither in employment nor in education and training,"Young people neither in employment nor in education and training (NEET), by citizenship"
1063,neither in employment nor in education and training,Young people neither in employment nor in education and training by sex (NEET)
1063,neither in employment nor in education and training,"Young people neither in employment nor in education and training by sex, age and labour status (NEET rates)"
1064,youth,"Youth employment rate, age group 20-29"
1064,youth,Youth unemployment rate - % of active population aged 15-24
1064,youth,Youth unemployment rate by sex
1064,youth,Youth unemployment ratio (15-24)
1065,economy,economy deficit/surplus
1066,financing,financing to developing countries by financing source
1067,index,index of occupational diseases – experimental statistics
