domain,code,title
General and regional statistics,teibs020,Confidence indicators by sector
General and regional statistics,teibs010,Economic sentiment indicator
General and regional statistics,teibs040,Employment expectations by sectors
General and regional statistics,teibs030,Employment expectations indicator
General and regional statistics,ei_bsci_m_r2,Euro area business climate indicator - monthly data
General and regional statistics,tec00115,Real GDP growth rate - volume
General and regional statistics,tec00001,Gross domestic product at market prices
General and regional statistics,tec00013,Compensation of employees
General and regional statistics,tec00010,Final consumption expenditure of general government
General and regional statistics,tet00004,Imports of goods and services in % of GDP
General and regional statistics,tet00003,Exports of goods and services in % of GDP
General and regional statistics,tec00011,Gross fixed capital formation (investments)
General and regional statistics,tec00110,"Goods and services, imports and exports"
General and regional statistics,tec00009,Final consumption expenditure of households and non-profit institutions serving households
General and regional statistics,tai10,Estimated soil loss by water erosion by land cover type
General and regional statistics,tai11,Share of landcover types affected by severe erosion
General and regional statistics,tps00003,Population density
General and regional statistics,educ_uoe_enrt05,Ratio of the proportion of tertiary students over the proportion of the population by NUTS 1 and NUTS 2 region
General and regional statistics,educ_uoe_enra17,Pupils from age 4 to the starting age of compulsory education at primary level by NUTS 2 region - % of the population of the corresponding age
General and regional statistics,educ_uoe_enra22,Pupils from age 3 to the starting age of compulsory education at primary level by NUTS 2 region - % of the population of the corresponding age
General and regional statistics,tps00202,Suicide death rate by age group
General and regional statistics,tps00134,"Death due to diseases of the nervous system, by sex"
General and regional statistics,tps00165,"Death due to transport accidents, by sex"
General and regional statistics,tps00149,"Death due to drugs dependence, by sex"
General and regional statistics,tps00146,"Death due to homicide, assault, by sex"
General and regional statistics,tps00122,"Death due to suicide, by sex"
General and regional statistics,tps00152,"Causes of death, by sex"
General and regional statistics,tps00131,"Death due to chronic liver disease, by sex"
General and regional statistics,tps00143,"Death due to AIDS (HIV-disease), by sex"
General and regional statistics,tps00140,"Death due to alcoholic abuse, by sex"
General and regional statistics,tps00125,"Death due to accidents, by sex"
General and regional statistics,tps00137,"Death due to diabetes mellitus, by sex"
General and regional statistics,tps00119,"Death due to other ischaemic heart diseases, by sex"
General and regional statistics,sdg_03_41,"Standardised death rate due to tuberculosis, HIV and hepatitis by type of disease"
General and regional statistics,sdg_16_10,Standardised death rate due to homicide by sex
General and regional statistics,tps00116,"Death due to cancer, by sex"
General and regional statistics,tps00128,"Death due to pneumonia, by sex"
General and regional statistics,tgs00064,Available beds in hospitals by NUTS 2 region
General and regional statistics,hlth_silc_08b_r,"Self-reported unmet needs for medical examination due to financial reasons, long waiting list or distance by NUTS-2-region - % of the persons having the same needs"
General and regional statistics,tgs00075,Maritime transport of passengers by NUTS 2 region
General and regional statistics,tgs00076,Maritime transport of freight by NUTS 2 region
General and regional statistics,tgs00077,Air transport of passengers by NUTS 2 region
General and regional statistics,tgs00078,Air transport of freight by NUTS 2 region
General and regional statistics,lfst_r_lmdgeg,Regional disparities in gender employment gap (NUTS level 2)
General and regional statistics,lfst_r_lmdltu,Regional disparities in long-term unemployment rates (NUTS level 2)
General and regional statistics,lfst_r_edatd_16,Regional disparities in the rate of early leavers from education and training (NUTS level 2)
General and regional statistics,lfst_r_edatd_22,Regional disparities in the rate of young people neither in employment nor in education and training (NEET) (NUTS level 2)
General and regional statistics,earn_ses06_rann,"Mean annual earnings by NUTS 1 region (enterprises with 10 employees or more) - NACE Rev. 1.1, C-O excluding L"
General and regional statistics,earn_ses06_rhr,"Mean hourly earnings by NUTS 1 region (enterprises with 10 employees or more) - NACE Rev. 1.1, C-O excluding L"
General and regional statistics,earn_ses10_rhr,"Mean hourly earnings by NUTS 1 region (enterprises with 10 employees or more) - NACE Rev. 2, B-S excluding O"
General and regional statistics,earn_ses10_rann,"Mean annual earnings by NUTS 1 region (enterprises with 10 employees or more) - NACE Rev. 2, B-S excluding O"
General and regional statistics,tgs00047,Households that have internet access at home by NUTS 2 region
General and regional statistics,isoc_r_cux_i,Individuals who have never used a computer
General and regional statistics,tgs00052,Individuals who ordered goods or services over the internet for private use in the last year by NUTS 2 region
General and regional statistics,ilc_peps11n,Persons at risk of poverty or social exclusion by NUTS 2 region
General and regional statistics,tgs00107,People at risk of poverty or social exclusion by NUTS 2 region
General and regional statistics,ilc_lvhl21n,Persons living in households with very low work intensity by NUTS 2 region (population aged 0 to 64 years)
General and regional statistics,ilc_mdsd18,Severe material and social deprivation by NUTS 2 region
General and regional statistics,ilc_mdsd08,Material and social deprivation rate by NUTS 2 region
General and regional statistics,ilc_mdes01_r,Inability to keep home adequately warm by NUTS 2 region
General and regional statistics,ilc_mdes03_r,"Inability to afford a meal with meat, chicken, fish (or vegetarian equivalent) every second day by NUTS 2 region"
General and regional statistics,ilc_mdes04_r,Inability to face unexpected financial expenses by NUTS 2 region
General and regional statistics,ilc_mdes05_r,"Arrears (mortgage or rent, utility bills or hire purchase) by NUTS 2 region"
General and regional statistics,ilc_lvho07_r,Housing cost overburden rate by NUTS 2 region
General and regional statistics,ilc_di11_r,Income quintile share ratio S80/S20 by NUTS 2 region
General and regional statistics,ilc_lvho04n,Average number of rooms per person by NUTS 2 region
General and regional statistics,met_d3dens,Population density by metropolitan region
General and regional statistics,trng_any3,Participation in any learning activities by degree of urbanisation
General and regional statistics,trng_fed3,Participation in formal education by degree of urbanisation
General and regional statistics,trng_inf3,Participation in informal learning by degree of urbanisation
General and regional statistics,trng_nfe4,Participation in non-formal education and training by degree of urbanisation
General and regional statistics,ilc_peps13n,Persons at risk of poverty or social exclusion by degree of urbanisation
General and regional statistics,sdg_01_10a,Share of persons at risk of poverty or social exclusion by degree of urbanisation
General and regional statistics,ilc_li48,At-risk-of-poverty rate after deducting housing costs by degree of urbanisation
General and regional statistics,ilc_lvho04d,Average number of rooms per person by degree of urbanization
General and regional statistics,ilc_lvho05d,Overcrowding rate by degree of urbanisation - total population
General and regional statistics,ilc_lvho50d,Share of people living in under-occupied dwellings by degree of urbanisation - total population
General and regional statistics,ilc_lvho07d,Housing cost overburden rate by degree of urbanisation
General and regional statistics,ilc_lvho08b,Median of the housing cost burden distribution by degree of urbanisation
General and regional statistics,ilc_mdsd09,Material and social deprivation rate by degree of urbanisation
General and regional statistics,tepsr_lm440,Severe housing deprivation rate by tenure status
General and regional statistics,ilc_mdho06d,Severe housing deprivation rate by degree of urbanisation
General and regional statistics,tepsr_lm230,Gender employment gap by degree of urbanisation
General and regional statistics,tin00096,Individuals using the internet for buying goods or services
General and regional statistics,tepsr_sp410,Individuals who have basic or above basic overall digital skills by sex
General and regional statistics,orch_olives1,Olive trees - Area by age classes (area in ha)
General and regional statistics,orch_olives2,Olive trees - Area by density classes (area in ha)
General and regional statistics,orch_total,area by species (area in ha)
General and regional statistics,orch_olives3,Olive trees - Area by age and density classes (area in ha)
General and regional statistics,orch_grapes3,Table grape vines - Area by age and density classes (area in ha)
General and regional statistics,lan_lcv_arti,Land covered by artificial surfaces - index
General and regional statistics,lan_settl,Settlement area
General and regional statistics,enps_nama_10_gdp,Gross domestic product at market prices - ENP-South countries
General and regional statistics,enps_nama_10_gdp_ea,Gross domestic product at market prices by expenditure - ENP-South countries
General and regional statistics,enps_nama_10_a10,Gross value added by industry - ENP-South countries
General and regional statistics,enps_gov_10dd,Government deficit/surplus and debt - ENP-South countries
General and regional statistics,enps_gov_10dde,economy deficit/surplus - ENP-South countries
General and regional statistics,enps_bop_iip6,Gross external debt of the whole economy - ENP-South countries
General and regional statistics,enps_cpi,Consumer price index - ENP-South countries
General and regional statistics,enps_demo_dens,Population density - ENP-South countries
General and regional statistics,enps_demo_pjangry,Average population mid-year by sex and age group - ENP-South countries
General and regional statistics,enps_demo_frate1,Fertility rate - ENP-South countries
General and regional statistics,enps_demo_gind,"Crude rate of birth, of dead and of population change - ENP-South countries"
General and regional statistics,enps_demo_infant,Infant mortality rate by sex - ENP-South countries
General and regional statistics,enps_demo_under5,Mortality rate (under age 5) by sex - ENP-South countries
General and regional statistics,enps_demo_mlexpec,Life expectancy at birth by sex - ENP-South countries
General and regional statistics,enps_demo_nind,Mean age at first marriage by sex - ENP-South countries
General and regional statistics,enps_educ_ltr,Literacy rate by sex and age group - ENP-South countries
General and regional statistics,enps_educ_compyr,Net enrolment rates by sex and education level - ENP-South countries
General and regional statistics,enps_educ_enrate,Net enrolment rates by sex and education level - ENP-South countries
General and regional statistics,enps_educ_comprate,School completion rate at ISCED 1 level by sex - ENP-South countries
General and regional statistics,enps_educ_parity,Gender parity index by education level - ENP-South countries
General and regional statistics,enps_educ_figdp,Public expenditure on education - ENP-South countries
General and regional statistics,enps_edat_lfse3,Population (aged 20-24) who completed at least an upper secondary educational attainment level (ISCED level 3) by sex - ENP-South countries
General and regional statistics,enps_edat_lfse4,Population (aged 25 and over) by sex and educational attainment level - ENP-South countries
General and regional statistics,enps_lfsa_argaed,Activity rates (aged 15-64) by sex - ENP-South countries
General and regional statistics,enps_lfsa_pganws,employment by age group - ENP-South countries
General and regional statistics,enps_lfsa_ergan,Employment rates (aged 15-64) by sex - ENP-South countries
General and regional statistics,enps_lfsa_egaps,Employment by professional status - ENP-South countries
General and regional statistics,enps_lfsa_urgan,Unemployment rates by sex and age - ENP-South countries
General and regional statistics,enps_ilc_di11,Income quintile share ratio - S80/S20 - ENP-South countries
General and regional statistics,enps_ilc_natln,Poverty headcount ratio by sex (proportion of persons below the national poverty line) - ENP-South countries
General and regional statistics,enps_ilc_secure,Households with access to secure tenure by simplified degree of urbanisation - ENP-South countries
General and regional statistics,enps_ilc_sanit,Households with sustainable access to improved sanitation by simplified degree of urbanisation - ENP-South countries
General and regional statistics,enps_tour_cap_nat,Tourism infrastructure - ENP-South countries
General and regional statistics,enps_tour_border,Arrivals of tourists at the border - ENP-South countries
General and regional statistics,enps_tour_occ_arnat,Arrivals at tourism accommodation establishments by type of accommodation - ENP-South countries
General and regional statistics,enps_tour_dem_tttot,Departures of residents going abroad for all holidays and business - ENP-South countries
General and regional statistics,enps_tour_occ_ninat,Nights spent at tourism accommodation establishments - ENP-South countries
General and regional statistics,enps_tour_cap_natb,Bed places in hotels and similar accommodation - ENP-South countries
General and regional statistics,enps_reg_area3,area - ENP-South countries
General and regional statistics,enps_ef_lus_main,Main farm land use - ENP-South countries
General and regional statistics,enps_apro_cpnh1,Crop production - ENP-South countries
General and regional statistics,enps_apro_mt_ls,Livestock - ENP-South countries
General and regional statistics,enps_apro_mt_p,Meat production - ENP-South countries
General and regional statistics,enps_fish_ca_main,Fish catches by fishing areas - ENP-South countries
General and regional statistics,enps_fish_aq2a,Aquaculture production by aquatic environment - ENP-South countries
General and regional statistics,enps_rail_if,Length of rail network - ENP-South countries
General and regional statistics,enps_rail_eq,Number of railway vehicles per type - ENP-South countries
General and regional statistics,enps_rail_pa,Rail passenger traffic - ENP-South countries
General and regional statistics,enps_rail_fr,Rail freight traffic - ENP-South countries
General and regional statistics,enps_road_if,Length of roads network - ENP-South countries
General and regional statistics,enps_road_eqs_car,Stock of vehicles by category - ENP-South countries
General and regional statistics,enps_road_go,Road freight transport - ENP-South countries
General and regional statistics,enps_tran_sf_r,Persons killed in road accidents - ENP-South countries
General and regional statistics,enps_mar_por,Number of principal ports - ENP-South countries
General and regional statistics,enps_mar_eq300,Number of ships of 300 and over - ENP-South countries
General and regional statistics,enps_mar_eq1000,Number of ships of 1000 and over by type of vessel - ENP-South countries
General and regional statistics,enps_mar_eqton,Carrying capacity of merchant ships of 1000 and over by vessel type - ENP-South countries
General and regional statistics,enps_mar_padir,Passengers embarked and disembarked (excluding cruises) in all ports by direction - ENP-South countries
General and regional statistics,enps_mar_frdir,Gross weight of goods handled in all ports by direction - ENP-South countries
General and regional statistics,enps_avia_if,Number of airports - ENP-South countries
General and regional statistics,enps_avia_typ,Commercial aircraft fleet by type of aircraft - ENP-South countries
General and regional statistics,enps_avia_pa,Air passenger transport - ENP-South countries
General and regional statistics,enps_avia_fr,Freight and mail air transport (including national transport) - ENP-South countries
General and regional statistics,enps_env_air_emis,Air pollutants - ENP-South countries
General and regional statistics,enps_env_wasgenh,Generation of waste by households - ENP-South countries
General and regional statistics,enps_env_wasgenm,Municipal waste generated - ENP-South countries
General and regional statistics,enps_env_wasacc,Population served by municipal waste - ENP-South countries
General and regional statistics,enps_env_wasgenp,Municipal waste per inhabitant - ENP-South countries
General and regional statistics,enps_env_wastrt,Treatment of municipal waste - ENP-South countries
General and regional statistics,enps_env_wat_abs,Annual freshwater abstraction by source - ENP-South countries
General and regional statistics,enps_env_wat_cat,Water use by economic activity - ENP-South countries
General and regional statistics,enps_env_wat_cov,Population connected to public water supply - ENP-South countries
General and regional statistics,enps_env_ww_con,Population connected to wastewater collection and treatment systems - ENP-South countries
General and regional statistics,enps_nrg_bal_c,Energy balance - ENP-South countries
General and regional statistics,enps_nrg_bal_c1,Final energy consumption by sector - ENP-South countries
General and regional statistics,enpe_nama_10_pe,Employment growth (domestic concept) - ENP-East countries
General and regional statistics,enpe_nama_10_lp,Labour productivity in GDP (constant prices) per person employed - ENP-East countries
General and regional statistics,enpe_nama_10_ulc,Nominal unit labour cost growth - ENP-East countries
General and regional statistics,enpe_nama_10_gdp,Gross domestic product at market prices - ENP-East countries
General and regional statistics,enpe_nama_10_gdp_ea,Gross domestic product at market prices by expenditure - ENP-East countries
General and regional statistics,enpe_nama_10_a10,Gross value added by industry - ENP-East countries
General and regional statistics,enpe_gov_10dd,Government deficit/surplus and debt - ENP-East countries
General and regional statistics,enpe_bop_iip6,Gross external debt of the whole economy - ENP-East countries
General and regional statistics,enpe_bop_iip6_serv,"Gross external debt of the whole economy, relative to exports of goods and services - ENP-East countries"
General and regional statistics,enpe_irt_lt_gby10,Government bond yields - 10 years' maturity - ENP-East countries
General and regional statistics,enpe_irt_ld,Loan and deposit one year interest rate - ENP-East countries
General and regional statistics,enpe_irt_st,Money market interest rates - ENP-East countries
General and regional statistics,enpe_mon_res,Money supply and official reserves - ENP-East countries
General and regional statistics,enpe_cpi,Consumer price index - ENP-East countries
General and regional statistics,enpe_bop_c6_a,Balance of payments - ENP-East countries
General and regional statistics,enpe_educ_uoe_enra02,Pupils and students enrolled by education level - ENP-East countries
General and regional statistics,enpe_educ_figdp,Public expenditure on education - ENP-East countries
General and regional statistics,enpe_edat_lfse_03,Population (aged 30-34) who completed tertiary or equivalent education - ENP-East countries
General and regional statistics,enpe_edat_lfse_14,Early leavers from education and training (aged 18-24) by sex - ENP-East countries
General and regional statistics,enpe_lfsa_argaed,Activity rates by sex and age - ENP-East countries
General and regional statistics,enpe_lfsa_ergan,Employment and employment rates (aged 20-64) by sex - ENP-East countries
General and regional statistics,enpe_lfsa_urgan,Unemployment rates by sex and age - ENP-East countries
General and regional statistics,enpe_lfsa_urgan2,Long-term unemployment rates by sex - ENP-East countries
General and regional statistics,enpe_wg_m,Average nominal monthly wages and salaries - ENP-East countries
General and regional statistics,enpe_ilc_di11,Income quintile share ratio - S80/S20 - ENP-East countries
General and regional statistics,enpe_ilc_li09,"Proportion of persons at risk of relative poverty, before social transfers by sex - ENP-East countries"
General and regional statistics,enpe_ilc_li01,"Relative poverty threshold after social transfers, income per month - ENP-East countries"
General and regional statistics,enpe_spr_exp,Social protection expenditure excluding administrative costs (including health expenditure) - % of GDP - ENP-East countries
General and regional statistics,enpe_hlth_exp,Health care expenditure - % of GDP - ENP-East countries
General and regional statistics,enpe_sts_incopr,Industrial and construction production volume index - calendar adjusted - ENP-East countries
General and regional statistics,enpe_sts_inppd,Domestic industrial production price index - ENP-East countries
General and regional statistics,enpe_sts_trtu,Services turnover index - calendar adjusted - ENP-East countries
General and regional statistics,enpe_sts_trtu1,Retail trade volume of sales index (deflated turnover) - ENP-East countries
General and regional statistics,enpe_tour_cap_nat,Number of bed places in hotels and similar accomodation - ENP-East countries
General and regional statistics,enpe_tour_occ_arnat,Arrivals of non-residents at hotels and similar accomodation establishments - ENP-East countries
General and regional statistics,enpe_tour_dem_tttot,Departures of residents going abroad for all holidays and business - ENP-East countries
General and regional statistics,enpe_reg_area3,area - ENP-East countries
General and regional statistics,enpe_ef_lus_main,Main farm land use - ENP-East countries
General and regional statistics,enpe_apro_mt_ls,Livestock - ENP-East countries
General and regional statistics,enpe_apro_mt_p,Meat production - ENP-East countries
General and regional statistics,enpe_apro_cpnh1,Crop production - ENP-East countries
General and regional statistics,enpe_fish_ca_main,Fish catches - ENP-East countries
General and regional statistics,enpe_ext_bal,Trade balance - ENP-East countries
General and regional statistics,enpe_ext_intro,Share of imports and exports in EU27 trade - ENP-East countries
General and regional statistics,enpe_rail_if,Length of rail lines - ENP-East countries
General and regional statistics,enpe_rail_go,Goods transported by rail - ENP-East countries
General and regional statistics,enpe_road_if,Length of roads network - ENP-East countries
General and regional statistics,enpe_road_eqs_car,Passenger cars - ENP-East countries
General and regional statistics,enpe_road_pa,Passenger road transport - ENP-East countries
General and regional statistics,enpe_road_go,Road freight transport - ENP-East countries
General and regional statistics,enpe_mar_go,Gross weight of goods handled - ENP-East countries
General and regional statistics,enpe_rd_e_gerdfund,Gross domestic expenditure on R&D (GERD) - ENP-East countries
General and regional statistics,enpe_isoc_ci_in_h,Percentage of households having internet access at home - ENP-East countries
General and regional statistics,enpe_isoc_ci_ifp_fu,Frequency of internet use by individuals (aged 16-74) - ENP-East countries
Economy and finance,tipsen10,Net trade balance of energy products - % of GDP
Economy and finance,tipsna20,Gross fixed capital formation at current prices
Economy and finance,tec00115,Real GDP growth rate - volume
Economy and finance,tipspd10,"Private sector debt, non-consolidated"
Economy and finance,cei_pc032,Generation of waste excluding major mineral wastes per GDP unit
Economy and finance,tec00001,Gross domestic product at market prices
Economy and finance,tec00013,Compensation of employees
Economy and finance,tipsna30,Terms of trade by items - 5 years % change
Economy and finance,tec00010,Final consumption expenditure of general government
Economy and finance,tipsna51,Final consumption expenditure of households and non-profit institutions serving households - annual data
Economy and finance,tet00003,Exports of goods and services in % of GDP
Economy and finance,tec00011,Gross fixed capital formation (investments)
Economy and finance,tipslm13,"Compensation of employees - annual data, million units of national currency"
Economy and finance,tec00110,"Goods and services, imports and exports"
Economy and finance,tipspc10,"Private sector credit flow, non-consolidated"
Economy and finance,tec00009,Final consumption expenditure of households and non-profit institutions serving households
Economy and finance,tec00001,Gross domestic product at market prices
Economy and finance,sdg_08_10,Real GDP per capita
Economy and finance,tec00115,Real GDP growth rate - volume
Economy and finance,tipsna40,Real GDP per capita
Economy and finance,nama_10_pp,Gross national income (GNI) per capita
Economy and finance,tipsna50,"Residential construction - annual data, % of GDP"
Economy and finance,tipsho50,Residential building permits - annual data
Economy and finance,sdg_16_30,General government total expenditure on law courts
Economy and finance,tipsna62,"Employees, domestic concept - annual data"
Economy and finance,tipsna60,"Employment, domestic concept - annual data"
Economy and finance,tec00112,"Employment, domestic concept -"
Economy and finance,nama_10_fte,Average full time adjusted salary per employee
Economy and finance,tec00116,Nominal labour productivity per person employed
Economy and finance,tesem170,Nominal unit labour cost growth
Economy and finance,teina110,GDP deflator
Economy and finance,teina041,"Gross fixed capital formation, volumes"
Economy and finance,teina040,"Gross fixed capital formation, current prices"
Economy and finance,teina031,"Government final consumption expenditure, volumes"
Economy and finance,teina011,"Gross domestic product, volumes"
Economy and finance,teina020,"Final consumption expenditure of households and NPISH, current prices"
Economy and finance,teina021,"Final consumption expenditure of households and NPISH, volumes"
Economy and finance,teina404_r2,Gross value added - NACE Rev. 2: A - current prices
Economy and finance,teina406_r2,Gross value added - NACE Rev. 2: A - volumes
Economy and finance,teina418_r2,Gross value added - NACE Rev. 2: F - volumes
Economy and finance,teina402_r2,Gross value added - NACE Rev. 2: - volumes
Economy and finance,teina410_r2,Gross value added - NACE Rev. 2: B-E - volumes
Economy and finance,teina412_r2,Gross value added - NACE Rev. 2: C - current prices
Economy and finance,teina400_r2,Gross value added - NACE Rev. 2: - current prices
Economy and finance,teina446_r2,Gross value added - NACE Rev. 2: R-U - volumes
Economy and finance,teina438_r2,Gross value added - NACE Rev. 2: M_N - volumes
Economy and finance,teina414_r2,Gross value added - NACE Rev. 2: C - volumes
Economy and finance,teina426_r2,Gross value added - NACE Rev. 2: J - volumes
Economy and finance,teina428_r2,Gross value added - NACE Rev. 2: K - current prices
Economy and finance,teina416_r2,Gross value added - NACE Rev. 2: F - current prices
Economy and finance,teina432_r2,Gross value added - NACE Rev. 2: L - current prices
Economy and finance,teina440_r2,Gross value added - NACE Rev. 2: O-Q - current prices
Economy and finance,teina434_r2,Gross value added - NACE Rev. 2: L - volumes
Economy and finance,teina444_r2,Gross value added - NACE Rev. 2: R-U - current prices
Economy and finance,teina424_r2,Gross value added - NACE Rev. 2: J - current prices
Economy and finance,tec00113,Adjusted gross disposable income of households per capita in PPS
Economy and finance,tipspd30,"Non-financial corporations debt, consolidated - % of GDP"
Economy and finance,tec00131,Household saving rate
Economy and finance,tec00132,Investment by institutional sectors
Economy and finance,tec00104,Gross debt-to-income ratio of households
Economy and finance,tec00021,general government revenue
Economy and finance,tec00023,general government expenditure
Economy and finance,gov_10a_emp,General government employment
Economy and finance,gov_10dd_acd,Apparent cost of general government gross debt
Economy and finance,tec00127,General government deficit/surplus
Economy and finance,gov_eu_nfa,Non-financial accounts for institutions
Economy and finance,gov_eu_fa,Financial accounts for institutions
Economy and finance,gov_eu_debt,Debt of the institutions
Economy and finance,gov_gb,"Stock of general government debt security liabilities issued as 'green bonds' - one-off data collection, experimental statistics"
Economy and finance,tec00033,ECU/EUR exchange rates versus national currencies
Economy and finance,ert_bil_conv_a,Conversion factors for euro fixed series into euro/ECU - annual data
Economy and finance,ert_h_eur_a,Former euro area national currencies vs. euro/ECU - annual data
Economy and finance,irt_lt_mcby_a,EMU convergence criterion series - annual data
Economy and finance,tec00097,EMU convergence criterion series - annual data
Economy and finance,irt_lt_mcby_q,EMU convergence criterion series - quarterly data
Economy and finance,irt_lt_gby10_a,"Government bond yields, 10 years' maturity - annual data"
Economy and finance,irt_lt_gby10_m,"Government bond yields, 10 years' maturity - monthly data"
Economy and finance,irt_st_a,Money market interest rates - annual data
Economy and finance,irt_h_euryld_a,Euro yield curves - annual data
Economy and finance,irt_h_cgby_a,Central government bond yields - annual data
Economy and finance,irt_h_cgby_q,Central government bond yields - quarterly data
Economy and finance,irt_h_cgby_m,Central government bond yields - monthly data
Economy and finance,irt_h_ddmr_a,Day-to-day rates for euro area countries - annual data
Economy and finance,irt_h_ddmr_q,Day-to-day rates for euro area countries - quarterly data
Economy and finance,irt_h_mr3_a,3-month rates for euro area countries - annual data
Economy and finance,irt_h_mr3_q,3-month rates for euro area countries - quarterly data
Economy and finance,teicp010,HICP - food
Economy and finance,teicp020,HICP - alcohol and tobacco
Economy and finance,teicp030,HICP - clothing
Economy and finance,teicp040,HICP - housing
Economy and finance,teicp000,HICP - all items
Economy and finance,teicp070,HICP - transport
Economy and finance,teicp080,HICP - communications
Economy and finance,teicp090,HICP - recreation and culture
Economy and finance,teicp050,HICP - household equipment
Economy and finance,teicp100,HICP - education
Economy and finance,teicp060,HICP - health
Economy and finance,teicp110,HICP - hotels and restaurants
Economy and finance,teicp120,HICP - miscellaneous goods and services
Economy and finance,teicp200,"HICP - all items excluding energy, food, alcohol and tobacco"
Economy and finance,teicp210,HICP - all items excluding energy
Economy and finance,teicp220,HICP - all items excluding energy and unprocessed food
Economy and finance,teicp230,HICP - all items excluding energy and seasonal food
Economy and finance,teicp240,HICP - all items excluding tobacco
Economy and finance,teicp250,HICP - energy
Economy and finance,teicp260,"HICP - food, alcohol and tobacco"
Economy and finance,teicp290,HICP - non-energy industrial goods
Economy and finance,teicp280,HICP - services
Economy and finance,tec00118,HICP - inflation rate
Economy and finance,tec00027,HICP - all items - annual average indices
Economy and finance,prc_hicp_cow,HICP - country weights
Economy and finance,prc_hpi_inw,House price index - Item weights
Economy and finance,prc_hpi_hsna,"House sales - number and index, annual data"
Economy and finance,prc_hpi_hsva,"House sales - value and index, annual data"
Economy and finance,tec00120,Price level indices
Economy and finance,tec00114,GDP per capita in PPS
Economy and finance,sdg_10_10,Purchasing power adjusted GDP per capita
Economy and finance,prc_ppp_conv,Convergence indicators
Economy and finance,tec00121,Price and volume convergence between Member States
Economy and finance,prc_colc_nat,Correction coefficients in the European Union (Countries) - index = 100)
Economy and finance,prc_colc_tot,Correction coefficients in the European Union (Duty stations) - index (Brussels = 100)
Economy and finance,prc_colc_ext,Correction coefficients outside the European Union (Duty stations) - index (Brussels = 100)
Economy and finance,prc_colc_pppnat,Purchasing Power Parities in the European Union (Countries) - index = 1)
Economy and finance,prc_colc_ppptot,Purchasing Power Parities in the European Union (Duty stations) - index (Brussels = 1)
Economy and finance,prc_colc_surf,Typical dwelling sizes by type of dwelling in each surveyed city
Economy and finance,prc_rem_cs,Remuneration indexes of national civil servants in central public administration
Economy and finance,prc_rem_avg,Average remuneration of national civil servants in central public administration
Economy and finance,prc_rem_nr,National civil servants in central public administration
Economy and finance,prc_rem_idx,Joint Index
Economy and finance,prc_rem_gdp,GDP weights used in the calculation of the global specific indicator
Economy and finance,bop_its_str,International trade in services - market integration indicators - historical data
Economy and finance,tec00041,"Current account transactions - primary income: credits, debits and balance"
Economy and finance,tec00039,"Current account transactions - goods: credits, debits and balance"
Economy and finance,tec00039,"Current account transactions - goods: credits, debits and balance"
Economy and finance,tec00041,"Current account transactions - primary income: credits, debits and balance"
Economy and finance,tec00042,"Current account transactions - secondary income: credits, debits and balance"
Economy and finance,tec00038,"Current account transactions - credits, debits and balance"
Economy and finance,tec00040,"Current account transactions - services: credits, debits and balance"
Economy and finance,tec00042,"Current account transactions - secondary income: credits, debits and balance"
Economy and finance,tec00038,"Current account transactions - credits, debits and balance"
Economy and finance,tec00040,"Current account transactions - services: credits, debits and balance"
Economy and finance,tec00106,Outward FDI stocks in % of GDP
Economy and finance,tec00105,Inward FDI stocks in % of GDP
Economy and finance,tec00107,"FDI flows intensity, market integration"
Population and social conditions,cens_hndwsize,Households by size (number of persons)
Population and social conditions,cens_hndwnr,Occupied conventional dwellings by number of rooms
Population and social conditions,cens_01ndquart_hd,Private households by type of housing
Population and social conditions,cens_01ndquart_lq,Living quarters by type of housing
Population and social conditions,cens_01ndquart_oc,Occupants by type of housing
Population and social conditions,cens_01ndcomf,Occupied conventional dwellings by presence of comfort characteristics
Population and social conditions,cens_01ndbuild,"Dwellings by type of ownership, type of building and occupancy status"
Population and social conditions,cens_91hpnper,Household composition by size
Population and social conditions,cens_91hnnch,Family nuclei by number of children
Population and social conditions,cens_91typb,Housing units by type of building
Population and social conditions,cens_91typl,Housing units by type
Population and social conditions,cens_91down,"Occupied conventional dwellings by households, by number of rooms"
Population and social conditions,cens_91dper,Occupied conventional dwellings by tenure status and period of construction
Population and social conditions,cens_91dame,Occupied conventional dwellings by tenure status and amenities
Population and social conditions,tps00001,Population on 1 January
Population and social conditions,tps00204,Live births and crude birth rate
Population and social conditions,tgs00027,"population, Candidate countries and potential candidates"
Population and social conditions,eq_fer05,Live births
Population and social conditions,tps00029,Deaths and crude death rate
Population and social conditions,tps00019,"Population change - crude rates of total change, natural change and net migration plus adjustment"
Population and social conditions,eq_mor06,Deaths by sex
Population and social conditions,tps00005,Population as a percentage of EU27 (from population
Population and social conditions,tps00028,Proportion of population aged 65 and over
Population and social conditions,eq_pop04,Median age by sex
Population and social conditions,eq_pop03,Population structure by detailed age group
Population and social conditions,eq_pop02,Population structure by sex
Population and social conditions,tps00198,Old-age-dependency ratio
Population and social conditions,tps00003,Population density
Population and social conditions,demo_urespop,Usually resident population on 1 January
Population and social conditions,demo_popep,Persons eligible to vote in the European Parliament elections by category of voters - dedicated data collection
Population and social conditions,tps00017,Mean age of women at childbirth and at birth of first child
Population and social conditions,tps00199,fertility rate
Population and social conditions,demo_fabortind,Abortion indicators
Population and social conditions,demo_mexrt,Excess mortality by month
Population and social conditions,tps00205,Life expectancy at birth by sex
Population and social conditions,tps00206,Crude marriage rate
Population and social conditions,tps00014,Mean age at first marriage by sex
Population and social conditions,tps00216,Crude divorce rate
Population and social conditions,demo_popmdctb,Median age of residents by sex and country of birth
Population and social conditions,tps00176,Immigration
Population and social conditions,migr_imm12prv,Immigration by broad group of country of previous residence
Population and social conditions,tps00177,Emigration
Population and social conditions,migr_emi5nxt,Emigration by group of country of next usual residence
Population and social conditions,tps00024,Acquisition of citizenship
Population and social conditions,migr_asyapp1mp,First-time asylum applicants - per thousand persons
Population and social conditions,migr_asyapp1pc,First-time asylum applicants - % of total asylum applicants
Population and social conditions,migr_asyapp1up,First-time asylum applications of unaccompanied minors - % of total first-time asylum applications of minors
Population and social conditions,migr_asydec1p,Positive first instance decisions - per thousand persons
Population and social conditions,migr_asydec1pc,Asylum decisions at first instance by type of decision - % of total decisions at first instance - annual data
Population and social conditions,migr_asydecfp,Asylum decisions at final instance by type of decision - % of total decisions at final instance
Population and social conditions,migr_asytpspop,Beneficiaries of temporary protection by citizenship - per thousand persons
Population and social conditions,migr_asytpfpop,Decisions granting temporary protection by citizenship - per thousand persons
Population and social conditions,tps00194,Asylum applicants considered to be unaccompanied minors - annual data
Population and social conditions,tps00189,Asylum applicants by type - monthly data
Population and social conditions,migr_asymrca,Applicants having benefited from material reception conditions at the end of the reference year - annual data
Population and social conditions,tps00192,First instance decisions on asylum applications by type of decision - annual aggregated data
Population and social conditions,tps00193,Final decisions on asylum applications by type of decision - annual data
Population and social conditions,tps00195,Resettled persons - annual data
Population and social conditions,migr_eilretpc,Returns by type of return - % of total returns
Population and social conditions,migr_eilpop,Persons subject to immigration law enforcement - per thousand persons
Population and social conditions,migr_respop,First residence permits - per thousand persons
Population and social conditions,migr_resfpc,First residence permits by reasons - % of total first residence permits
Population and social conditions,migr_resspc,Valid permits by reasons - % of total valid permits
Population and social conditions,tps00170,First permits by reason
Population and social conditions,tps00171,All valid permits by reason on 31 December of each year
Population and social conditions,tps00208,Life expectancy at birth by sex
Population and social conditions,tps00150,Healthy life years at birth by sex
Population and social conditions,hlth_hlye_h,Healthy life years -
Population and social conditions,hlth_rs_bdltc,Beds in nursing and other residential long-term care facilities
Population and social conditions,tps00046,Hospital beds
Population and social conditions,tps00044,Practising physicians
Population and social conditions,tps00045,Practising dentists
Population and social conditions,tps00167,Licensed physicians
Population and social conditions,hlth_co_ren,End-stage renal failure (ESRF) patients - historical data
Population and social conditions,hlth_co_dischnr,"Non-residents among all hospital discharges, % - historical data"
Population and social conditions,tps00048,Discharges from hospitals
Population and social conditions,hlth_co_bedoc,Inpatient curative care bed occupancy rate by type of care
Population and social conditions,hlth_hc_phys,Consultation of a medical doctor (in private practice or as outpatient) per inhabitant - historical data
Population and social conditions,hlth_hc_dent,Consultation of a dentist per inhabitant
Population and social conditions,hlth_hc_phys2,Consultation of a medical doctor per inhabitant and by type of consultation
Population and social conditions,hlth_ps_scre,Breast cancer and cervical cancer screenings - historical data
Population and social conditions,hlth_ehis_hc2,Self-reported breast examination by X-ray by educational attainment level among women aged 50-69 (%)
Population and social conditions,hlth_ehis_hc3,Self-reported cervical smear test by educational attainment level among women aged 20-69 (%)
Population and social conditions,hlth_ps_prev,Preventive cancer screenings - programme data
Population and social conditions,hlth_ps_immu,Vaccination against influenza of population aged 65 and over
Population and social conditions,hlth_ehis_am7sa,Self-reported use of home care services by people with severe difficulty in personal care activities by sex and age
Population and social conditions,hlth_ehis_am7sh,Self-reported use of home care services by people with severe difficulty in personal care activities by age and household type
Population and social conditions,hlth_silc_08b_r,"Self-reported unmet needs for medical examination due to financial reasons, long waiting list or distance by NUTS-2-region - % of the persons having the same needs"
Population and social conditions,tps00149,"Death due to drugs dependence, by sex"
Population and social conditions,tps00146,"Death due to homicide, assault, by sex"
Population and social conditions,tps00143,"Death due to AIDS (HIV-disease), by sex"
Population and social conditions,tps00125,"Death due to accidents, by sex"
Population and social conditions,tps00116,"Death due to cancer, by sex"
Population and social conditions,tps00128,"Death due to pneumonia, by sex"
Population and social conditions,tps00202,Suicide death rate by age group
Population and social conditions,hlth_cd_apyll,Causes of death - potential years of life lost by country of residence
Population and social conditions,hlth_cd_aperrto,"Fetal, peri- and neonatal mortality rates by country of occurrence"
Population and social conditions,hlth_cd_dar,Deaths of residents related to dementias including Alzheimer
Population and social conditions,hlth_cd_iap,Health impacts of air pollution
Population and social conditions,sdg_11_52,Premature deaths due to exposure to fine particulate matter (PM2.5)
Population and social conditions,hsw_aw_ws2,"Incidence rate of accidents at work by type of workstation, NACE Rev. 1.1 activity, sex, age and severity"
Population and social conditions,hsw_aw_nnasv,Number of accidents at work by NACE Rev. 1.1 activity and severity
Population and social conditions,hsw_aw_nnasz,Number of accidents at work by NACE Rev. 1.1 activity and size of enterprise
Population and social conditions,hsw_aw_nnaws,Number of accidents at work by NACE Rev. 1.1 activity and employment status
Population and social conditions,hsw_aw_nbosv,Number of accidents at work by part of body injured and severity
Population and social conditions,hsw_aw_inasz,Standardised incidence rate of accidents at work by NACE Rev. 1.1 activity and size of enterprise
Population and social conditions,hsw_aw_inaws,Standardised incidence rate of accidents at work by NACE Rev. 1.1 activity and employment status
Population and social conditions,hsw_ind,Indicators on health and safety at work
Population and social conditions,hsw_ac4,Persons reporting a road traffic accident
Population and social conditions,hsw_ij_nuse,Accidental injuries at work in by sex
Population and social conditions,hsw_ij_edse,Relative standardised incidence rate of accidental injuries at work by educational attainment level and sex (mean rate for each Member State = 100)
Population and social conditions,hsw_ij_isna,Relative incidence rate of accidental injuries at work by occupation and NACE Rev. 1.1 activity mean rate = 100)
Population and social conditions,hsw_ij_svnia,"Relative incidence rate of accidental injuries at work by severity, frequency of night work and age mean rate = 100 for each severity)"
Population and social conditions,hsw_ij_svsha,"Relative incidence rate of accidental injuries at work by severity, frequency of shift work and age mean rate = 100 for each severity)"
Population and social conditions,hsw_ij_svhos,"Relative incidence rate of accidental injuries at work by severity, working hours and sex mean rate = 100 for each severity)"
Population and social conditions,hsw_hp_nuse,Work-related health problems in by sex
Population and social conditions,hsw_hp_disnu,"Number of work-related health problems by diagnosis group, sex and number of complaints per victim"
Population and social conditions,hsw_occ_ina,index of occupational diseases - experimental statistics
Population and social conditions,hsw_occ_cnr,Recognised cases of occupational cancers - experimental statistics
Population and social conditions,gbv_ipv_lim,"Ever-partnered women who have experienced violence by an intimate partner, by level of disability (activity limitation)"
Population and social conditions,gbv_npv_lim,"Women who have experienced violence by a non-partner, by level of disability (activity limitation)"
Population and social conditions,gbv_dv_lim,"Women who have experienced violence by a domestic perpetrator, by level of disability (activity limitation)"
Population and social conditions,gbv_any_lim,"Women who have experienced violence by any perpetrator, by level of disability (activity limitation)"
Population and social conditions,dsb_sprpb01,Beneficiaries of disability pensions by pension type
Population and social conditions,dsb_sprpb02,Beneficiaries of disability pensions by sex
Population and social conditions,hlth_ehis_am7sa,Self-reported use of home care services by people with severe difficulty in personal care activities by sex and age
Population and social conditions,hlth_ehis_am7sh,Self-reported use of home care services by people with severe difficulty in personal care activities by age and household type
Population and social conditions,educ_uoe_enrt05,Ratio of the proportion of tertiary students over the proportion of the population by NUTS 1 and NUTS 2 region
Population and social conditions,educ_uoe_enrt08,Students in tertiary education - as % of 20-24 years old in the population
Population and social conditions,educ_uoe_enra06,Pupils and students in education aged 30 and over - per 1000 of corresponding age population
Population and social conditions,educ_uoe_enra07,Expected school years of pupils and students by education level
Population and social conditions,educ_uoe_enra08,Students in post-compulsory education - as % of the total population of post-compulsory school age
Population and social conditions,educ_uoe_enra10,"Pupils from age 4 to the starting age of compulsory education at primary level, by sex - as % of the population of the corresponding age group"
Population and social conditions,educ_uoe_enra17,Pupils from age 4 to the starting age of compulsory education at primary level by NUTS 2 region - % of the population of the corresponding age
Population and social conditions,educ_uoe_enra18,Pupils from age 5 to the starting age of compulsory education at primary level by sex - % of the population of the corresponding age
Population and social conditions,educ_uoe_enra19,"Pupils aged 4 years old, by sex - as % of the population of the corresponding age group"
Population and social conditions,educ_uoe_enra20,"Pupils aged 3 years old, by sex - as % of the population of the corresponding age group"
Population and social conditions,educ_uoe_enra21,Pupils from age 3 to the starting age of compulsory education at primary level by sex - % of the population of the corresponding age
Population and social conditions,educ_uoe_enra22,Pupils from age 3 to the starting age of compulsory education at primary level by NUTS 2 region - % of the population of the corresponding age
Population and social conditions,educ_uoe_enra23,Pupils from age 0 to the starting age of compulsory education at primary level by sex - % of the population of the corresponding age
Population and social conditions,educ_uoe_enra25,Pupils under the age of 3 by sex - as % of the population of the corresponding age
Population and social conditions,educ_uoe_enra27,Out-of-school rate by sex and age - as % of the population of the corresponding age
Population and social conditions,educ_uoe_enra28,"Out-of-school rate in population of lower secondary school age, by sex"
Population and social conditions,educ_uoe_enra29,"Out-of-school rate in population of upper secondary school age, by sex"
Population and social conditions,trng_aes_186,Effect of the search for information on learning possibilities
Population and social conditions,trng_aes_187,Sources of information used for getting information on learning possibilities
Population and social conditions,trng_cvt_12s,Participants in CVT courses by sex and size class - % of persons employed in all enterprises
Population and social conditions,trng_cvt_13s,Participants in CVT courses by sex and size class - % of persons employed in enterprises providing CVT courses
Population and social conditions,trng_cvt_21s,Hours spent in CVT courses by size class - per thousand hours worked in all enterprises
Population and social conditions,trng_cvt_21n2,Hours spent in CVT courses by NACE Rev. 2 activity - per thousand hours worked in all enterprises
Population and social conditions,trng_cvt_21n1,Hours spent in CVT courses by NACE Rev. 1.1 activity - per thousand hours worked in all enterprises
Population and social conditions,trng_cvt_22s,Hours spent in CVT courses by size class - per thousand hours worked in enterprises providing CVT courses
Population and social conditions,trng_cvt_22n2,Hours spent in CVT courses by NACE Rev. 2 activity - per thousand hours worked in enterprises providing CVT courses
Population and social conditions,trng_cvt_22n1,Hours spent in CVT courses by NACE Rev. 1.1 activity - per thousand hours worked in enterprises providing CVT courses
Population and social conditions,trng_cvt_23s,Hours spent in CVT courses by size class - per person employed in all enterprises
Population and social conditions,trng_cvt_23n2,Hours spent in CVT courses by NACE Rev. 2 activity - per person employed in all enterprises
Population and social conditions,trng_cvt_23n1,Hours spent in CVT courses by NACE Rev. 1.1 activity - per person employed in all enterprises
Population and social conditions,trng_cvt_24s,Hours spent in CVT courses by size class - per person employed in enterprises providing CVT courses
Population and social conditions,trng_cvt_24n2,Hours spent in CVT courses by NACE Rev. 2 activity - per person employed in enterprises providing CVT courses
Population and social conditions,trng_cvt_24n1,Hours spent in CVT courses by NACE Rev. 1.1 activity - per person employed in enterprises providing CVT courses
Population and social conditions,trng_cvt_25s,Hours spent in CVT courses by size class - per participant
Population and social conditions,trng_cvt_25n2,Hours spent in CVT courses by NACE Rev. 2 activity - per participant
Population and social conditions,trng_cvt_25n1,Hours spent in CVT courses by NACE Rev. 1.1 activity - per participant
Population and social conditions,trng_cvt_26n1,Hours spent in CVT courses by type of course and NACE Rev. 1.1 activity - % of total hours spent in CVT courses
Population and social conditions,trng_cvt_34s,Enterprises employing IVT participants by size class - % of all enterprises
Population and social conditions,trng_cvt_34n2,Enterprises employing IVT participants by NACE Rev. 2 activity - % of all enterprises
Population and social conditions,trng_cvt_34n1,Enterprises employing IVT participants by NACE Rev. 1.1 activity - % of all enterprises
Population and social conditions,educ_uoe_perp03,"Classroom teachers working full-time and part-time in primary, lower-secondary and upper-secondary education - as % of total active population"
Population and social conditions,educ_uoe_perp05,Ratio of pupils to teachers and teacher aides by education level and programme orientation
Population and social conditions,educ_uoe_perd04,"Female school-management personnel - as % of total school-management personnel, by education level"
Population and social conditions,educ_uoe_perd05,"Teachers working part-time - as % of all teachers, by education level"
Population and social conditions,educ_uoe_fini05,Expenditure on public educational institutions - as % of total or current expenditure
Population and social conditions,educ_uoe_fini06,"Ratio of annual expenditure per student at the tertiary level and primary level of education, in public educational institutions"
Population and social conditions,educ_uoe_fina01,Financial aid to students by education level - as % of total public expenditure
Population and social conditions,educ_uoe_grad06,Graduates at doctoral level by sex and age groups - per 1000 of population aged 25-34
Population and social conditions,educ_uoe_grad07,"Graduates at doctoral level, in science, math., computing, engineering, manufacturing, construction, by sex - per 1000 of population aged 25-34"
Population and social conditions,educ_uoe_grad09,Graduates in tertiary education by education level - women per 100 men
Population and social conditions,tps00217,Female tertiary education graduates in STEM education fields - % of all tertiary education graduates in STEM education fields
Population and social conditions,yth_educ_020,Population (aged 30-34) with tertiary educational attainment level by sex
Population and social conditions,yth_educ_030,Young persons (aged 20-24) with at least upper secondary educational attainment level by sex
Population and social conditions,tps00065,Persons aged 25-64 with at least upper secondary educational attainment level by sex
Population and social conditions,tps00186,Persons aged 20-24 with at least upper secondary educational attainment level by sex
Population and social conditions,tps00197,Persons with at most lower secondary educational attainment level by age
Population and social conditions,tps00066,Unemployment rates (persons aged 25-64) by educational attainment level
Population and social conditions,educ_outc_pisa,"Low achieving 15-year-olds in reading, mathematics or science by sex"
Population and social conditions,educ_uoe_lang03,Average number of foreign languages studied per pupil by education level
Population and social conditions,educ_iste,Pupil/ student - teacher ratio and average class size (ISCED 1-3)
Population and social conditions,educ_fiexpc,Expenditure on education in constant prices
Population and social conditions,educ_fiaid,Financial aid to students
Population and social conditions,trng_fed3,Participation in formal education by degree of urbanisation
Population and social conditions,trng_nfe2,Participation in non-formal education and training by number of activities
Population and social conditions,trng_nfe4,Participation in non-formal education and training by degree of urbanisation
Population and social conditions,trng_nfe5,Participation in job-related non-formal education and training by size of the local unit
Population and social conditions,trng_nfe6,Participation in non-formal education and training by main reason for participating in the taught activity
Population and social conditions,trng_nfe7,Participation in non-formal education and training within (or not) paid working hours
Population and social conditions,trng_nfe13,Mean instruction hours per employed participant in non-formal education and training by sex and NACE Rev. 1.1 activity
Population and social conditions,trng_nfe14,Mean instruction hours per participant in non-formal education and training by sex and age
Population and social conditions,trng_nfe15,Mean instruction hours per participant in non-formal education and training by sex and labour status
Population and social conditions,trng_nfe16,Mean instruction hours per employed participant in non-formal education and training by sex and occupation
Population and social conditions,trng_nfe18,Mean instruction hours per participant in non-formal education and training by field of learning
Population and social conditions,trng_inf3,Participation in informal learning by degree of urbanisation
Population and social conditions,trng_any3,Participation in any learning activities by degree of urbanisation
Population and social conditions,trng_any4,Participation in any learning activities by NACE Rev. 1.1 activity
Population and social conditions,trng_any5,Participation in any learning activities by size of the local unit
Population and social conditions,edat_lfso_00t2,Employed in service sector and occupational status of recent school-leavers
Population and social conditions,edat_lfso_00t4,Parents educational attainment level
Population and social conditions,edat_lfso_00t5,Job mismatches and their labour market effects among school-leavers in Europe
Population and social conditions,tps00159,Employed persons working part-time - annual data
Population and social conditions,lfsi_long_e08,"Transition from part-time work to full-time work (annual averages of quarterly transitions, estimated probabilities) - experimental statistics"
Population and social conditions,lfsi_long_e09,"Transition from fixed term contracts to permanent contracts (annual averages of quarterly transitions, estimated probabilities) - experimental statistics"
Population and social conditions,lfsi_dwl_a,Duration of working life
Population and social conditions,tesem080,Employment rate of low skilled persons (age group 20-64)
Population and social conditions,tqoe3a5,Employed persons having more than one job by sex
Population and social conditions,tps00066,Unemployment rates (persons aged 25-64) by educational attainment level
Population and social conditions,lfsi_jhh_a,Population in jobless private households - % of persons living in private households where no-one is employed
Population and social conditions,tps00182,Jobless households by sex
Population and social conditions,tps00181,Jobless households - children
Population and social conditions,lfst_r_lmdgeg,Regional disparities in gender employment gap (NUTS level 2)
Population and social conditions,lfst_r_lmdltu,Regional disparities in long-term unemployment rates (NUTS level 2)
Population and social conditions,lfst_r_edatd_16,Regional disparities in the rate of early leavers from education and training (NUTS level 2)
Population and social conditions,lfst_r_edatd_22,Regional disparities in the rate of young people neither in employment nor in education and training (NEET) (NUTS level 2)
Population and social conditions,lfst_dpw_01,Share of digital platform workers (in the last 12 months) by educational attainment level - experimental statistics
Population and social conditions,lfst_dpw_02,Share of digital platform workers (in the last 12 months) by type of task or service - experimental statistics
Population and social conditions,lfst_dpw_03,Distribution of digital platform workers (in the last 12 months) by number of hours worked in the last month - experimental statistics
Population and social conditions,lfst_dpw_04,Distribution of digital platform workers (at least one hour in the last month) by educational attainment level - experimental statistics
Population and social conditions,lfst_dpw_05,Distribution of digital platform workers (at least one hour in the last month) by labour status - experimental statistics
Population and social conditions,lfst_dpw_06,Distribution of digital platform workers (at least one hour in the last month) by share of platform income in their earnings - experimental statistics
Population and social conditions,lfst_dpw_07,Distribution of digital platform workers (at least one hour in the last month) by social insurance coverage and risk - experimental statistics
Population and social conditions,lfst_dpw_08,Distribution of digital platform workers (at least one hour in the last month) by type of work assignment - experimental statistics
Population and social conditions,lfst_dpw_09,Distribution of digital platform workers (at least one hour in the last month) by consequences of rejecting the task or service - experimental statistics
Population and social conditions,lfst_dpw_10,Distribution of digital platform workers (at least one hour in the last month) by working hours setting - experimental statistics
Population and social conditions,lfst_dpw_11,Distribution of digital platform workers (at least one hour in the last month) by price setting - experimental statistics
Population and social conditions,hsw_ac4,Persons reporting a road traffic accident
Population and social conditions,lfso_17seworg,Self-employed persons having at least one client in the last 12 months by control over working time
Population and social conditions,hsw_ac4,Persons reporting a road traffic accident
Population and social conditions,lfso_12penstyp,Persons who receive a pension by type
Population and social conditions,lfso_12agepens,Age at which the person first received an old-age pension
Population and social conditions,lfso_12earlyret,Early retirement among persons who receive an old-age pension
Population and social conditions,lfso_12reduchrs,Persons who reduced their working hours in a move towards retirement
Population and social conditions,lfso_12worklong,Persons outside the labour force who receive a pension who would have wished to stay longer in employment
Population and social conditions,tqoe3b4,Employees with a flexible work schedule by sex
Population and social conditions,hsw_ac4,Persons reporting a road traffic accident
Population and social conditions,lfso_06finiagps,Average age at which employed persons started receiving a retirement pension - by sex and main financial incentive to stay at work
Population and social conditions,tqoe3b4,Employees with a flexible work schedule by sex
Population and social conditions,trng_any3,Participation in any learning activities by degree of urbanisation
Population and social conditions,trng_any4,Participation in any learning activities by NACE Rev. 1.1 activity
Population and social conditions,trng_any5,Participation in any learning activities by size of the local unit
Population and social conditions,trng_fed3,Participation in formal education by degree of urbanisation
Population and social conditions,trng_nfe2,Participation in non-formal education and training by number of activities
Population and social conditions,trng_nfe4,Participation in non-formal education and training by degree of urbanisation
Population and social conditions,trng_nfe5,Participation in job-related non-formal education and training by size of the local unit
Population and social conditions,trng_nfe6,Participation in non-formal education and training by main reason for participating in the taught activity
Population and social conditions,trng_nfe7,Participation in non-formal education and training within (or not) paid working hours
Population and social conditions,trng_nfe13,Mean instruction hours per employed participant in non-formal education and training by sex and NACE Rev. 1.1 activity
Population and social conditions,trng_nfe14,Mean instruction hours per participant in non-formal education and training by sex and age
Population and social conditions,trng_nfe15,Mean instruction hours per participant in non-formal education and training by sex and labour status
Population and social conditions,trng_nfe16,Mean instruction hours per employed participant in non-formal education and training by sex and occupation
Population and social conditions,trng_nfe18,Mean instruction hours per participant in non-formal education and training by field of learning
Population and social conditions,trng_inf3,Participation in informal learning by degree of urbanisation
Population and social conditions,hlth_db_emaspr,Percentage distribution of assistance provided to employed disabled people by sex
Population and social conditions,hlth_db_emaspt,Percentage distribution of types of assistance provided to employed disabled people by sex
Population and social conditions,hlth_db_emasne,Percentage distribution of assistance needed by not employed disabled people by sex
Population and social conditions,hlth_db_emasnt,Percentage distribution of types of assistance needed by not employed disabled people by sex
Population and social conditions,edat_lfso_00t2,Employed in service sector and occupational status of recent school-leavers
Population and social conditions,edat_lfso_00t4,Parents educational attainment level
Population and social conditions,edat_lfso_00t5,Job mismatches and their labour market effects among school-leavers in Europe
Population and social conditions,tps00172,"Job vacancies in number and % - NACE Rev. 2, B-S, quarterly data"
Population and social conditions,earn_nt_netft,Annual net earnings of a full-time single worker without children earning an average wage
Population and social conditions,earn_nt_taxwedge,Tax rate on low wage earners - tax wedge on labour costs
Population and social conditions,earn_nt_unemtrp,Tax rate on low wage earners - unemployment trap
Population and social conditions,earn_nt_lowwtrp,Tax rate on low wage earners - low wage trap
Population and social conditions,earn_ses_pub1s,Low-wage earners as a proportion of all employees (excluding apprentices) by sex
Population and social conditions,earn_ses_pub1a,Low-wage earners as a proportion of all employees (excluding apprentices) by age
Population and social conditions,earn_ses_pub1i,Low-wage earners as a proportion of all employees (excluding apprentices) by educational attainment level
Population and social conditions,earn_ses_pub1t,Low-wage earners as a proportion of all employees (excluding apprentices) by employment contract
Population and social conditions,earn_ses_pub2s,"Median hourly earnings, all employees (excluding apprentices) by sex"
Population and social conditions,earn_ses18_mctrl,"Monthly earnings by economic control (enterprises with 10 employed persons or more) - NACE Rev. 2, B-S excluding O"
Population and social conditions,earn_ses18_adeci,"Annual earnings by quantiles and contractual working time (enterprises with 10 employed persons or more) - NACE Rev. 2, B-S excluding O"
Population and social conditions,earn_ses18_actrl,"Annual earnings by economic control (enterprises with 10 employed persons or more) - NACE Rev. 2, B-S excluding O"
Population and social conditions,earn_ses18_rann,"Mean annual earnings by NUTS 1 region (enterprises with 10 employees or more) - NACE Rev. 2, B-S excluding O"
Population and social conditions,earn_ses14_mdeci,"Monthly earnings by quantiles and contractual working time (enterprises with 10 employed persons or more) - NACE Rev. 2, B-S excluding O"
Population and social conditions,earn_ses14_mctrl,"Monthly earnings by economic control (enterprises with 10 employed persons or more) - NACE Rev. 2, B-S excluding O"
Population and social conditions,earn_ses14_adeci,"Annual earnings by quantiles and contractual working time (enterprises with 10 employed persons or more) - NACE Rev. 2, B-S excluding O"
Population and social conditions,earn_ses14_actrl,"Annual earnings by economic control (enterprises with 10 employed persons or more) - NACE Rev. 2, B-S excluding O"
Population and social conditions,earn_ses14_rann,"Mean annual earnings by NUTS 1 region (enterprises with 10 employees or more) - NACE Rev. 2, B-S excluding O"
Population and social conditions,earn_ses10_rhr,"Mean hourly earnings by NUTS 1 region (enterprises with 10 employees or more) - NACE Rev. 2, B-S excluding O"
Population and social conditions,earn_ses10_mdeci,"Monthly earnings by quantiles and contractual working time (enterprises with 10 employed persons or more) - NACE Rev. 2, B-S excluding O"
Population and social conditions,earn_ses10_mctrl,"Monthly earnings by economic control (enterprises with 10 employed persons or more) - NACE Rev. 2, B-S excluding O"
Population and social conditions,earn_ses10_adeci,"Annual earnings by quantiles and contractual working time (enterprises with 10 employed persons or more) - NACE Rev. 2, B-S excluding O"
Population and social conditions,earn_ses10_actrl,"Annual earnings by economic control (enterprises with 10 employed persons or more) - NACE Rev. 2, B-S excluding O"
Population and social conditions,earn_ses10_rann,"Mean annual earnings by NUTS 1 region (enterprises with 10 employees or more) - NACE Rev. 2, B-S excluding O"
Population and social conditions,earn_ses06_rhr,"Mean hourly earnings by NUTS 1 region (enterprises with 10 employees or more) - NACE Rev. 1.1, C-O excluding L"
Population and social conditions,earn_ses_mdeci,"Monthly earnings by quantiles and contractual working time (enterprises with 10 employed persons or more) - NACE Rev. 1.1, C-O excluding L"
Population and social conditions,earn_ses_mctrl,"Monthly earnings by economic control (enterprises with 10 employed persons or more) - NACE Rev. 1.1, C-O excluding L"
Population and social conditions,earn_ses_adeci,"Annual earnings by quantiles and contractual working time (enterprises with 10 employed persons or more) - NACE Rev. 1.1, C-O excluding L"
Population and social conditions,earn_ses_actrl,"Annual earnings by economic control (enterprises with 10 employed persons or more) - NACE Rev. 1.1, C-O excluding L"
Population and social conditions,earn_ses06_rann,"Mean annual earnings by NUTS 1 region (enterprises with 10 employees or more) - NACE Rev. 1.1, C-O excluding L"
Population and social conditions,earn_gr_gpgr2ag,Gender pay gap in unadjusted form by age and NACE Rev. 2 activity (B-S except O) - structure of earnings survey methodology
Population and social conditions,earn_gr_gpgr2ct,Gender pay gap in unadjusted form by type of ownership and NACE Rev. 2 activity (B-S except O) - structure of earnings survey methodology
Population and social conditions,earn_gr_gpgr2wt,Gender pay gap in unadjusted form by working time and NACE Rev. 2 activity (B-S except O) - structure of earnings survey methodology
Population and social conditions,earn_gr_hgpg,Gender pay gap in unadjusted form -
Population and social conditions,earn_gr_goeg,Gender overall earnings gap
Population and social conditions,tps00155,Minimum wages
Population and social conditions,earn_mw_avgr2,Monthly minimum wage as a proportion of average monthly earnings (%) - NACE Rev. 2 (from onwards)
Population and social conditions,earn_mw_avgr1,Monthly minimum wage as a proportion of average monthly earnings (%) - NACE Rev. 1.1
Population and social conditions,lc_lci_r1_cow,Labour cost index by NACE Rev. 1.1 activity - country weights
Population and social conditions,lc_lci_r2_cow,Labour cost index by NACE Rev. 2 activity - country weights
Population and social conditions,tps00173,Labour costs annual data - NACE Rev. 2
Population and social conditions,hbs_exp_t111,Mean consumption expenditure per household and per adult equivalent
Population and social conditions,hbs_exp_t132,Mean consumption expenditure by number of active persons
Population and social conditions,ilc_peps07n,Persons at risk of poverty or social exclusion by tenure status
Population and social conditions,ilc_peps11n,Persons at risk of poverty or social exclusion by NUTS 2 region
Population and social conditions,tgs00107,People at risk of poverty or social exclusion by NUTS 2 region
Population and social conditions,ilc_peps13n,Persons at risk of poverty or social exclusion by degree of urbanisation
Population and social conditions,ilc_pecs01,Persons at risk of poverty or social exclusion - EU2030 target
Population and social conditions,sdg_01_10,Persons at risk of poverty or social exclusion
Population and social conditions,ilc_peps07,Persons at risk of poverty or social exclusion by tenure status - strategy
Population and social conditions,ilc_peps11,Persons at risk of poverty or social exclusion by NUTS 2 region - strategy
Population and social conditions,ilc_pns4,Inequality of income distribution S80/S20 income quintile share ratio - EU-SILC and ECHP surveys
Population and social conditions,ilc_di11_r,Income quintile share ratio S80/S20 by NUTS 2 region
Population and social conditions,ilc_di11g,Effect of taxes on income quintile share ratio S80/S20
Population and social conditions,ilc_di11h,Effect of social transfers on income quintile share ratio S80/S20
Population and social conditions,ilc_di11i,Effect of taxes and social transfers on income quintile share ratio S80/S20
Population and social conditions,ilc_di12,Gini coefficient of equivalised disposable income by age
Population and social conditions,ilc_di12b,Gini coefficient of equivalised disposable income before social transfers (pensions included in social transfers)
Population and social conditions,ilc_di12c,Gini coefficient of equivalised disposable income before social transfers (pensions excluded from social transfers)
Population and social conditions,tps00184,At-risk-of-poverty rate after social transfers by sex
Population and social conditions,ilc_li12,Relative poverty gap by risk of poverty and work intensity of the household
Population and social conditions,ilc_li13,Relative poverty gap by risk of poverty and work intensity of the households with income from benefits
Population and social conditions,tgs00103,At-risk-of-poverty rate by NUTS 2 region
Population and social conditions,ilc_li48,At-risk-of-poverty rate after deducting housing costs by degree of urbanisation
Population and social conditions,ilc_li33,At-risk-of poverty rate for children by citizenship of their parents (population aged 0 to 17)
Population and social conditions,ilc_li34,At-risk-of poverty rate for children by country of birth of their parents (population aged 0 to 17)
Population and social conditions,ilc_li70,Persons receiving benefits (other than old age benefits) by risk of poverty and work intensity of the household (population aged 18 to 64)
Population and social conditions,ilc_pnp2,Relative median income ratio (65+) - EU-SILC and ECHP surveys
Population and social conditions,ilc_pns2,Relative median income ratio (60+)
Population and social conditions,ilc_pnp3,Aggregate replacement ratio for pensions (excluding other social benefits) by sex
Population and social conditions,ilc_pnp11,Gender differences in the aggregate replacement ratio for pensions (excluding other social benefits)
Population and social conditions,ilc_pnp12,Gender differences in the at-risk-of-poverty rate by age
Population and social conditions,ilc_pnp13,Average gender pension gap by age group
Population and social conditions,ilc_pnp14,Gender coverage rate in pension by age group
Population and social conditions,ilc_pns4,Inequality of income distribution S80/S20 income quintile share ratio - EU-SILC and ECHP surveys
Population and social conditions,ilc_pns5,Relative median at-risk-of-poverty gap of elderly people - EU-SILC and ECHP surveys
Population and social conditions,ilc_iw04,In-work at-risk-of-poverty rate by educational attainment level
Population and social conditions,ilc_iw06,In-work at-risk-of-poverty rate by months worked
Population and social conditions,ilc_iw07,In-work at-risk-of-poverty rate by full-/part-time work
Population and social conditions,ilc_di18,Income in real terms SILC=100)
Population and social conditions,ilc_lvph01,Average household size
Population and social conditions,ilc_lvph02h,Distribution of households by household type until
Population and social conditions,ilc_lvph03,Distribution of households by household size
Population and social conditions,ilc_lvph05,Distribution of households with children by number of children
Population and social conditions,ilc_lvps20,Share of children (aged less than 18) living with their parents by type of household
Population and social conditions,ilc_lvhl21n,Persons living in households with very low work intensity by NUTS 2 region (population aged 0 to 64 years)
Population and social conditions,ilc_lvhl23n,Persons living in households with very low work intensity by degree of urbanisation (population aged 0 to 64 years) - strategy
Population and social conditions,ilc_lvhl36,Labour transitions from temporary to permanent contracts by sex -3-year average
Population and social conditions,ilc_lvho05c,Overcrowding rate by tenure status - total population
Population and social conditions,ilc_lvho05d,Overcrowding rate by degree of urbanisation - total population
Population and social conditions,ilc_lvho50c,Share of people living in under-occupied dwellings by tenure status - total population
Population and social conditions,ilc_lvho50d,Share of people living in under-occupied dwellings by degree of urbanisation - total population
Population and social conditions,ilc_lvho07b,Housing cost overburden rate by income quintile
Population and social conditions,ilc_lvho07c,Housing cost overburden rate by tenure status
Population and social conditions,ilc_lvho07d,Housing cost overburden rate by degree of urbanisation
Population and social conditions,ilc_lvho07_r,Housing cost overburden rate by NUTS 2 region
Population and social conditions,ilc_lvho08b,Median of the housing cost burden distribution by degree of urbanisation
Population and social conditions,ilc_lvho03h,Average number of rooms per person by tenure status and dwelling type until
Population and social conditions,ilc_lvho04d,Average number of rooms per person by degree of urbanization
Population and social conditions,ilc_lvho04n,Average number of rooms per person by NUTS 2 region
Population and social conditions,tps00185,Formal child care by duration and age group
Population and social conditions,ilc_camnforall,Average number of weekly hours of formal care by age group - children with or without formal care
Population and social conditions,ilc_camnforg0,Average number of weekly hours of formal care by age group - children with at least 1 hour of formal care
Population and social conditions,ilc_camdforg0,Median number of weekly hours of formal care by age group - children with at least 1 hour of formal care
Population and social conditions,ilc_camnothall,Average number of weekly hours of other types of care by age group - children with or without other types of care
Population and social conditions,ilc_camnothg0,Average number of weekly hours of other types of care by age group - children with at least one hour of other types of care
Population and social conditions,ilc_camdothg0,Median number of weekly hours of other types of care by age group - children with at least one hour of other types of care
Population and social conditions,ilc_caparents,Children cared only by their parents by age group - % over the population of each age group
Population and social conditions,ilc_hch15,Children with unmet needs for medical examination or treatment by specific reason
Population and social conditions,ilc_sbjp02,Subjective poverty by educational attainment level (population aged 18 and over)
Population and social conditions,ilc_sbjp04,Subjective poverty by tenure status
Population and social conditions,ilc_sbjp05,Subjective poverty by degree of urbanization
Population and social conditions,ilc_pw14,Satisfaction with the job by risk of poverty threshold and level of disability (activity limitation)
Population and social conditions,ilc_mdsd06,Material and social deprivation rate by tenure status
Population and social conditions,ilc_mdsd08,Material and social deprivation rate by NUTS 2 region
Population and social conditions,ilc_mdsd09,Material and social deprivation rate by degree of urbanisation
Population and social conditions,tespm030,Severe material and social deprivation rate
Population and social conditions,ilc_mdsd18,Severe material and social deprivation by NUTS 2 region
Population and social conditions,ilc_mddd17,Severe material deprivation rate by tenure status
Population and social conditions,ilc_mddd21,Severe material deprivation rate by NUTS 2 region
Population and social conditions,tgs00104,Severe material deprivation rate by NUTS 2 region
Population and social conditions,ilc_chmd01,Child specific material deprivation rate by age (children aged less than 16 years)
Population and social conditions,ilc_chmd02,Child specific material deprivation rate by household composition (children aged less than 16 years)
Population and social conditions,ilc_chmd03,Child specific material deprivation rate by educational attainment level of their parents (children aged less than 16 years)
Population and social conditions,ilc_chmd04,Mean number of deprivation items among the children deprived (children aged less than 16 years)
Population and social conditions,ilc_mdes01_r,Inability to keep home adequately warm by NUTS 2 region
Population and social conditions,ilc_mdes03_r,"Inability to afford a meal with meat, chicken, fish (or vegetarian equivalent) every second day by NUTS 2 region"
Population and social conditions,ilc_mdes04_r,Inability to face unexpected financial expenses by NUTS 2 region
Population and social conditions,ilc_mdes05_r,"Arrears (mortgage or rent, utility bills or hire purchase) by NUTS 2 region"
Population and social conditions,ilc_mdho06d,Severe housing deprivation rate by degree of urbanisation
Population and social conditions,ilc_mdho06q,Severe housing deprivation rate by income quintile
Population and social conditions,ilc_mdho02c,"Children (aged 0 to 17) having neither a bath, nor a shower in their dwelling"
Population and social conditions,ilc_mdho03c,Children (aged 0 to 17) not having indoor flushing toilet for the sole use of their household
Population and social conditions,ilc_lvhd01,Persons having experienced housing difficulties in their lifetime by sex and current risk of poverty or social exclusion situation
Population and social conditions,ilc_lvhd02,Persons having experienced housing difficulties in their lifetime by sex and type of temporary solution (effect)
Population and social conditions,ilc_lvhd03,Persons having experienced housing difficulties in their lifetime by sex and group of country of birth
Population and social conditions,ilc_lvhd04,Persons having experienced housing difficulties in their lifetime by sex and group of current country of citizenship
Population and social conditions,ilc_lvhd06,Persons having overcome housing difficulties experienced in their lifetime by sex and reason
Population and social conditions,ilc_chsb01,Children having one of their parents living outside the household
Population and social conditions,ilc_chsb02,Parents spending enough time with children living with them
Population and social conditions,ilc_odbt01,Arrears on non-housing bills by risk of poverty threshold
Population and social conditions,ilc_odbt02,Arrears on non-housing bills by income quintile
Population and social conditions,ilc_odbt03,Loans (excluding mortgages on purchase of main residence) by risk of poverty threshold
Population and social conditions,ilc_odbt04,Loans (excluding mortgages on purchase of main residence) by income quintile
Population and social conditions,ilc_odbt05,Persons with loans for property purposes by risk of poverty threshold
Population and social conditions,ilc_odbt06,Persons with loans for transport purposes by risk of poverty threshold
Population and social conditions,ilc_odbt07,Persons with loans for education purposes by risk of poverty threshold
Population and social conditions,ilc_odbt08,Persons with loans to cover daily living expenses by risk of poverty threshold
Population and social conditions,ilc_odbt09,"Persons with loans for purposes other than property, transport, education and daily living expenses by risk of poverty threshold"
Population and social conditions,ilc_odbt12,Persons owning real estate other than main residence by risk of poverty threshold
Population and social conditions,ilc_odbt13,Persons owning real estate other than main residence by income quantile
Population and social conditions,ilc_odbt14,Households maintaining the same standard of living using savings by duration and risk of poverty threshold
Population and social conditions,ilc_igtp03,At-risk-of poverty rate for adults (aged 25 to 59 years) by educational attainment level of their parents
Population and social conditions,ilc_igtp04,At-risk-of poverty rate for adults (aged 25 to 59 years) by level of financial situation of their households when respondent was around 14 years old
Population and social conditions,tus_00meal,Time spent on eating at home (as main or secondary activity) and
Population and social conditions,tus_00alone,Time spent alone and
Population and social conditions,tus_00npaycare,Time spent providing childcare (as main or secondary activity) and
Population and social conditions,tus_00simuact,Time spent doing more than one activity simultaneously and
Population and social conditions,tus_00travel,Time spent on travelling by mode of transport and
Population and social conditions,tus_00screen,"Time spent watching or other media, playing computer games and any similar screen activities (as main or secondary activity) and"
Population and social conditions,tus_00npaywork,Time spent in unpaid forms of work (as main or secondary activity) by sex and form of work and
Population and social conditions,gbv_ipv_type,"Ever-partnered women who have experienced violence by an intimate partner, by type of violence"
Population and social conditions,gbv_ipv_occ,"Ever-partnered women who have experienced violence by an intimate partner, by occurrence of the last episode"
Population and social conditions,gbv_ipv_age,"Ever-partnered women who have experienced violence by an intimate partner, by age group"
Population and social conditions,gbv_ipv_frq,"Ever-partnered women who have experienced violence by an intimate partner, by type and frequency of violence"
Population and social conditions,gbv_ipv_rp,"Ever-partnered women who have experienced violence by an intimate partner, by person/support service to whom violence was reported"
Population and social conditions,gbv_ipv_cnq,Ever-partnered women who have experienced violence by an intimate partner and consequences of violence
Population and social conditions,gbv_ipv_lim,"Ever-partnered women who have experienced violence by an intimate partner, by level of disability (activity limitation)"
Population and social conditions,gbv_ipv_ed,"Ever-partnered women who have experienced violence by an intimate partner, by level of education"
Population and social conditions,gbv_ipv_du,"Ever-partnered women who have experienced violence by an intimate partner, by degree of urbanisation"
Population and social conditions,gbv_ipv_cob,"Ever-partnered women who have experienced violence by an intimate partner, by country of birth"
Population and social conditions,gbv_ipv_comm,Perception of women as victims/non-victims of intimate partner violence by commonness of this violence against women
Population and social conditions,gbv_npv_type,"Women who have experienced violence by a non-partner, by type of violence"
Population and social conditions,gbv_npv_occ,"Women who have experienced violence by a non-partner, by occurrence of the last episode"
Population and social conditions,gbv_npv_age,"Women who have experienced violence by a non-partner, by age group"
Population and social conditions,gbv_npv_frq,"Women who have experienced violence by a non-partner, by type and frequency of violence"
Population and social conditions,gbv_npv_rp,"Women who have experienced violence by a non-partner, by person/support service to whom violence was reported"
Population and social conditions,gbv_npv_cnq,Women who have experienced violence by a non-partner and consequences of violence
Population and social conditions,gbv_npv_lim,"Women who have experienced violence by a non-partner, by level of disability (activity limitation)"
Population and social conditions,gbv_npv_ed,"Women who have experienced violence by a non-partner, by level of education"
Population and social conditions,gbv_npv_du,"Women who have experienced violence by a non-partner, by degree of urbanisation"
Population and social conditions,gbv_npv_cob,"Women who have experienced violence by a non-partner, by country of birth"
Population and social conditions,gbv_npv_perp,"Women who have experienced violence by a non-partner, by type of perpetrator"
Population and social conditions,gbv_dv_type,"Women who have experienced violence by a domestic perpetrator, by type of violence"
Population and social conditions,gbv_dv_occ,"Women who have experienced violence by a domestic perpetrator, by occurrence of the last episode"
Population and social conditions,gbv_dv_age,"Women who have experienced violence by a domestic perpetrator, by age group"
Population and social conditions,gbv_dv_lim,"Women who have experienced violence by a domestic perpetrator, by level of disability (activity limitation)"
Population and social conditions,gbv_dv_ed,"Women who have experienced violence by a domestic perpetrator, by level of education"
Population and social conditions,gbv_dv_du,"Women who have experienced violence by a domestic perpetrator, by degree of urbanisation"
Population and social conditions,gbv_dv_cob,"Women who have experienced violence by a domestic perpetrator, by country of birth"
Population and social conditions,gbv_any_type,"Women who have experienced violence by any perpetrator, by type of violence"
Population and social conditions,gbv_any_occ,"Women who have experienced violence by any perpetrator, by occurrence of the last episode"
Population and social conditions,gbv_any_age,"Women who have experienced violence by any perpetrator, by age group"
Population and social conditions,gbv_any_frq,"Women who have experienced violence by any perpetrator, by type and frequency of violence"
Population and social conditions,gbv_any_rp,"Women who have experienced violence by any perpetrator, by person/support service to whom violence was reported"
Population and social conditions,gbv_any_cnq,Women who have experienced violence by any perpetrator and consequences of violence
Population and social conditions,gbv_any_lim,"Women who have experienced violence by any perpetrator, by level of disability (activity limitation)"
Population and social conditions,gbv_any_ed,"Women who have experienced violence by any perpetrator, by level of education"
Population and social conditions,gbv_any_du,"Women who have experienced violence by any perpetrator, by degree of urbanisation"
Population and social conditions,gbv_any_cob,"Women who have experienced violence by any perpetrator, by country of birth"
Population and social conditions,gbv_shw_occ,"Ever-working women who have experienced sexual harassment at work, by occurrence of the last episode"
Population and social conditions,gbv_shw_age,"Ever-working women who have experienced sexual harassment at work, by age group"
Population and social conditions,gbv_shw_perp,"Ever-working women who have experienced sexual harassment at work, by type of male perpetrator"
Population and social conditions,gbv_shw_frq,"Ever-working women who have experienced sexual harassment at work, by frequency"
Population and social conditions,gbv_shw_rp,"Ever-working women who have experienced sexual harassment at work, by person/support service to whom violence was reported during last year"
Population and social conditions,gbv_shw_comm,Perception of ever-working women as victims/non-victims of sexual harassment at work by commonness of harassment
Population and social conditions,gbv_st_occ,"Women who have experienced stalking, by occurrence of the last episode"
Population and social conditions,gbv_st_age,"Women who have experienced stalking, by age group"
Population and social conditions,gbv_st_perp,"Women who have experienced stalking, by type of perpetrator"
Population and social conditions,gbv_st_rp,"Women who have experienced stalking, by person/support service to whom violence was reported"
Population and social conditions,gbv_st_cnq,"Women who have experienced stalking, by consequences of violence"
Population and social conditions,gbv_ch_age,"Women who have experienced sexual violence during childhood, by age group"
Population and social conditions,gbv_ch_perp,"Women who have experienced sexual violence during childhood, by type of perpetrator"
Population and social conditions,gbv_ch_rp,"Women who have experienced sexual violence during childhood, by person/support service to whom violence was reported"
Population and social conditions,gbv_awr_serv,"Women as victims/non-victims of violence, by awareness of the existence of support services"
Population and social conditions,gbv_awr_leg,"Women as victims/non-victims of violence, by awareness of free legal aid"
Population and social conditions,icw_sr_02,Median saving rate by household type - experimental statistics
Population and social conditions,icw_sr_03,Median saving rate by income quintile - experimental statistics
Population and social conditions,icw_sr_05,Gini coefficient on household population - experimental statistics
Population and social conditions,icw_sr_09,Aggregate propensity to consume by household type - experimental statistics
Population and social conditions,icw_sr_10,Aggregate propensity to consume by income quintile - experimental statistics
Population and social conditions,icw_sr_12,Median saving rate by the self-declared level of difficulty to make ends meet - experimental statistics
Population and social conditions,icw_sr_13,Median saving rate by degree of urbanisation - experimental statistics
Population and social conditions,icw_sr_14,Aggregate propensity to consume by degree of urbanisation - experimental statistics
Population and social conditions,icw_sr_15,Median saving rate by activity status of the reference person - experimental statistics
Population and social conditions,icw_sr_16,Aggregate propensity to consume by activity status of the reference person - experimental statistics
Population and social conditions,icw_pov_03,Proportion of dissaving households - experimental statistics
Population and social conditions,icw_car_01,Distribution of households by age of the reference person - experimental statistics
Population and social conditions,icw_car_02,Distribution of households by household type - experimental statistics
Population and social conditions,icw_car_04,Distribution of households by activity status of the reference person - experimental statistics
Population and social conditions,tps00101,Expenditure on social protection by type
Population and social conditions,tps00099,Expenditure on social protection per inhabitant at constant prices
Population and social conditions,tps00098,Expenditure on social protection as percentage of GDP
Population and social conditions,tps00100,Expenditure on social protection per inhabitant in PPS
Population and social conditions,dsb_sprpb01,Beneficiaries of disability pensions by pension type
Population and social conditions,cult_emp_sex,Cultural employment by sex
Population and social conditions,cult_emp_art,"Persons working as creative and performing artists, authors, journalists and linguists"
Population and social conditions,cult_pcs_nws,Persons reading newspapers in the last 12 months by sex and
Population and social conditions,tus_00screen,"Time spent watching or other media, playing computer games and any similar screen activities (as main or secondary activity) and"
Population and social conditions,educ_uoe_lang03,Average number of foreign languages studied per pupil by education level
Population and social conditions,cult_pcs_qnt,Mean consumption expenditure of private households on cultural goods and services by income quintile
Population and social conditions,sprt_emp_sex,Employed persons in sport by sex
Population and social conditions,sprt_emp_age,Employed persons in sport by age
Population and social conditions,sprt_pcs_qnt,Mean consumption expenditure of private households on sporting goods and services by income quintile
Population and social conditions,crim_hom_vcit,Intentional homicide victims in largest cities by sex
Population and social conditions,crim_hom_ocit,Intentional homicide offences in largest cities
Population and social conditions,crim_just_bri,Bribery by legal status and sex of the person involved
Population and social conditions,crim_crt_per,Persons brought before criminal courts by legal status of the court process
Population and social conditions,crim_pris_cap,Prison capacity and number of persons held
Population and social conditions,crim_pris_ctz,Prisoners by citizenship
Population and social conditions,crim_pris_tri,Prisoners by legal status of the trial process
Population and social conditions,sdg_16_70,Victims of trafficking in human beings by sex
Population and social conditions,crim_thb_vctz,Victims of trafficking in human beings by citizenship
Population and social conditions,crim_thb_vexp,Victims of trafficking in human beings by all forms of exploitation
Population and social conditions,crim_smu_sctz,Suspects of migrant smuggling by citizenship
Population and social conditions,crim_hom_city,Crimes recorded by the police - homicide in cities
Population and social conditions,crim_hist,Crimes recorded by the police
Population and social conditions,crim_plce,Police officers
Population and social conditions,crim_pris_pop,Prison population
"Industry, trade and services",tipsho50,Residential building permits - annual data
"Industry, trade and services",sts_tot_prod_a,Market production - annual data
"Industry, trade and services",sbs_part_wtstck,"Enterprises in wholesale trade, repair of vehicles and motorcycles (NACE Rev.2, G) - changes in stocks"
"Industry, trade and services",sbs_cre_pacc,Number of accounts linked to CPA categories
"Industry, trade and services",sbs_cre_pcrec,Commissions receivable by product
"Industry, trade and services",sbs_cre_pcpay,Commissions payable by product
"Industry, trade and services",sbs_cre_pintrex,Interests receivable and similar income by product
"Industry, trade and services",sbs_cre_pintpay,Interests payable and similar charges by product
"Industry, trade and services",sbs_cre_ploans,Number of loans and advances to customers linked to CPA categories
"Industry, trade and services",sbs_cre_gneea,Number of branches in non-EEA countries
"Industry, trade and services",sbs_cre_gbneea,Business written in non-EEA countries
"Industry, trade and services",sbs_pen_7b1,Autonomous pension funds - number of enterprises by size class of investments
"Industry, trade and services",sbs_pen_7b2,Autonomous pension funds - number of enterprises by size class of members
"Industry, trade and services",sbs_pen_7c,Autonomous pension funds - total investments by currencies
"Industry, trade and services",sbs_pen_7e,Non-autonomous pension funds
"Industry, trade and services",sbs_pen_enteea,Enterprises with members in other countries
"Industry, trade and services",bs_bs4_06,Turnover by residence of client and economic activity
"Industry, trade and services",bs_bs5_04,Number of enterprises carrying out cross border trade by employment size class
"Industry, trade and services",bs_bs6_04,Number of enterprises carrying out cross border trade by type of cross border trade and employment size class
"Industry, trade and services",bs_bs7_04,Number of enterprises carrying out cross border trade by reasons for cross border trade and employment size class
"Industry, trade and services",bs_bs13_04,Turnover by type of media for advertising services
"Industry, trade and services",bs_bs14_04,Income from intellectual property rights for computer services
"Industry, trade and services",bs_bs16_04,Purchases of advertising space or time for resale
"Industry, trade and services",bs_bs1_00,Turnover by product specialisation for div. 72
"Industry, trade and services",bs_bs2_00,Turnover by product specialisation and employment size class for group 72.2
"Industry, trade and services",bs_bs5_00,Turnover by type of client and NACE Rev.1 at 3-digit level
"Industry, trade and services",bs_bs6_00,Turnover by type of client and employment size class
"Industry, trade and services",bs_bs7_00,Turnover by nationality of client and NACE Rev.1 at 3-digit level
"Industry, trade and services",bs_bs8_00,Turnover by nationality of client and employment size class
"Industry, trade and services",bs_bs9_00,Turnover by client specialisation and NACE Rev.1 at 3-digit level
"Industry, trade and services",bs_bs10_00,Turnover by client specialisation and employment size class
"Industry, trade and services",bs_bs11_00,Turnover by client specialisation and product specialisation
"Industry, trade and services",iss_21gvcba,Enterprises by type of buyer power asymmetry in the global value chain and NACE rev.2 activity aggregate - experimental statistics
"Industry, trade and services",iss_21gvcsa,Enterprises by type of supplier power asymmetry in the global value chain and NACE rev.2 activity aggregate - experimental statistics
"Industry, trade and services",iss_21gvcms,Enterprises by means of services supply and NACE rev.2 activity aggregate - experimental statistics
"Industry, trade and services",iss_21sopref,Enterprises by international sourcing status prior to the reference period and NACE Rev.2 activity aggregate - experimental statistics
"Industry, trade and services",iss_21covt,Enterprises by impact of COVID-19 on turnover and NACE rev.2 activity aggregate - experimental statistics
"Industry, trade and services",iss_18sojobn,Jobs created by NACE Rev.2 activity - experimental statistics
"Industry, trade and services",iss_18bfbck,Enterprises by movement of business functions from abroad and by NACE Rev.2 activity - experimental statistics
"Industry, trade and services",iss_18bfmove,"Enterprises by status of movement of business functions from abroad, business function and NACE Rev.2 activity - experimental statistics"
"Industry, trade and services",iss_18bfmmag,Enterprises by type of movement of business functions from abroad and by NACE Rev.2 activity - experimental statistics
"Industry, trade and services",iss_stat,Enterprises by sourcing status and enterprise group identification - collection round - experimental statistics
"Industry, trade and services",egr_mne,Multinational enterprise groups in EU-EFTA countries by controlling country - experimental statistics
"Industry, trade and services",egr_mne_n2sc,"Multinational enterprise groups in EU-EFTA countries by controlling country, size class and NACE Rev. 2 activity - experimental statistics"
"Industry, trade and services",egr_emp,Persons employed in multinational enterprise groups by size class - experimental statistics
"Industry, trade and services",egr_conc,Concentration of multinational enterprise groups by NACE Rev. 2 activity - experimental statistics
"Industry, trade and services",tin00175,Nights spent at tourist accommodation establishments by residents/non-residents
"Industry, trade and services",tin00180,"Net occupancy rate of bed-places and bedrooms in hotels and similar accommodation (NACE Rev. 2, I, 55.1) (from onwards)"
"Industry, trade and services",tin00181,Number of establishments and bed-places
"Industry, trade and services",tin00186,Participation in tourism for personal purposes - % of total population
"Industry, trade and services",tin00185,Persons participating in tourism for personal purposes - number of tourists
"Industry, trade and services",tin00196,Average expenditure per night
"Industry, trade and services",tin00195,Average expenditure per trip
"Industry, trade and services",tour_ce_oam,Guest nights spent at short-stay accommodation offered via collaborative economy platforms by mode of accommodation - experimental statistics
"Industry, trade and services",tour_ce_oasc,Guest nights spent at short-stay accommodation offered via collaborative economy platforms by size class of accommodation - experimental statistics
"Agriculture, forestry and fisheries",orch_olives1,Olive trees - Area by age classes (area in ha)
"Agriculture, forestry and fisheries",orch_olives2,Olive trees - Area by density classes (area in ha)
"Agriculture, forestry and fisheries",orch_total,area by species (area in ha)
"Agriculture, forestry and fisheries",orch_olives3,Olive trees - Area by age and density classes (area in ha)
"Agriculture, forestry and fisheries",orch_grapes3,Table grape vines - Area by age and density classes (area in ha)
"Agriculture, forestry and fisheries",vit_bs4_cy,Area under wine-grape vine varieties broken down by vine variety and by age of the vines -
"Agriculture, forestry and fisheries",vit_bs4_lu,Area under wine-grape vine varieties broken down by vine variety and by age of the vines -
"Agriculture, forestry and fisheries",tag00001,Agricultural holdings by agricultural area
"Agriculture, forestry and fisheries",tag00007,Farm land use
"Agriculture, forestry and fisheries",tag00124,Agricultural holdings with livestock
"Agriculture, forestry and fisheries",tag00125,Agricultural holdings by age of manager
"Agriculture, forestry and fisheries",tag00020,Farm labour force
"Agriculture, forestry and fisheries",tag00029,Agricultural holdings by age of holder
"Agriculture, forestry and fisheries",tag00054,Crop output - basic and producer prices
"Agriculture, forestry and fisheries",tag00102,Output of the agricultural industry - basic and producer prices
"Agriculture, forestry and fisheries",tag00056,Gross value added of the agricultural industry - basic and producer prices
"Agriculture, forestry and fisheries",tag00055,Animal output - basic and producer prices
"Agriculture, forestry and fisheries",tag00057,Indicator A of the income from agricultural activity
"Agriculture, forestry and fisheries",tag00062,Selling prices of maize
"Agriculture, forestry and fisheries",tag00060,Selling prices of barley
"Agriculture, forestry and fisheries",tag00064,Selling prices of sugar beet (unit value)
"Agriculture, forestry and fisheries",tag00063,Selling prices of main crop potatoes
"Agriculture, forestry and fisheries",tag00059,Selling prices of soft wheat
"Agriculture, forestry and fisheries",tag00061,Selling prices of oats
"Agriculture, forestry and fisheries",tag00068,Selling prices of chickens (live 1st choice)
"Agriculture, forestry and fisheries",tag00071,Selling prices of fresh eggs
"Agriculture, forestry and fisheries",tag00069,Selling prices of sheep
"Agriculture, forestry and fisheries",tag00067,Selling prices of piglets
"Agriculture, forestry and fisheries",tag00066,Selling prices of pigs (light)
"Agriculture, forestry and fisheries",tag00070,Selling prices of raw cow's milk
"Agriculture, forestry and fisheries",tag00065,Selling prices of calves
"Agriculture, forestry and fisheries",tag00052,"Purchase price indices, total means of agricultural production"
"Agriculture, forestry and fisheries",tag00048,"Producer price indices, crop products"
"Agriculture, forestry and fisheries",tag00046,"Producer price indices, total agricultural production"
"Agriculture, forestry and fisheries",tag00050,"Producer price indices, animals and animal products"
"Agriculture, forestry and fisheries",apri_lrnt_h,Agricultural land renting prices for one year by region - historical data (until
"Agriculture, forestry and fisheries",apri_lprc_h,Agricultural land prices by region - historical data (until
"Agriculture, forestry and fisheries",apri_pi95_vwia,Weights of purchase prices of the means of agricultural production - survey
"Agriculture, forestry and fisheries",apri_pi95_vwpa,Weights of producer prices of agricultural products - survey
"Agriculture, forestry and fisheries",apro_mk_fatprot,Fat contents and protein contents (cow's milk) - annual data
"Agriculture, forestry and fisheries",tag00038,Production of butter
"Agriculture, forestry and fisheries",tag00040,Production of cheese
"Agriculture, forestry and fisheries",tag00037,Collection of cow's milk
"Agriculture, forestry and fisheries",tag00039,Production of milk powder
"Agriculture, forestry and fisheries",tag00041,Production of milk on farms
"Agriculture, forestry and fisheries",tag00045,Production of sheepmeat and goat meat in slaughterhouses
"Agriculture, forestry and fisheries",tag00044,Production of bovine meat in slaughterhouses
"Agriculture, forestry and fisheries",tag00043,Production of poultry meat in slaughterhouses
"Agriculture, forestry and fisheries",tag00042,Production of pigmeat in slaughterhouses
"Agriculture, forestry and fisheries",apro_mt_ppighq,Production forecasts for pigs - quarterly data
"Agriculture, forestry and fisheries",tag00014,Number of dairy cows
"Agriculture, forestry and fisheries",tag00016,Number of bovine animals
"Agriculture, forestry and fisheries",tag00018,Number of pigs
"Agriculture, forestry and fisheries",tag00017,Number of sheep
"Agriculture, forestry and fisheries",apro_ec_lshen,Laying hens population - annual data
"Agriculture, forestry and fisheries",apro_ec_egghen,Production of eggs for consumption and number of laying hens
"Agriculture, forestry and fisheries",apro_mt_lsequi,Livestock - Equidae - annual data
"Agriculture, forestry and fisheries",tai04,Final energy consumption by agriculture and forestry sector – tonne of oil equivalent per hectare of UAA
"Agriculture, forestry and fisheries",tag00115,Fresh vegetables and strawberries by area
"Agriculture, forestry and fisheries",tag00120,Permanent crops for human consumption by area
"Agriculture, forestry and fisheries",tag00047,"Wheat and spelt by area, production and humidity"
"Agriculture, forestry and fisheries",tag00100,"Rape, turnip rape, sunflower seeds and soya by area"
"Agriculture, forestry and fisheries",tag00103,Root crops and plants harvested green from arable land by area
"Agriculture, forestry and fisheries",tag00101,"Green maize by area, production and humidity"
"Agriculture, forestry and fisheries",tag00051,"Barley by area, production and humidity"
"Agriculture, forestry and fisheries",tag00094,"Dry pulses and protein crops for the production of grain (including seed and mixtures of cereals and pulses) by area, production and humidity"
"Agriculture, forestry and fisheries",tag00053,"Oats and spring cereal mixtures by area, production and humidity"
"Agriculture, forestry and fisheries",tag00027,"Cereals for the production of grain (including seed) by area, production and humidity"
"Agriculture, forestry and fisheries",tag00121,Grapes by production
"Agriculture, forestry and fisheries",tag00093,"Grain maize and corn-cob-mix by area, production and humidity"
"Agriculture, forestry and fisheries",tag00122,Olives by production
"Agriculture, forestry and fisheries",tag00049,"Rye and winter cereal mixtures by area, production and humidity"
"Agriculture, forestry and fisheries",org_cropar_h2,Share of organic crop area out of the total utilised agricultural area (UAA) (until
"Agriculture, forestry and fisheries",org_aprod_h,Organic production of animal products (until
"Agriculture, forestry and fisheries",org_cpreact_h,Processors of organic products by NACE Rev. 2 activity (C)
"Agriculture, forestry and fisheries",aei_pestsal_rsk,Pesticide sales by categorisation of active substances
"Agriculture, forestry and fisheries",tai10,Estimated soil loss by water erosion by land cover type
"Agriculture, forestry and fisheries",tai11,Share of landcover types affected by severe erosion
"Agriculture, forestry and fisheries",for_secwpp,"Secondary wood products, production"
"Agriculture, forestry and fisheries",for_awu,Annual work units in forestry and logging
"Agriculture, forestry and fisheries",for_area,Area of wooded land
"Agriculture, forestry and fisheries",for_vol,Volume of timber
"Agriculture, forestry and fisheries",for_profnc,Protective functions of forests
"Agriculture, forestry and fisheries",for_protect,Protected forests
"Agriculture, forestry and fisheries",fish_ca_pac61,Catches - north-west Pacific
"Agriculture, forestry and fisheries",fish_ca_pac71,Catches - west-central Pacific
"Agriculture, forestry and fisheries",tag00076,Catches in all fishing region
"Agriculture, forestry and fisheries",tag00116,"Fishing Fleet, Number of Vessels"
"Agriculture, forestry and fisheries",tag00083,"Fishing fleet, total tonnage"
"Agriculture, forestry and fisheries",tag00075,Aquaculture production in tonnes and value
"Agriculture, forestry and fisheries",org_aqtspec,Organic production of aquaculture products
International trade,tet00037,Share of trade with the EU27 (from
International trade,tet00001,"Trade volume indices, by reporting country"
International trade,tet00028,"Trade unit value indices, by reporting country"
International trade,tet00002,"International trade, by reporting country, total product"
International trade,tipsen10,Net trade balance of energy products - % of GDP
International trade,tet00038,"International trade of and enlargement countries, by reporting country, total product"
International trade,tet00066,"Extra-euro area trade, by product group"
International trade,tet00065,"Extra-euro area trade, by main partners, total product"
International trade,tet00013,"Extra-EU27 (from trade, by product group"
International trade,tet00011,"Intra-EU27 (from trade, by Member State, total product"
International trade,tet00012,"Extra-EU27 (from trade, by Member State, total product"
International trade,teiet210,Balance of trade - and euro area aggregates
International trade,teiet160,Imports of goods - other manufactured products
International trade,teiet060,Exports of goods - other manufactured products
International trade,teiet040,"Exports of goods - mineral fuels, lubricants and related materials"
International trade,teiet170,Imports of goods - machinery and transport equipment
International trade,teiet110,Imports of goods - total
International trade,teiet215,Balance of trade
International trade,ext_ser_bec01,Services trade by broad economic categories (BEC Rev.5)
Transport,avia_if_arp,Commercial airports by type
Transport,avia_eq_arc_age,Commercial aircraft fleet by age of aircraft and country of operator
Transport,avia_eq_arc_agereg,Commercial aircraft fleet by age of aircraft and country of registration
Transport,avia_ec_enterp,Aviation and airport enterprises
Transport,avia_ec_emp_ent,Persons employed in aviation and airport enterprises by sex
Transport,avia_ec_emp_arp,Persons employed in main airports by sex
Transport,ttr00016,Air transport of passengers by country and type of transport (monthly data)
Transport,ttr00011,Air transport of goods by country (yearly data)
Transport,avia_tppa,Passenger air transport over national territory (including territorial sea) - million passenger-km
Transport,avia_tpgo,Freight and mail air transport over national territory (including territorial sea) - million tonne-km
Transport,tgs00077,Air transport of passengers by NUTS 2 region
Transport,tgs00078,Air transport of freight by NUTS 2 region
Transport,iww_if_infrastr,Length of navigable inland waterways by waterway type
Transport,iww_if_hordim,"Navigable inland waterways, by horizontal dimensions of vessels and pushed convoys"
Transport,iww_eq_power_lo,Power of self-propelled vessels by load capacity
Transport,iww_eq_age_loa,Load capacity of self-propelled vessels by year of construction
Transport,iww_ec_ent_n,Inland waterway transport enterprises by number of vessels -
Transport,iww_ec_ent_c,Carrying capacity of the inland waterway transport enterprises vessels by number of vessels in enterprises -
Transport,iww_ec_employ,Employment in inland waterways transport enterprises by number of vessels in enterprises -
Transport,iww_ec_empsex,Employment in inland waterways transport enterprises by sex -
Transport,iww_go_actygo07,Container transport by type of goods and coverage
Transport,ttr00007,Goods transport by inland waterways
Transport,iww_tf_vetf,Vessel traffic
Transport,iww_ec_invest,Expenditure on inland waterway transport infrastructure and freight vessels
Transport,mar_mg_aa_cwh,Country level - gross weight of goods handled in all ports
Transport,mar_mg_am_cwt,Country level - gross weight of goods transported to/from main ports
Transport,mar_mg_am_cvh,"Country level - volume (in TEUs) of containers handled in main ports, by loading status"
Transport,mar_mg_aa_pwhd,Gross weight of goods handled in the top 20 ports by direction
Transport,mar_mg_am_pvh,Volume of containers handled in the top 20 main ports by loading status
Transport,mar_mp_aa_cph,Country level - passengers embarked and disembarked in all ports
Transport,mar_mp_am_cft,Passengers (excluding cruise passengers) transported from/to the main ports
Transport,mar_mp_aa_pphd,Passengers embarked and disembarked in the top 20 ports
Transport,mar_qg_qm_cwh,Country level - gross weight of goods handled in main ports
Transport,mar_qg_qm_ewhd,"level - gross weight of goods handled in main ports, by direction"
Transport,mar_qg_qm_ewhk,"level - gross weight of goods handled in main ports, by type of cargo"
Transport,mar_qg_qm_ewht,"level - gross weight of goods handled in main ports, by type of traffic"
Transport,mar_qg_qm_ewhg,"level - gross weight of goods handled in main ports, by various types of partner geographical areas"
Transport,mar_qg_qm_pwh,Top 5 ports - gross weight of goods handled in each port
Transport,mar_qg_qm_pwhl,Top 5 ports for liquid bulk - gross weight of liquid bulk goods handled in each port
Transport,mar_qg_qm_pwhc,Top 5 ports for containers - gross weight of goods in containers handled in each port
Transport,mar_qg_qm_pwhr,Top 5 ports for Ro-ro units - gross weight of goods in Ro-Ro units handled in each port
Transport,mar_qg_qm_pvh,Top 5 ports for volume of containers - volume (in TEUs) of containers handled in each port
Transport,mar_sg_am_cwd,"Short sea shipping - country level - gross weight of goods transported to/from main ports, by direction"
Transport,mar_sg_am_ewx,"Short sea shipping - level - gross weight of goods transported to/from main ports, by type of cargo for each sea region of partner ports"
Transport,mar_sg_am_cv,"Short sea shipping - country level - volume (in TEUs) of containers transported to/from main ports, by loading status"
Transport,mar_sg_am_pwl,Gross weight of liquid bulk goods transported in short sea shipping from/to the top 5 ports for liquid bulk goods
Transport,mar_sg_am_pwb,Gross weight of dry bulk goods transported in short sea shipping from/to the top 5 ports for dry bulk goods
Transport,mar_sg_am_pwc,Gross weight of goods in containers transported in short sea shipping from/to the top 5 ports for goods in containers
Transport,mar_sg_am_pwr,Gross weight of goods in Ro-ro units transported in short sea shipping from/to the top 5 ports for goods in Ro-ro units
Transport,mar_pa_qm_mt,Passengers (excluding cruise passengers) transported from/to the main ports - - quarterly data
Transport,mar_pa_qm_me,Passengers (excluding cruise passengers) transported from/to the main ports - - quarterly data
Transport,ttr00009,Sea transport of goods
Transport,tgs00075,Maritime transport of passengers by NUTS 2 region
Transport,tgs00076,Maritime transport of freight by NUTS 2 region
Transport,mar_tp_go,Maritime goods transport performed in the Exclusive Economic Zone of the countries
Transport,mar_tp_sss,Maritime goods short-sea shipping performed in the Exclusive Economic Zone of the countries
Transport,mar_tp_pa,Maritime passenger transport performed in the Exclusive Economic Zone of the countries
Transport,mar_v_est,Vessels arriving in main ports by type of vessels (estimates) - experimental statistics
Transport,pipe_if_lenght,Length of pipelines operated
Transport,pipe_if_capac,Carrying capacity of pipelines operated
Transport,pipe_ec_invest,Investment and maintenance in oil pipeline infrastructure
Transport,pipe_ec_ent,Oil pipeline enterprises
Transport,pipe_ec_employ,Persons employed in oil pipeline enterprises by sex
Transport,rail_if_tracks,Length of railway tracks by electrification of tracks
Transport,ttr00003,length of railway lines
Transport,rail_if_line_sp,Length of railway lines by maximum permitted speed
Transport,rail_if_traff,Length of railway lines equipped with the railway traffic management system (ERTMS)
Transport,rail_if_lvlcros,Level crossings by type
Transport,rail_eq_pa_nty,"Passenger railway vehicles, by type of vehicle"
Transport,rail_eq_pa_nca,Passenger railway vehicles by category of vehicle (until
Transport,rail_eq_pa_cty,Seat capacity of passenger railway vehicles by type of vehicles
Transport,rail_eq_pa_csb,Seat/berth capacity of passenger railway vehicles
Transport,rail_eq_vans,Railway transport vans
Transport,rail_eq_trset,Trainsets and capacity by type of speed
Transport,rail_ec_ent,Railway enterprises by type of enterprise
Transport,rail_ec_emplo_s,Persons employed in principal railway enterprises by sex (until
Transport,rail_ec_expend,Expenditure on rolling stock and railway infrastructure
Transport,rail_pa_nbcar,"Passenger cars in accompanied passenger car railway transport, by type of transport"
Transport,rail_pa_nbpass,"Passengers in accompanied passenger car railway transport, by type of transport"
Transport,rail_pa_total,Passengers transported
Transport,ttr00015,Rail transport of passengers
Transport,rail_pa_speed,Passengers transported by type of train speed
Transport,rail_go_total,Goods transported
Transport,ttr00006,Goods transport by rail
Transport,rail_go_quartal,Goods transported (detailed reporting only ) - quarterly data
Transport,rail_go_consgmt,Goods transported by type of consignment
Transport,rail_tf_ns20_bg,Train traffic on the rail network -
Transport,rail_tf_ns20_cz,Train traffic on the rail network -
Transport,rail_tf_ns20_dk,Train traffic on the rail network -
Transport,rail_tf_ns20_ee,Train traffic on the rail network -
Transport,rail_tf_ns20_ie,Train traffic on the rail network -
Transport,rail_tf_ns20_el,Train traffic on the rail network -
Transport,rail_tf_ns20_hr,Train traffic on the rail network -
Transport,rail_tf_ns20_lt,Train traffic on the rail network -
Transport,rail_tf_ns20_lv,Train traffic on the rail network -
Transport,rail_tf_ns20_lu,Train traffic on the rail network -
Transport,rail_tf_ns20_hu,Train traffic on the rail network -
Transport,rail_tf_ns20_pt,Train traffic on the rail network -
Transport,rail_tf_ns20_ro,Train traffic on the rail network -
Transport,rail_tf_ns20_si,Train traffic on the rail network -
Transport,rail_tf_ns20_sk,Train traffic on the rail network -
Transport,rail_tf_ns20_fi,Train traffic on the rail network -
Transport,rail_tf_ns20_no,Train traffic on the rail network -
Transport,rail_tf_ns20_tr,Train traffic on the rail network -
Transport,rail_tf_ns20_mk,Train traffic on the rail network - North Macedonia
Transport,rail_tf_ns15_be,Train traffic on the rail network -
Transport,rail_tf_ns15_bg,Train traffic on the rail network -
Transport,rail_tf_ns15_cz,Train traffic on the rail network - Czech Republic
Transport,rail_tf_ns15_dk,Train traffic on the rail network -
Transport,rail_tf_ns15_ee,Train traffic on the rail network -
Transport,rail_tf_ns15_ie,Train traffic on the rail network -
Transport,rail_tf_ns15_hr,Train traffic on the rail network -
Transport,rail_tf_ns15_lv,Train traffic on the rail network -
Transport,rail_tf_ns15_lt,Train traffic on the rail network -
Transport,rail_tf_ns15_lu,Train traffic on the rail network -
Transport,rail_tf_ns15_hu,Train traffic on the rail network -
Transport,rail_tf_ns15_pt,Train traffic on the rail network -
Transport,rail_tf_ns15_ro,Train traffic on the rail network -
Transport,rail_tf_ns15_si,Train traffic on the rail network -
Transport,rail_tf_ns15_sk,Train traffic on the rail network -
Transport,rail_tf_ns15_fi,Train traffic on the rail network -
Transport,rail_tf_ns15_li,Train traffic on the rail network -
Transport,rail_tf_ns15_no,Train traffic on the rail network -
Transport,rail_tf_ns15_mk,Train traffic on the rail network - the Former Yugoslav Republic of Macedonia
Transport,rail_tf_ns15_tr,Train traffic on the rail network -
Transport,rail_tf_ns10_be,Train traffic on the rail network -
Transport,rail_tf_ns10_bg,Train traffic on the rail network -
Transport,rail_tf_ns10_dk,Train traffic on the rail network -
Transport,rail_tf_ns10_ee,Train traffic on the rail network -
Transport,rail_tf_ns10_ie,Train traffic on the rail network -
Transport,rail_tf_ns10_el,Train traffic on the rail network -
Transport,rail_tf_ns10_hr,Train traffic on the rail network -
Transport,rail_tf_ns10_lv,Train traffic on the rail network -
Transport,rail_tf_ns10_lt,Train traffic on the rail network -
Transport,rail_tf_ns10_lu,Train traffic on the rail network -
Transport,rail_tf_ns10_hu,Train traffic on the rail network -
Transport,rail_tf_ns10_at,Train traffic on the rail network -
Transport,rail_tf_ns10_pt,Train traffic on the rail network -
Transport,rail_tf_ns10_ro,Train traffic on the rail network -
Transport,rail_tf_ns10_si,Train traffic on the rail network -
Transport,rail_tf_ns10_sk,Train traffic on the rail network -
Transport,rail_tf_ns10_fi,Train traffic on the rail network -
Transport,rail_tf_ns10_li,Train traffic on the rail network -
Transport,rail_tf_ns10_no,Train traffic on the rail network -
Transport,rail_tf_ns10_mk,Train traffic on the rail network - the Former Yugoslav Republic of Macedonia
Transport,rail_tf_ns10_tr,Train traffic on the rail network -
Transport,rail_tf_ns_be,Train traffic on the rail network -
Transport,rail_tf_ns_dk,Train traffic on the rail network -
Transport,rail_tf_ns_ee,Train traffic on the rail network -
Transport,rail_tf_ns_ie,Train traffic on the rail network -
Transport,rail_tf_ns_el,Train traffic on the rail network -
Transport,rail_tf_ns_lv,Train traffic on the rail network -
Transport,rail_tf_ns_lt,Train traffic on the rail network -
Transport,rail_tf_ns_lu,Train traffic on the rail network -
Transport,rail_tf_ns_hu,Train traffic on the rail network - Hungaria
Transport,rail_tf_ns_at,Train traffic on the rail network -
Transport,rail_tf_ns_pt,Train traffic on the rail network -
Transport,rail_tf_ns_si,Train traffic on the rail network -
Transport,rail_tf_ns_sk,Train traffic on the rail network -
Transport,rail_tf_ns_fi,Train traffic on the rail network -
Transport,rail_tf_ns_li,Train traffic on the rail network -
Transport,rail_tf_ns_no,Train traffic on the rail network -
Transport,rail_tf_ns_tr,Train traffic on the rail network -
Transport,rail_tf_hauseat,Hauled passenger railway vehicle traffic performance by type of railway vehicle speed - seat km (until
Transport,rail_tf_hautkmo,Hauled vehicle traffic performance - tkm (until
Transport,rail_tf_passmov,Passenger train traffic performance by type of train speed
Transport,rail_tf_trainmv,Goods and passenger train traffic performance
Transport,rail_ac_catnmbr,Railway accidents by type of accident - annual data
Transport,rail_ac_dnggood,Accidents involving the transport of dangerous goods - annual data
Transport,road_if_motorwa,Length of motorways and e-roads
Transport,ttr00002,length of motorways
Transport,road_if_barea,Length of other roads within/outside built-up areas
Transport,road_if_bsurfa,Length of paved and unpaved roads
Transport,road_eqs_busmot_h,"Motor coaches, buses and trolley buses by type of motor energy (until"
Transport,road_eqs_caralt,Passenger cars by alternative motor energy (until
Transport,road_eqs_semitn,Semi-trailers by load capacity (until
Transport,road_eqs_roaene_h,Road tractors by type of motor energy (until
Transport,road_eqs_trailn,Trailers by load capacity (until
Transport,road_eqs_motorc,Motorcycles by engine size
Transport,road_eqs_carage,Passenger cars by age
Transport,road_eqs_carhab,Passenger cars - per thousand inhabitants
Transport,road_eqs_unlweig,Passenger cars by unloaded weight
Transport,road_eqs_busveh,"Motor coaches, buses and trolley buses, by type of vehicle"
Transport,road_eqs_bussea,"Seats /berths in motor coaches, buses and trolley buses"
Transport,road_eqs_trams,Trams
Transport,road_eqs_spurp,Special purpose road vehicles
Transport,road_eqs_semit,"Semi-trailers and their load capacity, by permissible maximum gross weight"
Transport,road_eqs_trail,"Trailers and their load capacity, by permissible maximum gross weight"
Transport,road_eqr_bum,"New motor coaches, buses and trolley buses by type of motor energy (until"
Transport,road_eqr_carbua,"New passenger cars, motor coaches, buses and trolley buses by alternative motor energy (until"
Transport,road_eqr_loralt,New lorries by alternative motor energy and load capacity of +/- 1500 kg (until
Transport,road_eqr_lsttt,"Load capacity of new lorries, semi-trailers and trailers, by type of carriage (until"
Transport,road_eqr_trailn,New trailers and their load capacity (until
Transport,road_eqr_tracm,New road tractors by type of motor energy (until
Transport,road_eqr_mopeds,New mopeds and motorcycles by type of motor energy
Transport,road_eqr_motors,New motorcycles by engine size
Transport,road_eqr_busveh,"New motor coaches, buses and trolley buses , by type of vehicles"
Transport,road_eqr_bussea,"Seat capacity of new motor coaches, buses and trolley buses"
Transport,road_eqr_trams,New trams
Transport,road_eqr_spurp,New special purpose road vehicles
Transport,road_eqr_semit,"New semi-trailers and their load capacity, by permissible maximum gross weight"
Transport,road_eqr_trail,"New trailers and their load capacity, by permissible maximum gross weight"
Transport,road_ec_entemp,Goods road transport enterprises by employment size classes
Transport,road_ec_entveh,Goods road transport enterprises by number of vehicles
Transport,road_ec_empl_s,Persons employed in goods road transport enterprises by sex
Transport,road_ec_empl,Persons employed in goods road transport enterprises by employment size classes
Transport,road_ec_invest,Expenditure on road transport vehicles and road infrastructure
Transport,road_tf_buscoa,Buses and coaches traffic performance registered in the reporting country by transport covarage
Transport,road_pa_mov,National passenger road transport performance by type of vehicles registered in the reporting country
Transport,ttr00005,Goods transport by road
Transport,road_go_ca_d_ha,Road cabotage transport performed by each reporting country (tkm) -
Transport,road_go_ca_d_c,Road cabotage transport by country in which cabotage takes place (tkm) -
Transport,road_go_ca_c,"Road cabotage transport by country in which cabotage takes place (t, tkm) - (from onwards)"
Transport,road_tert_go,"Territorialised road freight transport, by transport coverage - annual data"
Transport,tran_sf_marv,Maritime accident victims by sea basin of occurrence and country of registration of vessels
Transport,tran_sf_marves,"Maritime accident victims by sea basin of occurrence, country of registration of vessels and type of vessels"
Transport,tran_sf_railac,Rail accidents by type of accident
Transport,tran_sf_raildg,Rail accidents involving the transport of dangerous goods
Transport,tran_sf_railsu,Suicides involving railways
Transport,tran_sf_roadro,Persons killed in road accidents by type of road
Transport,iww_ac_nbac,Accidents in inland waterway transport
Transport,tgs00075,Maritime transport of passengers by NUTS 2 region
Transport,tgs00076,Maritime transport of freight by NUTS 2 region
Transport,tgs00077,Air transport of passengers by NUTS 2 region
Transport,tgs00078,Air transport of freight by NUTS 2 region
Transport,tran_hv_ms_frmod,"Modal split of air, sea and inland freight transport"
Transport,tran_hv_ms_psmod,"Modal split of air, sea and inland passenger transport"
Transport,tran_hv_frmod,Modal split of inland freight transport
Transport,sdg_09_60,Share of rail and inland waterways in inland freight transport
Transport,tran_im_umod,Unitisation in the different modes of transport - tonne-kilometre for gross weight of goods
Transport,tran_im_uroad,Unitisation in road freight transport - tonne-kilometre for gross weight of goods
Transport,tran_im_urail,Unitisation in rail freight transport- tonne-kilometre for gross-gross weight of goods
Transport,tran_im_uiww,Unitisation in inland waterways freight transport - tonne-kilometre for gross-gross weight of goods
Transport,tran_im_umar,Unitisation in maritime freight transport - tonnes for gross weight of goods
Transport,tran_im_mosp,Modal shift potential of long-distance road freight in containers - tonne-kilometre
Transport,tran_im_mospt,Modal shift potential of long-distance road freight in containers - tonne
Transport,tran_hv_frtra,Volume of freight transport relative to GDP
Transport,tran_hv_pstra,Volume of passenger transport relative to GDP
Environment and energy,cei_gsr011,Greenhouse gases emissions from production activities
Environment and energy,tai07,Ammonia emissions from agriculture - % of total emissions
Environment and energy,tai08,Greenhouse gas emissions from agriculture
Environment and energy,env_air_no2,"Nitrogen dioxide concentrations in European capital cities - monthly averages, experimental statistics"
Environment and energy,ten00137,Domestic material consumption per capita
Environment and energy,env_ac_rp,Resource productivity
Environment and energy,env_ac_mid,Material import dependency
Environment and energy,env_ac_cur,Circular material use rate
Environment and energy,env_ac_curm,Circular material use rate by material type
Environment and energy,ten00141,Environmental tax revenues as share of total taxes
Environment and energy,ten00139,Energy taxes
Environment and energy,ten00135,National expenditure on environmental protection
Environment and energy,ten00136,Environmental protection investments of total economy
Environment and energy,env_ac_epite1,Environmental protection investments of total economy
Environment and energy,env_ac_egss3,"Production, value added and employment by industry groups in the environmental goods and services sector"
Environment and energy,sdg_12_61,Gross value added in environmental goods and services sector
Environment and energy,ten00110,Waste generated by households by year and waste category
Environment and energy,sdg_12_51,Generation of waste by hazardousness
Environment and energy,cei_pc035,Food waste
Environment and energy,ten00062,Recovery rates for packaging waste
Environment and energy,ten00063,Recycling rates for packaging waste
Environment and energy,env_waspcb,Consumption of lightweight plastic carrier bags by their wall thickness
Environment and energy,env_waspb,Sales and collection of portable batteries and accumulators
Environment and energy,ten00001,Water resources: long-term annual average
Environment and energy,ten00006,Water abstracted by sector of use
Environment and energy,ten00003,Fresh water abstraction by source per capita - m³ per capita
Environment and energy,env_wat_pop,Population connected to public water supply
Environment and energy,ten00030,Sewage sludge production and disposal from urban wastewater (in dry substance (d.s))
Environment and energy,ten00001,Water resources: long-term annual average
Environment and energy,env_chmhaz,Production and consumption of chemicals by hazard class
Environment and energy,env_bio2,Common farmland bird index
Environment and energy,env_bio3,Common bird indices by type of estimate
Environment and energy,env_bio4,Protected areas
Environment and energy,env_bio5,Proportion of fish stocks sustainably exploited
Environment and energy,sdg_12_21,Material footprint
Environment and energy,cei_pc020,Material footprint
Environment and energy,env_ac_landfp,Land use footprints
Environment and energy,tai04,Final energy consumption by agriculture and forestry sector – tonne of oil equivalent per hectare of UAA
Environment and energy,nrg_d_sercv,Disaggregated final energy consumption in services – calorific values
Environment and energy,sdg_07_11,Final energy consumption
Environment and energy,sdg_07_10,Primary energy consumption
Environment and energy,nrg_ind_ep,Energy productivity
Environment and energy,sdg_07_30,Energy productivity
Environment and energy,sdg_07_50,Energy import dependency by products
Environment and energy,nrg_ind_id3cf,Import dependency on third countries by fuel type
Environment and energy,nrg_ind_idogas,Natural gas import dependency by country of origin
Environment and energy,nrg_ind_ffgae,Share of fossil fuels in gross available energy
Environment and energy,nrg_ind_di,Diversity index of energy supply
Environment and energy,nrg_ind_esr,Energy self-reliance
Environment and energy,nrg_ind_ren,Main indicators - share of renewable energy
Environment and energy,nrg_dhdc_e,"Energy removed from district networks by customers, type of networks and efficiency of network"
Environment and energy,nrg_dhdc_n,Number and length of district networks by type of network and efficiency of network
Environment and energy,nrg_dhdc_c,Customers by type of district network and efficiency of network
Environment and energy,nrg_inf_stcs,Solar thermal collectors' surface
Environment and energy,nrg_pc_202_v,Household consumption volumes of gas by consumption bands
Environment and energy,nrg_pc_203_v,Non-household consumption volumes of gas by consumption bands
Environment and energy,nrg_pc_204_v,Household consumption volumes of electricity by consumption bands
Environment and energy,nrg_pc_205_v,Non-household consumption volumes of electricity by consumption bands
Environment and energy,nrg_pc_206,Share for transmission and distribution in the network cost for gas and electricity – annual data
Environment and energy,ten00119,Market share of the largest generator in the electricity market
Environment and energy,nrg_chdd_a,Cooling and heating degree days by country - annual data
"Science, technology, digital society",tsc00001,Research and development expenditure by sector of performance
"Science, technology, digital society",rd_b_berdcon,BERD by concentration of personnel (ranking)
"Science, technology, digital society",tsc00003,researchers by sector of performance - head count
"Science, technology, digital society",tsc00006,Share of women researchers in all sectors
"Science, technology, digital society",tsc00005,Share of women researchers by sector of performance
"Science, technology, digital society",rd_p_con,R&D personnel and researchers in the business enterprise sector by concentration of personnel (ranking)
"Science, technology, digital society",rd_p_sen,Researchers in the higher education sector by seniority category
"Science, technology, digital society",tsc00008,Share of government allocations for R&D (GBARD) allocated to defence and total civil socio-economic objectives
"Science, technology, digital society",gba_nabste,Share of GBARD in total general government expenditure
"Science, technology, digital society",htec_si_exp4,High-tech exports - Exports of high technology products as a share of total exports (from SITC Rev. 4)
"Science, technology, digital society",tin00140,High-tech exports
"Science, technology, digital society",tsc00025,Human resources in science and technology (HRST)
"Science, technology, digital society",sdg_09_40,Patent applications to the European Patent Office by applicants' / inventors' country of residence
"Science, technology, digital society",tin00134,Level of internet access - households
"Science, technology, digital society",tin00028,Internet use by individuals
"Science, technology, digital society",tin00093,Individuals who have never used the internet
"Science, technology, digital society",tin00092,Individuals frequently using the internet
"Science, technology, digital society",tin00091,Individuals regularly using the internet
"Science, technology, digital society",tin00101,Individuals using the internet for seeking health-related information
"Science, technology, digital society",tin00102,Individuals using the internet for looking for a job or sending a job application
"Science, technology, digital society",tin00127,Individuals using the internet for participating in social networks
"Science, technology, digital society",tin00098,Individuals using the internet for selling goods or services
"Science, technology, digital society",tin00095,Individuals using the internet for finding information about goods and services
"Science, technology, digital society",tin00103,Individuals using the internet for doing an online course
"Science, technology, digital society",tin00094,Individuals using the internet for sending/receiving e-mails
"Science, technology, digital society",tin00099,Individuals using the internet for internet banking
"Science, technology, digital society",tin00096,Individuals using the internet for buying goods or services
"Science, technology, digital society",tgs00052,Individuals who ordered goods or services over the internet for private use in the last year by NUTS 2 region
"Science, technology, digital society",isoc_r_cux_i,Individuals who have never used a computer
"Science, technology, digital society",tin00111,Enterprises having received orders online (at least 1%) - % of enterprises
"Science, technology, digital society",tin00110,Share of enterprises' turnover on e-commerce
"Science, technology, digital society",tin00116,"Share of enterprises using any business software (ERP, CRM or"
"Science, technology, digital society",isoc_sks_itspt,Employed information and communications technology (ICT) specialists
"Science, technology, digital society",isoc_sks_itsps,Employed information and communications technology (ICT) specialists by sex
"Science, technology, digital society",isoc_sks_itspa,Employed information and communications technology (ICT) specialists by age
"Science, technology, digital society",isoc_ski_itsex,Employed persons with information and communications technology (ICT) education by sex
"Science, technology, digital society",isoc_sk_oja2,Distribution by occupation (ISCO-08) of the labour market demand for ICT specialists in online job advertisements - experimental statistics
"Science, technology, digital society",isoc_bde15ag,Percentage of the ICT sector in Gross value added
"Science, technology, digital society",tin00074,Percentage of the ICT sector in Gross value added
"Science, technology, digital society",isoc_bde15ap,Percentage of the ICT sector personnel in total employment
"Science, technology, digital society",tin00085,Percentage of the ICT sector personnel in total employment
"Science, technology, digital society",tin00086,Percentage change of value added by ICT sector at current prices
"Science, technology, digital society",isoc_cbs,Broadband internet coverage by speed
"Science, technology, digital society",sdg_17_60,"High-speed internet coverage, by type of area"
Macroeconomic imbalance procedure indicators,tipsbp10,Current account balance - 3 year average
Macroeconomic imbalance procedure indicators,tipsii10,Net international investment position - annual data
Macroeconomic imbalance procedure indicators,tipser10,"Real effective exchange rate - percentage changes, 42 trading partners"
Macroeconomic imbalance procedure indicators,tipslm10,Nominal unit labour cost per hour worked
Macroeconomic imbalance procedure indicators,tipsgo10,"General government gross debt (EDP concept), consolidated - annual data"
Macroeconomic imbalance procedure indicators,tipspd22,"Household debt including non-profit institutions serving households, consolidated"
Macroeconomic imbalance procedure indicators,tipspd30,"Non-financial corporations debt, consolidated - % of GDP"
Macroeconomic imbalance procedure indicators,tipsho20,"House price index, nominal - annual data"
Macroeconomic imbalance procedure indicators,tipsun20,Unemployment rate - annual data
Macroeconomic imbalance procedure indicators,tipslm60,Labour force participation rate
Macroeconomic imbalance procedure indicators,tipsbp20,Current account balance - annual data
Macroeconomic imbalance procedure indicators,tipsbp18,Financial account - annual data
Macroeconomic imbalance procedure indicators,tipsbp90,"Direct investment liabilities (flows) - annual data, % of GDP"
Macroeconomic imbalance procedure indicators,tipsbp100,"Direct investment liabilities (stocks) - annual data, % of GDP"
Macroeconomic imbalance procedure indicators,tipsbp22,"Direct investment abroad, main components - annual data, million units of national currency"
Macroeconomic imbalance procedure indicators,tipsbp17,Capital account - annual data
Macroeconomic imbalance procedure indicators,tipsbp70,Net Lending/Borrowing (current and capital account) - annual data
Macroeconomic imbalance procedure indicators,tipsii12,"Direct investment - annual data, million units of national currency"
Macroeconomic imbalance procedure indicators,tipsii15,"Portfolio investment - annual data, million units of national currency"
Macroeconomic imbalance procedure indicators,tipsii18,"Financial derivatives and employee stock options - annual data, million units of national currency"
Macroeconomic imbalance procedure indicators,tipsii21,"Other investment - annual data, million units of national currency"
Macroeconomic imbalance procedure indicators,tipsii40,"Net international investment position - quarterly data, % of GDP"
Macroeconomic imbalance procedure indicators,tipser11,Nominal effective exchange rate - 42 trading partners
Macroeconomic imbalance procedure indicators,tipser20,Real effective exchange rate - euro area trading partners
Macroeconomic imbalance procedure indicators,tipslm50,Unit labour cost performance related to the euro area - annual data
Macroeconomic imbalance procedure indicators,tipser12,Nominal effective exchange rate - euro area trading partners
Macroeconomic imbalance procedure indicators,tipser13,"Real effective exchange rate - index, 42 trading partners"
Macroeconomic imbalance procedure indicators,tipsii20,"Net external debt - annual data, % of GDP"
Macroeconomic imbalance procedure indicators,tipsii30,"Net external debt - quarterly data, % of GDP"
Macroeconomic imbalance procedure indicators,tipsii50,Net international investment position excluding non-defaultable instruments - % of GDP
Macroeconomic imbalance procedure indicators,tipsex11,Export market shares by items - 1 year % change
Macroeconomic imbalance procedure indicators,tipsex20,Export market shares by items - % of world total
Macroeconomic imbalance procedure indicators,tipsex13,Export market shares in volume
Macroeconomic imbalance procedure indicators,tipsex10,Export market shares - 3 years % change
Macroeconomic imbalance procedure indicators,tipsen10,Net trade balance of energy products - % of GDP
Macroeconomic imbalance procedure indicators,tipsna30,Terms of trade by items - 5 years % change
Macroeconomic imbalance procedure indicators,tipsex12,"Exports of high technology products as a share of total exports, SITC Rev. 4 - %"
Macroeconomic imbalance procedure indicators,tipsfs10,"financial sector liabilities, non-consolidated - annual data"
Macroeconomic imbalance procedure indicators,tipsfs20,"Financial sector leverage, debt to equity, non-consolidated - %"
Macroeconomic imbalance procedure indicators,tipsfs30,"financial sector liabilities, consolidated"
Macroeconomic imbalance procedure indicators,tipsbd10,"Gross non-performing loans, domestic and foreign entities - % of gross loans"
Macroeconomic imbalance procedure indicators,tipsbd20,"Consolidated banking leverage, domestic and foreign entities (asset-to-equity multiple)"
Macroeconomic imbalance procedure indicators,tipsbd30,Tier-1 capital ratio banking sector
Macroeconomic imbalance procedure indicators,tipsbd40,Return on equity of banks
Macroeconomic imbalance procedure indicators,tipspd10,"Private sector debt, non-consolidated"
Macroeconomic imbalance procedure indicators,tipspd13,"Private sector debt: debt securities by sectors, non-consolidated - % of GDP"
Macroeconomic imbalance procedure indicators,tipspd14,"Private sector debt: debt securities by sectors, non-consolidated - million units of national currency"
Macroeconomic imbalance procedure indicators,tipspd15,"Private sector debt: loans, by sectors, non-consolidated - % of GDP"
Macroeconomic imbalance procedure indicators,tipspd16,"Private sector debt: loans by sectors, non-consolidated - million units of national currency"
Macroeconomic imbalance procedure indicators,tipspd20,"Private sector debt, consolidated - % of GDP"
Macroeconomic imbalance procedure indicators,tipspd23,"Private sector debt: debt securities, by sectors, consolidated - % of GDP"
Macroeconomic imbalance procedure indicators,tipspd24,"Private sector debt: debt securities, by sectors, consolidated - million units of national currency"
Macroeconomic imbalance procedure indicators,tipspd25,"Private sector debt: loans, by sectors, consolidated - % of GDP"
Macroeconomic imbalance procedure indicators,tipspd26,"Private sector debt: loans, by sectors, consolidated - million units of national currency"
Macroeconomic imbalance procedure indicators,tipspc10,"Private sector credit flow, non-consolidated"
Macroeconomic imbalance procedure indicators,tipspc13,"Private sector credit flow: debt securities by sectors, non-consolidated - % of GDP"
Macroeconomic imbalance procedure indicators,tipspc14,"Private sector credit flow: debt securities by sectors, non-consolidated - million units of national currency"
Macroeconomic imbalance procedure indicators,tipspc15,"Private sector credit flow: loans by sectors, non-consolidated - % of GDP"
Macroeconomic imbalance procedure indicators,tipspc16,"Private sector credit flow: loans by sectors, non-consolidated - million units of national currency"
Macroeconomic imbalance procedure indicators,tipspc20,"Private sector credit flow, consolidated - % GDP"
Macroeconomic imbalance procedure indicators,tipspc23,"Private sector credit flow: debt securities by sectors, consolidated - % of GDP"
Macroeconomic imbalance procedure indicators,tipspc24,"Private sector credit flow: debt securities by sectors, consolidated - million units of national currency"
Macroeconomic imbalance procedure indicators,tipspc25,"Private sector credit flow: loans by sectors, consolidated - % of GDP"
Macroeconomic imbalance procedure indicators,tipspc26,"Private sector credit flow: loans by sectors, consolidated - million units of national currency"
Macroeconomic imbalance procedure indicators,tipsun10,Unemployment rate - 3 year average
Macroeconomic imbalance procedure indicators,tipslm70,"Long-term unemployment rate, % of active population aged 15-74"
Macroeconomic imbalance procedure indicators,tipslm80,Youth unemployment rate - % of active population aged 15-24
Macroeconomic imbalance procedure indicators,tipslm90,Young persons (aged 15-24) neither in employment nor in education and training - % of total population in private households in the same age group
Macroeconomic imbalance procedure indicators,tipslm100,Employment rate
Macroeconomic imbalance procedure indicators,tipsun30,"Unemployment rate - quarterly data, seasonally adjusted"
Macroeconomic imbalance procedure indicators,tipslm15,"Labour force participation rate, aged 15-64 - annual averages"
Macroeconomic imbalance procedure indicators,tipslm16,Population aged 15-74 in private households - LFS
Macroeconomic imbalance procedure indicators,tipslm20,"Nominal unit labour cost per hour worked - annual data, percentage change and index = 100)"
Macroeconomic imbalance procedure indicators,tipslm50,Unit labour cost performance related to the euro area - annual data
Macroeconomic imbalance procedure indicators,tipsna70,Labour productivity per hour worked - annual data
Macroeconomic imbalance procedure indicators,tipslm13,"Compensation of employees - annual data, million units of national currency"
Macroeconomic imbalance procedure indicators,tipsna60,"Employment, domestic concept - annual data"
Macroeconomic imbalance procedure indicators,tipsna62,"Employees, domestic concept - annual data"
Macroeconomic imbalance procedure indicators,tipsho10,"House price index, deflated - annual data"
Macroeconomic imbalance procedure indicators,tipsho20,"House price index, nominal - annual data"
Macroeconomic imbalance procedure indicators,tipsna50,"Residential construction - annual data, % of GDP"
Macroeconomic imbalance procedure indicators,tipsna51,Final consumption expenditure of households and non-profit institutions serving households - annual data
Macroeconomic imbalance procedure indicators,tipsho50,Residential building permits - annual data
Macroeconomic imbalance procedure indicators,tipsho30,"House price index, deflated - quarterly data"
Macroeconomic imbalance procedure indicators,tipsho40,House price index - quarterly data
Macroeconomic imbalance procedure indicators,tipslc10,People at risk of poverty or social exclusion
Macroeconomic imbalance procedure indicators,tipslc20,People at risk of poverty after social transfer
Macroeconomic imbalance procedure indicators,tipslc30,Severely materially and socially deprived people
Macroeconomic imbalance procedure indicators,tipslc40,People living in households with very low work intensity
Macroeconomic imbalance procedure indicators,tipsna20,Gross fixed capital formation at current prices
Macroeconomic imbalance procedure indicators,tipsna40,Real GDP per capita
Macroeconomic imbalance procedure indicators,tipsst10,Gross domestic expenditure on research and development (R&D)
Euro indicators / PEEIs,teibp010,"Balance of payments, current account, monthly data"
Euro indicators / PEEIs,teibp020,"Balance of payments, capital account, monthly data"
Euro indicators / PEEIs,teibp060,"Balance of payments, capital account, quarterly data"
Euro indicators / PEEIs,teibp030,"Balance of payments, current and capital account, monthly data"
Euro indicators / PEEIs,teibp070,"Balance of payments, current and capital account, quarterly data"
Euro indicators / PEEIs,teibs010,Economic sentiment indicator
Euro indicators / PEEIs,teibs020,Confidence indicators by sector
Euro indicators / PEEIs,teibs030,Employment expectations indicator
Euro indicators / PEEIs,teibs040,Employment expectations by sectors
Euro indicators / PEEIs,teibs070,Current level of capacity utilization in manufacturing industry
Euro indicators / PEEIs,teicp260,"HICP - food, alcohol and tobacco"
Euro indicators / PEEIs,teicp250,HICP - energy
Euro indicators / PEEIs,teicp290,HICP - non-energy industrial goods
Euro indicators / PEEIs,teicp280,HICP - services
Euro indicators / PEEIs,teicp010,HICP - food
Euro indicators / PEEIs,teicp020,HICP - alcohol and tobacco
Euro indicators / PEEIs,teicp030,HICP - clothing
Euro indicators / PEEIs,teicp040,HICP - housing
Euro indicators / PEEIs,teicp050,HICP - household equipment
Euro indicators / PEEIs,teicp060,HICP - health
Euro indicators / PEEIs,teicp070,HICP - transport
Euro indicators / PEEIs,teicp080,HICP - communications
Euro indicators / PEEIs,teicp090,HICP - recreation and culture
Euro indicators / PEEIs,teicp100,HICP - education
Euro indicators / PEEIs,teicp110,HICP - hotels and restaurants
Euro indicators / PEEIs,teicp120,HICP - miscellaneous goods and services
Euro indicators / PEEIs,teicp000,HICP - all items
Euro indicators / PEEIs,teicp210,HICP - all items excluding energy
Euro indicators / PEEIs,teicp220,HICP - all items excluding energy and unprocessed food
Euro indicators / PEEIs,teicp200,"HICP - all items excluding energy, food, alcohol and tobacco"
Euro indicators / PEEIs,teicp230,HICP - all items excluding energy and seasonal food
Euro indicators / PEEIs,teicp240,HICP - all items excluding tobacco
Euro indicators / PEEIs,teicp270,House price index = 100) - quarterly data
Euro indicators / PEEIs,teiis550,Building permits - monthly data
"Industry, trade and services",teiis080,Production in industry - total (excluding construction)
"Industry, trade and services",teiis090,Production in industry - manufacturing
"Industry, trade and services",teiis100,Production in industry - energy
"Industry, trade and services",teiis110,Production in industry - intermediate goods
"Industry, trade and services",teiis120,Production in industry - capital goods
"Industry, trade and services",teiis130,Production in industry - consumer durables
"Industry, trade and services",teiis140,Production in industry - consumer non-durables
"Industry, trade and services",teiis150,Turnover in industry - manufacturing
"Industry, trade and services",teiis160,Turnover in industry - intermediate goods
"Industry, trade and services",teiis170,Turnover in industry - capital goods
"Industry, trade and services",teiis180,Turnover in industry - consumer durables
"Industry, trade and services",teiis190,Turnover in industry - consumer non-durables
"Industry, trade and services",teiis010,Domestic producer prices - total industry (excluding construction)
"Industry, trade and services",teiis020,Domestic producer prices - manufacturing
"Industry, trade and services",teiis030,Domestic producer prices - energy
"Industry, trade and services",teiis040,Domestic producer prices - intermediate goods
"Industry, trade and services",teiis050,Domestic producer prices - capital goods
"Industry, trade and services",teiis060,Domestic producer prices - consumer durables
"Industry, trade and services",teiis070,Domestic producer prices - consumer non-durables
"Industry, trade and services",teiis011,Import prices - total industry
"Industry, trade and services",teiis012,Import prices - manufacturing
"Industry, trade and services",teiis013,Import prices - intermediate goods
"Industry, trade and services",teiis014,Import prices - capital goods
"Industry, trade and services",teiis015,Import prices - consumer durables
"Industry, trade and services",teiis016,Import prices - consumer non-durables
"Industry, trade and services",teiis400,Labour input - total industry (excluding construction)
"Industry, trade and services",teiis500,Production in construction
"Industry, trade and services",teiis521,Labour input in construction
"Industry, trade and services",teiis200,Retail trade turnover - total
"Industry, trade and services",teiis210,"Retail trade turnover - food, beverages and tobacco"
"Industry, trade and services",teiis220,Retail trade turnover - non food
"Industry, trade and services",teiis230,Retail trade turnover - automotive fuel
"Industry, trade and services",teiis240,Retail trade volume of sales - total
"Industry, trade and services",teiis250,"Retail trade volume of sales - food, beverages and tobacco"
"Industry, trade and services",teiis260,Retail trade volume of sales - non food
"Industry, trade and services",teiis270,Retail trade volume of sales - automotive fuel
International trade,teiet110,Imports of goods - total
International trade,teiet120,"Imports of goods - food, drinks and tobacco"
International trade,teiet130,Imports of goods - raw materials
International trade,teiet140,"Imports of goods - mineral fuels, lubricants and related materials"
International trade,teiet150,Imports of goods - chemicals and related products
International trade,teiet160,Imports of goods - other manufactured products
International trade,teiet170,Imports of goods - machinery and transport equipment
International trade,teiet010,Exports of goods - total
International trade,teiet020,"Exports of goods - food, drinks and tobacco"
International trade,teiet030,Exports of goods - raw materials
International trade,teiet040,"Exports of goods - mineral fuels, lubricants and related materials"
International trade,teiet050,Exports of goods - chemicals and related products
International trade,teiet060,Exports of goods - other manufactured products
International trade,teiet070,Exports of goods - machinery and transport equipment
International trade,teiet300,Unit value of exports
International trade,teiet310,Unit value of imports
International trade,teiet215,Balance of trade
International trade,teiet210,Balance of trade - and euro area aggregates
Euro indicators / PEEIs,teilm010,Unemployment by sex
Euro indicators / PEEIs,teilm011,Unemployment by sex - age group 15-24
Euro indicators / PEEIs,teilm012,Unemployment by sex - age group 25-74
Euro indicators / PEEIs,teilm020,Unemployment rate by sex
Euro indicators / PEEIs,teilm021,Unemployment rate by sex - age group 15-24
Euro indicators / PEEIs,teilm022,Unemployment rate by sex - age group 25-74
Euro indicators / PEEIs,teilm100,Labour cost index by NACE Rev. 2
Euro indicators / PEEIs,teimf050,Long term government bond yields
Euro indicators / PEEIs,teimf100,Day-to-day money market interest rates
Euro indicators / PEEIs,teimf040,3-month-interest rate
Euro indicators / PEEIs,teimf060,"Euro yield curve by maturity (1, 5 and 10 years)"
Euro indicators / PEEIs,teimf200,Euro/national currency exchange rates
Euro indicators / PEEIs,teimf250,Real effective exchange rate - 42 trading partners
Euro indicators / PEEIs,teina010,"Gross domestic product, current prices"
Euro indicators / PEEIs,teina011,"Gross domestic product, volumes"
Euro indicators / PEEIs,teina020,"Final consumption expenditure of households and NPISH, current prices"
Euro indicators / PEEIs,teina021,"Final consumption expenditure of households and NPISH, volumes"
Euro indicators / PEEIs,teina030,"Government final consumption expenditure, current prices"
Euro indicators / PEEIs,teina031,"Government final consumption expenditure, volumes"
Euro indicators / PEEIs,teina040,"Gross fixed capital formation, current prices"
Euro indicators / PEEIs,teina041,"Gross fixed capital formation, volumes"
Euro indicators / PEEIs,teina050,"External balance of goods and services, current prices"
Euro indicators / PEEIs,teina400_r2,Gross value added - NACE Rev. 2: - current prices
Euro indicators / PEEIs,teina402_r2,Gross value added - NACE Rev. 2: - volumes
Euro indicators / PEEIs,teina404_r2,Gross value added - NACE Rev. 2: A - current prices
Euro indicators / PEEIs,teina406_r2,Gross value added - NACE Rev. 2: A - volumes
Euro indicators / PEEIs,teina408_r2,Gross value added - NACE Rev. 2: B-E - current prices
Euro indicators / PEEIs,teina410_r2,Gross value added - NACE Rev. 2: B-E - volumes
Euro indicators / PEEIs,teina412_r2,Gross value added - NACE Rev. 2: C - current prices
Euro indicators / PEEIs,teina414_r2,Gross value added - NACE Rev. 2: C - volumes
Euro indicators / PEEIs,teina416_r2,Gross value added - NACE Rev. 2: F - current prices
Euro indicators / PEEIs,teina418_r2,Gross value added - NACE Rev. 2: F - volumes
Euro indicators / PEEIs,teina420_r2,Gross value added - NACE Rev. 2: G-I - current prices
Euro indicators / PEEIs,teina422_r2,Gross value added - NACE Rev. 2: G-I - volumes
Euro indicators / PEEIs,teina424_r2,Gross value added - NACE Rev. 2: J - current prices
Euro indicators / PEEIs,teina426_r2,Gross value added - NACE Rev. 2: J - volumes
Euro indicators / PEEIs,teina428_r2,Gross value added - NACE Rev. 2: K - current prices
Euro indicators / PEEIs,teina430_r2,Gross value added - NACE Rev. 2: K - volumes
Euro indicators / PEEIs,teina432_r2,Gross value added - NACE Rev. 2: L - current prices
Euro indicators / PEEIs,teina434_r2,Gross value added - NACE Rev. 2: L - volumes
Euro indicators / PEEIs,teina436_r2,Gross value added - NACE Rev. 2: M_N - current prices
Euro indicators / PEEIs,teina438_r2,Gross value added - NACE Rev. 2: M_N - volumes
Euro indicators / PEEIs,teina440_r2,Gross value added - NACE Rev. 2: O-Q - current prices
Euro indicators / PEEIs,teina442_r2,Gross value added - NACE Rev. 2: O-Q - volumes
Euro indicators / PEEIs,teina444_r2,Gross value added - NACE Rev. 2: R-U - current prices
Euro indicators / PEEIs,teina446_r2,Gross value added - NACE Rev. 2: R-U - volumes
Euro indicators / PEEIs,teina080,Gross national income
Euro indicators / PEEIs,teina090,Gross disposable income
Euro indicators / PEEIs,teina100,Gross saving
Euro indicators / PEEIs,teina110,GDP deflator
Euro indicators / PEEIs,teina200,General government deficit (-) and surplus (+) - annual data
Euro indicators / PEEIs,teina205,General government deficit (-) and surplus (+) - quarterly data
Euro indicators / PEEIs,teina210,General government gross fixed capital formation - annual data
Euro indicators / PEEIs,teina225,General government gross debt - annual data
Euro indicators / PEEIs,teina230,General government gross debt - quarterly data
Euro indicators / PEEIs,teina500,Household saving rate
Euro indicators / PEEIs,teina510,Households investment rate
Euro indicators / PEEIs,teina515,Investment rate of non-financial corporations
Euro indicators / PEEIs,teina520,Profit share of non-financial corporations
Circular economy indicators,cei_pc020,Material footprint
Circular economy indicators,cei_pc030,Resource productivity
Circular economy indicators,cei_pc034,Waste generation per capita
Circular economy indicators,cei_pc032,Generation of waste excluding major mineral wastes per GDP unit
Circular economy indicators,cei_pc031,Generation of municipal waste per capita
Circular economy indicators,cei_pc035,Food waste
Circular economy indicators,cei_pc040,Generation of packaging waste per capita
Circular economy indicators,cei_pc050,Generation of plastic packaging waste per capita
Circular economy indicators,cei_wm011,Recycling rate of municipal waste
Circular economy indicators,cei_wm010,Recycling rate of all waste excluding major mineral waste
Circular economy indicators,cei_wm020,Recycling rate of packaging waste by type of packaging
Circular economy indicators,cei_wm060,Recycling rate of waste of electrical and electronic equipment (WEEE) separately collected
Circular economy indicators,cei_srm010,Contribution of recycled materials to raw materials demand - end-of-life recycling input rates (EOL-RIR)
Circular economy indicators,cei_cie012,Private investment and gross added value related to circular economy sectors
Circular economy indicators,cei_cie011,Persons employed in circular economy sectors
Circular economy indicators,cei_cie020,Patents related to recycling and secondary raw materials
Circular economy indicators,sdg_12_31,Consumption footprint - single weighted score
Circular economy indicators,cei_gsr011,Greenhouse gases emissions from production activities
Circular economy indicators,cei_gsr030,Material import dependency
Circular economy indicators,cei_gsr020,self-sufficiency for raw materials
Sustainable development indicators,sdg_01_10,Persons at risk of poverty or social exclusion
Sustainable development indicators,sdg_01_10a,Share of persons at risk of poverty or social exclusion by degree of urbanisation
Sustainable development indicators,sdg_01_20,Persons at risk of monetary poverty after social transfers - EU-SILC and ECHP surveys
Sustainable development indicators,sdg_01_20a,Persons at risk of monetary poverty after social transfers by citizenship
Sustainable development indicators,sdg_01_31,Severe material and social deprivation rate by age group and sex
Sustainable development indicators,sdg_01_40,"Persons living in households with very low work intensity, by age group"
Sustainable development indicators,sdg_01_41,In work at-risk-of-poverty rate
Sustainable development indicators,sdg_01_50,Housing cost overburden rate by poverty status
Sustainable development indicators,sdg_03_60,Self-reported unmet need for medical examination and care by sex
Sustainable development indicators,sdg_10_30,Relative median at-risk-of-poverty gap
Sustainable development indicators,sdg_11_11,Severe housing deprivation rate by poverty status
Sustainable development indicators,sdg_02_10,Obesity rate by body mass index (BMI)
Sustainable development indicators,sdg_02_20,Agricultural real factor income per annual work unit (AWU)
Sustainable development indicators,sdg_02_30,Government support to agricultural research and development
Sustainable development indicators,sdg_02_40,Area under organic farming
Sustainable development indicators,sdg_02_53,Use and risk of chemical pesticides
Sustainable development indicators,sdg_02_60,Ammonia emissions from agriculture
Sustainable development indicators,sdg_06_40,Nitrate in groundwater
Sustainable development indicators,sdg_15_50,Area at risk of severe soil erosion by water
Sustainable development indicators,sdg_15_60,Common bird index by type of species - aggregate
Sustainable development indicators,sdg_03_20,Share of people with good or very good perceived health by sex
Sustainable development indicators,sdg_03_30,Smoking prevalence by sex
Sustainable development indicators,sdg_03_42,Standardised preventable and treatable mortality
Sustainable development indicators,sdg_03_60,Self-reported unmet need for medical examination and care by sex
Sustainable development indicators,sdg_03_70,Consumption of antibiotics in the community and hospital sectors - defined daily doses (DDD) per day
Sustainable development indicators,sdg_02_10,Obesity rate by body mass index (BMI)
Sustainable development indicators,sdg_08_60,"Fatal accidents at work per 100 000 workers, by sex"
Sustainable development indicators,sdg_11_20,"Population living in households considering that they suffer from noise, by poverty status"
Sustainable development indicators,sdg_11_52,Premature deaths due to exposure to fine particulate matter (PM2.5)
Sustainable development indicators,sdg_04_10,Early leavers from education and training by sex
Sustainable development indicators,sdg_04_10a,Early leavers from education and training by citizenship
Sustainable development indicators,sdg_04_20,Persons aged 25-34 with tertiary educational attainment level
Sustainable development indicators,sdg_04_40,"Low achieving 15-year-olds in reading, mathematics or science"
Sustainable development indicators,sdg_04_60,Adult participation in learning by sex
Sustainable development indicators,sdg_05_20,Gender pay gap in unadjusted form
Sustainable development indicators,sdg_05_30,"Gender employment gap, by type of employment"
Sustainable development indicators,sdg_05_40,Persons outside the labour force due to caring responsibilities by sex
Sustainable development indicators,sdg_05_50,Seats held by women in national parliaments and governments
Sustainable development indicators,sdg_04_10,Early leavers from education and training by sex
Sustainable development indicators,sdg_04_20,Persons aged 25-34 with tertiary educational attainment level
Sustainable development indicators,sdg_06_20,Population connected to at least secondary wastewater treatment
Sustainable development indicators,sdg_06_30,Biochemical oxygen demand in rivers
Sustainable development indicators,sdg_06_40,Nitrate in groundwater
Sustainable development indicators,sdg_06_50,Phosphate in rivers
Sustainable development indicators,sdg_06_60,"Water exploitation index, plus (WEI+)"
Sustainable development indicators,sdg_14_40,Bathing waters with excellent quality by location
Sustainable development indicators,sdg_15_42,Drought impact area on ecosystems
Sustainable development indicators,sdg_07_10,Primary energy consumption
Sustainable development indicators,sdg_07_11,Final energy consumption
Sustainable development indicators,sdg_07_20,Final energy consumption in households per capita
Sustainable development indicators,sdg_07_30,Energy productivity
Sustainable development indicators,sdg_07_40,Share of renewable energy in gross final energy consumption by sector
Sustainable development indicators,sdg_07_50,Energy import dependency by products
Sustainable development indicators,sdg_07_60,Population unable to keep home adequately warm by poverty status
Sustainable development indicators,sdg_08_10,Real GDP per capita
Sustainable development indicators,sdg_08_11,Investment share of GDP by institutional sectors
Sustainable development indicators,sdg_08_20,Young persons neither in employment nor in education and training (NEET) by sex
Sustainable development indicators,sdg_08_20a,Young persons neither in employment nor in education and training (NEET) by citizenship
Sustainable development indicators,sdg_08_30,Employment rate by sex
Sustainable development indicators,sdg_08_30a,Employment rate by citizenship
Sustainable development indicators,sdg_08_40,Long-term unemployment rate by sex
Sustainable development indicators,sdg_08_60,"Fatal accidents at work per 100 000 workers, by sex"
Sustainable development indicators,sdg_01_41,In work at-risk-of-poverty rate
Sustainable development indicators,sdg_05_40,Persons outside the labour force due to caring responsibilities by sex
Sustainable development indicators,sdg_12_21,Material footprint
Sustainable development indicators,sdg_09_40,Patent applications to the European Patent Office by applicants' / inventors' country of residence
Sustainable development indicators,sdg_09_50,Share of buses and trains in inland passenger transport
Sustainable development indicators,sdg_09_60,Share of rail and inland waterways in inland freight transport
Sustainable development indicators,sdg_09_70,Air emissions intensity of manufacturing
Sustainable development indicators,sdg_12_61,Gross value added in environmental goods and services sector
Sustainable development indicators,sdg_17_60,"High-speed internet coverage, by type of area"
Sustainable development indicators,sdg_10_10,Purchasing power adjusted GDP per capita
Sustainable development indicators,sdg_10_20,Disparities in adjusted gross disposable income of households per capita
Sustainable development indicators,sdg_10_30,Relative median at-risk-of-poverty gap
Sustainable development indicators,sdg_10_41,Income quintile share ratio
Sustainable development indicators,sdg_10_50,Income share of the bottom 40 % of the population
Sustainable development indicators,sdg_10_60,Asylum applications by state of procedure
Sustainable development indicators,sdg_01_10a,Share of persons at risk of poverty or social exclusion by degree of urbanisation
Sustainable development indicators,sdg_01_20a,Persons at risk of monetary poverty after social transfers by citizenship
Sustainable development indicators,sdg_04_10a,Early leavers from education and training by citizenship
Sustainable development indicators,sdg_08_20a,Young persons neither in employment nor in education and training (NEET) by citizenship
Sustainable development indicators,sdg_08_30a,Employment rate by citizenship
Sustainable development indicators,sdg_11_11,Severe housing deprivation rate by poverty status
Sustainable development indicators,sdg_11_20,"Population living in households considering that they suffer from noise, by poverty status"
Sustainable development indicators,sdg_11_32,Soil sealing
Sustainable development indicators,sdg_11_52,Premature deaths due to exposure to fine particulate matter (PM2.5)
Sustainable development indicators,sdg_11_60,Recycling rate of municipal waste
Sustainable development indicators,sdg_06_20,Population connected to at least secondary wastewater treatment
Sustainable development indicators,sdg_09_50,Share of buses and trains in inland passenger transport
Sustainable development indicators,sdg_16_20,"Population reporting occurrence of crime, violence or vandalism in their area by poverty status"
Sustainable development indicators,ilc_lvho07d,Housing cost overburden rate by degree of urbanisation
Sustainable development indicators,tessi165,Housing cost overburden rate by degree of urbanisation - EU-SILC survey
Sustainable development indicators,sdg_12_10,Consumption of chemicals by hazardousness - aggregate
Sustainable development indicators,sdg_12_21,Material footprint
Sustainable development indicators,sdg_12_31,Consumption footprint - single weighted score
Sustainable development indicators,sdg_12_51,Generation of waste by hazardousness
Sustainable development indicators,sdg_12_61,Gross value added in environmental goods and services sector
Sustainable development indicators,sdg_07_30,Energy productivity
Sustainable development indicators,sdg_13_31,Average CO2 emissions per km from new passenger cars
Sustainable development indicators,sdg_13_31,Average CO2 emissions per km from new passenger cars
Sustainable development indicators,sdg_13_40,Economic losses from weather- and climate-related extremes
Sustainable development indicators,sdg_13_50,Contribution to the international 100bn USD commitment on climate related expending
Sustainable development indicators,sdg_13_70,Green bond issuance by type of issuer
Sustainable development indicators,sdg_13_70a,Green bond issuance by corporates and governments
Sustainable development indicators,sdg_07_40,Share of renewable energy in gross final energy consumption by sector
Sustainable development indicators,sdg_14_10,Marine protected areas
Sustainable development indicators,sdg_14_21,"Estimated trends in fish stock biomass, by fishing areas"
Sustainable development indicators,sdg_14_30,"Estimated trends in fishing pressure, by fishing area"
Sustainable development indicators,sdg_14_40,Bathing waters with excellent quality by location
Sustainable development indicators,sdg_14_60,Marine waters affected by eutrophication
Sustainable development indicators,sdg_15_20,Surface of the terrestrial protected areas
Sustainable development indicators,sdg_15_42,Drought impact area on ecosystems
Sustainable development indicators,sdg_15_50,Area at risk of severe soil erosion by water
Sustainable development indicators,sdg_15_60,Common bird index by type of species - aggregate
Sustainable development indicators,sdg_15_61,Grassland butterfly index - aggregate
Sustainable development indicators,sdg_06_30,Biochemical oxygen demand in rivers
Sustainable development indicators,sdg_06_50,Phosphate in rivers
Sustainable development indicators,sdg_11_32,Soil sealing
Sustainable development indicators,sdg_16_10,Standardised death rate due to homicide by sex
Sustainable development indicators,sdg_16_20,"Population reporting occurrence of crime, violence or vandalism in their area by poverty status"
Sustainable development indicators,sdg_16_30,General government total expenditure on law courts
Sustainable development indicators,sdg_16_40,Perceived independence of the justice system
Sustainable development indicators,sdg_16_50,Corruption Perceptions Index
Sustainable development indicators,sdg_16_70,Victims of trafficking in human beings by sex
Sustainable development indicators,sdg_17_10,Official development assistance as share of gross national income
Sustainable development indicators,sdg_17_20,financing to developing countries by financing source
Sustainable development indicators,sdg_17_40,General government gross debt
Sustainable development indicators,sdg_17_50,Share of environmental taxes in total tax revenues
Sustainable development indicators,sdg_17_60,"High-speed internet coverage, by type of area"
Sustainable development indicators,sdg_03_11,Healthy life years at birth by sex
Sustainable development indicators,sdg_06_10,"Population having neither a bath, nor a shower, nor indoor flushing toilet in their household by poverty status"
Sustainable development indicators,ilc_peps11n,Persons at risk of poverty or social exclusion by NUTS 2 region
Sustainable development indicators,ilc_mdsd18,Severe material and social deprivation by NUTS 2 region
Sustainable development indicators,ilc_lvhl21n,Persons living in households with very low work intensity by NUTS 2 region (population aged 0 to 64 years)
Sustainable development indicators,ilc_lvho07_r,Housing cost overburden rate by NUTS 2 region
Sustainable development indicators,hlth_silc_08b_r,"Self-reported unmet needs for medical examination due to financial reasons, long waiting list or distance by NUTS-2-region - % of the persons having the same needs"
Sustainable development indicators,educ_uoe_enra22,Pupils from age 3 to the starting age of compulsory education at primary level by NUTS 2 region - % of the population of the corresponding age
Sustainable development indicators,ilc_mdes01_r,Inability to keep home adequately warm by NUTS 2 region
Sustainable development indicators,ilc_peps13n,Persons at risk of poverty or social exclusion by degree of urbanisation
Sustainable development indicators,ilc_mdsd09,Material and social deprivation rate by degree of urbanisation
Sustainable development indicators,ilc_lvhl23n,Persons living in households with very low work intensity by degree of urbanisation (population aged 0 to 64 years) - strategy
Sustainable development indicators,ilc_lvho07d,Housing cost overburden rate by degree of urbanisation
Sustainable development indicators,tepsr_lm230,Gender employment gap by degree of urbanisation
Sustainable development indicators,ilc_mdho06d,Severe housing deprivation rate by degree of urbanisation
Employment and social policy indicators,sdg_01_10,Persons at risk of poverty or social exclusion
Employment and social policy indicators,tespm020,At-risk-of-poverty threshold for a single household
Employment and social policy indicators,tespm030,Severe material and social deprivation rate
Employment and social policy indicators,sdg_10_30,Relative median at-risk-of-poverty gap
Employment and social policy indicators,tespm151,Inequality of income distribution
Employment and social policy indicators,tespm040,Children at risk of poverty or social exclusion
Employment and social policy indicators,tespm060,At risk-of-poverty rate for the population living in (quasi-)jobless households
Employment and social policy indicators,tespm070,In-work at-risk-of-poverty rate
Employment and social policy indicators,tesem130,Long-term unemployment rate by sex
Employment and social policy indicators,tesem020,Early leavers from education and training (age group 18-24)
Employment and social policy indicators,tespm080,Youth unemployment ratio (age group 15-24)
Employment and social policy indicators,tesem050,"Employment rate of older workers, age group 55-64"
Employment and social policy indicators,tespm090,At risk of poverty or social exclusion rate for elderly (65+)
Employment and social policy indicators,tespn020,Median relative income of elderly people - EU-SILC survey
Employment and social policy indicators,tespm100,Aggregate replacement ratio
Employment and social policy indicators,tespm110,Self-reported unmet need for medical care by sex
Employment and social policy indicators,tespm120,Healthy life years at 65 - males
Employment and social policy indicators,tespm130,Healthy life years at 65 - females
Employment and social policy indicators,tespm140,Housing cost overburden rate
Employment and social policy indicators,tesem010,Employment rate by sex
Employment and social policy indicators,tesem020,Early leavers from education and training (age group 18-24)
Employment and social policy indicators,tesem030,Tertiary educational attainment (age group 30-34)
Employment and social policy indicators,tesem040,Overall employment growth
Employment and social policy indicators,tesem050,"Employment rate of older workers, age group 55-64"
Employment and social policy indicators,tesem060,Gender employment gap
Employment and social policy indicators,tesem070,Youth employment rate (age group 20-29)
Employment and social policy indicators,tesem080,Employment rate of low skilled persons (age group 20-64)
Employment and social policy indicators,tesem090,Employment rate of non-EU nationals (age group 20-64)
Employment and social policy indicators,tesem100,Part-time employment rate
Employment and social policy indicators,tesem120,Unemployment rate by sex
Employment and social policy indicators,tesem130,Long-term unemployment rate by sex
Employment and social policy indicators,tesem140,Youth unemployment rate by sex
Employment and social policy indicators,tesem160,Labour productivity per person employed and hour worked (EU27_2020=100)
Employment and social policy indicators,tesem170,Nominal unit labour cost growth
Employment and social policy indicators,tesem180,Gender pay gap in unadjusted form
Employment and social policy indicators,tesem190,Involuntary temporary employment
Employment and social policy indicators,tesem200,Newly employed
Employment and social policy indicators,tesem210,At-risk of poverty rate of unemployed persons
Employment and social policy indicators,tesem220,Tax rate on low wage earners - Unemployment trap
Employment and social policy indicators,tesem240,Percentage of population (age group 25-64) in private households with at least upper secondary educational attainment
Employment and social policy indicators,sdg_04_60,Adult participation in learning by sex
Employment and social policy indicators,tesov190,Distribution of population by household types - EU-SILC survey
Employment and social policy indicators,tec00115,Real GDP growth rate - volume
Employment and social policy indicators,tesem010,Employment rate by sex
Employment and social policy indicators,tesem130,Long-term unemployment rate by sex
Employment and social policy indicators,teina225,General government gross debt - annual data
Employment and social policy indicators,tesem220,Tax rate on low wage earners - Unemployment trap
Employment and social policy indicators,earn_nt_lowwtrp,Tax rate on low wage earners - low wage trap
Employment and social policy indicators,tesov250,At-risk-of-poverty rate before social transfers by sex - EU-SILC survey
Employment and social policy indicators,tepsr_lm410,People at risk of poverty or social exclusion by sex
Employment and social policy indicators,tessi010,At-risk-of-poverty rate by sex
Employment and social policy indicators,tessi014,At-risk-of-poverty threshold - EU-SILC survey
Employment and social policy indicators,tepsr_lm420,Severe material and social deprivation rate by sex
Employment and social policy indicators,tepsr_lm430,People living in households with very low work intensity by sex
Employment and social policy indicators,tepsr_lm412,Children (aged less than 18) at risk of poverty or social exclusion
Employment and social policy indicators,tepsr_spi110,At-risk-of poverty rate for children (aged less than 18) by sex
Employment and social policy indicators,tepsr_spi130,Children (aged less than 18) living in households with very low work intensity by sex
Employment and social policy indicators,tepsr_spi120,Severe material and social deprivation rate for children (aged less than 18) by sex
Employment and social policy indicators,tessi180,Income quintile share ratio (S80/S20) by sex
Employment and social policy indicators,tesem020,Early leavers from education and training (age group 18-24)
Employment and social policy indicators,tespn020,Median relative income of elderly people - EU-SILC survey
Employment and social policy indicators,tespm100,Aggregate replacement ratio
Employment and social policy indicators,tespm110,Self-reported unmet need for medical care by sex
Employment and social policy indicators,tepsr_wc310,The real gross disposable income of households per capita (index =
Employment and social policy indicators,tessi220,At-risk-of-poverty rate anchored at a fixed moment in time by sex - EU-SILC survey
Employment and social policy indicators,tesov092,At-risk-of-poverty rate anchored at a fixed moment in time by age group - EU-SILC survey
Employment and social policy indicators,tesov110,In-work at-risk-of-poverty rate by sex
Employment and social policy indicators,tepsr_wc130,Activity rate by sex
Employment and social policy indicators,tespm060,At risk-of-poverty rate for the population living in (quasi-)jobless households
Employment and social policy indicators,tessi010,At-risk-of-poverty rate by sex
Employment and social policy indicators,tessi014,At-risk-of-poverty threshold - EU-SILC survey
Employment and social policy indicators,tessi020,Persistent at-risk-of poverty rate by sex - EU-SILC survey
Employment and social policy indicators,tessi022,Persistent at-risk-of poverty rate by age group - EU-SILC survey
Employment and social policy indicators,tessi030,Relative median poverty risk gap by age group - EU-SILC survey
Employment and social policy indicators,tessi080,Material Deprivation rate by sex - EU-SILC survey
Employment and social policy indicators,tessi082,Material Deprivation rate by age group - EU-SILC survey
Employment and social policy indicators,tessi121,At-risk-of poverty rate by household type - EU-SILC survey
Employment and social policy indicators,tessi125,At-risk-of poverty rate by tenure status - EU-SILC survey
Employment and social policy indicators,tessi126,Dispersion around the at-risk-of-poverty threshold - EU-SILC survey
Employment and social policy indicators,tessi150,Depth of material deprivation - EU-SILC survey
Employment and social policy indicators,tessi160,Housing cost overburden rate by sex - EU-SILC survey
Employment and social policy indicators,tessi161,Housing cost overburden rate by age group - EU-SILC survey
Employment and social policy indicators,tessi162,Housing cost overburden rate by income quintile - EU-SILC survey
Employment and social policy indicators,tessi163,Housing cost overburden rate by poverty status - EU-SILC survey
Employment and social policy indicators,tessi164,Housing cost overburden rate by tenure status - EU-SILC survey
Employment and social policy indicators,tessi165,Housing cost overburden rate by degree of urbanisation - EU-SILC survey
Employment and social policy indicators,tessi166,Housing cost overburden rate by household type - EU-SILC survey
Employment and social policy indicators,tessi170,Overcrowding rate by sex - EU-SILC survey
Employment and social policy indicators,tessi171,Overcrowding rate by age group - EU-SILC survey
Employment and social policy indicators,tessi172,Overcrowding rate by poverty status - EU-SILC survey
Employment and social policy indicators,tessi173,Overcrowding rate by tenure status - EU-SILC survey
Employment and social policy indicators,tessi174,Overcrowding rate by degree of urbanisation - EU-SILC survey
Employment and social policy indicators,tessi175,Overcrowding rate by household type - EU-SILC survey
Employment and social policy indicators,tessi176,Overcrowding rate by sex - population without single-person households - EU-SILC survey
Employment and social policy indicators,tessi177,Overcrowding rate by age group - population without single-person households - EU-SILC survey
Employment and social policy indicators,tessi178,Overcrowding rate by poverty status - population without single-person households - EU-SILC survey
Employment and social policy indicators,tessi180,Income quintile share ratio (S80/S20) by sex
Employment and social policy indicators,tessi190,Gini coefficient of equivalised disposable income
Employment and social policy indicators,tessi220,At-risk-of-poverty rate anchored at a fixed moment in time by sex - EU-SILC survey
Employment and social policy indicators,tessi250,In-work at-risk-of-poverty rate by working time - EU-SILC survey
Employment and social policy indicators,tessi291,Housing deprivation rate by number of item - EU-SILC survey
Employment and social policy indicators,tessi292,"Share of total population living in a dwelling with a leaking roof, damp walls, floors or foundation, or rot in window frames of floor - EU-SILC survey"
Employment and social policy indicators,tessi293,"Share of total population having neither a bath, nor a shower in their dwelling - EU-SILC survey"
Employment and social policy indicators,tessi294,Share of total population not having indoor flushing toilet for the sole use of their household - EU-SILC survey
Employment and social policy indicators,tessi295,Share of total population considering their dwelling as too dark - EU-SILC survey
Employment and social policy indicators,tessi300,Median of the housing cost burden distribution by sex - EU-SILC survey
Employment and social policy indicators,tessi301,Median of the housing cost burden distribution by age group - EU-SILC survey
Employment and social policy indicators,tessi302,Median of the housing cost burden distribution by poverty status - EU-SILC survey
Employment and social policy indicators,tessi303,Median of the housing cost burden distribution by degree of urbanisation - EU-SILC survey
Employment and social policy indicators,tespn010,At-risk-of-poverty rate of older people by sex - EU-SILC survey
Employment and social policy indicators,tespn020,Median relative income of elderly people - EU-SILC survey
Employment and social policy indicators,tespn060,Median relative income of elderly people (60+) - EU-SILC survey
Employment and social policy indicators,tespn070,Aggregate replacement ratio for pensions (excluding other social benefits) by sex
Employment and social policy indicators,tespn080,Income inequality for older people - EU-SILC survey
Employment and social policy indicators,tespn090,Relative median poverty risk gap of elderly people - EU-SILC survey
Employment and social policy indicators,tespn100,At-risk-of-poverty rate for pensioners - EU-SILC survey
Employment and social policy indicators,tespn110,At-risk-of-poverty rate of elderly people by tenure status - EU-SILC survey
Employment and social policy indicators,tespn120,Dispersion around the at-risk-of-poverty threshold for elderly people - EU-SILC survey
Employment and social policy indicators,tespn240,Gender differences in the at-risk-of-poverty rate by age - EU-SILC survey
Employment and social policy indicators,tespn250,Gender differences in the relative income of elderly people (65+) - EU-SILC survey
Employment and social policy indicators,tespn260,Gender differences in the aggregate replacement ratio for pensions (excluding other social benefits) - EU-SILC survey
Employment and social policy indicators,tespn270,Gender differences in the relative income of older people - EU-SILC survey
Employment and social policy indicators,sdg_03_60,Self-reported unmet need for medical examination and care by sex
Employment and social policy indicators,tespm110,Self-reported unmet need for medical care by sex
Employment and social policy indicators,tepsr_sp310,Out-of-pocket expenditure on healthcare
Employment and social policy indicators,tps00205,Life expectancy at birth by sex
Employment and social policy indicators,tespm130,Healthy life years at 65 - females
Employment and social policy indicators,tps00208,Life expectancy at birth by sex
Employment and social policy indicators,tps00150,Healthy life years at birth by sex
Employment and social policy indicators,tepsr_sp320,Healthy life years at age 65 by sex
Employment and social policy indicators,tespm120,Healthy life years at 65 - males
Employment and social policy indicators,sdg_03_11,Healthy life years at birth by sex
Employment and social policy indicators,hlth_hc_dent,Consultation of a dentist per inhabitant
Employment and social policy indicators,tps00027,Infant mortality rate
Employment and social policy indicators,sdg_03_42,Standardised preventable and treatable mortality
Employment and social policy indicators,hlth_ps_immu,Vaccination against influenza of population aged 65 and over
Employment and social policy indicators,tepsr_lm412,Children (aged less than 18) at risk of poverty or social exclusion
Employment and social policy indicators,tepsr_spi110,At-risk-of poverty rate for children (aged less than 18) by sex
Employment and social policy indicators,tepsr_spi120,Severe material and social deprivation rate for children (aged less than 18) by sex
Employment and social policy indicators,tepsr_spi130,Children (aged less than 18) living in households with very low work intensity by sex
Employment and social policy indicators,tessi220,At-risk-of-poverty rate anchored at a fixed moment in time by sex - EU-SILC survey
Employment and social policy indicators,tesov092,At-risk-of-poverty rate anchored at a fixed moment in time by age group - EU-SILC survey
Employment and social policy indicators,ilc_chmd01,Child specific material deprivation rate by age (children aged less than 16 years)
Employment and social policy indicators,ilc_lvho07b,Housing cost overburden rate by income quintile
Employment and social policy indicators,educ_outc_pisa,"Low achieving 15-year-olds in reading, mathematics or science by sex"
Employment and social policy indicators,sdg_08_20,Young persons neither in employment nor in education and training (NEET) by sex
Employment and social policy indicators,sdg_04_10,Early leavers from education and training by sex
Employment and social policy indicators,tps00202,Suicide death rate by age group
European pillar of social rights (EPSR),sdg_04_10,Early leavers from education and training by sex
European pillar of social rights (EPSR),tepsr_sp410,Individuals who have basic or above basic overall digital skills by sex
European pillar of social rights (EPSR),sdg_08_20,Young persons neither in employment nor in education and training (NEET) by sex
European pillar of social rights (EPSR),tesem060,Gender employment gap
European pillar of social rights (EPSR),tessi180,Income quintile share ratio (S80/S20) by sex
European pillar of social rights (EPSR),sdg_04_60,Adult participation in learning by sex
European pillar of social rights (EPSR),tesem030,Tertiary educational attainment (age group 30-34)
European pillar of social rights (EPSR),tepsr_lm210,Gender gap in part-time employment
European pillar of social rights (EPSR),sdg_05_20,Gender pay gap in unadjusted form
European pillar of social rights (EPSR),tesem010,Employment rate by sex
European pillar of social rights (EPSR),tesem120,Unemployment rate by sex
European pillar of social rights (EPSR),tesem130,Long-term unemployment rate by sex
European pillar of social rights (EPSR),tepsr_wc310,The real gross disposable income of households per capita (index =
European pillar of social rights (EPSR),tepsr_wc130,Activity rate by sex
European pillar of social rights (EPSR),tesem140,Youth unemployment rate by sex
European pillar of social rights (EPSR),tepsr_wc230,Labour transitions from temporary to permanent contracts by sex -3-year average
European pillar of social rights (EPSR),tesov110,In-work at-risk-of-poverty rate by sex
European pillar of social rights (EPSR),tessi010,At-risk-of-poverty rate by sex
European pillar of social rights (EPSR),tepsr_spi110,At-risk-of poverty rate for children (aged less than 18) by sex
European pillar of social rights (EPSR),tepsr_lm420,Severe material and social deprivation rate by sex
European pillar of social rights (EPSR),tepsr_spi120,Severe material and social deprivation rate for children (aged less than 18) by sex
European pillar of social rights (EPSR),tepsr_lm430,People living in households with very low work intensity by sex
European pillar of social rights (EPSR),tepsr_spi130,Children (aged less than 18) living in households with very low work intensity by sex
European pillar of social rights (EPSR),ilc_pecs01,Persons at risk of poverty or social exclusion - EU2030 target
European pillar of social rights (EPSR),sdg_01_10,Persons at risk of poverty or social exclusion
European pillar of social rights (EPSR),tepsr_lm410,People at risk of poverty or social exclusion by sex
European pillar of social rights (EPSR),tepsr_lm411,People at risk of poverty or social exclusion by age
European pillar of social rights (EPSR),tepsr_lm412,Children (aged less than 18) at risk of poverty or social exclusion
European pillar of social rights (EPSR),tespm140,Housing cost overburden rate
European pillar of social rights (EPSR),tepsr_sp210,Children aged less than 3 years in formal childcare
European pillar of social rights (EPSR),tespm110,Self-reported unmet need for medical care by sex
European pillar of social rights (EPSR),tepsr_lm440,Severe housing deprivation rate by tenure status
European pillar of social rights (EPSR),tepsr_sp110,General government expenditure by function
European pillar of social rights (EPSR),tespn070,Aggregate replacement ratio for pensions (excluding other social benefits) by sex
European pillar of social rights (EPSR),tepsr_sp310,Out-of-pocket expenditure on healthcare
European pillar of social rights (EPSR),tepsr_sp320,Healthy life years at age 65 by sex
European pillar of social rights (EPSR),tepsr_lm230,Gender employment gap by degree of urbanisation
Quality of life,tespm151,Inequality of income distribution
Quality of life,ilc_pns4,Inequality of income distribution S80/S20 income quintile share ratio - EU-SILC and ECHP surveys
Quality of life,sdg_10_41,Income quintile share ratio
Quality of life,tessi180,Income quintile share ratio (S80/S20) by sex
Quality of life,tespn080,Income inequality for older people - EU-SILC survey
Quality of life,ilc_lvho07c,Housing cost overburden rate by tenure status
Quality of life,earn_ses_pub1a,Low-wage earners as a proportion of all employees (excluding apprentices) by age
Quality of life,earn_ses_pub1s,Low-wage earners as a proportion of all employees (excluding apprentices) by sex
Quality of life,earn_ses_pub1i,Low-wage earners as a proportion of all employees (excluding apprentices) by educational attainment level
Quality of life,qoe_ewcs_7b1,Employed persons being able to choose their methods of work or to influence their pace of work by sex and age
Quality of life,qoe_ewcs_7a2,Employees having a good relationship with their supervisor by sex and age
Quality of life,qoe_ewcs_7a1,Employed persons having a good relationship with their colleagues by sex and age
Quality of life,sdg_02_10,Obesity rate by body mass index (BMI)
Quality of life,tepsr_sp410,Individuals who have basic or above basic overall digital skills by sex
Quality of life,tesem180,Gender pay gap in unadjusted form
Quality of life,sdg_05_20,Gender pay gap in unadjusted form
Quality of life,tesem060,Gender employment gap
Migrant integration and children in migration,ilc_li33,At-risk-of poverty rate for children by citizenship of their parents (population aged 0 to 17)
Migrant integration and children in migration,ilc_li34,At-risk-of poverty rate for children by country of birth of their parents (population aged 0 to 17)
Migrant integration and children in migration,tqoe4a3,Employed persons being self-employed without employees by sex
International trade,tet00003,Exports of goods and services in % of GDP
International trade,tet00004,Imports of goods and services in % of GDP
International trade,egi_tr1,Export to import ratio
International trade,egi_tr2,Intermediate goods trade
International trade,egi_tr3,Trade in goods with the top 5 partners
International trade,egi_tr4,Intermediate services trade
International trade,egi_tr5,Trade in services with the top 5 partners
Economic globalisation indicators,tec00105,Inward FDI stocks in % of GDP
Economic globalisation indicators,tec00106,Outward FDI stocks in % of GDP
Economic globalisation indicators,tec00107,"FDI flows intensity, market integration"
Economic globalisation indicators,egi_em1,Employment in Foreign Controlled Enterprises
Economic globalisation indicators,egi_em2,Employment in Foreign Affiliates of Domestic Enterprises
Economic globalisation indicators,egi_rd1,Intra-mural Business Enterprise R&D Expenditures in Foreign Controlled Enterprises
Economic globalisation indicators,egi_va1,Value Added in Foreign Controlled Enterprises
Economic globalisation indicators,egi_so1,Enterprises sourcing abroad
Equality and non-discrimination,eq_pop02,Population structure by sex
Equality and non-discrimination,eq_pop03,Population structure by detailed age group
Equality and non-discrimination,eq_pop04,Median age by sex
Equality and non-discrimination,tps00178,Foreign-born population
Equality and non-discrimination,demo_popmdctb,Median age of residents by sex and country of birth
Equality and non-discrimination,eq_fer05,Live births
Equality and non-discrimination,eq_mor06,Deaths by sex
Equality and non-discrimination,ilc_li34,At-risk-of poverty rate for children by country of birth of their parents (population aged 0 to 17)
Equality and non-discrimination,ilc_li33,At-risk-of poverty rate for children by citizenship of their parents (population aged 0 to 17)
Equality and non-discrimination,ilc_pns5,Relative median at-risk-of-poverty gap of elderly people - EU-SILC and ECHP surveys
Equality and non-discrimination,tespn260,Gender differences in the aggregate replacement ratio for pensions (excluding other social benefits) - EU-SILC survey
Equality and non-discrimination,dsb_sprpb01,Beneficiaries of disability pensions by pension type
Equality and non-discrimination,dsb_sprpb01,Beneficiaries of disability pensions by pension type
Equality and non-discrimination,dsb_sprpb02,Beneficiaries of disability pensions by sex
Equality and non-discrimination,ilc_pnp2,Relative median income ratio (65+) - EU-SILC and ECHP surveys
Equality and non-discrimination,ilc_chmd03,Child specific material deprivation rate by educational attainment level of their parents (children aged less than 16 years)
Equality and non-discrimination,sdg_01_40,"Persons living in households with very low work intensity, by age group"
Equality and non-discrimination,sdg_11_11,Severe housing deprivation rate by poverty status
Equality and non-discrimination,sdg_05_20,Gender pay gap in unadjusted form
Equality and non-discrimination,tesem180,Gender pay gap in unadjusted form
Equality and non-discrimination,sdg_05_20,Gender pay gap in unadjusted form
Equality and non-discrimination,earn_gr_goeg,Gender overall earnings gap
Equality and non-discrimination,earn_ses_pub1s,Low-wage earners as a proportion of all employees (excluding apprentices) by sex
Equality and non-discrimination,earn_ses_pub1a,Low-wage earners as a proportion of all employees (excluding apprentices) by age
Equality and non-discrimination,earn_ses_pub2s,"Median hourly earnings, all employees (excluding apprentices) by sex"
Equality and non-discrimination,sdg_05_30,"Gender employment gap, by type of employment"
Equality and non-discrimination,tepsr_wc230,Labour transitions from temporary to permanent contracts by sex -3-year average
Equality and non-discrimination,isoc_sks_itsps,Employed information and communications technology (ICT) specialists by sex
Equality and non-discrimination,isoc_sks_itspa,Employed information and communications technology (ICT) specialists by age
Equality and non-discrimination,educ_uoe_enra27,Out-of-school rate by sex and age - as % of the population of the corresponding age
Equality and non-discrimination,educ_uoe_enra28,"Out-of-school rate in population of lower secondary school age, by sex"
Equality and non-discrimination,educ_uoe_enra29,"Out-of-school rate in population of upper secondary school age, by sex"
Equality and non-discrimination,educ_uoe_grad09,Graduates in tertiary education by education level - women per 100 men
Equality and non-discrimination,sdg_05_50,Seats held by women in national parliaments and governments
Equality and non-discrimination,tin00101,Individuals using the internet for seeking health-related information
Equality and non-discrimination,tin00102,Individuals using the internet for looking for a job or sending a job application
Equality and non-discrimination,tin00127,Individuals using the internet for participating in social networks
Equality and non-discrimination,tin00098,Individuals using the internet for selling goods or services
Equality and non-discrimination,tin00095,Individuals using the internet for finding information about goods and services
Equality and non-discrimination,tin00103,Individuals using the internet for doing an online course
Equality and non-discrimination,tin00094,Individuals using the internet for sending/receiving e-mails
Equality and non-discrimination,tin00099,Individuals using the internet for internet banking
Equality and non-discrimination,gbv_any_age,"Women who have experienced violence by any perpetrator, by age group"
Equality and non-discrimination,gbv_npv_type,"Women who have experienced violence by a non-partner, by type of violence"
Equality and non-discrimination,gbv_ipv_type,"Ever-partnered women who have experienced violence by an intimate partner, by type of violence"
Equality and non-discrimination,gbv_shw_age,"Ever-working women who have experienced sexual harassment at work, by age group"
Equality and non-discrimination,crim_thb_vctz,Victims of trafficking in human beings by citizenship
Equality and non-discrimination,crim_thb_vexp,Victims of trafficking in human beings by all forms of exploitation
Quality of employment,tesem180,Gender pay gap in unadjusted form
Quality of employment,sdg_05_20,Gender pay gap in unadjusted form
Quality of employment,qoe_ewcs_1c3,Employed persons discriminated at work during the last 12 months by sex and age
Quality of employment,earn_ses_pub1s,Low-wage earners as a proportion of all employees (excluding apprentices) by sex
Quality of employment,tqoe3a5,Employed persons having more than one job by sex
Quality of employment,tqoe3b4,Employees with a flexible work schedule by sex
Quality of employment,qoe_ewcs_3c3,Mean duration of commuting time one-way between work and home by sex and age
Quality of employment,qoe_ewcs_4a5,Employed persons expecting a possible loss of their job in the next 6 months by sex and age
Quality of employment,tqoe4a3,Employed persons being self-employed without employees by sex
Quality of employment,qoe_ewcs_6_1,Employed persons participating in job-related non-formal education and training in the past 12 months by sex and age
Quality of employment,qoe_ewcs_6_3,Employed persons perceiving that their job-related non-formal education and training helped to improve the way they work by sex and age
Quality of employment,qoe_ewcs_6_4,Employed persons whose job involves improving their skills by sex and age
Quality of employment,qoe_ewcs_6_5,Employed persons whose work experience and job skills would be helpful to find another job by sex and age
Quality of employment,qoe_ewcs_6_6,Employed persons having the opportunity to use their knowledge and skills in their current job by sex and age
Quality of employment,qoe_ewcs_7a1,Employed persons having a good relationship with their colleagues by sex and age
Quality of employment,qoe_ewcs_7a2,Employees having a good relationship with their supervisor by sex and age
Quality of employment,qoe_ewcs_7a3,"Employed persons exposed to employment-related physical, psychological or sexual violence in the last 12 months by sex and age"
Quality of employment,qoe_ewcs_7b1,Employed persons being able to choose their methods of work or to influence their pace of work by sex and age
Quality of employment,qoe_ewcs_7b2,Employees receiving regular feedback from their supervisor by sex and age
Quality of employment,qoe_ewcs_7b3,Employed persons thinking that they do useful work by sex and age
Quality of employment,qoe_ewcs_7b4,Employed persons having to work at very high speed or to tight deadlines by sex and age
Quality of employment,qoe_ewcs_7b5,Employed persons being able to influence decisions that affect their work by sex and age
Agri-environmental indicators,sdg_02_40,Area under organic farming
Agri-environmental indicators,tai04,Final energy consumption by agriculture and forestry sector – tonne of oil equivalent per hectare of UAA
Agri-environmental indicators,sdg_07_30,Energy productivity
Agri-environmental indicators,sdg_02_60,Ammonia emissions from agriculture
Agri-environmental indicators,tai07,Ammonia emissions from agriculture - % of total emissions
Agri-environmental indicators,tai08,Greenhouse gas emissions from agriculture
Agri-environmental indicators,tai10,Estimated soil loss by water erosion by land cover type
Agri-environmental indicators,tai11,Share of landcover types affected by severe erosion
Climate change,cei_gsr011,Greenhouse gases emissions from production activities
Climate change,tai08,Greenhouse gas emissions from agriculture
Climate change,sdg_13_31,Average CO2 emissions per km from new passenger cars
Climate change,sdg_07_10,Primary energy consumption
Climate change,sdg_07_11,Final energy consumption
Climate change,sdg_07_20,Final energy consumption in households per capita
Climate change,nrg_ind_ffgae,Share of fossil fuels in gross available energy
Transport,ttr00005,Goods transport by road
Transport,tran_hv_frmod,Modal split of inland freight transport
Transport,tran_hv_frtra,Volume of freight transport relative to GDP
Transport,tran_hv_pstra,Volume of passenger transport relative to GDP
Transport,ttr00001,Volume of passenger transport relative to GDP
Climate change,tag00014,Number of dairy cows
Climate change,tag00016,Number of bovine animals
Climate change,for_area,Area of wooded land
Climate change,for_vol,Volume of timber
Climate change,for_protect,Protected forests
Climate change,for_profnc,Protective functions of forests
Climate change,tran_im_mosp,Modal shift potential of long-distance road freight in containers - tonne-kilometre
Climate change,ten00139,Energy taxes
Climate change,nrg_ind_ren,Main indicators - share of renewable energy
Climate change,nrg_inf_stcs,Solar thermal collectors' surface
Climate change,sdg_06_60,"Water exploitation index, plus (WEI+)"
Climate change,ten00001,Water resources: long-term annual average
Climate change,ten00006,Water abstracted by sector of use
Climate change,sdg_13_50,Contribution to the international 100bn USD commitment on climate related expending
Skills-related statistics,yth_educ_020,Population (aged 30-34) with tertiary educational attainment level by sex
Skills-related statistics,yth_educ_030,Young persons (aged 20-24) with at least upper secondary educational attainment level by sex
Skills-related statistics,tps00065,Persons aged 25-64 with at least upper secondary educational attainment level by sex
Skills-related statistics,tps00186,Persons aged 20-24 with at least upper secondary educational attainment level by sex
Skills-related statistics,tps00197,Persons with at most lower secondary educational attainment level by age
Skills-related statistics,educ_uoe_grad06,Graduates at doctoral level by sex and age groups - per 1000 of population aged 25-34
Skills-related statistics,educ_uoe_grad07,"Graduates at doctoral level, in science, math., computing, engineering, manufacturing, construction, by sex - per 1000 of population aged 25-34"
Skills-related statistics,tsc00025,Human resources in science and technology (HRST)
Skills-related statistics,tin00028,Internet use by individuals
Skills-related statistics,tin00093,Individuals who have never used the internet
Skills-related statistics,tin00101,Individuals using the internet for seeking health-related information
Skills-related statistics,tin00102,Individuals using the internet for looking for a job or sending a job application
Skills-related statistics,tin00127,Individuals using the internet for participating in social networks
Skills-related statistics,tin00098,Individuals using the internet for selling goods or services
Skills-related statistics,tin00095,Individuals using the internet for finding information about goods and services
Skills-related statistics,tin00103,Individuals using the internet for doing an online course
Skills-related statistics,tin00094,Individuals using the internet for sending/receiving e-mails
Skills-related statistics,tin00099,Individuals using the internet for internet banking
Skills-related statistics,tin00092,Individuals frequently using the internet
Skills-related statistics,tin00091,Individuals regularly using the internet
Skills-related statistics,tepsr_sp410,Individuals who have basic or above basic overall digital skills by sex
Skills-related statistics,isoc_sks_itspt,Employed information and communications technology (ICT) specialists
Skills-related statistics,isoc_sks_itsps,Employed information and communications technology (ICT) specialists by sex
Skills-related statistics,isoc_sks_itspa,Employed information and communications technology (ICT) specialists by age
Skills-related statistics,isoc_ski_itsex,Employed persons with information and communications technology (ICT) education by sex
Skills-related statistics,tsc00003,researchers by sector of performance - head count
Skills-related statistics,tsc00006,Share of women researchers in all sectors
Skills-related statistics,tsc00005,Share of women researchers by sector of performance
Skills-related statistics,tsc00011,Employed persons in high and medium-high technology manufacturing sectors and knowledge-intensive service sectors
Skills-related statistics,tps00172,"Job vacancies in number and % - NACE Rev. 2, B-S, quarterly data"
Skills-related statistics,trng_cvt_12s,Participants in CVT courses by sex and size class - % of persons employed in all enterprises
Skills-related statistics,educ_uoe_enra06,Pupils and students in education aged 30 and over - per 1000 of corresponding age population
Skills-related statistics,educ_uoe_enra08,Students in post-compulsory education - as % of the total population of post-compulsory school age
Skills-related statistics,educ_uoe_lang03,Average number of foreign languages studied per pupil by education level
Skills-related statistics,educ_uoe_enrt05,Ratio of the proportion of tertiary students over the proportion of the population by NUTS 1 and NUTS 2 region
Skills-related statistics,educ_uoe_enrt08,Students in tertiary education - as % of 20-24 years old in the population
Children and youth,yth_demo_030,Estimated average age of young persons leaving the parental household
Children and youth,ilc_lvph05,Distribution of households with children by number of children
Children and youth,ilc_chsb01,Children having one of their parents living outside the household
Children and youth,ilc_lvps20,Share of children (aged less than 18) living with their parents by type of household
Children and youth,tepsr_lm412,Children (aged less than 18) at risk of poverty or social exclusion
Children and youth,tepsr_spi110,At-risk-of poverty rate for children (aged less than 18) by sex
Children and youth,tepsr_spi130,Children (aged less than 18) living in households with very low work intensity by sex
Children and youth,tepsr_spi120,Severe material and social deprivation rate for children (aged less than 18) by sex
Children and youth,ilc_chmd01,Child specific material deprivation rate by age (children aged less than 16 years)
Children and youth,ilc_chmd02,Child specific material deprivation rate by household composition (children aged less than 16 years)
Children and youth,ilc_chmd03,Child specific material deprivation rate by educational attainment level of their parents (children aged less than 16 years)
Children and youth,ilc_chmd04,Mean number of deprivation items among the children deprived (children aged less than 16 years)
Children and youth,ilc_hch15,Children with unmet needs for medical examination or treatment by specific reason
Children and youth,tps00027,Infant mortality rate
Children and youth,tps00185,Formal child care by duration and age group
Children and youth,tepsr_sp210,Children aged less than 3 years in formal childcare
Children and youth,ilc_camnforall,Average number of weekly hours of formal care by age group - children with or without formal care
Children and youth,ilc_camnforg0,Average number of weekly hours of formal care by age group - children with at least 1 hour of formal care
Children and youth,ilc_caparents,Children cared only by their parents by age group - % over the population of each age group
Children and youth,ilc_chsb02,Parents spending enough time with children living with them
Children and youth,gbv_ch_age,"Women who have experienced sexual violence during childhood, by age group"
Children and youth,tesem070,Youth employment rate (age group 20-29)
Children and youth,tespm080,Youth unemployment ratio (age group 15-24)
Children and youth,yth_educ_020,Population (aged 30-34) with tertiary educational attainment level by sex
Children and youth,yth_educ_030,Young persons (aged 20-24) with at least upper secondary educational attainment level by sex
Children and youth,sdg_02_10,Obesity rate by body mass index (BMI)
Economy and finance,teicp270,House price index = 100) - quarterly data
Economy and finance,prc_hpi_inw,House price index - Item weights
Economy and finance,tipsho20,"House price index, nominal - annual data"
Economy and finance,tipsho40,House price index - quarterly data
Economy and finance,tipsho10,"House price index, deflated - annual data"
Economy and finance,tipsho30,"House price index, deflated - quarterly data"
Economy and finance,prc_hpi_hsna,"House sales - number and index, annual data"
Economy and finance,prc_hpi_hsva,"House sales - value and index, annual data"
Population and social conditions,ilc_lvho07b,Housing cost overburden rate by income quintile
Population and social conditions,tessi162,Housing cost overburden rate by income quintile - EU-SILC survey
Population and social conditions,ilc_lvho07c,Housing cost overburden rate by tenure status
Population and social conditions,ilc_lvho07d,Housing cost overburden rate by degree of urbanisation
Population and social conditions,tessi165,Housing cost overburden rate by degree of urbanisation - EU-SILC survey
Population and social conditions,ilc_lvho07_r,Housing cost overburden rate by NUTS 2 region
Population and social conditions,ilc_lvho08b,Median of the housing cost burden distribution by degree of urbanisation
Population and social conditions,ilc_li48,At-risk-of-poverty rate after deducting housing costs by degree of urbanisation
Population and social conditions,ilc_mdes05_r,"Arrears (mortgage or rent, utility bills or hire purchase) by NUTS 2 region"
Population and social conditions,ilc_odbt05,Persons with loans for property purposes by risk of poverty threshold
Population and social conditions,ilc_lvho04d,Average number of rooms per person by degree of urbanization
Population and social conditions,ilc_lvho04n,Average number of rooms per person by NUTS 2 region
Population and social conditions,tessi172,Overcrowding rate by poverty status - EU-SILC survey
Population and social conditions,tessi171,Overcrowding rate by age group - EU-SILC survey
Population and social conditions,tessi170,Overcrowding rate by sex - EU-SILC survey
Population and social conditions,tessi175,Overcrowding rate by household type - EU-SILC survey
Population and social conditions,ilc_lvho05c,Overcrowding rate by tenure status - total population
Population and social conditions,ilc_lvho05d,Overcrowding rate by degree of urbanisation - total population
Population and social conditions,tessi174,Overcrowding rate by degree of urbanisation - EU-SILC survey
Population and social conditions,ilc_lvho50c,Share of people living in under-occupied dwellings by tenure status - total population
Population and social conditions,ilc_lvho50d,Share of people living in under-occupied dwellings by degree of urbanisation - total population
Population and social conditions,ilc_mdes01_r,Inability to keep home adequately warm by NUTS 2 region
Population and social conditions,ilc_odbt12,Persons owning real estate other than main residence by risk of poverty threshold
Population and social conditions,ilc_odbt13,Persons owning real estate other than main residence by income quantile
Population and social conditions,sdg_11_11,Severe housing deprivation rate by poverty status
Population and social conditions,tepsr_lm440,Severe housing deprivation rate by tenure status
Population and social conditions,ilc_mdho06d,Severe housing deprivation rate by degree of urbanisation
Population and social conditions,ilc_mdho06q,Severe housing deprivation rate by income quintile
Population and social conditions,tessi292,"Share of total population living in a dwelling with a leaking roof, damp walls, floors or foundation, or rot in window frames of floor - EU-SILC survey"
Population and social conditions,ilc_mdho02c,"Children (aged 0 to 17) having neither a bath, nor a shower in their dwelling"
Population and social conditions,ilc_mdho03c,Children (aged 0 to 17) not having indoor flushing toilet for the sole use of their household
Population and social conditions,sdg_11_20,"Population living in households considering that they suffer from noise, by poverty status"
Population and social conditions,ilc_lvhd01,Persons having experienced housing difficulties in their lifetime by sex and current risk of poverty or social exclusion situation
Population and social conditions,ilc_lvhd02,Persons having experienced housing difficulties in their lifetime by sex and type of temporary solution (effect)
Population and social conditions,ilc_lvhd03,Persons having experienced housing difficulties in their lifetime by sex and group of country of birth
Population and social conditions,ilc_lvhd04,Persons having experienced housing difficulties in their lifetime by sex and group of current country of citizenship
Population and social conditions,ilc_lvhd06,Persons having overcome housing difficulties experienced in their lifetime by sex and reason
"Industry, trade and services",tipsho50,Residential building permits - annual data
"Industry, trade and services",teiis500,Production in construction
Environment and energy,env_wat_pop,Population connected to public water supply
