domain,code,measure
Environment & Natural Resources and Production,aei_pestsal_rsk,Pesticide sales by categorisation of active substances
Environment & Natural Resources and Production,apri_lprc_h,Agricultural land prices by region - historical data (until
Environment & Natural Resources and Production,apri_lrnt_h,Agricultural land renting prices for one year by region - historical data (until
Environment & Natural Resources and Production,apri_pi95_vwia,Weights of purchase prices of the means of agricultural production - survey
Environment & Natural Resources and Production,apri_pi95_vwpa,Weights of producer prices of agricultural products - survey
Environment & Natural Resources and Production,apro_ec_egghen,Production of eggs for consumption and number of laying hens
Environment & Natural Resources and Production,apro_ec_lshen,Laying hens population - annual data
Environment & Natural Resources and Production,apro_mk_fatprot,Fat contents and protein contents (cow's milk) - annual data
Environment & Natural Resources and Production,apro_mt_lsequi,Equidae - annual data
Environment & Natural Resources and Production,apro_mt_ppighq,Production forecasts for pigs – thousand heads – quarterly data
Environment & Natural Resources and Production,cei_gsr011,Greenhouse gases emissions from production activities
Environment & Natural Resources and Production,cei_gsr020,self-sufficiency for raw materials
Environment & Natural Resources and Production,cei_pc020,Material footprint
Environment & Natural Resources and Production,cei_pc030,Resource productivity
Environment & Natural Resources and Production,cei_pc031,Generation of municipal waste per capita
Environment & Natural Resources and Production,cei_pc032,Generation of waste excluding major mineral wastes per GDP unit
Environment & Natural Resources and Production,cei_pc034,Waste generation per capita
Environment & Natural Resources and Production,cei_pc035,Food waste
Environment & Natural Resources and Production,cei_pc040,Generation of packaging waste per capita
Environment & Natural Resources and Production,cei_pc050,Generation of plastic packaging waste per capita
Environment & Natural Resources and Production,cei_srm010,Contribution of recycled materials to raw materials demand - end-of-life recycling input rates (EOL-RIR)
Environment & Natural Resources and Production,cei_wm010,Recycling rate of all waste excluding major mineral waste
Environment & Natural Resources and Production,cei_wm011,Recycling rate of municipal waste
Environment & Natural Resources and Production,cei_wm020,Recycling rate of packaging waste by type of packaging
Environment & Natural Resources and Production,cei_wm060,Recycling rate of waste of electrical and electronic equipment (WEEE) separately collected
Environment & Natural Resources and Production,egi_co2_1,CO2 emissions from the production and consumption (footprint) perspectives (FIGARO application)
Environment & Natural Resources and Production,enpe_apro_cpnh1,Crop production
Environment & Natural Resources and Production,enpe_apro_mt_ls,Livestock
Environment & Natural Resources and Production,enpe_apro_mt_p,Meat production
Environment & Natural Resources and Production,enpe_ef_lus_main,Main farm land use
Environment & Natural Resources and Production,enpe_fish_ca_main,Fish catches
Environment & Natural Resources and Production,enpe_reg_area3,area
Environment & Natural Resources and Production,enps_apro_cpnh1,Crop production
Environment & Natural Resources and Production,enps_apro_mt_ls,Livestock
Environment & Natural Resources and Production,enps_apro_mt_p,Meat production
Environment & Natural Resources and Production,enps_ef_lus_main,Main farm land use
Environment & Natural Resources and Production,enps_env_air_emis,Air pollutants
Environment & Natural Resources and Production,enps_env_wasacc,Population served by municipal waste
Environment & Natural Resources and Production,enps_env_wasgenh,Generation of waste by households
Environment & Natural Resources and Production,enps_env_wasgenm,Municipal waste generated
Environment & Natural Resources and Production,enps_env_wasgenp,Municipal waste per inhabitant
Environment & Natural Resources and Production,enps_env_wastrt,Treatment of municipal waste
Environment & Natural Resources and Production,enps_env_wat_abs,Annual freshwater abstraction by source
Environment & Natural Resources and Production,enps_env_wat_cat,Water use by economic activity
Environment & Natural Resources and Production,enps_fish_aq2a,Aquaculture production by aquatic environment
Environment & Natural Resources and Production,enps_fish_ca_main,Fish catches by fishing areas
Environment & Natural Resources and Production,enps_nrg_bal_c1,Final energy consumption by sector
Environment & Natural Resources and Production,enps_reg_area3,area
Environment & Natural Resources and Production,env_ac_cur,Circular material use rate
Environment & Natural Resources and Production,env_ac_curm,Circular material use rate by material type
Environment & Natural Resources and Production,env_ac_epite,Environmental protection investments of total economy
Environment & Natural Resources and Production,env_ac_epite1,Environmental protection investments of total economy
Environment & Natural Resources and Production,env_ac_landfp,Land use footprints
Environment & Natural Resources and Production,env_ac_rp,Resource productivity
Environment & Natural Resources and Production,env_air_no2,"Nitrogen dioxide concentrations in European capital cities - monthly averages, experimental statistics"
Environment & Natural Resources and Production,env_bio1,Natura protected areas
Environment & Natural Resources and Production,env_bio2,Common farmland bird index
Environment & Natural Resources and Production,env_bio3,Common bird indices by type of estimate
Environment & Natural Resources and Production,env_bio4,Protected areas
Environment & Natural Resources and Production,env_bio5,Proportion of fish stocks sustainably exploited
Environment & Natural Resources and Production,env_chmhaz,Production and consumption of chemicals by hazard class
Environment & Natural Resources and Production,env_waspcb,Consumption of lightweight plastic carrier bags by their wall thickness
Environment & Natural Resources and Production,fish_ca_pac61,Catches - north-west Pacific
Environment & Natural Resources and Production,fish_ca_pac71,Catches - west-central Pacific
Environment & Natural Resources and Production,for_area,Area of wooded land FE)
Environment & Natural Resources and Production,for_awu,Annual work units in forestry and logging
Environment & Natural Resources and Production,for_profnc,Protective functions of forests
Environment & Natural Resources and Production,for_protect,Protected forests
Environment & Natural Resources and Production,for_secwpp,"Secondary wood products, production"
Environment & Natural Resources and Production,for_vol,Volume of timber FE)
Environment & Natural Resources and Production,lan_lcv_arti,Land covered by artificial surfaces - index
Environment & Natural Resources and Production,med_ag2,Crop production
Environment & Natural Resources and Production,med_ag31,Meat (total production)
Environment & Natural Resources and Production,med_ag32,Annual production and utilisation of milk on the farm
Environment & Natural Resources and Production,med_ag33,Livestock in number of heads
Environment & Natural Resources and Production,med_ag34,Poultry farming
Environment & Natural Resources and Production,med_ag41,Annual captures of fish - live weight in tonnes - by fishing areas
Environment & Natural Resources and Production,med_ag42,Annual aquaculture production - live weight in tonnes
Environment & Natural Resources and Production,med_ag50,Economic accounts for agriculture (EAA)
Environment & Natural Resources and Production,med_eg10,Primary energy production
Environment & Natural Resources and Production,med_eg20,Secondary energy production (transformation)
Environment & Natural Resources and Production,med_eg_all,Energy - historical data former methodology and source)
Environment & Natural Resources and Production,med_en1,GHG (Green House Gases) emissions
Environment & Natural Resources and Production,med_en2,Air emissions per sector and per gas
Environment & Natural Resources and Production,med_en21,Municipal waste
Environment & Natural Resources and Production,med_en22,Generation of waste by sector
Environment & Natural Resources and Production,med_en23,Composition of municipal waste
Environment & Natural Resources and Production,med_en24,Treatment and disposal facilities
Environment & Natural Resources and Production,med_en25,Management of waste
Environment & Natural Resources and Production,med_en3,Local pollution
Environment & Natural Resources and Production,med_en41,Renewable freshwater resources
Environment & Natural Resources and Production,med_en42,Water use balance
Environment & Natural Resources and Production,med_en43,Freshwater abstraction
Environment & Natural Resources and Production,med_en44,Water supplied and used by economic sectors
Environment & Natural Resources and Production,med_en46,Urban wastewater treatment
Environment & Natural Resources and Production,med_en51,Protected areas
Environment & Natural Resources and Production,med_en52,Number of known species
Environment & Natural Resources and Production,med_en53,Percentage of threatened species
Environment & Natural Resources and Production,med_en61,Landuse
Environment & Natural Resources and Production,med_en62,Forest and irrigated land
Environment & Natural Resources and Production,med_en63,Erosion
Environment & Natural Resources and Production,nrg_125m,Imports - electricity - monthly data
Environment & Natural Resources and Production,nrg_bal_s$dv_650,Simplified energy balances
Environment & Natural Resources and Production,nrg_chdd_a,Cooling and heating degree days by country - annual data
Environment & Natural Resources and Production,nrg_d_sercv,Disaggregated final energy consumption in services – calorific values
Environment & Natural Resources and Production,nrg_dhdc_e,"Energy removed from district networks by customers, type of networks and efficiency of network"
Environment & Natural Resources and Production,nrg_ind_di,Diversity index of energy supply
Environment & Natural Resources and Production,nrg_ind_esr,Energy self-reliance
Environment & Natural Resources and Production,nrg_ind_ffgae,Share of fossil fuels in gross available energy
Environment & Natural Resources and Production,nrg_ind_id3cf,Import dependency on third countries by fuel type
Environment & Natural Resources and Production,nrg_ind_idogas,Natural gas import dependency by country of origin
Environment & Natural Resources and Production,nrg_ind_ren,Share of energy from renewable sources
Environment & Natural Resources and Production,nrg_inf_stcs,Solar thermal collectors' surface
Environment & Natural Resources and Production,nrg_pc_202_v,Household consumption volumes of gas by consumption bands
Environment & Natural Resources and Production,nrg_pc_203_v,Non-household consumption volumes of gas by consumption bands
Environment & Natural Resources and Production,nrg_pc_204_v,Household consumption volumes of electricity by consumption bands
Environment & Natural Resources and Production,nrg_pc_205_v,Non-household consumption volumes of electricity by consumption bands
Environment & Natural Resources and Production,nrg_pc_206,Share for transmission and distribution in the network cost for gas and electricity - annual data
Environment & Natural Resources and Production,orch_grapes3,Table grape vines - Area by age and density classes (area in ha)
Environment & Natural Resources and Production,orch_olives1,Olive trees - Area by age classes (area in ha)
Environment & Natural Resources and Production,orch_olives2,Olive trees - Area by density classes (area in ha)
Environment & Natural Resources and Production,orch_olives3,Olive trees - Area by age and density classes (area in ha)
Environment & Natural Resources and Production,orch_total,area by species (area in ha)
Environment & Natural Resources and Production,org_aprod_h,Organic production of animal products (until
Environment & Natural Resources and Production,org_aqtspec,Organic production of aquaculture products
Environment & Natural Resources and Production,org_cropar_h2,Share of organic crop area out of the total utilised agricultural area (UAA) (until
Environment & Natural Resources and Production,pipe_ec_ent,Oil pipeline enterprises
Environment & Natural Resources and Production,pipe_ec_invest,Investment and maintenance in oil pipeline infrastructure
Environment & Natural Resources and Production,sdg_02_20,Agricultural real factor income per annual work unit (AWU)
Environment & Natural Resources and Production,sdg_02_30,Government support to agricultural research and development
Environment & Natural Resources and Production,sdg_02_40,Area under organic farming
Environment & Natural Resources and Production,sdg_02_53,Use and risk of chemical pesticides
Environment & Natural Resources and Production,sdg_02_60,Ammonia emissions from agriculture
Environment & Natural Resources and Production,sdg_06_30,Biochemical oxygen demand in rivers
Environment & Natural Resources and Production,sdg_06_40,Nitrate in groundwater
Environment & Natural Resources and Production,sdg_06_50,Phosphate in rivers
Environment & Natural Resources and Production,sdg_06_60,"Water exploitation index, plus (WEI+)"
Environment & Natural Resources and Production,sdg_07_10,Primary energy consumption
Environment & Natural Resources and Production,sdg_07_11,Final energy consumption
Environment & Natural Resources and Production,sdg_07_20,Final energy consumption in households per capita
Environment & Natural Resources and Production,sdg_07_40,Share of renewable energy in gross final energy consumption by sector
Environment & Natural Resources and Production,sdg_07_50,Energy import dependency by products
Environment & Natural Resources and Production,sdg_09_70,Air emission intensity from industry
Environment & Natural Resources and Production,sdg_11_32,Soil sealing index
Environment & Natural Resources and Production,sdg_11_60,Recycling rate of municipal waste
Environment & Natural Resources and Production,sdg_12_10,Consumption of chemicals by hazardousness - aggregate
Environment & Natural Resources and Production,sdg_12_21,Raw material consumption (RMC)
Environment & Natural Resources and Production,sdg_12_31,Consumption footprint – single weighted score
Environment & Natural Resources and Production,sdg_12_51,Generation of waste by hazardousness
Environment & Natural Resources and Production,sdg_13_31,Average CO2 emissions per km from new passenger cars (source: DG CLIMA) - HIDDEN DAT
Environment & Natural Resources and Production,sdg_13_60,Population covered by the Covenant of Mayors for Climate & Energy signatories
Environment & Natural Resources and Production,sdg_14_10,Surface of the marine protected areas
Environment & Natural Resources and Production,sdg_14_21,"Estimated trends in fish stock biomass, by fishing areas"
Environment & Natural Resources and Production,sdg_14_30,"Estimated trends in fishing pressure, by fishing area"
Environment & Natural Resources and Production,sdg_14_40,Bathing sites with excellent water quality by location
Environment & Natural Resources and Production,sdg_14_50,Global mean surface seawater acidity
Environment & Natural Resources and Production,sdg_14_60,Marine waters affected by eutrophication
Environment & Natural Resources and Production,sdg_15_10,Share of forest area
Environment & Natural Resources and Production,sdg_15_20,Surface of the terrestrial protected areas
Environment & Natural Resources and Production,sdg_15_42,Drought impact area on ecosystems
Environment & Natural Resources and Production,sdg_15_50,Area at risk of severe soil erosion by water
Environment & Natural Resources and Production,sdg_15_60,Common bird index by type of species - aggregate
Environment & Natural Resources and Production,sdg_15_61,Grassland butterfly index - aggregate
Environment & Natural Resources and Production,tag00001,Agricultural holdings by agricultural area
Environment & Natural Resources and Production,tag00007,Agricultural holdings by crops
Environment & Natural Resources and Production,tag00014,Number of dairy cows
Environment & Natural Resources and Production,tag00016,Number of bovine animals
Environment & Natural Resources and Production,tag00017,Number of sheep
Environment & Natural Resources and Production,tag00018,Number of pigs
Environment & Natural Resources and Production,tag00027,"Cereals for the production of grain (including seed) by area, production and humidity"
Environment & Natural Resources and Production,tag00029,Agricultural holdings by age of holder
Environment & Natural Resources and Production,tag00037,Collection of cow's milk
Environment & Natural Resources and Production,tag00038,Production of butter
Environment & Natural Resources and Production,tag00039,Production of milk powder
Environment & Natural Resources and Production,tag00040,Production of cheese
Environment & Natural Resources and Production,tag00041,Production of milk on farms
Environment & Natural Resources and Production,tag00042,Production of pigmeat in slaughterhouses
Environment & Natural Resources and Production,tag00043,Production of poultry meat in slaughterhouses
Environment & Natural Resources and Production,tag00044,Production of bovine meat in slaughterhouses
Environment & Natural Resources and Production,tag00045,Production of sheepmeat and goat meat in slaughterhouses
Environment & Natural Resources and Production,tag00046,"Producer price indices, total agricultural production"
Environment & Natural Resources and Production,tag00047,"Wheat and spelt by area, production and humidity"
Environment & Natural Resources and Production,tag00048,"Producer price indices, crop products"
Environment & Natural Resources and Production,tag00049,"Rye and winter cereal mixtures by area, production and humidity"
Environment & Natural Resources and Production,tag00050,"Producer price indices, animals and animal products"
Environment & Natural Resources and Production,tag00051,"Barley by area, production and humidity"
Environment & Natural Resources and Production,tag00052,"Purchase price indices, total means of agricultural production"
Environment & Natural Resources and Production,tag00053,"Oats and spring cereal mixtures by area, production and humidity"
Environment & Natural Resources and Production,tag00054,Crop output - basic and producer prices
Environment & Natural Resources and Production,tag00055,Animal output - basic and producer prices
Environment & Natural Resources and Production,tag00057,Indicator A of the income from agricultural activity
Environment & Natural Resources and Production,tag00059,Selling prices of soft wheat
Environment & Natural Resources and Production,tag00060,Selling prices of barley
Environment & Natural Resources and Production,tag00061,Selling prices of oats
Environment & Natural Resources and Production,tag00062,Selling prices of maize
Environment & Natural Resources and Production,tag00063,Selling prices of main crop potatoes
Environment & Natural Resources and Production,tag00064,Selling prices of sugar beet (unit value)
Environment & Natural Resources and Production,tag00065,Selling prices of calves
Environment & Natural Resources and Production,tag00066,Selling prices of pigs (light)
Environment & Natural Resources and Production,tag00067,Selling prices of piglets
Environment & Natural Resources and Production,tag00068,Selling prices of chickens (live 1st choice)
Environment & Natural Resources and Production,tag00069,Selling prices of sheep
Environment & Natural Resources and Production,tag00070,Selling prices of raw cow's milk
Environment & Natural Resources and Production,tag00071,Selling prices of fresh eggs
Environment & Natural Resources and Production,tag00075,Aquaculture production in tonnes and value
Environment & Natural Resources and Production,tag00076,Catches in all fishing regions
Environment & Natural Resources and Production,tag00083,"Fishing fleet, total tonnage"
Environment & Natural Resources and Production,tag00093,"Grain maize and corn-cob-mix by area, production and humidity"
Environment & Natural Resources and Production,tag00094,"Dry pulses and protein crops for the production of grain (including seed and mixtures of cereals and pulses) by area, production and humidity"
Environment & Natural Resources and Production,tag00100,"Rape, turnip rape, sunflower seeds and soya by area"
Environment & Natural Resources and Production,tag00101,"Green maize by area, production and humidity"
Environment & Natural Resources and Production,tag00103,Root crops and plants harvested green from arable land by area
Environment & Natural Resources and Production,tag00115,Fresh vegetables and strawberries by area
Environment & Natural Resources and Production,tag00116,"Fishing Fleet, Number of Vessels"
Environment & Natural Resources and Production,tag00120,Permanent crops for human consumption by area
Environment & Natural Resources and Production,tag00121,Grapes by production
Environment & Natural Resources and Production,tag00122,Olives by production
Environment & Natural Resources and Production,tag00123,Agricultural holdings by economic size of the farm (Standard Output in Euro)
Environment & Natural Resources and Production,tag00124,Agricultural holdings with livestock
Environment & Natural Resources and Production,tag00125,Agricultural holdings by age of manager
Environment & Natural Resources and Production,tai04,Final energy consumption by agriculture/forestry per hectare of utilised agricultural area
Environment & Natural Resources and Production,tai07,Ammonia emissions from agriculture - % of total emissions
Environment & Natural Resources and Production,tai08,Greenhouse gas emissions from agriculture
Environment & Natural Resources and Production,tai09,Livestock density index
Environment & Natural Resources and Production,tai10,Estimated soil loss by water erosion by land cover type
Environment & Natural Resources and Production,tai11,Share of landcover types affected by severe erosion
Environment & Natural Resources and Production,ten00001,Water resources: long-term annual average
Environment & Natural Resources and Production,ten00003,Fresh water abstraction by source per capita - m³ per capita
Environment & Natural Resources and Production,ten00006,Water abstracted by sector of use
Environment & Natural Resources and Production,ten00030,Sewage sludge production and disposal from urban wastewater (in dry substance (d.s))
Environment & Natural Resources and Production,ten00062,Recovery rates for packaging waste
Environment & Natural Resources and Production,ten00063,Recycling rates for packaging waste
Environment & Natural Resources and Production,ten00110,Waste generated by households by year and waste category
Environment & Natural Resources and Production,ten00135,National expenditure on environmental protection
Environment & Natural Resources and Production,ten00136,Environmental protection investments of total economy
Environment & Natural Resources and Production,ten00137,Domestic material consumption per capita
Environment & Natural Resources and Production,ten00138,Landfill rate of waste excluding major mineral wastes
Environment & Natural Resources and Production,vit_bs4_cy,Area under wine-grape vine varieties broken down by vine variety and by age of the vines -
Environment & Natural Resources and Production,vit_bs4_lu,Area under wine-grape vine varieties broken down by vine variety and by age of the vines -
Health & Safety,crim_crt_per,Persons brought before criminal courts by legal status of the court process
Health & Safety,crim_hist,Crimes recorded by the police
Health & Safety,crim_hom_city,Crimes recorded by the police: homicide in cities
Health & Safety,crim_hom_ocit,Intentional homicide offences in largest cities
Health & Safety,crim_hom_vcit,Intentional homicide victims in largest cities by sex
Health & Safety,crim_just_bri,Bribery by legal status and sex of the person involved
Health & Safety,crim_off_cat$dv_1401,Police-recorded offences by offence category
Health & Safety,crim_off_cat$dv_348,Police-recorded offences by offence category
Health & Safety,crim_plce,Police officers
Health & Safety,crim_pris_cap,Prison capacity and number of persons held
Health & Safety,crim_pris_ctz,Prisoners by citizenship
Health & Safety,crim_pris_pop,Prison population
Health & Safety,crim_pris_tri,Prisoners by legal status of the trial process
Health & Safety,crim_smu_sctz,Suspects of migrant smuggling by citizenship
Health & Safety,crim_thb_sex$dv_1641,Persons involved in trafficking in human beings by legal status and sex
Health & Safety,crim_thb_vctz,Victims of trafficking in human beings by citizenship
Health & Safety,crim_thb_vctz$dv_1643,Victims of trafficking in human beings by citizenship
Health & Safety,crim_thb_vexp,Victims of trafficking in human beings by all forms of exploitation
Health & Safety,demo_fabortind,Abortion indicators
Health & Safety,demo_magec$dv_1942,Deaths by age and sex
Health & Safety,demo_mexrt,Excess mortality by month
Health & Safety,demo_mlexpec$dv_292,Life expectancy by age and sex
Health & Safety,enpe_hlth_exp,Health care expenditure as a share of GDP
Health & Safety,enps_demo_infant,Infant mortality rate by sex
Health & Safety,enps_demo_mlexpec,Life expectancy at birth by sex
Health & Safety,enps_demo_under5,Under 5 mortality rate by sex
Health & Safety,enps_tran_sf_r,Persons killed in road accidents
Health & Safety,eq_mor06,Deaths by sex
Health & Safety,gbv_any_age,"Women who have experienced violence by any perpetrator, by age group"
Health & Safety,gbv_any_cnq,Women who have experienced violence by any perpetrator and consequences of violence
Health & Safety,gbv_any_cob,"Women who have experienced violence by any perpetrator, by country of birth"
Health & Safety,gbv_any_du,"Women who have experienced violence by any perpetrator, by degree of urbanisation"
Health & Safety,gbv_any_ed,"Women who have experienced violence by any perpetrator, by level of education"
Health & Safety,gbv_any_frq,"Women who have experienced violence by any perpetrator, by type and frequency of violence"
Health & Safety,gbv_any_lim,"Women who have experienced violence by any perpetrator, by level of disability (activity limitation)"
Health & Safety,gbv_any_occ,"Women who have experienced violence by any perpetrator, by occurrence of the last episode"
Health & Safety,gbv_any_rp,"Women who have experienced violence by any perpetrator, by person/support service to whom violence was reported"
Health & Safety,gbv_any_type,"Women who have experienced violence by any perpetrator, by type of violence"
Health & Safety,gbv_awr_leg,"Women as victims/non-victims of violence, by awareness of free legal aid"
Health & Safety,gbv_awr_serv,"Women as victims/non-victims of violence, by awareness of the existence of support services"
Health & Safety,gbv_ch_age,"Women who have experienced sexual violence during childhood, by age group"
Health & Safety,gbv_ch_perp,"Women who have experienced sexual violence during childhood, by type of perpetrator"
Health & Safety,gbv_ch_rp,"Women who have experienced sexual violence during childhood, by person/support service to whom violence was reported"
Health & Safety,gbv_dv_age,"Women who have experienced violence by a domestic perpetrator, by age group"
Health & Safety,gbv_dv_cob,"Women who have experienced violence by a domestic perpetrator, by country of birth"
Health & Safety,gbv_dv_du,"Women who have experienced violence by a domestic perpetrator, by degree of urbanisation"
Health & Safety,gbv_dv_ed,"Women who have experienced violence by a domestic perpetrator, by level of education"
Health & Safety,gbv_dv_lim,"Women who have experienced violence by a domestic perpetrator, by level of disability (activity limitation)"
Health & Safety,gbv_dv_occ,"Women who have experienced violence by a domestic perpetrator, by occurrence of the last episode"
Health & Safety,gbv_dv_type,"Women who have experienced violence by a domestic perpetrator, by type of violence"
Health & Safety,gbv_ipv_age,"Ever-partnered women who have experienced violence by an intimate partner, by age group"
Health & Safety,gbv_ipv_cnq,Ever-partnered women who have experienced violence by an intimate partner and consequences of violence
Health & Safety,gbv_ipv_cob,"Ever-partnered women who have experienced violence by an intimate partner, by country of birth"
Health & Safety,gbv_ipv_comm,Perception of women as victims/non-victims of intimate partner violence by commonness of this violence against women
Health & Safety,gbv_ipv_du,"Ever-partnered women who have experienced violence by an intimate partner, by degree of urbanisation"
Health & Safety,gbv_ipv_ed,"Ever-partnered women who have experienced violence by an intimate partner, by level of education"
Health & Safety,gbv_ipv_frq,"Ever-partnered women who have experienced violence by an intimate partner, by type and frequency of violence"
Health & Safety,gbv_ipv_lim,"Ever-partnered women who have experienced violence by an intimate partner, by level of disability (activity limitation)"
Health & Safety,gbv_ipv_occ,"Ever-partnered women who have experienced violence by an intimate partner, by occurrence of the last episode"
Health & Safety,gbv_ipv_rp,"Ever-partnered women who have experienced violence by an intimate partner, by person/support service to whom violence was reported"
Health & Safety,gbv_ipv_type,"Ever-partnered women who have experienced violence by an intimate partner, by type of violence"
Health & Safety,gbv_npv_age,"Women who have experienced violence by a non-partner, by age group"
Health & Safety,gbv_npv_cnq,Women who have experienced violence by a non-partner and consequences of violence
Health & Safety,gbv_npv_cob,"Women who have experienced violence by a non-partner, by country of birth"
Health & Safety,gbv_npv_du,"Women who have experienced violence by a non-partner, by degree of urbanisation"
Health & Safety,gbv_npv_ed,"Women who have experienced violence by a non-partner, by level of education"
Health & Safety,gbv_npv_frq,"Women who have experienced violence by a non-partner, by type and frequency of violence"
Health & Safety,gbv_npv_lim,"Women who have experienced violence by a non-partner, by level of disability (activity limitation)"
Health & Safety,gbv_npv_occ,"Women who have experienced violence by a non-partner, by occurrence of the last episode"
Health & Safety,gbv_npv_perp,"Women who have experienced violence by a non-partner, by type of perpetrator"
Health & Safety,gbv_npv_rp,"Women who have experienced violence by a non-partner, by person/support service to whom violence was reported"
Health & Safety,gbv_npv_type,"Women who have experienced violence by a non-partner, by type of violence"
Health & Safety,gbv_shw_age,"Ever-working women who have experienced sexual harassment at work, by age group"
Health & Safety,gbv_shw_comm,Perception of ever-working women as victims/non-victims of sexual harassment at work by commonness of harassment
Health & Safety,gbv_shw_frq,"Ever-working women who have experienced sexual harassment at work, by frequency"
Health & Safety,gbv_shw_occ,"Ever-working women who have experienced sexual harassment at work, by occurrence of the last episode"
Health & Safety,gbv_shw_perp,"Ever-working women who have experienced sexual harassment at work, by type of male perpetrator"
Health & Safety,gbv_shw_rp,"Ever-working women who have experienced sexual harassment at work, by person/support service to whom violence was reported during last year"
Health & Safety,gbv_st_age,"Women who have experienced stalking, by age group"
Health & Safety,gbv_st_cnq,"Women who have experienced stalking, by consequences of violence"
Health & Safety,gbv_st_occ,"Women who have experienced stalking, by occurrence of the last episode"
Health & Safety,gbv_st_perp,"Women who have experienced stalking, by type of perpetrator"
Health & Safety,gbv_st_rp,"Women who have experienced stalking, by person/support service to whom violence was reported"
Health & Safety,hlth_cd_acdr2$dv_1145,Causes of death - crude death rate by NUTS 2 region of residence
Health & Safety,hlth_cd_aperrto,"Fetal, peri- and neonatal mortality rates by country of occurrence"
Health & Safety,hlth_cd_apyll,Causes of death - potential years of life lost by residence
Health & Safety,hlth_cd_dar,Deaths of residents related to dementias including Alzheimer
Health & Safety,hlth_cd_iap,Health impacts of air pollution
Health & Safety,hlth_co_bedoc,Inpatient curative care bed occupancy rate by type of care
Health & Safety,hlth_co_dischnr,"Non-residents among all hospital discharges, %"
Health & Safety,hlth_co_ren,End-stage renal failure (ESRF) patients – historical data
Health & Safety,hlth_ehis_al1e$dv_1142,"Frequency of alcohol consumption by sex, age and educational attainment level"
Health & Safety,hlth_ehis_al3e$dv_450,"Frequency of heavy episodic drinking by sex, age and educational attainment level"
Health & Safety,hlth_ehis_al3i$dv_461,"Frequency of heavy episodic drinking by sex, age and income quintile"
Health & Safety,hlth_ehis_am7sa,Self-reported use of home care services by people with severe difficulty in personal care activities by sex and age
Health & Safety,hlth_ehis_am7sh,Self-reported use of home care services by people with severe difficulty in personal care activities by age and household type
Health & Safety,hlth_ehis_fv3e$dv_1143,"Daily consumption of fruit and vegetables by sex, age and educational attainment level"
Health & Safety,hlth_ehis_fv3e$dv_462,"Daily consumption of fruit and vegetables by sex, age and educational attainment level"
Health & Safety,hlth_ehis_hc2,Self-reported breast examination by X-ray by educational attainment level among women aged 50-69 (%)
Health & Safety,hlth_ehis_hc3,Self-reported cervical smear test by educational attainment level among women aged 20-69 (%)
Health & Safety,hlth_ehis_mh1e$dv_463,"Current depressive symptoms by sex, age and educational attainment level"
Health & Safety,hlth_ehis_mh1i$dv_464,"Current depressive symptoms by sex, age and income quintile"
Health & Safety,hlth_ehis_pe2e$dv_1144,"Time spent on health-enhancing (non-work-related) aerobic physical activity by sex, age and educational attainment level"
Health & Safety,hlth_ehis_pe2e$dv_301,"Time spent on health-enhancing (non-work-related) aerobic physical activity by sex, age and educational attainment level"
Health & Safety,hlth_ehis_sk3e$dv_1127,"Daily smokers of cigarettes by sex, age and educational attainment level"
Health & Safety,hlth_ehis_sk3e$dv_298,"Daily smokers of cigarettes by sex, age and educational attainment level"
Health & Safety,hlth_ehis_sk3i$dv_1141,"Daily smokers of cigarettes by sex, age and income quintile"
Health & Safety,hlth_ehis_sk3i$dv_304,"Daily smokers of cigarettes by sex, age and income quintile"
Health & Safety,hlth_hc_dent,Consultation of a dentist per inhabitant
Health & Safety,hlth_hc_phys,Consultation of a medical doctor (in private practice or as outpatient) per inhabitant – historical data
Health & Safety,hlth_hc_phys2,Consultation of a medical doctor per inhabitant
Health & Safety,hlth_hlye$dv_2041,Healthy life years by sex (from onwards)
Health & Safety,hlth_hlye$dv_287,Healthy life years by sex (from onwards)
Health & Safety,hlth_hlye_h,Healthy life years -
Health & Safety,hlth_ps_immu,Vaccination against influenza of population aged 65 and over
Health & Safety,hlth_ps_prev,Preventive cancer screenings - programme data
Health & Safety,hlth_ps_scre,Breast cancer and cervical cancer screenings - historical data
Health & Safety,hlth_rs_bdltc,Beds in nursing and other residential long-term care facilities
Health & Safety,hlth_rs_grd2$dv_2825,Health graduates
Health & Safety,hlth_rs_prs2$dv_2824,Health personnel
Health & Safety,hlth_sha11_hc$dv_2841,Health care expenditure by function
Health & Safety,hlth_sha11_hf$dv_2821,Health care expenditure by financing scheme
Health & Safety,hlth_sha11_hf$dv_2826,Health care expenditure by financing scheme
Health & Safety,hlth_silc_08$dv_1146,"Self-reported unmet needs for medical examination by sex, age, main reason declared and income quintile"
Health & Safety,hlth_silc_08b_r,"Self-reported unmet needs for medical examination due to financial reasons, long waiting list or distance by NUTS regions - % of the persons having the same needs"
Health & Safety,hlth_silc_11$dv_1148,"People having a long-standing illness or health problem, by sex, age and income quintile"
Health & Safety,hsw_ac4,Persons reporting a road traffic accident
Health & Safety,hsw_ac8$dv_386,"Persons reporting an accident at work by sex, age and professional status"
Health & Safety,hsw_aw_inasz,Standardised incidence rate of accidents at work by NACE Rev. 1.1 activity and size of enterprise
Health & Safety,hsw_aw_inaws,Standardised incidence rate of accidents at work by NACE Rev. 1.1 activity and employment status
Health & Safety,hsw_aw_nbosv,Number of accidents at work by part of body injured and severity
Health & Safety,hsw_aw_nnasv,Number of accidents at work by NACE Rev. 1.1 activity and severity
Health & Safety,hsw_aw_nnasz,Number of accidents at work by NACE Rev. 1.1 activity and size of enterprise
Health & Safety,hsw_aw_nnaws,Number of accidents at work by NACE Rev. 1.1 activity and employment status
Health & Safety,hsw_aw_ws2,"Incidence rate of accidents at work by type of workstation, NACE Rev. 1.1 activity, sex, age and severity"
Health & Safety,hsw_hp_disnu,"Number of work-related health problems by diagnosis group, sex and number of complaints per victim"
Health & Safety,hsw_hp_nuse,Work-related health problems in by sex
Health & Safety,hsw_ij_edse,Relative standardised incidence rate of accidental injuries at work by educational attainment level and sex (mean rate for each Member State = 100)
Health & Safety,hsw_ij_isna,Relative incidence rate of accidental injuries at work by occupation and NACE Rev. 1.1 activity mean rate = 100)
Health & Safety,hsw_ij_nuse,Accidental injuries at work in by sex
Health & Safety,hsw_ij_svhos,"Relative incidence rate of accidental injuries at work by severity, working hours and sex mean rate = 100 for each severity)"
Health & Safety,hsw_ij_svnia,"Relative incidence rate of accidental injuries at work by severity, frequency of night work and age mean rate = 100 for each severity)"
Health & Safety,hsw_ij_svsha,"Relative incidence rate of accidental injuries at work by severity, frequency of shift work and age mean rate = 100 for each severity)"
Health & Safety,hsw_ind,Indicators on health and safety at work
Health & Safety,hsw_occ_cnr,Recognised cases of occupational cancers - experimental statistics
Health & Safety,hsw_occ_ina,index of occupational diseases – experimental statistics
Health & Safety,ilc_hch15,Children with unmet needs for medical examination or treatment by specific reason
Health & Safety,ilc_lk11,Self defined health status by age and income quantile - ECHP survey
Health & Safety,ilc_pw12$dv_2547,"Persons feeling left out from society by sex, age and level of disability (activity limitation)"
Health & Safety,ilc_pw14,Satisfaction with the job by risk of poverty threshold and level of disability (activity limitation)
Health & Safety,ilc_scp34$dv_2542,"Persons not reading books in the last 12 months by sex, age, level of disability (activity limitation) and reasons"
Health & Safety,med_rd7,Road accidents: persons killed
Health & Safety,prc_rem_idx,Joint Index
Health & Safety,rail_ac_dnggood,Accidents involving the transport of dangerous goods - annual data
Health & Safety,sdg_02_10,Obesity rate by body mass index (BMI)
Health & Safety,sdg_03_11,Healthy life years at birth by sex
Health & Safety,sdg_03_20,Share of people with good or very good perceived health by sex
Health & Safety,sdg_03_30,Smoking prevalence by sex
Health & Safety,sdg_03_41,"Standardised death rate due to tuberculosis, HIV and hepatitis by type of disease"
Health & Safety,sdg_03_42,Standardised preventable and treatable mortality
Health & Safety,sdg_03_60,Self-reported unmet need for medical examination and care by sex
Health & Safety,sdg_03_70,Consumption of antibiotics in the community and hospital sectors – defined daily doses (DDD) per day
Health & Safety,sdg_05_10,Physical and sexual violence to women by age group data)
Health & Safety,sdg_08_60,"Fatal accidents at work per 100 000 workers, by sex"
Health & Safety,sdg_11_52,Premature deaths due to exposure to fine particulate matter (PM2.5)
Health & Safety,sdg_16_10,Standardised death rate due to homicide by sex
Health & Safety,sdg_16_20,"Population reporting occurrence of crime, violence or vandalism in their area by poverty status"
Health & Safety,sdg_16_70,Victims of trafficking in human beings by sex
Health & Safety,tepsr_sp320,Healthy life years at age 65 by sex
Health & Safety,tespm110,Self-reported unmet need for medical care by sex
Health & Safety,tespm120,Healthy life years at 65 - males
Health & Safety,tespm130,Healthy life years at 65 - females
Health & Safety,tgs00064,Available beds in hospitals by NUTS 2 regions
Health & Safety,tin00101,Individuals using the internet for seeking health-related information
Health & Safety,tps00027,Infant mortality rate
Health & Safety,tps00029,Deaths and crude death rate
Health & Safety,tps00044,Practising physicians
Health & Safety,tps00045,Practising dentists
Health & Safety,tps00046,Hospital beds
Health & Safety,tps00048,Discharges from hospitals
Health & Safety,tps00116,"Death due to cancer, by sex"
Health & Safety,tps00119,"Death due to other ischaemic heart diseases, by sex"
Health & Safety,tps00122,"Death due to suicide, by sex"
Health & Safety,tps00125,"Death due to accidents, by sex"
Health & Safety,tps00128,"Death due to pneumonia, by sex"
Health & Safety,tps00131,"Death due to chronic liver disease, by sex"
Health & Safety,tps00134,"Death due to diseases of the nervous system, by sex"
Health & Safety,tps00137,"Death due to diabetes mellitus, by sex"
Health & Safety,tps00140,"Death due to alcoholic abuse, by sex"
Health & Safety,tps00143,"Death due to AIDS (HIV-disease), by sex"
Health & Safety,tps00146,"Death due to homicide, assault, by sex"
Health & Safety,tps00149,"Death due to drugs dependence, by sex"
Health & Safety,tps00150,Healthy life years at birth by sex
Health & Safety,tps00152,"Causes of death, by sex"
Health & Safety,tps00165,"Death due to transport accidents, by sex"
Health & Safety,tps00167,Licensed physicians
Health & Safety,tps00202,Suicide death rate by age group
Health & Safety,tps00205,Life expectancy at birth by sex
Health & Safety,tps00208,Life expectancy at birth by sex
Health & Safety,tran_sf_railsu,Suicides involving railways
Health & Safety,tran_sf_roadro,Persons killed in road accidents by type of road
Learning & Education,edat_lfse_14$dv_1864,Early leavers from education and training by sex and labour status
Learning & Education,edat_lfse_14$dv_356,Early leavers from education and training by sex and labour status
Learning & Education,edat_lfso_00t4,Parents educational attainment level
Learning & Education,educ_fiaid,Financial aid to students
Learning & Education,educ_fiexpc,Expenditure on education in constant prices
Learning & Education,educ_ipart$dv_437,Participation/ enrolment in education (ISCED 0-4)
Learning & Education,educ_iste,Pupil/ student - teacher ratio and average class size (ISCED 1-3)
Learning & Education,educ_outc_pisa,"Low achieving 15-year-olds in reading, mathematics or science by sex"
Learning & Education,educ_uoe_enra05$dv_441,Pupils and students in education by age groups - as % of corresponding age population
Learning & Education,educ_uoe_enra06,Pupils and students in education aged 30 and over - per 1000 of corresponding age population
Learning & Education,educ_uoe_enra07,Expected school years of pupils and students by education level
Learning & Education,educ_uoe_enra08,Students in post-compulsory education - as % of the total population of post-compulsory school age
Learning & Education,educ_uoe_enra10,"Pupils from age 4 to the starting age of compulsory education at primary level, by sex - as % of the population of the corresponding age group"
Learning & Education,educ_uoe_enra17,Pupils from age 4 to the starting age of compulsory education at primary level by NUTS2 regions - % of the population of the corresponding age
Learning & Education,educ_uoe_enra18,Pupils from age 5 to the starting age of compulsory education at primary level by sex - % of the population of the corresponding age
Learning & Education,educ_uoe_enra19,"Pupils aged 4 years old, by sex - as % of the population of the corresponding age group"
Learning & Education,educ_uoe_enra20,"Pupils aged 3 years old, by sex - as % of the population of the corresponding age group"
Learning & Education,educ_uoe_enra21,Pupils from age 3 to the starting age of compulsory education at primary level by sex - % of the population of the corresponding age
Learning & Education,educ_uoe_enra22,Pupils from age 3 to the starting age of compulsory education at primary level by NUTS2 regions - % of the population of the corresponding age
Learning & Education,educ_uoe_enra23,Pupils from age 0 to the starting age of compulsory education at primary level by sex - % of the population of the corresponding age
Learning & Education,educ_uoe_enra25,Pupils under the age of 3 by sex - as % of the population of the corresponding age
Learning & Education,educ_uoe_enra27,Out-of-school rate by sex and age - as % of the population of the corresponding age
Learning & Education,educ_uoe_enra28,"Out-of-school rate in population of lower secondary school age, by sex"
Learning & Education,educ_uoe_enra29,"Out-of-school rate in population of upper secondary school age, by sex"
Learning & Education,educ_uoe_enrt05,Ratio of the proportion of tertiary students over the proportion of the population by NUTS1 and NUTS2 regions
Learning & Education,educ_uoe_enrt08,Students in tertiary education - as % of 20-24 years old in the population
Learning & Education,educ_uoe_fina01,Financial aid to students by education level - as % of total public expenditure
Learning & Education,educ_uoe_fini06,"Ratio of annual expenditure per student at the tertiary level and primary level of education, in public educational institutions"
Learning & Education,educ_uoe_grad06,Graduates at doctoral level by sex and age groups - per 1000 of population aged 25-34
Learning & Education,educ_uoe_grad07,"Graduates at doctoral level, in science, math., computing, engineering, manufacturing, construction, by sex - per 1000 of population aged 25-34"
Learning & Education,educ_uoe_grad09,Graduates in tertiary education by education level – women per 100 men
Learning & Education,educ_uoe_lang03,Average number of foreign languages studied per pupil by education level
Learning & Education,educ_uoe_mobs03$dv_1126,"Share of mobile students from abroad enrolled by education level, sex and country of origin"
Learning & Education,educ_uoe_perd04,"Female school-management personnel - as % of total school-management personnel, by education level"
Learning & Education,educ_uoe_perd05,"Teachers working part-time - as % of all teachers, by education level"
Learning & Education,educ_uoe_perp03,"Classroom teachers working full-time and part-time in primary, lower-secondary and upper-secondary education - as % of total active population"
Learning & Education,educ_uoe_perp05,Ratio of pupils to teachers and teacher aides by education level and programme orientation
Learning & Education,enpe_edat_lfse_03,Population aged 30-34 who completed tertiary or equivalent education
Learning & Education,enpe_edat_lfse_14,Early leavers from education and training aged 18-24 by sex
Learning & Education,enpe_educ_figdp,Public expenditure on education
Learning & Education,enpe_educ_uoe_enra02,Pupils and students enrolled by education level
Learning & Education,enps_edat_lfse3,Population aged 20-24 who completed at least an upper secondary educational attainment level (ISCED level 3) by sex
Learning & Education,enps_edat_lfse4,Population aged 25 and over by sex and educational attainment level
Learning & Education,enps_educ_comprate,School completion rate at ISCED 1 level by sex
Learning & Education,enps_educ_compyr,Number of compulsory schooling years
Learning & Education,enps_educ_enrate,Net enrolment rates by sex and education level
Learning & Education,enps_educ_figdp,Public expenditure on education
Learning & Education,enps_educ_ltr,Literacy rate by sex and age group
Learning & Education,enps_educ_parity,Gender parity index by education level
Learning & Education,med_ps21,Literacy
Learning & Education,med_ps22,General education
Learning & Education,med_ps23,Higher education
Learning & Education,med_ps24,Quality of education
Learning & Education,med_ps25,Technical and vocational education training (TVET)
Learning & Education,med_ps26,Public expenditure on education
Learning & Education,rd_p_sen,Researchers in the higher education sector by seniority category
Learning & Education,sdg_04_10,Early leavers from education and training by sex
Learning & Education,sdg_04_10a,"Early leavers from education and training, by citizenship"
Learning & Education,sdg_04_20,Tertiary educational attainment by sex
Learning & Education,sdg_04_40,"Low achieving 15-year-olds in reading, mathematics or science"
Learning & Education,sdg_04_60,Adult participation in learning in the past four weeks by sex
Learning & Education,tepsr_sp210,Children aged less than 3 years in formal childcare
Learning & Education,tesem020,"Early leavers from education and training, age group 18-24"
Learning & Education,tesem030,"Tertiary educational attainment, age group 30-34"
Learning & Education,tesem240,"Percentage of the population with at least upper secondary educational attainment, age group 25-64"
Learning & Education,tps00065,"At least upper secondary educational attainment, age group 25-64 by sex"
Learning & Education,tps00185,Formal child care by duration and age group
Learning & Education,tps00186,"At least upper secondary educational attainment, age group 20-24 by sex"
Learning & Education,tps00197,At most lower secondary educational attainment by age
Learning & Education,tps00215,Exposure of VET graduates to work-based learning
Learning & Education,tps00217,Female tertiary education graduates in STEM education fields - % of all tertiary education graduates in STEM education fields
Learning & Education,trng_aes_186,Effect of the search for information on learning possibilities
Learning & Education,trng_aes_187,Sources of information used for getting information on learning possibilities
Learning & Education,trng_any3,Participation in any learning activities by degree of urbanisation
Learning & Education,trng_any5,Participation in any learning activities by size of the local unit
Learning & Education,trng_cvt_12s,Participants in CVT courses by sex and size class - % of persons employed in all enterprises
Learning & Education,trng_cvt_13s,Participants in CVT courses by sex and size class - % of persons employed in enterprises providing CVT courses
Learning & Education,trng_cvt_21n1,Hours spent in CVT courses by NACE Rev. 1.1 activity - hours per 1000 hours worked in all enterprises
Learning & Education,trng_cvt_21n2,Hours spent in CVT courses by NACE Rev. 2 activity - hours per 1000 hours worked in all enterprises
Learning & Education,trng_cvt_21s,Hours spent in CVT courses by size class - hours per 1000 hours worked in all enterprises
Learning & Education,trng_cvt_22n1,Hours spent in CVT courses by NACE Rev. 1.1 activity - hours per 1000 hours worked in enterprises providing CVT courses
Learning & Education,trng_cvt_22n2,Hours spent in CVT courses by NACE Rev. 2 activity - hours per 1000 hours worked in enterprises providing CVT courses
Learning & Education,trng_cvt_22s,Hours spent in CVT courses by size class - hours per 1000 hours worked in enterprises providing CVT courses
Learning & Education,trng_cvt_23n1,Hours spent in CVT courses by NACE Rev. 1.1 activity - hours per person employed in all enterprises
Learning & Education,trng_cvt_23n2,Hours spent in CVT courses by NACE Rev. 2 activity - hours per person employed in all enterprises
Learning & Education,trng_cvt_23s,Hours spent in CVT courses by size class - hours per person employed in all enterprises
Learning & Education,trng_cvt_24n1,Hours spent in CVT courses by NACE Rev. 1.1 activity - hours per person employed in enterprises providing CVT courses
Learning & Education,trng_cvt_24n2,Hours spent in CVT courses by NACE Rev. 2 activity - hours per person employed in enterprises providing CVT courses
Learning & Education,trng_cvt_24s,Hours spent in CVT courses by size class - hours per person employed in enterprises providing CVT courses
Learning & Education,trng_cvt_25n1,Hours spent in CVT courses by NACE Rev. 1.1 activity - hours per participant
Learning & Education,trng_cvt_25n2,Hours spent in CVT courses by NACE Rev. 2 activity - hours per participant
Learning & Education,trng_cvt_25s,Hours spent in CVT courses by size class - hours per participant
Learning & Education,trng_cvt_26n1,Hours spent in CVT courses by type of course and NACE Rev. 1.1 activity - % of total hours spent in CVT courses
Learning & Education,trng_fed3,Participation in formal education by degree of urbanisation
Learning & Education,trng_inf3,Participation in informal learning by degree of urbanisation
Learning & Education,trng_lfs_02$dv_2221,"Participation rate in education and training (last 4 weeks) by sex, age and educational attainment level"
Learning & Education,trng_nfe13,Mean instruction hours per employed participant in non-formal education and training by sex and NACE Rev. 1.1 activity
Learning & Education,trng_nfe14,Mean instruction hours per participant in non-formal education and training by sex and age
Learning & Education,trng_nfe15,Mean instruction hours per participant in non-formal education and training by sex and labour status
Learning & Education,trng_nfe16,Mean instruction hours per employed participant in non-formal education and training by sex and occupation
Learning & Education,trng_nfe18,Mean instruction hours per participant in non-formal education and training by field of learning
Learning & Education,trng_nfe2,Participation in non-formal education and training by number of activities
Learning & Education,trng_nfe4,Participation in non-formal education and training by degree of urbanisation
Learning & Education,trng_nfe5,Participation in job-related non-formal education and training by size of the local unit
Learning & Education,trng_nfe6,Participation in non-formal education and training by main reason for participating in the taught activity
Learning & Education,trng_nfe7,Participation in non-formal education and training within (or not) paid working hours
Learning & Education,yth_educ_020,Population aged 30-34 with tertiary educational attainment level by sex
Learning & Education,yth_educ_030,Young people aged 20-24 with at least upper secondary educational attainment level by sex
Living Well,cult_emp_art,"Persons working as creative and performing artists, authors, journalists and linguists"
Living Well,enpe_tour_cap_nat,Number of bed places in hotels and similar accomodation
Living Well,enpe_tour_dem_tttot,Departures of residents going abroad for all holidays and business
Living Well,enpe_tour_occ_arnat,Arrivals of non-residents at hotels and similar accomodation establishments
Living Well,enps_tour_border,Arrivals of tourists at the border
Living Well,enps_tour_cap_nat,Tourism infrastructure
Living Well,enps_tour_cap_natb,Number of bed places in hotels and similar accommodation
Living Well,enps_tour_dem_tttot,Departures of residents going abroad for all holidays and business
Living Well,enps_tour_occ_arnat,Arrivals at tourism accommodation establishments by type of accommodation
Living Well,enps_tour_occ_ninat,Nights spent at tourism accommodation establishments
Living Well,hlth_ehis_pe3e$dv_296,"Performing (non-work-related) physical activities by sex, age and educational attainment level"
Living Well,ilc_pw01$dv_2761,"Overall life satisfaction by sex, age and educational attainment"
Living Well,ilc_pw01b$dv_2749,"Life satisfaction by sex, age, educational attainment and domain"
Living Well,ilc_pw01b$dv_2751,"Life satisfaction by sex, age, educational attainment and domain"
Living Well,ilc_pw01b$dv_2781,"Life satisfaction by sex, age, educational attainment and domain"
Living Well,ilc_scp06$dv_2742,"Persons not participating in cultural or sport activities in the last 12 months by income quintile, household composition, degree of urbanisation, activity type and reasons"
Living Well,ilc_scp07$dv_1064,"Persons practicing artistic activities by sex, age, educational attainment and frequency"
Living Well,ilc_scp21$dv_436,"Persons not participating in formal/informal voluntary activities or active citizenship in the last 12 months by sex, age, educational attainment and reasons"
Living Well,ilc_scp22$dv_2441,"Persons not participating in formal/informal voluntary activities or active citizenship in the last 12 months by income quintile, household composition, degree of urbanisation and reasons"
Living Well,ilc_scp38$dv_2388,"Persons not participating in cultural or sport activities in the last 12 months by sex, age, level of disability (activity limitation), activity type and reasons"
Living Well,ilc_scp38$dv_2544,"Persons not participating in cultural or sport activities in the last 12 months by sex, age, level of disability (activity limitation), activity type and reasons"
Living Well,ilc_scp40$dv_2549,"Persons not participating in active citizenship by sex, age and level of disability (activity limitation)"
Living Well,med_to12,Arrivals by type of accommodation
Living Well,med_to13,Nights spent by type of accommodation
Living Well,med_to21,Accommodation establishments
Living Well,med_to22,Number of bed-places
Living Well,sdg_16_40,Perceived independence of the justice system
Living Well,teicp090,HICP - recreation and culture
Living Well,tin00171,Nights spent at tourist accommodation establishments by residents/non-residents - monthly data
Living Well,tin00172,Percentage change (compared to corresponding period of the previous year) in nights spent at tourist accommodation establishments by residents/non-residents - monthly data
Living Well,tin00173,"Net occupancy rate of bed-places and bedrooms in hotels and similar accommodations (NACE Rev. 2, I, 55.1) - monthly data"
Living Well,tin00174,Arrivals of residents/non-residents at tourist accommodation establishments
Living Well,tin00175,Nights spent at tourist accommodation establishments by residents/non-residents
Living Well,tin00176,Nights spent at tourist accommodation establishments by country/world region of residence of the tourist
Living Well,tin00180,"Net occupancy rate of bed-places and bedrooms in hotels and similar accommodation (NACE Rev. 2, I, 55.1) (from onwards)"
Living Well,tin00181,Number of establishments and bed-places
Living Well,tin00185,Persons participating in tourism for personal purposes - number of tourists
Living Well,tin00186,Participation in tourism for personal purposes - % of total population
Living Well,tin00196,Average expenditure per night
Living Well,tour_ce_oam,Guest nights spent at short-stay accommodation offered via collaborative economy platforms by mode of accommodation - experimental statistics
Living Well,tour_ce_oasc,Guest nights spent at short-stay accommodation offered via collaborative economy platforms by size class of accommodation - experimental statistics
Living Well,tus_00alone,Time spent alone
Living Well,tus_00educ$dv_571,"Time spent, participation time and participation rate in the main activity by sex and educational attainment level"
Living Well,tus_00meal,Time spent on eating at home (as main or secondary activity)
Living Well,tus_00npaycare,Time spent providing childcare (as main or secondary activity)
Living Well,tus_00npaywork,Time spent in unpaid forms of work (as main or secondary activity) by sex and by form of work
Living Well,tus_00screen,"Time spent watching or other media, playing computer games and any similar screen activities (as main or secondary activity)"
Living Well,tus_00simuact,Time spent doing more than one activity simultaneously
Living Well,tus_00work$dv_671,Time spent in total work (paid and unpaid work as main or secondary activity) by sex and by form of work
Money & Markets,bd_size$dv_1502,Business demography by size class and NACE Rev. 2 activity
Money & Markets,bop_its_str,International trade in services - market integration indicators - historical data
Money & Markets,bs_bs10_00,Turnover by client specialisation and employment size class
Money & Markets,bs_bs11_00,Turnover by client specialisation and product specialisation
Money & Markets,bs_bs13_04,Turnover by type of media for advertising services
Money & Markets,bs_bs16_04,Purchases of advertising space or time for resale
Money & Markets,bs_bs1_00,Turnover by product specialisation for div. 72
Money & Markets,bs_bs2_00,Turnover by product specialisation and employment size class for group 72.2
Money & Markets,bs_bs4_06,Turnover by residence of client and economic activity
Money & Markets,bs_bs5_00,Turnover by type of client and NACE Rev.1 at 3-digit level
Money & Markets,bs_bs5_04,Number of enterprises carrying out cross border trade by employment size class
Money & Markets,bs_bs6_00,Turnover by type of client and employment size class
Money & Markets,bs_bs6_04,Number of enterprises carrying out cross border trade by type of cross border trade and employment size class
Money & Markets,bs_bs7_00,Turnover by nationality of client and NACE Rev.1 at 3-digit level
Money & Markets,bs_bs7_04,Number of enterprises carrying out cross border trade by reasons for cross border trade and employment size class
Money & Markets,bs_bs8_00,Turnover by nationality of client and employment size class
Money & Markets,bs_bs9_00,Turnover by client specialisation and NACE Rev.1 at 3-digit level
Money & Markets,cei_cie012,Private investment and gross added value related to circular economy sectors
Money & Markets,cei_gsr030,Material import dependency
Money & Markets,educ_uoe_fini05,Expenditure on public educational institutions - as % of total or current expenditure
Money & Markets,egi_em3,Share of employment in Member States supported by exports (FIGARO application)
Money & Markets,egi_so1,Enterprises sourcing abroad
Money & Markets,egi_tr1,Export to import ratio
Money & Markets,egi_tr2,Intermediate goods trade
Money & Markets,egi_tr3,Trade in goods with the top 5 partners
Money & Markets,egi_tr4,Intermediate services trade
Money & Markets,egi_tr5,Trade in services with the top 5 partners
Money & Markets,egi_va1,Value Added in Foreign Controlled Enterprises
Money & Markets,egi_va2,Share of value added in Member States supported by exports (FIGARO application)
Money & Markets,egr_conc,Concentration of multinational enterprise groups by NACE Rev.2 activity - experimental statistics
Money & Markets,egr_emp,Persons employed in multinational enterprise groups by size class - experimental statistics
Money & Markets,egr_mne,Multinational enterprise groups in EU-EFTA countries by controlling country - experimental statistics
Money & Markets,egr_mne_n2sc,"Multinational enterprise groups in EU-EFTA countries by controlling country, size class and NACE Rev.2 activity - experimental statistics"
Money & Markets,ei_bsci_m_r2,Euro-zone Business Climate Indicator - monthly data
Money & Markets,enpe_bop_c6_a,Balance of payments
Money & Markets,enpe_bop_iip6,Gross external debt of the whole economy
Money & Markets,enpe_bop_iip6_serv,"Gross external debt of the whole economy, relative to exports of goods and services"
Money & Markets,enpe_cpi,Consumer price index
Money & Markets,enpe_ext_bal,Trade balance
Money & Markets,enpe_ext_intro,Share of European Neighbourhood Policy East Countries in European Union 27 trade
Money & Markets,enpe_gov_10dd,Government deficit/surplus and debt
Money & Markets,enpe_irt_ld,Loan and deposit one year interest rate
Money & Markets,enpe_irt_lt_gby10,Government bond yields - 10 years' maturity
Money & Markets,enpe_irt_st,Money market interest rates
Money & Markets,enpe_mon_res,Money supply and official reserves
Money & Markets,enpe_nama_10_a10,Gross value added by industry
Money & Markets,enpe_nama_10_gdp,Gross domestic product at market prices
Money & Markets,enpe_nama_10_gdp_ea,Gross domestic product at market prices by expenditure
Money & Markets,enpe_nama_10_lp,Labour productivity in GDP (constant prices) per person employed
Money & Markets,enpe_sts_incopr,"Industrial and construction production volume index, calendar adjusted"
Money & Markets,enpe_sts_inppd,Domestic industrial production price index
Money & Markets,enpe_sts_trtu,"Services turnover index, calendar adjusted"
Money & Markets,enpe_sts_trtu1,Retail trade volume of sales index (deflated turnover)
Money & Markets,enps_bop_iip6,Gross external debt of the whole economy
Money & Markets,enps_cpi,Consumer price index
Money & Markets,enps_gov_10dd,Government deficit/surplus and debt
Money & Markets,enps_gov_10dde,economy deficit/surplus
Money & Markets,enps_nama_10_a10,Gross value added by industry
Money & Markets,enps_nama_10_gdp,Gross domestic product at market prices
Money & Markets,enps_nama_10_gdp_ea,Gross domestic product at market prices by expenditure
Money & Markets,enps_nrg_bal_c,Energy balance
Money & Markets,env_ac_egss3,"Production, value added and employment by industry groups in the environmental goods and services sector"
Money & Markets,env_ac_mid,Material import dependency
Money & Markets,env_waspb,Sales and collection of portable batteries and accumulators
Money & Markets,ert_bil_conv_a,Conversion factors for euro fixed series into euro/ECU - annual data
Money & Markets,ert_bil_eur_a$dv_841,Euro/ECU exchange rates - annual data
Money & Markets,ert_bil_eur_a$dv_861,Euro/ECU exchange rates - annual data
Money & Markets,ert_h_eur_a,Former euro area national currencies vs. euro/ECU - annual data
Money & Markets,ext_ser_bec01,Services trade by broad economic categories (BEC Rev.5)
Money & Markets,gba_nabste,Share of GBARD in total general government expenditure
Money & Markets,gov_10dd_acd,Apparent cost of general government gross debt
Money & Markets,gov_eu_debt,Debt of the institutions
Money & Markets,gov_eu_fa,Financial accounts for institutions
Money & Markets,gov_eu_nfa,Non-financial accounts for institutions
Money & Markets,gov_gb,"Stock of general government debt security liabilities issued as 'green bonds' - one-off data collection, experimental statistics"
Money & Markets,htec_si_exp4,High-tech exports - Exports of high technology products as a share of total exports (from SITC Rev. 4)
Money & Markets,icw_pov_03,Proportion of dissaving households - experimental statistics
Money & Markets,ilc_mdes04_r,Inability to face unexpected financial expenses by NUTS regions
Money & Markets,ilc_mdes05_r,"Arrears (mortgage or rent, utility bills or hire purchase) by NUTS regions"
Money & Markets,ipr_da_gdp,Community design applications per billion GDP
Money & Markets,ipr_da_pop,Community design applications per million population
Money & Markets,ipr_da_tot,Community design applications
Money & Markets,ipr_da_typ,Community design applications by type of design
Money & Markets,ipr_dfa_tot,Community designs filed
Money & Markets,irt_h_cgby_a,Central government bond yields - annual data
Money & Markets,irt_h_cgby_m,Central government bond yields - monthly data
Money & Markets,irt_h_cgby_q,Central government bond yields - quarterly data
Money & Markets,irt_h_ddmr_a,Day-to-day rates for euro area countries - annual data
Money & Markets,irt_h_ddmr_q,Day-to-day rates for euro area countries - quarterly data
Money & Markets,irt_h_euryld_a,Euro yield curves - annual data
Money & Markets,irt_h_mr3_a,3-month rates for euro area countries - annual data
Money & Markets,irt_h_mr3_q,3-month rates for euro area countries - quarterly data
Money & Markets,irt_lt_gby10_a,"Government bond yields, 10 years' maturity - annual data"
Money & Markets,irt_lt_gby10_m,"Government bond yields, 10 years' maturity - monthly data"
Money & Markets,irt_lt_mcby_a,EMU convergence criterion series - annual data
Money & Markets,irt_lt_mcby_q,EMU convergence criterion series - quarterly data
Money & Markets,irt_st_a,Money market interest rates - annual data
Money & Markets,isoc_bde15ag,Percentage of the ICT sector in Gross value added
Money & Markets,isoc_bde15ap,Percentage of the ICT personnel in total employment
Money & Markets,iss_18bfbck,Enterprises by movement of business functions from abroad and by NACE Rev.2 activity - experimental statistics
Money & Markets,iss_18bfmmag,Enterprises by type of movement of business functions from abroad and by NACE Rev.2 activity - experimental statistics
Money & Markets,iss_18bfmove,"Enterprises by status of movement of business functions from abroad, business function and NACE Rev.2 activity - experimental statistics"
Money & Markets,iss_21covt,Enterprises by impact of COVID-19 on turnover and NACE rev.2 activity aggregate - experimental statistics
Money & Markets,iss_21gvcba,Enterprises by type of buyer power asymmetry in the global value chain and NACE rev.2 activity aggregate - experimental statistics
Money & Markets,iss_21gvcms,Enterprises by means of services supply and NACE rev.2 activity aggregate - experimental statistics
Money & Markets,iss_21gvcsa,Enterprises by type of supplier power asymmetry in the global value chain and NACE rev.2 activity aggregate - experimental statistics
Money & Markets,iss_21sopref,Enterprises by international sourcing status prior to the reference period and NACE Rev.2 activity aggregate - experimental statistics
Money & Markets,iss_stat,Enterprises by sourcing status and enterprise group identification - collection round - experimental statistics
Money & Markets,lc_lci_r1_cow,Labour cost index by NACE Rev. 1.1 activity - country weights
Money & Markets,lc_lci_r2_cow,Labour cost index by NACE Rev. 2 activity - country weights
Money & Markets,med_ag51,Price indices of agricultural input/output at nominal value = 100)
Money & Markets,med_ec1,Gross domestic product
Money & Markets,med_ec2,Final consumption expenditure
Money & Markets,med_ec3,Gross capital formation
Money & Markets,med_ec4,International trade as a share of GDP
Money & Markets,med_ec5,Gross value added
Money & Markets,med_ec6,Balancing items
Money & Markets,med_ec7,Debts
Money & Markets,med_ec8,Prices (annual series)
Money & Markets,med_ec9,Exchange rates
Money & Markets,med_eg30,Energy consumption
Money & Markets,med_ps412,Economic activity
Money & Markets,med_to11,Main flows
Money & Markets,met_ipr_da,Community design applications by metropolitan regions
Money & Markets,met_ipr_dapop,Community design applications per million population by metropolitan regions
Money & Markets,met_ipr_dfa,Community designs by metropolitan regions
Money & Markets,met_ipr_dfapop,Community designs per million population by metropolitan regions
Money & Markets,migr_eilretpc,Returns by type of return - % of total returns
Money & Markets,migr_resspc,Valid permits by reasons - % of total valid permits
Money & Markets,nama_10_pp,GNI (gross national income) per capita in PPS
Money & Markets,nama_10r_3gdp$dv_1562,Gross domestic product (GDP) at current market prices by NUTS 3 regions
Money & Markets,nama_10r_3gva$dv_1563,Gross value added at basic prices by NUTS 3 regions
Money & Markets,nrg_135m,Exports - electricity - monthly data
Money & Markets,nrg_ind_ep,Energy productivity
Money & Markets,org_cpreact_h,Processors of organic products by NACE Rev. 2 activity (C)
Money & Markets,prc_colc_ext,Correction coefficients outside the European Union (Duty stations) - index (Brussels = 100)
Money & Markets,prc_colc_nat,Correction coefficients in the European Union (Countries) - index = 100)
Money & Markets,prc_colc_pppnat,Purchasing Power Parities in the European Union (Countries) - index = 1)
Money & Markets,prc_colc_ppptot,Purchasing Power Parities in the European Union (Duty stations) - index (Brussels = 1)
Money & Markets,prc_colc_tot,Correction coefficients in the European Union (Duty stations) - index (Brussels = 100)
Money & Markets,prc_hicp_cow,HICP - country weights
Money & Markets,prc_hpi_hsna,House sales - number and index annual data
Money & Markets,prc_hpi_hsva,House sales - value and index annual data
Money & Markets,prc_hpi_inw,House price index - Item weights
Money & Markets,prc_ppp_conv,Convergence indicators
Money & Markets,prc_rem_gdp,GDP weights used in the calculation of the global specific indicator
Money & Markets,rail_ec_ent,Railway enterprises by type of enterprise
Money & Markets,sbs_cre_gbneea,Business written in non-EEA countries
Money & Markets,sbs_cre_gneea,Number of branches in non-EEA countries
Money & Markets,sbs_cre_pacc,Number of accounts linked to CPA categories
Money & Markets,sbs_cre_pcpay,Commissions payable by product
Money & Markets,sbs_cre_pcrec,Commissions receivable by product
Money & Markets,sbs_cre_pintpay,Interests payable and similar charges by product
Money & Markets,sbs_cre_pintrex,Interests receivable and similar income by product
Money & Markets,sbs_cre_ploans,Number of loans and advances to customers linked to CPA categories
Money & Markets,sbs_part_wtstck,"Enterprises in wholesale trade, repair of vehicles and motorcycles (NACE Rev.2, G) - changes in stocks"
Money & Markets,sbs_pen_7b1,Autonomous pension funds - number of enterprises by size class of investments
Money & Markets,sbs_pen_7b2,Autonomous pension funds - number of enterprises by size class of members
Money & Markets,sbs_pen_7c,Autonomous pension funds - total investments by currencies
Money & Markets,sbs_pen_7e,Non-autonomous pension funds
Money & Markets,sbs_pen_enteea,Enterprises with members in other countries
Money & Markets,sdg_07_30,Energy productivity
Money & Markets,sdg_08_10,Real GDP per capita
Money & Markets,sdg_08_11,Investment share of GDP by institutional sectors
Money & Markets,sdg_10_10,Purchasing power adjusted GDP per capita
Money & Markets,sdg_12_61,Gross value added in environmental goods and services sector
Money & Markets,sdg_13_40,Climate related economic losses – values at constant prices
Money & Markets,sdg_13_50,Contribution to the international 100bn USD commitment on climate related expending
Money & Markets,sdg_13_70,Green bond issuance by type of issuer
Money & Markets,sdg_13_70a,Green bond issuance by corporates and governments
Money & Markets,sdg_16_30,General government total expenditure on law courts
Money & Markets,sdg_17_10,Official development assistance as share of gross national income
Money & Markets,sdg_17_20,financing to developing countries by financing source
Money & Markets,sdg_17_40,General government gross debt
Money & Markets,sdg_17_50,Share of environmental taxes in total tax revenues
Money & Markets,sts_tot_prod_a,Market production - annual data
Money & Markets,tag00056,Gross value added of the agricultural industry - basic and producer prices
Money & Markets,tag00102,Output of the agricultural industry - basic and producer prices
Money & Markets,tec00001,Gross domestic product at market prices
Money & Markets,tec00009,Final consumption expenditure of households and non-profit institutions serving households
Money & Markets,tec00010,Final consumption expenditure of general government
Money & Markets,tec00011,Gross fixed capital formation (investments)
Money & Markets,tec00021,general government revenue
Money & Markets,tec00023,general government expenditure
Money & Markets,tec00027,HICP - all items - annual average indices
Money & Markets,tec00033,ECU/EUR exchange rates versus national currencies
Money & Markets,tec00038,"Current account transactions - credits, debits and balance"
Money & Markets,tec00039,"Current account transactions - goods: credits, debits and balance"
Money & Markets,tec00040,"Current account transactions - services: credits, debits and balance"
Money & Markets,tec00041,"Current account transactions - primary income: credits, debits and balance"
Money & Markets,tec00042,"Current account transactions - secondary income: credits, debits and balance"
Money & Markets,tec00097,EMU convergence criterion series - annual data
Money & Markets,tec00104,Gross debt-to-income ratio of households
Money & Markets,tec00105,Inward FDI stocks in % of GDP
Money & Markets,tec00106,Outward FDI stocks in % of GDP
Money & Markets,tec00107,"FDI flows intensity, market integration"
Money & Markets,tec00110,"Goods and services, imports and exports"
Money & Markets,tec00114,GDP per capita in PPS
Money & Markets,tec00115,Real GDP growth rate - volume
Money & Markets,tec00118,HICP - inflation rate
Money & Markets,tec00120,Comparative price levels
Money & Markets,tec00121,Price and volume convergence between Member States
Money & Markets,tec00127,General government deficit/surplus
Money & Markets,tec00131,Household saving rate
Money & Markets,tec00132,Investment by institutional sectors
Money & Markets,teibp010,"Balance of payments, current account, monthly data"
Money & Markets,teibp020,"Balance of payments, capital account, monthly data"
Money & Markets,teibp030,"Balance of payments, current and capital account, monthly data"
Money & Markets,teibp060,"Balance of payments, capital account, quarterly data"
Money & Markets,teibp070,"Balance of payments, current and capital account, quarterly data"
Money & Markets,teibs010,Economic sentiment indicator
Money & Markets,teibs020,Confidence indicators by sector
Money & Markets,teibs070,Current level of capacity utilization in manufacturing industry
Money & Markets,teicp000,HICP - all items
Money & Markets,teicp010,HICP - food
Money & Markets,teicp020,HICP - alcohol and tobacco
Money & Markets,teicp030,HICP - clothing
Money & Markets,teicp040,HICP - housing
Money & Markets,teicp050,HICP - household equipment
Money & Markets,teicp060,HICP - health
Money & Markets,teicp070,HICP - transport
Money & Markets,teicp080,HICP - communications
Money & Markets,teicp100,HICP - education
Money & Markets,teicp110,HICP - hotels and restaurants
Money & Markets,teicp120,HICP - miscellaneous goods and services
Money & Markets,teicp200,"HICP - all items excluding energy, food, alcohol and tobacco"
Money & Markets,teicp210,HICP - all items excluding energy
Money & Markets,teicp220,HICP - all items excluding energy and unprocessed food
Money & Markets,teicp230,HICP - all items excluding energy and seasonal food
Money & Markets,teicp240,HICP - all items excluding tobacco
Money & Markets,teicp250,HICP - energy
Money & Markets,teicp260,"HICP - food, alcohol and tobacco"
Money & Markets,teicp270,House price index = 100) - quarterly data
Money & Markets,teicp280,HICP - services
Money & Markets,teicp290,HICP - non-energy industrial goods
Money & Markets,teiet010,Exports of goods - total
Money & Markets,teiet020,"Exports of goods - food, drinks and tobacco"
Money & Markets,teiet030,Exports of goods - raw materials
Money & Markets,teiet040,"Exports of goods - mineral fuels, lubricants and related materials"
Money & Markets,teiet050,Exports of goods - chemicals and related products
Money & Markets,teiet060,Exports of goods - other manufactured products
Money & Markets,teiet070,Exports of goods - machinery and transport equipment
Money & Markets,teiet110,Imports of goods - total
Money & Markets,teiet120,"Imports of goods - food, drinks and tobacco"
Money & Markets,teiet130,Imports of goods - raw materials
Money & Markets,teiet140,"Imports of goods - mineral fuels, lubricants and related materials"
Money & Markets,teiet150,Imports of goods - chemicals and related products
Money & Markets,teiet160,Imports of goods - other manufactured products
Money & Markets,teiet170,Imports of goods - machinery and transport equipment
Money & Markets,teiet210,Balance of trade - and euro area aggregates
Money & Markets,teiet215,Balance of trade
Money & Markets,teiet300,Unit value of exports
Money & Markets,teiet310,Unit value of imports
Money & Markets,teiis010,Domestic producer prices - total industry (excluding construction)
Money & Markets,teiis011,Import prices - total industry
Money & Markets,teiis012,Import prices - manufacturing
Money & Markets,teiis013,Import prices - intermediate goods
Money & Markets,teiis014,Import prices - capital goods
Money & Markets,teiis015,Import prices - consumer durables
Money & Markets,teiis016,Import prices - consumer non-durables
Money & Markets,teiis020,Domestic producer prices - manufacturing
Money & Markets,teiis030,Domestic producer prices - energy
Money & Markets,teiis040,Domestic producer prices - intermediate goods
Money & Markets,teiis050,Domestic producer prices - capital goods
Money & Markets,teiis060,Domestic producer prices - consumer durables
Money & Markets,teiis070,Domestic producer prices - consumer non-durables
Money & Markets,teiis080,Production in industry - total (excluding construction)
Money & Markets,teiis090,Production in industry - manufacturing
Money & Markets,teiis100,Production in industry - energy
Money & Markets,teiis110,Production in industry - intermediate goods
Money & Markets,teiis120,Production in industry - capital goods
Money & Markets,teiis130,Production in industry - consumer durables
Money & Markets,teiis140,Production in industry - consumer non-durables
Money & Markets,teiis150,Turnover in industry - manufacturing
Money & Markets,teiis160,Turnover in industry - intermediate goods
Money & Markets,teiis170,Turnover in industry - capital goods
Money & Markets,teiis180,Turnover in industry - consumer durables
Money & Markets,teiis190,Turnover in industry - consumer non-durables
Money & Markets,teiis200,Retail trade turnover - total
Money & Markets,teiis210,"Retail trade turnover - food, beverages and tobacco"
Money & Markets,teiis220,Retail trade turnover - non food
Money & Markets,teiis230,Retail trade turnover - automotive fuel
Money & Markets,teiis240,Retail trade volume of sales - total
Money & Markets,teiis250,"Retail trade volume of sales - food, beverages and tobacco"
Money & Markets,teiis260,Retail trade volume of sales - non food
Money & Markets,teiis270,Retail trade volume of sales - automotive fuel
Money & Markets,teiis500,Production in construction
Money & Markets,teilm100,Labour cost index by NACE Rev. 2
Money & Markets,teimf040,3-month-interest rate
Money & Markets,teimf050,Long term government bond yields
Money & Markets,teimf060,"Euro yield curve by maturity (1, 5 and 10 years)"
Money & Markets,teimf100,Day-to-day money market interest rates
Money & Markets,teimf200,Euro/national currency exchange rates
Money & Markets,teimf250,Real effective exchange rate - 42 trading partners
Money & Markets,teina010,"Gross domestic product, current prices"
Money & Markets,teina011,"Gross domestic product, volumes"
Money & Markets,teina020,"Final consumption expenditure of households and NPISH, current prices"
Money & Markets,teina021,"Final consumption expenditure of households and NPISH, volumes"
Money & Markets,teina030,"Government final consumption expenditure, current prices"
Money & Markets,teina031,"Government final consumption expenditure, volumes"
Money & Markets,teina040,"Gross fixed capital formation, current prices"
Money & Markets,teina041,"Gross fixed capital formation, volumes"
Money & Markets,teina050,"External balance of goods and services, current prices"
Money & Markets,teina080,Gross national income
Money & Markets,teina100,Gross saving
Money & Markets,teina110,GDP deflator
Money & Markets,teina200,General government deficit (-) and surplus (+) - annual data
Money & Markets,teina205,General government deficit (-) and surplus (+) - quarterly data
Money & Markets,teina210,General government gross fixed capital formation - annual data
Money & Markets,teina225,General government gross debt - annual data
Money & Markets,teina230,General government gross debt - quarterly data
Money & Markets,teina400_r2,Gross value added - NACE Rev. 2: - current prices
Money & Markets,teina402_r2,Gross value added - NACE Rev. 2: - volumes
Money & Markets,teina404_r2,Gross value added - NACE Rev. 2: A - current prices
Money & Markets,teina406_r2,Gross value added - NACE Rev. 2: A - volumes
Money & Markets,teina408_r2,Gross value added - NACE Rev. 2: B-E - current prices
Money & Markets,teina410_r2,Gross value added - NACE Rev. 2: B-E - volumes
Money & Markets,teina412_r2,Gross value added - NACE Rev. 2: C - current prices
Money & Markets,teina414_r2,Gross value added - NACE Rev. 2: C - volumes
Money & Markets,teina416_r2,Gross value added - NACE Rev. 2: F - current prices
Money & Markets,teina418_r2,Gross value added - NACE Rev. 2: F - volumes
Money & Markets,teina420_r2,Gross value added - NACE Rev. 2: G-I - current prices
Money & Markets,teina422_r2,Gross value added - NACE Rev. 2: G-I - volumes
Money & Markets,teina424_r2,Gross value added - NACE Rev. 2: J - current prices
Money & Markets,teina426_r2,Gross value added - NACE Rev. 2: J - volumes
Money & Markets,teina428_r2,Gross value added - NACE Rev. 2: K - current prices
Money & Markets,teina430_r2,Gross value added - NACE Rev. 2: K - volumes
Money & Markets,teina432_r2,Gross value added - NACE Rev. 2: L - current prices
Money & Markets,teina434_r2,Gross value added - NACE Rev. 2: L - volumes
Money & Markets,teina436_r2,Gross value added - NACE Rev. 2: M_N - current prices
Money & Markets,teina438_r2,Gross value added - NACE Rev. 2: M_N - volumes
Money & Markets,teina440_r2,Gross value added - NACE Rev. 2: O-Q - current prices
Money & Markets,teina442_r2,Gross value added - NACE Rev. 2: O-Q - volumes
Money & Markets,teina444_r2,Gross value added - NACE Rev. 2: R-U - current prices
Money & Markets,teina446_r2,Gross value added - NACE Rev. 2: R-U - volumes
Money & Markets,teina500,Household saving rate
Money & Markets,teina510,Households investment rate
Money & Markets,teina515,Investment rate of non-financial corporations
Money & Markets,teina520,Profit share of non-financial corporations
Money & Markets,ten00117,Electricity prices by type of user
Money & Markets,ten00118,Gas prices by type of user
Money & Markets,ten00119,Market share of the largest generator in the electricity market
Money & Markets,ten00120,Implicit tax rate on energy
Money & Markets,ten00139,Energy taxes
Money & Markets,ten00141,Environmental tax revenues
Money & Markets,tepsr_sp110,General government expenditure by function
Money & Markets,tepsr_sp310,Out-of-pocket expenditure on healthcare
Money & Markets,tepsr_wc310,The real gross disposable income of households per capita (index =
Money & Markets,tesem160,Labour productivity per person employed and hour worked (EU27_2020=100)
Money & Markets,tet00001,"Trade volume indices, by reporting country"
Money & Markets,tet00002,"International trade, by reporting country, total product"
Money & Markets,tet00003,Exports of goods and services in % of GDP
Money & Markets,tet00004,Imports of goods and services in % of GDP
Money & Markets,tet00011,"Intra-EU27 (from trade, by Member State, total product"
Money & Markets,tet00012,"Extra-EU27 (from trade, by Member State, total product"
Money & Markets,tet00013,"Extra-EU27 (from trade, by product group"
Money & Markets,tet00028,"Trade unit value indices, by reporting country"
Money & Markets,tet00037,Share of trade with the EU27 (from
Money & Markets,tet00038,"International trade of and enlargement countries, by reporting country, total product"
Money & Markets,tet00065,"Extra-euro area trade, by main partners, total product"
Money & Markets,tet00066,"Extra-euro area trade, by product group"
Money & Markets,tet00071,"Trade in goods, by main world traders - EU27 (from"
Money & Markets,tin00074,Percentage of the ICT sector in Gross value added
Money & Markets,tin00085,Percentage of the ICT personnel on total employment
Money & Markets,tin00086,Percentage change of value added by ICT sector at current prices
Money & Markets,tin00110,Share of enterprises' turnover on e-commerce - %
Money & Markets,tin00140,High-tech exports
Money & Markets,tipsbd10,"Gross non-performing loans, domestic and foreign entities - % of gross loans"
Money & Markets,tipsbd20,"Consolidated banking leverage, domestic and foreign entities (asset-to-equity multiple)"
Money & Markets,tipsbd30,Tier-1 capital ratio banking sector
Money & Markets,tipsbd40,Return on equity of banks
Money & Markets,tipsbp10,Current account balance - 3 year average
Money & Markets,tipsbp100,"Direct investment liabilities (stocks) - annual data, % of GDP"
Money & Markets,tipsbp17,Capital account - annual data
Money & Markets,tipsbp18,Financial account - annual data
Money & Markets,tipsbp20,Current account balance - annual data
Money & Markets,tipsbp22,"Direct investment abroad, main components - annual data, million units of national currency"
Money & Markets,tipsbp70,Net Lending/Borrowing (current and capital account) - annual data
Money & Markets,tipsbp90,"Direct investment liabilities (flows) - annual data, % of GDP"
Money & Markets,tipsen10,Net trade balance of energy products - % of GDP
Money & Markets,tipser10,"Real effective exchange rate – percentage changes, 42 trading partners"
Money & Markets,tipser11,Nominal effective exchange rate – 42 trading partners
Money & Markets,tipser12,Nominal effective exchange rate – euro area trading partners
Money & Markets,tipser13,"Real effective exchange rate – index, 42 trading partners"
Money & Markets,tipser20,Real effective exchange rate – euro area trading partners
Money & Markets,tipsex10,Export market shares - 3 years % change
Money & Markets,tipsex11,Export market shares by items - 1 year % change
Money & Markets,tipsex12,"Exports of high technology products as a share of total exports, SITC Rev. 4 - %"
Money & Markets,tipsex13,Export market shares in volume
Money & Markets,tipsex20,Export market shares by items - % of world total
Money & Markets,tipsfs10,"financial sector liabilities, non-consolidated - annual data"
Money & Markets,tipsfs20,"Financial sector leverage (debt to equity), non-consolidated - %"
Money & Markets,tipsfs30,"financial sector liabilities, consolidated"
Money & Markets,tipsgo10,"General government gross debt (EDP concept), consolidated - annual data"
Money & Markets,tipsho10,"House price index, deflated - annual data"
Money & Markets,tipsho20,House price index - annual data
Money & Markets,tipsho30,"House price index, deflated - quarterly data"
Money & Markets,tipsho40,House price index - quarterly data
Money & Markets,tipsii10,Net international investment position - annual data
Money & Markets,tipsii12,"Direct investment - annual data, million units of national currency"
Money & Markets,tipsii15,"Portfolio investement - annual data, million units of national currency"
Money & Markets,tipsii18,"Financial derivatives and employee stock options - annual data, million units of national currency"
Money & Markets,tipsii20,"Net external debt - annual data, % of GDP"
Money & Markets,tipsii21,"Other investment - annual data, million units of national currency"
Money & Markets,tipsii30,"Net external debt - quarterly data, % of GDP"
Money & Markets,tipsii40,"Net international investment position - quarterly data, % of GDP"
Money & Markets,tipsii50,Net international investment position excluding non-defaultable instruments - % of GDP
Money & Markets,tipslm50,Unit labour cost performance related to the euro area - annual data
Money & Markets,tipsna20,Gross fixed capital formation at current prices
Money & Markets,tipsna30,Terms of trade by items - 5 years % change
Money & Markets,tipsna40,Real GDP per capita
Money & Markets,tipsna50,"Residential construction - annual data, % of GDP"
Money & Markets,tipsna51,Final consumption expenditure of households and non-profit institutions serving households - annual data
Money & Markets,tipsna70,Labour productivity per hour worked - annual data
Money & Markets,tipspc10,"Private sector credit flow, non-consolidated"
Money & Markets,tipspc13,"Private sector credit flow: debt securities by sectors, non-consolidated - % of GDP"
Money & Markets,tipspc14,"Private sector credit flow: debt securities by sectors, non-consolidated - million units of national currency"
Money & Markets,tipspc15,"Private sector credit flow: loans by sectors, non-consolidated - % of GDP"
Money & Markets,tipspc16,"Private sector credit flow: loans by sectors, non-consolidated - million units of national currency"
Money & Markets,tipspc20,"Private sector credit flow, consolidated - % GDP"
Money & Markets,tipspc23,"Private sector credit flow: debt securities by sectors, consolidated - % of GDP"
Money & Markets,tipspc24,"Private sector credit flow: debt securities by sectors, consolidated - million units of national currency"
Money & Markets,tipspc25,"Private sector credit flow: loans by sectors, consolidated - % of GDP"
Money & Markets,tipspc26,"Private sector credit flow: loans by sectors, consolidated - million units of national currency"
Money & Markets,tipspd10,"Private sector debt, non-consolidated"
Money & Markets,tipspd13,"Private sector debt: debt securities by sectors, non-consolidated - % of GDP"
Money & Markets,tipspd14,"Private sector debt: debt securities by sectors, non-consolidated - million units of national currency"
Money & Markets,tipspd15,"Private sector debt: loans, by sectors, non-consolidated - % of GDP"
Money & Markets,tipspd16,"Private sector debt: loans by sectors, non-consolidated - million units of national currency"
Money & Markets,tipspd20,"Private sector debt, consolidated - % of GDP"
Money & Markets,tipspd22,"Household debt, consolidated including Non-profit institutions serving households - % of GDP"
Money & Markets,tipspd23,"Private sector debt: debt securities, by sectors, consolidated - % of GDP"
Money & Markets,tipspd24,"Private sector debt: debt securities, by sectors, consolidated - million units of national currency"
Money & Markets,tipspd25,"Private sector debt: loans, by sectors, consolidated - % of GDP"
Money & Markets,tipspd26,"Private sector debt: loans, by sectors, consolidated - million units of national currency"
Money & Markets,tipspd30,"Non-financial corporations debt - consolidated, % of GDP"
Money & Markets,tps00103,Expenditure on pensions
Money & Markets,tps00104,expenditure on administration costs
Money & Markets,tps00170,First permits by reason
Money & Markets,tps00171,All valid permits by reason on 31 December of each year
Money & Markets,tps00173,Labour costs annual data - NACE Rev. 2
Money & Markets,trng_any4,Participation in any learning activities by NACE Rev. 1.1 activity
Money & Markets,trng_cvt_34n1,Enterprises employing IVT participants by NACE Rev. 1.1 activity - % of all enterprises
Money & Markets,trng_cvt_34n2,Enterprises employing IVT participants by NACE Rev. 2 activity - % of all enterprises
Money & Markets,trng_cvt_34s,Enterprises employing IVT participants by size class - % of all enterprises
Money & Markets,tsc00007,Share of government budget appropriations or outlays on research and development
Money & Markets,tsc00008,Share of GBAORD allocated to defence and total civil socio-economic objectives
Money & Markets,urt_10r_3gdp$dv_1584,Gross domestic product (GDP) at current market prices by other typologies
Money & Markets,urt_ipr_da,Community design applications by other typologies
Money & Markets,urt_ipr_dapop,Community design applications per million population by other typologies
Money & Markets,urt_ipr_dfa,Community designs by other typologies
Money & Markets,urt_ipr_dfapop,Community designs per million population by other typologies
"People, Work & Living Conditions",cei_cie011,Persons employed in circular economy sectors
"People, Work & Living Conditions",cens_01ndbuild,"Dwellings by type of ownership, type of building and occupancy status"
"People, Work & Living Conditions",cens_01ndcomf,Occupied conventional dwellings by presence of comfort characteristics
"People, Work & Living Conditions",cens_01ndquart_hd,Private households by type of housing
"People, Work & Living Conditions",cens_01ndquart_lq,Living quarters by type of housing
"People, Work & Living Conditions",cens_01ndquart_oc,Occupants by type of housing
"People, Work & Living Conditions",cens_91dame,Occupied conventional dwellings by tenure status and amenities
"People, Work & Living Conditions",cens_91down,"Occupied conventional dwellings by households, by number of rooms"
"People, Work & Living Conditions",cens_91dper,Occupied conventional dwellings by tenure status and period of construction
"People, Work & Living Conditions",cens_91hnnch,Family nuclei by number of children
"People, Work & Living Conditions",cens_91hpnper,Household composition by size
"People, Work & Living Conditions",cens_91typb,Housing units by type of building
"People, Work & Living Conditions",cens_91typl,Housing units by type
"People, Work & Living Conditions",cens_hndwnr,Occupied conventional dwellings by number of rooms
"People, Work & Living Conditions",cens_hndwsize,Households by size (number of persons)
"People, Work & Living Conditions",cult_emp_sex,Cultural employment by sex
"People, Work & Living Conditions",cult_pcs_nws,Persons reading newspapers in the last 12 months by sex
"People, Work & Living Conditions",cult_pcs_qnt,Mean consumption expenditure of private households on cultural goods and services by income quintile
"People, Work & Living Conditions",demo_popep,Persons eligible to vote in the European Parliament elections by category of voters - dedicated data collection
"People, Work & Living Conditions",demo_popmdctb,Median age of residents by sex and country of birth
"People, Work & Living Conditions",demo_r_find3$dv_1541,Fertility indicators by NUTS 3 region
"People, Work & Living Conditions",demo_r_gind3$dv_1542,Population change - Demographic balance and crude rates at regional level (NUTS 3)
"People, Work & Living Conditions",demo_r_pjanind3$dv_1561,Population structure indicators by NUTS 3 region
"People, Work & Living Conditions",demo_urespop,Usually resident population on 1 January
"People, Work & Living Conditions",dsb_sprpb01,Beneficiaries of disability pensions by pension type
"People, Work & Living Conditions",dsb_sprpb02,Beneficiaries of disability pensions by sex
"People, Work & Living Conditions",earn_gr_goeg,Gender overall earnings gap
"People, Work & Living Conditions",earn_gr_gpgr2ag,"Gender pay gap in unadjusted form by age - NACE Rev. 2 activity (B-S except O), structure of earnings survey methodology"
"People, Work & Living Conditions",earn_gr_gpgr2ct,"Gender pay gap in unadjusted form by type of ownership of the economic activity - NACE Rev. 2 activity (B-S except O), structure of earnings survey methodology"
"People, Work & Living Conditions",earn_gr_gpgr2wt,"Gender pay gap in unadjusted form by working time - NACE Rev. 2 activity (B-S except O), structure of earnings survey methodology"
"People, Work & Living Conditions",earn_gr_hgpg,Gender pay gap in unadjusted form -
"People, Work & Living Conditions",earn_mw_avgr1,Monthly minimum wage as a proportion of average monthly earnings (%) - NACE Rev. 1.1
"People, Work & Living Conditions",earn_mw_avgr2,Monthly minimum wage as a proportion of average monthly earnings (%) - NACE Rev. 2 (from onwards)
"People, Work & Living Conditions",earn_nt_lowwtrp,Tax rate on low wage earners - Low wage trap
"People, Work & Living Conditions",earn_nt_netft,Annual net earnings of a full-time single worker without children earning an average wage
"People, Work & Living Conditions",earn_nt_taxwedge,Tax rate on low wage earners: Tax wedge on labour costs
"People, Work & Living Conditions",earn_nt_unemtrp,Tax rate on low wage earners - Unemployment trap
"People, Work & Living Conditions",earn_ses06_rann,"Mean annual earnings by NUTS 1 regions (enterprises with 10 employees or more) - NACE Rev. 1.1, C-O excluding L"
"People, Work & Living Conditions",earn_ses06_rhr,"Mean hourly earnings by NUTS 1 regions (enterprises with 10 employees or more) - NACE Rev. 1.1, C-O excluding L"
"People, Work & Living Conditions",earn_ses10_actrl,"Annual earnings by economic control (enterprises with 10 employed persons or more) - NACE Rev. 2, B-S excluding O"
"People, Work & Living Conditions",earn_ses10_adeci,"Annual earnings by quantiles and contractual working time (enterprises with 10 employed persons or more) - NACE Rev. 2, B-S excluding O"
"People, Work & Living Conditions",earn_ses10_mctrl,"Monthly earnings by economic control (enterprises with 10 employed persons or more) - NACE Rev. 2, B-S excluding O"
"People, Work & Living Conditions",earn_ses10_mdeci,"Monthly earnings by quantiles and contractual working time (enterprises with 10 employed persons or more) - NACE Rev. 2, B-S excluding O"
"People, Work & Living Conditions",earn_ses10_rann,"Mean annual earnings by NUTS 1 regions (enterprises with 10 employees or more) - NACE Rev. 2, B-S excluding O"
"People, Work & Living Conditions",earn_ses10_rhr,"Mean hourly earnings by NUTS 1 regions (enterprises with 10 employees or more) - NACE Rev. 2, B-S excluding O"
"People, Work & Living Conditions",earn_ses14_actrl,"Annual earnings by economic control (enterprises with 10 employed persons or more) - NACE Rev. 2, B-S excluding O"
"People, Work & Living Conditions",earn_ses14_adeci,"Annual earnings by quantiles and contractual working time (enterprises with 10 employed persons or more) - NACE Rev. 2, B-S excluding O"
"People, Work & Living Conditions",earn_ses14_mctrl,"Monthly earnings by economic control (enterprises with 10 employed persons or more) - NACE Rev. 2, B-S excluding O"
"People, Work & Living Conditions",earn_ses14_mdeci,"Monthly earnings by quantiles and contractual working time (enterprises with 10 employed persons or more) - NACE Rev. 2, B-S excluding O"
"People, Work & Living Conditions",earn_ses14_rann,"Mean annual earnings by NUTS 1 regions (enterprises with 10 employees or more) - NACE Rev. 2, B-S excluding O"
"People, Work & Living Conditions",earn_ses18_actrl,"Annual earnings by economic control (enterprises with 10 employed persons or more) - NACE Rev. 2, B-S excluding O"
"People, Work & Living Conditions",earn_ses18_adeci,"Annual earnings by quantiles and contractual working time (enterprises with 10 employed persons or more) - NACE Rev. 2, B-S excluding O"
"People, Work & Living Conditions",earn_ses18_mctrl,"Monthly earnings by economic control (enterprises with 10 employed persons or more) - NACE Rev. 2, B-S excluding O"
"People, Work & Living Conditions",earn_ses18_rann,"Mean annual earnings by NUTS 1 regions (enterprises with 10 employees or more) - NACE Rev. 2, B-S excluding O"
"People, Work & Living Conditions",earn_ses_actrl,"Annual earnings by economic control (enterprises with 10 employed persons or more) - NACE Rev. 1.1, C-O excluding L"
"People, Work & Living Conditions",earn_ses_adeci,"Annual earnings by quantiles and contractual working time (enterprises with 10 employed persons or more) - NACE Rev. 1.1, C-O excluding L"
"People, Work & Living Conditions",earn_ses_mctrl,"Monthly earnings by economic control (enterprises with 10 employed persons or more) - NACE Rev. 1.1, C-O excluding L"
"People, Work & Living Conditions",earn_ses_mdeci,"Monthly earnings by quantiles and contractual working time (enterprises with 10 employed persons or more) - NACE Rev. 1.1, C-O excluding L"
"People, Work & Living Conditions",earn_ses_pub1a,Low-wage earners as a proportion of all employees (excluding apprentices) by age
"People, Work & Living Conditions",earn_ses_pub1a$dv_352,Low-wage earners as a proportion of all employees (excluding apprentices) by age
"People, Work & Living Conditions",earn_ses_pub1i,Low-wage earners as a proportion of all employees (excluding apprentices) by educational attainment level
"People, Work & Living Conditions",earn_ses_pub1i$dv_353,Low-wage earners as a proportion of all employees (excluding apprentices) by educational attainment level
"People, Work & Living Conditions",earn_ses_pub1s,Low-wage earners as a proportion of all employees (excluding apprentices) by sex
"People, Work & Living Conditions",earn_ses_pub1s$dv_354,Low-wage earners as a proportion of all employees (excluding apprentices) by sex
"People, Work & Living Conditions",earn_ses_pub1t,Low-wage earners as a proportion of all employees (excluding apprentices) by employment contract
"People, Work & Living Conditions",earn_ses_pub2a$dv_1880,"Median hourly earnings, all employees (excluding apprentices) by age"
"People, Work & Living Conditions",earn_ses_pub2s,"Median hourly earnings, all employees (excluding apprentices) by sex"
"People, Work & Living Conditions",earn_ses_pub2s$dv_1879,"Median hourly earnings, all employees (excluding apprentices) by sex"
"People, Work & Living Conditions",edat_lfse_03$dv_598,"Population by educational attainment level, sex and age (%) - main indicators"
"People, Work & Living Conditions",edat_lfse_20$dv_1101,"Young people neither in employment nor in education and training by sex, age and labour status (NEET rates)"
"People, Work & Living Conditions",edat_lfso_00t2,Employed in service sector and occupational status of recent school-leavers
"People, Work & Living Conditions",edat_lfso_00t5,Job mismatches and their labour market effects among school-leavers in Europe
"People, Work & Living Conditions",egi_em1,Employment in Foreign Controlled Enterprises
"People, Work & Living Conditions",egi_em2,Employment in Foreign Affiliates of Domestic Enterprises
"People, Work & Living Conditions",enpe_ilc_di11,Income quintile share ratio - S80/S20
"People, Work & Living Conditions",enpe_ilc_li01,"Relative poverty threshold after social transfers, income per month"
"People, Work & Living Conditions",enpe_ilc_li09,"Proportion of persons at risk of relative poverty, before social transfers by sex"
"People, Work & Living Conditions",enpe_lfsa_argaed,Activity rates by sex and age
"People, Work & Living Conditions",enpe_lfsa_ergan,Employment and employment rates 20-64 years old by sex
"People, Work & Living Conditions",enpe_lfsa_urgan,Unemployment rates by sex and age
"People, Work & Living Conditions",enpe_lfsa_urgan2,Long-term unemployment rates by sex
"People, Work & Living Conditions",enpe_nama_10_pe,Employment growth (domestic concept)
"People, Work & Living Conditions",enpe_nama_10_ulc,Nominal unit labour cost growth
"People, Work & Living Conditions",enpe_spr_exp,Social protection expenditure excluding administrative costs (including health expenditure) as a share of GDP
"People, Work & Living Conditions",enpe_wg_m,Average nominal monthly wages and salaries
"People, Work & Living Conditions",enps_demo_dens,Population density
"People, Work & Living Conditions",enps_demo_frate1,fertility rate
"People, Work & Living Conditions",enps_demo_gind,"Crude rate of birth, of dead and of population change"
"People, Work & Living Conditions",enps_demo_nind,Mean age at first marriage by sex
"People, Work & Living Conditions",enps_demo_pjangry,Average population mid-year by sex and age group
"People, Work & Living Conditions",enps_env_wat_cov,Population connected to public water supply
"People, Work & Living Conditions",enps_env_ww_con,Population connected to wastewater collection and treatment systems
"People, Work & Living Conditions",enps_ilc_di11,Income quintile share ratio - S80/S20
"People, Work & Living Conditions",enps_ilc_natln,Poverty headcount ratio by sex: proportion of persons below the national poverty line
"People, Work & Living Conditions",enps_ilc_sanit,Households with sustainable access to improved sanitation by simplified degree of urbanisation
"People, Work & Living Conditions",enps_ilc_secure,Households with access to secure tenure by simplified degree of urbanisation
"People, Work & Living Conditions",enps_lfsa_argaed,Activity rates 15-64 years old by sex
"People, Work & Living Conditions",enps_lfsa_egaps,Employment by professional status
"People, Work & Living Conditions",enps_lfsa_ergan,Employment rates 15-64 years old by sex
"People, Work & Living Conditions",enps_lfsa_pganws,employment by age group
"People, Work & Living Conditions",enps_lfsa_urgan,Unemployment rates by sex and age
"People, Work & Living Conditions",env_wat_pop,Population connected to public water supply
"People, Work & Living Conditions",eq_fer05,Live births
"People, Work & Living Conditions",eq_pop02,Population structure by sex
"People, Work & Living Conditions",eq_pop03,Population structure by detailed age group
"People, Work & Living Conditions",eq_pop04,Median age by sex
"People, Work & Living Conditions",gov_10a_emp,General government employment
"People, Work & Living Conditions",hbs_exp_t111,Mean consumption expenditure per household and per adult equivalent
"People, Work & Living Conditions",hbs_exp_t132,Mean consumption expenditure by number of active persons
"People, Work & Living Conditions",hlth_db_emasne,Percentage distribution of assistance needed by not employed disabled people by sex
"People, Work & Living Conditions",hlth_db_emasnt,Percentage distribution of types of assistance needed by not employed disabled people by sex
"People, Work & Living Conditions",hlth_db_emaspr,Percentage distribution of assistance provided to employed disabled people by sex
"People, Work & Living Conditions",hlth_db_emaspt,Percentage distribution of types of assistance provided to employed disabled people by sex
"People, Work & Living Conditions",hlth_dhc140$dv_2681,"Inability to keep home adequately warm by level of disability (activity limitation), sex and age"
"People, Work & Living Conditions",hlth_ehis_bm1e$dv_309,"Body mass index (BMI) by sex, age and educational attainment level"
"People, Work & Living Conditions",hlth_ehis_bm1i$dv_306,"Body mass index (BMI) by sex, age and income quintile"
"People, Work & Living Conditions",icw_car_01,Distribution of households by age of the reference person - experimental statistics
"People, Work & Living Conditions",icw_car_02,Distribution of households by household type - experimental statistics
"People, Work & Living Conditions",icw_car_04,Distribution of households by activity status of the reference person - experimental statistics
"People, Work & Living Conditions",icw_sr_02,Median saving rate by household type - experimental statistics
"People, Work & Living Conditions",icw_sr_03,Median saving rate by income quintile - experimental statistics
"People, Work & Living Conditions",icw_sr_05,Gini coefficient on household population - experimental statistics
"People, Work & Living Conditions",icw_sr_09,Aggregate propensity to consume by household type - experimental statistics
"People, Work & Living Conditions",icw_sr_10,Aggregate propensity to consume by income quintile - experimental statistics
"People, Work & Living Conditions",icw_sr_12,Median saving rate by the self-declared level of difficulty to make ends meet - experimental statistics
"People, Work & Living Conditions",icw_sr_13,Median saving rate by degree of urbanisation - experimental statistics
"People, Work & Living Conditions",icw_sr_14,Aggregate propensity to consume by degree of urbanisation - experimental statistics
"People, Work & Living Conditions",icw_sr_15,Median saving rate by activity status of the reference person - experimental statistics
"People, Work & Living Conditions",icw_sr_16,Aggregate propensity to consume by activity status of the reference person - experimental statistics
"People, Work & Living Conditions",ilc_camdforg0,Median number of weekly hours of formal care by age group - children with at least 1 hour of formal care - EU-SILC survey
"People, Work & Living Conditions",ilc_camdothg0,Median number of weekly hours of other types of care by age group - children with at least one hour of other types of care - EU-SILC survey
"People, Work & Living Conditions",ilc_camnforall,Average number of weekly hours of formal care by age group - children with or without formal care - EU-SILC survey
"People, Work & Living Conditions",ilc_camnforg0,Average number of weekly hours of formal care by age group - children with at least 1 hour of formal care - EU-SILC survey
"People, Work & Living Conditions",ilc_camnothall,Average number of weekly hours of other types of care by age group - children with or without other types of care - EU-SILC survey
"People, Work & Living Conditions",ilc_camnothg0,Average number of weekly hours of other types of care by age group - children with at least one hour of other types of care - EU-SILC survey
"People, Work & Living Conditions",ilc_caparents,Children cared only by their parents by age group - % over the population of each age group - EU-SILC survey
"People, Work & Living Conditions",ilc_chmd01,Child specific material deprivation rate by age (children aged less than 16 years)
"People, Work & Living Conditions",ilc_chmd02,Child specific material deprivation rate by household composition (children aged less than 16 years)
"People, Work & Living Conditions",ilc_chmd03,Child specific material deprivation rate by educational attainment level of their parents (children aged less than 16 years)
"People, Work & Living Conditions",ilc_chmd04,Mean number of deprivation items among the children deprived (children aged less than 16 years)
"People, Work & Living Conditions",ilc_chsb01,Children having one of their parents living outside the household
"People, Work & Living Conditions",ilc_chsb02,Parents spending enough time with children living with them
"People, Work & Living Conditions",ilc_di11_r,Income quintile share ratio S80/S20 by NUTS 2 regions - EU-SILC survey
"People, Work & Living Conditions",ilc_di11g,Effect of taxes on income quintile share ratio S80/S20
"People, Work & Living Conditions",ilc_di11h,Effect of social transfers on income quintile share ratio S80/S20
"People, Work & Living Conditions",ilc_di11i,Effect of taxes and social transfers on income quintile share ratio S80/S20
"People, Work & Living Conditions",ilc_di12,Gini coefficient of equivalised disposable income by age
"People, Work & Living Conditions",ilc_di12b,Gini coefficient of equivalised disposable income before social transfers (pensions included in social transfers)
"People, Work & Living Conditions",ilc_di12c,Gini coefficient of equivalised disposable income before social transfers (pensions excluded from social transfers)
"People, Work & Living Conditions",ilc_di18,Income in real terms SILC=100)
"People, Work & Living Conditions",ilc_hch16$dv_2262,"Persons reporting basic activity difficulty by sex, age, level of difficulty and educational attainment level"
"People, Work & Living Conditions",ilc_hch17$dv_2261,"Persons reporting basic activity difficulty by sex, age, level of difficulty and income quintile"
"People, Work & Living Conditions",ilc_hch18$dv_2263,"Persons reporting basic activity difficulty by sex, age, level of difficulty and degree of urbanization"
"People, Work & Living Conditions",ilc_hch19$dv_2264,"Persons reporting basic activity difficulty by sex, age, level of difficulty, type of basic action and risk of poverty threshold"
"People, Work & Living Conditions",ilc_igtp03,At-risk-of poverty rate for adults (aged 25 to 59 years) by educational attainment level of their parents
"People, Work & Living Conditions",ilc_igtp04,At-risk-of poverty rate for adults (aged 25 to 59 years) by level of financial situation of their households when respondent was around 14 years old
"People, Work & Living Conditions",ilc_iw02$dv_2665,In-work at-risk-of-poverty rate by household type - EU-SILC survey
"People, Work & Living Conditions",ilc_iw04,In-work at-risk-of-poverty rate by educational attainment level - EU-SILC survey
"People, Work & Living Conditions",ilc_iw06,In-work at-risk-of-poverty rate by months worked - EU-SILC survey
"People, Work & Living Conditions",ilc_iw07,In-work at-risk-of-poverty rate by full-/part-time work - EU-SILC survey
"People, Work & Living Conditions",ilc_li02$dv_548,"At-risk-of-poverty rate by poverty threshold, age and sex - EU-SILC and ECHP surveys"
"People, Work & Living Conditions",ilc_li11$dv_2662,Relative at risk of poverty gap by poverty threshold - EU-SILC and ECHP surveys
"People, Work & Living Conditions",ilc_li12,Relative poverty gap by risk of poverty and work intensity of the household
"People, Work & Living Conditions",ilc_li13,Relative poverty gap by risk of poverty and work intensity of the households with income from benefits
"People, Work & Living Conditions",ilc_li21$dv_2663,Persistent at-risk-of-poverty rate by sex and age - EU-SILC and ECHP surveys
"People, Work & Living Conditions",ilc_li22$dv_2664,At-risk-of-poverty rate anchored at a fixed moment in time by age and sex - EU-SILC survey
"People, Work & Living Conditions",ilc_li33,At-risk-of poverty rate for children by citizenship of their parents (population aged 0 to 17 years)
"People, Work & Living Conditions",ilc_li33$dv_1983,At-risk-of poverty rate for children by citizenship of their parents (population aged 0 to 17 years)
"People, Work & Living Conditions",ilc_li34,At-risk-of poverty rate for children by country of birth of their parents (population aged 0 to 17 years)
"People, Work & Living Conditions",ilc_li34$dv_1982,At-risk-of poverty rate for children by country of birth of their parents (population aged 0 to 17 years)
"People, Work & Living Conditions",ilc_li48,At-risk-of-poverty rate after deducting housing costs by degree of urbanisation
"People, Work & Living Conditions",ilc_li70,Persons receiving benefits (other than old age benefits) by risk of poverty and work intensity of the household (population aged 18-64)
"People, Work & Living Conditions",ilc_lvhd01,Persons having experienced housing difficulties in their life by sex and current risk of poverty or social exclusion situation
"People, Work & Living Conditions",ilc_lvhd02,Persons having experienced housing difficulties in their life by sex and type of temporary solution (effect)
"People, Work & Living Conditions",ilc_lvhd03,Persons having experienced housing difficulties in their life by sex and group of country of birth
"People, Work & Living Conditions",ilc_lvhd04,Persons having experienced housing difficulties in their life by sex and group of current country of citizenship
"People, Work & Living Conditions",ilc_lvhd06,Persons having overcome housing difficulties experienced in their life by sex and reason
"People, Work & Living Conditions",ilc_lvhl11n$dv_1181,Persons living in households with very low work intensity by age and sex (population aged 0 to 64 years)
"People, Work & Living Conditions",ilc_lvhl21n,Persons living in households with very low work intensity by NUTS regions (population aged 0 to 64 years)
"People, Work & Living Conditions",ilc_lvhl23n,Persons living in households with very low work intensity by degree of urbanisation (population aged 0 to 64 years) - strategy
"People, Work & Living Conditions",ilc_lvhl30$dv_1323,Labour transitions by employment status
"People, Work & Living Conditions",ilc_lvhl36,Labour transitions from temporary to permanent contracts by sex -3-year average
"People, Work & Living Conditions",ilc_lvho03h,Average number of rooms per person by tenure status and dwelling type until - ECHP survey
"People, Work & Living Conditions",ilc_lvho04d,Average number of rooms per person by degree of urbanization
"People, Work & Living Conditions",ilc_lvho04n,Average number of rooms per person by NUTS region
"People, Work & Living Conditions",ilc_lvho05a$dv_1185,"Overcrowding rate by age, sex and poverty status - total population - EU-SILC survey"
"People, Work & Living Conditions",ilc_lvho05a$dv_2685,"Overcrowding rate by age, sex and poverty status - total population - EU-SILC survey"
"People, Work & Living Conditions",ilc_lvho05c,Overcrowding rate by tenure status - total population - EU-SILC survey
"People, Work & Living Conditions",ilc_lvho05d,Overcrowding rate by degree of urbanisation - total population - EU-SILC survey
"People, Work & Living Conditions",ilc_lvho07_r,Housing cost overburden rate by NUTS regions
"People, Work & Living Conditions",ilc_lvho07b,Housing cost overburden rate by income quintile - EU-SILC survey
"People, Work & Living Conditions",ilc_lvho07c,Housing cost overburden rate by tenure status - EU-SILC survey
"People, Work & Living Conditions",ilc_lvho07d,Housing cost overburden rate by degree of urbanisation - EU-SILC survey
"People, Work & Living Conditions",ilc_lvho08b,Median of the housing cost burden distribution by degree of urbanisation - EU-SILC survey
"People, Work & Living Conditions",ilc_lvho50c,Share of people living in under-occupied dwellings by tenure status - total population - EU-SILC survey
"People, Work & Living Conditions",ilc_lvho50d,Share of people living in under-occupied dwellings by degree of urbanisation - total population - EU-SILC survey
"People, Work & Living Conditions",ilc_lvph01,Average household size - EU-SILC survey
"People, Work & Living Conditions",ilc_lvph02h,Distribution of households by household type until - ECHP survey
"People, Work & Living Conditions",ilc_lvph03,Distribution of households by household size - EU-SILC survey
"People, Work & Living Conditions",ilc_lvph05,Distribution of households with children by number of children - EU-SILC survey
"People, Work & Living Conditions",ilc_lvps08$dv_1041,Persons living with their parents or contributing/benefiting from the household income (population aged 18 to 34 years)
"People, Work & Living Conditions",ilc_lvps20,Share of children (aged less than 18) living with their parents by type of household - EU-SILC survey
"People, Work & Living Conditions",ilc_mddd04b$dv_2721,"Material deprivation for the 'Housing' dimension, by age, sex and by number of item of deprivation - EU-SILC survey"
"People, Work & Living Conditions",ilc_mddd11$dv_655,Severe material deprivation rate by age and sex
"People, Work & Living Conditions",ilc_mddd17,Severe material deprivation rate by tenure status
"People, Work & Living Conditions",ilc_mddd21,Severe material deprivation rate by NUTS regions
"People, Work & Living Conditions",ilc_mdes01_r,Inability to keep home adequately warm by NUTS regions
"People, Work & Living Conditions",ilc_mdes03$dv_2702,"Inability to afford a meal with meat, chicken, fish (or vegetarian equivalent) every second day - EU-SILC survey"
"People, Work & Living Conditions",ilc_mdes03_r,"Inability to afford a meal with meat, chicken, fish (or vegetarian equivalent) every second day by NUTS regions"
"People, Work & Living Conditions",ilc_mdho02c,"Children (aged 0 to 17) having neither a bath, nor a shower in their dwelling - EU-SILC survey"
"People, Work & Living Conditions",ilc_mdho03c,Children (aged 0 to 17) not having indoor flushing toilet for the sole use of their household - EU-SILC survey
"People, Work & Living Conditions",ilc_mdho06a$dv_1184,"Severe housing deprivation rate by age, sex and poverty status - EU-SILC survey"
"People, Work & Living Conditions",ilc_mdho06a$dv_2701,"Severe housing deprivation rate by age, sex and poverty status - EU-SILC survey"
"People, Work & Living Conditions",ilc_mdho06d,Severe housing deprivation rate by degree of urbanisation - EU-SILC survey
"People, Work & Living Conditions",ilc_mdho06q,Severe housing deprivation rate by income quintile - EU-SILC survey
"People, Work & Living Conditions",ilc_mdsd03$dv_1165,"Material and social deprivation rate by age, sex and educational attainment level"
"People, Work & Living Conditions",ilc_mdsd06,Material and social deprivation rate by tenure status
"People, Work & Living Conditions",ilc_mdsd07$dv_2621,Material and social deprivation rate by age and sex
"People, Work & Living Conditions",ilc_mdsd08,Material and social deprivation rate by NUTS regions
"People, Work & Living Conditions",ilc_mdsd09,Material and social deprivation rate by degree of urbanisation
"People, Work & Living Conditions",ilc_mdsd18,Severe material and social deprivation by NUTS region
"People, Work & Living Conditions",ilc_odbt01,Arrears on non-housing bills by risk of poverty threshold
"People, Work & Living Conditions",ilc_odbt02,Arrears on non-housing bills by income quintile
"People, Work & Living Conditions",ilc_odbt03,Loans (excluding mortgages on purchase of main residence) by risk of poverty threshold
"People, Work & Living Conditions",ilc_odbt04,Loans (excluding mortgages on purchase of main residence) by income quintile
"People, Work & Living Conditions",ilc_odbt05,Persons with loans for property purposes by risk of poverty threshold
"People, Work & Living Conditions",ilc_odbt06,Persons with loans for transport purposes by risk of poverty threshold
"People, Work & Living Conditions",ilc_odbt07,Persons with loans for education purposes by risk of poverty threshold
"People, Work & Living Conditions",ilc_odbt08,Persons with loans to cover daily living expenses by risk of poverty threshold
"People, Work & Living Conditions",ilc_odbt09,"Persons with loans for purposes other than property, transport, education and daily living expenses by risk of poverty threshold"
"People, Work & Living Conditions",ilc_odbt12,Persons owning real estate other than main residence by risk of poverty threshold
"People, Work & Living Conditions",ilc_odbt13,Persons owning real estate other than main residence by income quantile
"People, Work & Living Conditions",ilc_odbt14,Households maintaining the same standard of living using savings by duration and risk of poverty threshold
"People, Work & Living Conditions",ilc_pecs01,Persons at risk of poverty or social exclusion - EU2030 target
"People, Work & Living Conditions",ilc_peps01n$dv_1161,Persons at risk of poverty or social exclusion by age and sex
"People, Work & Living Conditions",ilc_peps07,Persons at risk of poverty or social exclusion by tenure status - strategy
"People, Work & Living Conditions",ilc_peps07n,Persons at risk of poverty or social exclusion by tenure status
"People, Work & Living Conditions",ilc_peps11,Persons at risk of poverty or social exclusion by NUTS regions - strategy
"People, Work & Living Conditions",ilc_peps11n,Persons at risk of poverty or social exclusion by NUTS regions
"People, Work & Living Conditions",ilc_peps13n,Persons at risk of poverty or social exclusion by degree of urbanisation
"People, Work & Living Conditions",ilc_pnp11,Gender differences in the aggregate replacement ratio for pensions (excluding other social benefits) - EU-SILC survey
"People, Work & Living Conditions",ilc_pnp12,Gender differences in the at-risk-of-poverty rate by age - EU-SILC survey
"People, Work & Living Conditions",ilc_pnp13,Gender pension gap by age group – EU-SILC survey
"People, Work & Living Conditions",ilc_pnp14,Gender coverage rate in pension by age group – EU-SILC survey
"People, Work & Living Conditions",ilc_pnp2,Relative median income ratio (65+) - EU-SILC and ECHP surveys
"People, Work & Living Conditions",ilc_pnp2$dv_1988,Relative median income ratio (65+) - EU-SILC and ECHP surveys
"People, Work & Living Conditions",ilc_pnp3,Aggregate replacement ratio for pensions (excluding other social benefits) by sex - EU-SILC survey
"People, Work & Living Conditions",ilc_pns2,Relative median income ratio (60+) - EU-SILC survey
"People, Work & Living Conditions",ilc_pns4,Inequality of income distribution S80/S20 income quintile share ratio - EU-SILC and ECHP surveys
"People, Work & Living Conditions",ilc_pns5,Relative median at-risk-of-poverty gap of elderly people - EU-SILC and ECHP surveys
"People, Work & Living Conditions",ilc_pw03$dv_2762,"Trust in others by sex, age and educational attainment"
"People, Work & Living Conditions",ilc_pw05b$dv_2766,"Persons rating their life satisfaction as high, medium or low by sex, age, educational attainment and domain"
"People, Work & Living Conditions",ilc_pw08$dv_426,"Persons being happy in the last 4 weeks by sex, age, educational attainment and frequency"
"People, Work & Living Conditions",ilc_pw15$dv_2750,"Satisfaction with the job by sex, age and educational attainment"
"People, Work & Living Conditions",ilc_sbjp02,Subjective poverty by educational attainment level (population aged 18 and over)
"People, Work & Living Conditions",ilc_sbjp04,Subjective poverty by tenure status
"People, Work & Living Conditions",ilc_sbjp05,Subjective poverty by degree of urbanization
"People, Work & Living Conditions",ilc_scp01$dv_1061,"Persons participating in any cultural or sport activities in the last 12 months by sex, age and educational attainment"
"People, Work & Living Conditions",ilc_scp03$dv_1062,"Persons participating in cultural or sport activities in the last 12 months by sex, age, educational attainment, activity type and frequency"
"People, Work & Living Conditions",ilc_scp03$dv_552,"Persons participating in cultural or sport activities in the last 12 months by sex, age, educational attainment, activity type and frequency"
"People, Work & Living Conditions",ilc_scp10$dv_2744,"Persons getting together with family and relatives or friends by income quintile, household composition, degree of urbanisation and frequency"
"People, Work & Living Conditions",ilc_scp12$dv_2746,"Persons having contacts with family and relatives or friends by income quintile, household composition, degree of urbanisation and frequency"
"People, Work & Living Conditions",ilc_scp15$dv_433,"Persons having someone to ask for help by sex, age and educational attainment"
"People, Work & Living Conditions",ilc_scp17$dv_434,"Persons having someone to discuss personal matters by sex, age and educational attainment"
"People, Work & Living Conditions",ilc_scp19$dv_312,"Persons participating in formal/informal voluntary activities or active citizenship by sex, age and educational attainment"
"People, Work & Living Conditions",ilc_scp19$dv_313,"Persons participating in formal/informal voluntary activities or active citizenship by sex, age and educational attainment"
"People, Work & Living Conditions",ilc_scp20$dv_2747,"Persons participating in formal/informal voluntary activities or active citizenship by income quintile, household composition and degree of urbanisation"
"People, Work & Living Conditions",ilc_scp31$dv_2383,"Persons reading books in the last 12 months by sex, age, risk of poverty or social exclusion situation and number of books"
"People, Work & Living Conditions",ilc_scp33$dv_2541,"Persons reading books in the last 12 months by sex, age, level of disability (activity limitation) and number of books"
"People, Work & Living Conditions",ilc_scp37$dv_2543,"Persons participating in cultural or sport activities by sex, age, level of disability (activity limitation), activity type and frequency"
"People, Work & Living Conditions",ilc_scp39$dv_2548,"Persons participating in formal/informal voluntary activities or active citizenship by sex, age, level of disability (activity limitation) and activity type"
"People, Work & Living Conditions",isoc_sk_oja2,"Labour market demand for ICT specialists in online job advertisements, by occupation (ISCO-08) - % of online job advertisements for ICT specialists - experimental statistics"
"People, Work & Living Conditions",isoc_ski_itsex,Employed persons with ICT education by sex
"People, Work & Living Conditions",isoc_sks_itspa,Employed ICT specialists by age
"People, Work & Living Conditions",isoc_sks_itspa$dv_1847,Employed ICT specialists by age
"People, Work & Living Conditions",isoc_sks_itsps,Employed ICT specialists by sex
"People, Work & Living Conditions",isoc_sks_itsps$dv_1846,Employed ICT specialists by sex
"People, Work & Living Conditions",isoc_sks_itspt,Employed ICT specialists - total
"People, Work & Living Conditions",iss_18sojobn,Jobs created by NACE Rev.2 activity - experimental statistics
"People, Work & Living Conditions",lan_settl,Settlement area
"People, Work & Living Conditions",lfsa_eppgai$dv_577,"Involuntary part-time employment as percentage of the total part-time employment, by sex and age (%)"
"People, Work & Living Conditions",lfsa_ergaed$dv_319,"Employment rates by sex, age and educational attainment level (%)"
"People, Work & Living Conditions",lfsa_ewpeve$dv_604,"Employed persons working in the evenings as a percentage of the total employment, by sex, age and professional status (%)"
"People, Work & Living Conditions",lfsa_ewpnig$dv_605,"Employed persons working at nights as a percentage of the total employment, by sex, age and professional status (%)"
"People, Work & Living Conditions",lfsa_ewpsat$dv_606,"Employed persons working on Saturdays as a percentage of the total employment, by sex, age and professional status (%)"
"People, Work & Living Conditions",lfsa_ewpsun$dv_607,"Employed persons working on Sundays as a percentage of the total employment, by sex, age and professional status (%)"
"People, Work & Living Conditions",lfsa_ipga$dv_610,"Inactive population as a percentage of the total population, by sex and age (%)"
"People, Work & Living Conditions",lfsa_qoe_3a2$dv_608,"Long working hours in main job by sex, age, professional status and occupation"
"People, Work & Living Conditions",lfsa_urgaed$dv_611,"Unemployment rates by sex, age and educational attainment level (%)"
"People, Work & Living Conditions",lfsi_dwl_a,Duration of working life
"People, Work & Living Conditions",lfsi_jhh_a,Population in jobless households
"People, Work & Living Conditions",lfsi_long_e08,"Transition from part-time work to full-time work by sex and age (annual averages of quarterly transitions, estimated probabilities) - experimental statistics"
"People, Work & Living Conditions",lfsi_long_e09,"Transition from fixed term contracts to permanent contracts by sex and age (annual averages of quarterly transitions, estimated probabilities) - experimental statistics"
"People, Work & Living Conditions",lfso_06finiagps,Average age at which employed persons started receiving a retirement pension - by sex and main financial incentive to stay at work
"People, Work & Living Conditions",lfso_10fvaredu$dv_609,Employees by flexibility of their working schedule and educational attainment level (1 000)
"People, Work & Living Conditions",lfso_12agepens,Age at which the person first received an old-age pension (years)
"People, Work & Living Conditions",lfso_12earlyret,Early retirement among persons who receive an old-age pension (%)
"People, Work & Living Conditions",lfso_12penstyp,"Persons who receive a pension, by type of pension (%)"
"People, Work & Living Conditions",lfso_12reduchrs,Persons who reduced their working hours in a move towards retirement (%)
"People, Work & Living Conditions",lfso_12worklong,Economically inactive persons who receive a pension who would have wished to stay longer in employment (%)
"People, Work & Living Conditions",lfso_14loq$dv_615,"Self-declared over-qualified employees as percentage of the total employees by sex, age, migration status and educational attainment level"
"People, Work & Living Conditions",lfso_17seworg,"Self-employed persons having at least one client in the last 12 months by control over working time, and sex"
"People, Work & Living Conditions",lfst_dpw_01,Share of digital platform workers (in the last 12 months) by educational attainment level - experimental statistics
"People, Work & Living Conditions",lfst_dpw_02,Share of digital platform workers (in the last 12 months) by type of task or service - experimental statistics
"People, Work & Living Conditions",lfst_dpw_03,Distribution of digital platform workers (in the last 12 months) by number of hours worked in the last month - experimental statistics
"People, Work & Living Conditions",lfst_dpw_04,Distribution of digital platform workers (at least one hour in the last month) by educational attainment level - experimental statistics
"People, Work & Living Conditions",lfst_dpw_05,Distribution of digital platform workers (at least one hour in the last month) by labour status - experimental statistics
"People, Work & Living Conditions",lfst_dpw_06,Distribution of digital platform workers (at least one hour in the last month) by share of platform income in their earnings - experimental statistics
"People, Work & Living Conditions",lfst_dpw_07,Distribution of digital platform workers (at least one hour in the last month) by social insurance coverage and risk - experimental statistics
"People, Work & Living Conditions",lfst_dpw_08,Distribution of digital platform workers (at least one hour in the last month) by type of work assignment - experimental statistics
"People, Work & Living Conditions",lfst_dpw_09,Distribution of digital platform workers (at least one hour in the last month) by consequences of rejecting the task or service - experimental statistics
"People, Work & Living Conditions",lfst_dpw_10,Distribution of digital platform workers (at least one hour in the last month) by working hours setting - experimental statistics
"People, Work & Living Conditions",lfst_dpw_11,Distribution of digital platform workers (at least one hour in the last month) by price setting - experimental statistics
"People, Work & Living Conditions",lfst_hheredch$dv_2683,"Employment rate of adults by sex, age groups, educational attainment level, number of children and age of youngest child (%)"
"People, Work & Living Conditions",lfst_hhwahchi$dv_1872,"Percentage of employed adults working at home by sex, age groups, number of children and age of youngest child"
"People, Work & Living Conditions",lfst_r_edatd_16,Regional disparities in the rate of early leavers from education and training (NUTS level 2)
"People, Work & Living Conditions",lfst_r_edatd_22,Regional disparities in the rate of young people neither in employment nor in education and training (NEET) (NUTS level 2)
"People, Work & Living Conditions",lfst_r_lmdgeg,Regional disparities in gender employment gap (NUTS level 2)
"People, Work & Living Conditions",lfst_r_lmdltu,Regional disparities in long-term unemployment rates (NUTS level 2)
"People, Work & Living Conditions",med_ec0,Additional indicators
"People, Work & Living Conditions",med_en47,Population connected to Wastewater Treatment
"People, Work & Living Conditions",med_ps111,General indicators
"People, Work & Living Conditions",med_ps112,Population on 1 January by sex and by age group
"People, Work & Living Conditions",med_ps115,Average population (mid-year)
"People, Work & Living Conditions",med_ps12,Demographic indicators
"People, Work & Living Conditions",med_ps311,Poverty lines
"People, Work & Living Conditions",med_ps312,At-risk-of poverty rate
"People, Work & Living Conditions",med_ps313,Poverty ratio
"People, Work & Living Conditions",med_ps32,Access to basic services and housing
"People, Work & Living Conditions",med_ps411,Employment
"People, Work & Living Conditions",med_ps413,Employment characteristics
"People, Work & Living Conditions",med_ps414,Employment and economic activity branches
"People, Work & Living Conditions",med_ps421,Unemployment rate
"People, Work & Living Conditions",med_ps422,Unemployment rate by education level
"People, Work & Living Conditions",med_ps423,Proportion of persons living in jobless households
"People, Work & Living Conditions",med_ps43,Wages
"People, Work & Living Conditions",met_d3dens,Population density by metropolitan regions
"People, Work & Living Conditions",migr_asyaccm$dv_961,"Asylum applicants having had their applications processed under the accelerated procedure, by age, sex and citizenship - monthly data"
"People, Work & Living Conditions",migr_asyapp1mp,First-time asylum applicants - per thousand persons
"People, Work & Living Conditions",migr_asyapp1pc,First-time asylum applicants - % of total asylum applicants
"People, Work & Living Conditions",migr_asyapp1up,First-time asylum applications of unaccompanied minors - % of total first-time asylum applications of minors
"People, Work & Living Conditions",migr_asyappctza$dv_618,"Asylum applicants by type, citizenship, age and sex - annual aggregated data"
"People, Work & Living Conditions",migr_asydec1p,Positive first instance decisions - per thousand persons
"People, Work & Living Conditions",migr_asydec1pc,Asylum decisions at first instance by type of decision - % of total decisions at first instance
"People, Work & Living Conditions",migr_asydecfp,Asylum decisions at final instance by type of decision - % of total decisions at final instance
"People, Work & Living Conditions",migr_asymrca,Applicants having benefited from material reception conditions at the end of the reference year - annual data
"People, Work & Living Conditions",migr_asypenctzm$dv_723,"Persons subject of asylum applications pending at the end of the month by citizenship, age and sex - monthly data"
"People, Work & Living Conditions",migr_asyresa$dv_629,"Resettled persons by age, sex and citizenship - annual data"
"People, Work & Living Conditions",migr_asytpfa$dv_1381,"Decisions granting temporary protection by citizenship, age and sex - annual aggregated data"
"People, Work & Living Conditions",migr_asytpfm$dv_1383,"Decisions granting temporary protection by citizenship, age and sex - monthly data"
"People, Work & Living Conditions",migr_asytpfpop,Decisions granting temporary protection by citizenship - per thousand persons
"People, Work & Living Conditions",migr_asytpfq$dv_1382,"Decisions granting temporary protection by citizenship, age and sex - quarterly data"
"People, Work & Living Conditions",migr_asytpsm$dv_1384,"Beneficiaries of temporary protection at the end of the month by citizenship, age and sex - monthly data"
"People, Work & Living Conditions",migr_asytpspop,Beneficiaries of temporary protection by citizenship - per thousand persons
"People, Work & Living Conditions",migr_asywitha$dv_1021,"Asylum applications withdrawn by citizenship, age, sex and type of withdrawal - annual aggregated data"
"People, Work & Living Conditions",migr_eilpop,Persons subject to immigration law enforcement - per thousand persons
"People, Work & Living Conditions",migr_eiord$dv_1261,Third country nationals ordered to leave - annual data (rounded)
"People, Work & Living Conditions",migr_eirtn$dv_1241,Third country nationals returned following an order to leave - annual data (rounded)
"People, Work & Living Conditions",migr_emi5nxt,Emigration by group of country of next usual residence
"People, Work & Living Conditions",migr_imm12prv,Immigration by broad group of country of previous residence
"People, Work & Living Conditions",migr_reschst$dv_1285,"Change of immigration status permits by age, sex and citizenship"
"People, Work & Living Conditions",migr_resfpc,First residence permits by reasons - % of total first residence permits
"People, Work & Living Conditions",migr_reslas$dv_1283,"Long-term residents by age, sex and citizenship on 31 December of each year"
"People, Work & Living Conditions",migr_resltra$dv_1284,"Long-term residence permits issued during the year by age, sex and citizenship"
"People, Work & Living Conditions",migr_respop,First residence permits - per thousand persons
"People, Work & Living Conditions",nama_10_fte,Average full time adjusted salary per employee
"People, Work & Living Conditions",nama_10r_3empers$dv_1564,Employment (thousand persons) by NUTS 3 regions
"People, Work & Living Conditions",prc_colc_surf,Typical dwelling sizes by type of dwelling in each surveyed city
"People, Work & Living Conditions",prc_rem_avg,Average remuneration of national civil servants in central public administration
"People, Work & Living Conditions",prc_rem_cs,Remuneration indexes of national civil servants in central public administration
"People, Work & Living Conditions",prc_rem_nr,National civil servants in central public administration
"People, Work & Living Conditions",qoe_ewcs_1c3,Employed persons discriminated at work during the last 12 months by sex and age
"People, Work & Living Conditions",qoe_ewcs_4a5,Employed persons expecting a possible loss of their job in the next 6 months by sex and age
"People, Work & Living Conditions",qoe_ewcs_6_1,Employed persons participating in job-related non-formal education and training in the past 12 months by sex and age
"People, Work & Living Conditions",qoe_ewcs_6_3,Employed persons perceiving that their job-related non-formal education and training helped to improve the way they work by sex and age
"People, Work & Living Conditions",qoe_ewcs_6_4,Employed persons whose job involves improving their skills by sex and age
"People, Work & Living Conditions",qoe_ewcs_6_5,Employed persons whose work experience and job skills would be helpful to find another job by sex and age
"People, Work & Living Conditions",qoe_ewcs_6_6,Employed persons having the opportunity to use their knowledge and skills in their current job by sex and age
"People, Work & Living Conditions",qoe_ewcs_7a1,Employed persons having a good relationship with their colleagues by sex and age
"People, Work & Living Conditions",qoe_ewcs_7a2,Employees having a good relationship with their supervisor by sex and age
"People, Work & Living Conditions",qoe_ewcs_7a3,"Employed persons exposed to employment-related physical, psychological or sexual violence in the last 12 months by sex and age"
"People, Work & Living Conditions",qoe_ewcs_7b1,Employed persons being able to choose their methods of work or to influence their pace of work by sex and age
"People, Work & Living Conditions",qoe_ewcs_7b2,Employees receiving regular feedback from their supervisor by sex and age
"People, Work & Living Conditions",qoe_ewcs_7b3,Employed persons thinking that they do useful work by sex and age
"People, Work & Living Conditions",qoe_ewcs_7b4,Employed persons having to work at very high speed or to tight deadlines by sex and age
"People, Work & Living Conditions",qoe_ewcs_7b5,Employed persons being able to influence decisions that affect their work by sex and age
"People, Work & Living Conditions",sdg_01_10,Persons at risk of poverty or social exclusion
"People, Work & Living Conditions",sdg_01_10a,Persons at risk of poverty or social exclusion by degree of urbanisation
"People, Work & Living Conditions",sdg_01_20,Persons at risk of monetary poverty after social transfers - EU-SILC and ECHP surveys
"People, Work & Living Conditions",sdg_01_20a,Persons at risk of monetary poverty after social transfers by citizenship
"People, Work & Living Conditions",sdg_01_31,Severe material and social deprivation rate by age group and sex
"People, Work & Living Conditions",sdg_01_40,"Persons living in households with very low work intensity, by age group"
"People, Work & Living Conditions",sdg_01_41,In work at-risk-of-poverty rate
"People, Work & Living Conditions",sdg_01_50,Housing cost overburden rate by poverty status
"People, Work & Living Conditions",sdg_05_20,Gender pay gap in unadjusted form
"People, Work & Living Conditions",sdg_05_30,"Gender employment gap, by type of employment"
"People, Work & Living Conditions",sdg_05_40,Persons outside the labour force due to caring responsibilities by sex
"People, Work & Living Conditions",sdg_05_50,Seats held by women in national parliaments and governments
"People, Work & Living Conditions",sdg_05_60,Positions held by women in senior management positions
"People, Work & Living Conditions",sdg_06_10,"Population having neither a bath, nor a shower, nor indoor flushing toilet in their household by poverty status"
"People, Work & Living Conditions",sdg_06_20,Population connected to at least secondary wastewater treatment
"People, Work & Living Conditions",sdg_07_60,Population unable to keep home adequately warm by poverty status
"People, Work & Living Conditions",sdg_08_20,Young people neither in employment nor in education and training by sex (NEET)
"People, Work & Living Conditions",sdg_08_20a,"Young people neither in employment nor in education and training (NEET), by citizenship"
"People, Work & Living Conditions",sdg_08_30,Employment rate by sex
"People, Work & Living Conditions",sdg_08_30a,"Employment rate, by citizenship"
"People, Work & Living Conditions",sdg_08_40,Long-term unemployment rate by sex
"People, Work & Living Conditions",sdg_10_20,Adjusted gross disposable income of households per capita
"People, Work & Living Conditions",sdg_10_30,Relative median at-risk-of-poverty gap
"People, Work & Living Conditions",sdg_10_41,Income distribution
"People, Work & Living Conditions",sdg_10_50,Income share of the bottom 40 % of the population
"People, Work & Living Conditions",sdg_10_60,Asylum applications by state of procedure
"People, Work & Living Conditions",sdg_11_11,Severe housing deprivation rate by poverty status
"People, Work & Living Conditions",sdg_11_20,"Population living in households considering that they suffer from noise, by poverty status"
"People, Work & Living Conditions",sdg_11_31,Settlement area per capita
"People, Work & Living Conditions",sdg_16_50,Corruption Perceptions Index
"People, Work & Living Conditions",sdg_16_60,Population with confidence in institutions by institution
"People, Work & Living Conditions",spr_net_ben$dv_1622,Net social protection benefits
"People, Work & Living Conditions",sprt_emp_age,Employment in sport by age
"People, Work & Living Conditions",sprt_emp_sex,Employment in sport by sex
"People, Work & Living Conditions",sprt_pcs_qnt,Mean consumption expenditure of private households on sporting goods and services by income quintile
"People, Work & Living Conditions",tag00020,Farm labour force
"People, Work & Living Conditions",tec00013,Compensation of employees
"People, Work & Living Conditions",tec00112,"Employment, domestic concept -"
"People, Work & Living Conditions",tec00113,Adjusted gross disposable income of households per capita in PPS
"People, Work & Living Conditions",tec00116,Nominal labour productivity per person employed
"People, Work & Living Conditions",teibs030,Employment expectations indicator
"People, Work & Living Conditions",teibs040,Employment expectations by sectors
"People, Work & Living Conditions",teiis400,Labour input - total industry (excluding construction)
"People, Work & Living Conditions",teiis521,Labour input in construction
"People, Work & Living Conditions",teiis550,Building permits - monthly data
"People, Work & Living Conditions",teilm010,Unemployment by sex
"People, Work & Living Conditions",teilm011,Unemployment by sex - age group 15-24
"People, Work & Living Conditions",teilm012,Unemployment by sex - age group 25-74
"People, Work & Living Conditions",teilm020,Unemployment rate by sex
"People, Work & Living Conditions",teilm021,Unemployment rate by sex - age group 15-24
"People, Work & Living Conditions",teilm022,Unemployment rate by sex - age group 25-74
"People, Work & Living Conditions",teina090,Gross disposable income
"People, Work & Living Conditions",tepsr_lm210,Gender gap in part-time employment
"People, Work & Living Conditions",tepsr_lm230,Gender employment gap by degree of urbanisation
"People, Work & Living Conditions",tepsr_lm410,People at risk of poverty or social exclusion by sex
"People, Work & Living Conditions",tepsr_lm411,People at risk of poverty or social exclusion by age
"People, Work & Living Conditions",tepsr_lm412,Children (aged less than 18) at risk of poverty or social exclusion - EU2030 target
"People, Work & Living Conditions",tepsr_lm420,Severe material and social deprivation rate by sex
"People, Work & Living Conditions",tepsr_lm430,People living in households with very low work intensity by sex
"People, Work & Living Conditions",tepsr_lm440,Severe housing deprivation rate by tenure status
"People, Work & Living Conditions",tepsr_spi110,At-risk-of poverty rate for children (aged less than 18) by sex
"People, Work & Living Conditions",tepsr_spi120,Severe material and social deprivation rate for children (aged less than 18) by sex
"People, Work & Living Conditions",tepsr_spi130,Children (aged less than 18) living in households with very low work intensity by sex
"People, Work & Living Conditions",tepsr_wc130,Activity rate by sex
"People, Work & Living Conditions",tepsr_wc230,Labour transitions from temporary to permanent contracts by sex -3-year average
"People, Work & Living Conditions",tesem010,Employment rate by sex
"People, Work & Living Conditions",tesem040,Overall employment growth
"People, Work & Living Conditions",tesem050,"Employment rate of older workers, age group 55-64"
"People, Work & Living Conditions",tesem060,Gender employment gap
"People, Work & Living Conditions",tesem070,"Youth employment rate, age group 20-29"
"People, Work & Living Conditions",tesem080,"Employment rate of low skilled persons, age group 20-64"
"People, Work & Living Conditions",tesem090,"Employment rate of non-EU nationals, age group 20-64"
"People, Work & Living Conditions",tesem100,Part-time employment rate
"People, Work & Living Conditions",tesem120,Unemployment rate by sex
"People, Work & Living Conditions",tesem130,Long-term unemployment rate by sex
"People, Work & Living Conditions",tesem140,Youth unemployment rate by sex
"People, Work & Living Conditions",tesem170,Nominal unit labour cost growth
"People, Work & Living Conditions",tesem180,Gender pay gap in unadjusted form
"People, Work & Living Conditions",tesem190,Involuntary temporary employment
"People, Work & Living Conditions",tesem200,Newly employed
"People, Work & Living Conditions",tesem210,At-risk of poverty rate of unemployed persons
"People, Work & Living Conditions",tesem220,Tax rate on low wage earners - Unemployment trap
"People, Work & Living Conditions",tesov092,At-risk-of-poverty rate anchored at a fixed moment in time by age group - EU-SILC survey
"People, Work & Living Conditions",tesov110,In-work at-risk-of-poverty rate by sex
"People, Work & Living Conditions",tesov190,Distribution of population by household types - EU-SILC survey
"People, Work & Living Conditions",tesov250,At-risk-of-poverty rate before social transfers by sex - EU-SILC survey
"People, Work & Living Conditions",tespm020,At-risk-of-poverty threshold for a single household
"People, Work & Living Conditions",tespm030,Severe material and social deprivation rate
"People, Work & Living Conditions",tespm040,Children at risk of poverty or social exclusion
"People, Work & Living Conditions",tespm060,At risk-of-poverty rate for the population living in (quasi-)jobless households
"People, Work & Living Conditions",tespm070,In-work at-risk-of-poverty rate
"People, Work & Living Conditions",tespm080,Youth unemployment ratio (15-24)
"People, Work & Living Conditions",tespm090,At risk of poverty or social exclusion rate for elderly (65+)
"People, Work & Living Conditions",tespm100,Aggregate replacement ratio
"People, Work & Living Conditions",tespm140,Housing cost overburden rate
"People, Work & Living Conditions",tespm151,Inequality of income distribution
"People, Work & Living Conditions",tespn010,At-risk-of-poverty rate of older people by sex - EU-SILC survey
"People, Work & Living Conditions",tespn020,Median relative income of elderly people - EU-SILC survey
"People, Work & Living Conditions",tespn060,Median relative income of elderly people (60+) - EU-SILC survey
"People, Work & Living Conditions",tespn070,Aggregate replacement ratio for pensions (excluding other social benefits) by sex
"People, Work & Living Conditions",tespn080,Income inequality for older people - EU-SILC survey
"People, Work & Living Conditions",tespn090,Relative median poverty risk gap of elderly people - EU-SILC survey
"People, Work & Living Conditions",tespn100,At-risk-of-poverty rate for pensioners - EU-SILC survey
"People, Work & Living Conditions",tespn110,At-risk-of-poverty rate of elderly people by tenure status - EU-SILC survey
"People, Work & Living Conditions",tespn120,Dispersion around the at-risk-of-poverty threshold for elderly people - EU-SILC survey
"People, Work & Living Conditions",tespn240,Gender differences in the at-risk-of-poverty rate by age - EU-SILC survey
"People, Work & Living Conditions",tespn250,Gender differences in the relative income of elderly people (65+) - EU-SILC survey
"People, Work & Living Conditions",tespn260,Gender differences in the aggregate replacement ratio for pensions (excluding other social benefits) - EU-SILC survey
"People, Work & Living Conditions",tespn270,Gender differences in the relative income of older people - EU-SILC survey
"People, Work & Living Conditions",tessi010,At-risk-of-poverty rate by sex
"People, Work & Living Conditions",tessi014,At-risk-of-poverty threshold - EU-SILC survey
"People, Work & Living Conditions",tessi020,Persistent at-risk-of poverty rate by sex - EU-SILC survey
"People, Work & Living Conditions",tessi022,Persistent at-risk-of poverty rate by age group - EU-SILC survey
"People, Work & Living Conditions",tessi030,Relative median poverty risk gap by age group - EU-SILC survey
"People, Work & Living Conditions",tessi080,Material Deprivation rate by sex - EU-SILC survey
"People, Work & Living Conditions",tessi082,Material Deprivation rate by age group - EU-SILC survey
"People, Work & Living Conditions",tessi121,At-risk-of poverty rate by household type - EU-SILC survey
"People, Work & Living Conditions",tessi125,At-risk-of poverty rate by tenure status - EU-SILC survey
"People, Work & Living Conditions",tessi126,Dispersion around the at-risk-of-poverty threshold - EU-SILC survey
"People, Work & Living Conditions",tessi150,Depth of material deprivation - EU-SILC survey
"People, Work & Living Conditions",tessi160,Housing cost overburden rate by sex - EU-SILC survey
"People, Work & Living Conditions",tessi161,Housing cost overburden rate by age group - EU-SILC survey
"People, Work & Living Conditions",tessi162,Housing cost overburden rate by income quintile - EU-SILC survey
"People, Work & Living Conditions",tessi163,Housing cost overburden rate by poverty status - EU-SILC survey
"People, Work & Living Conditions",tessi164,Housing cost overburden rate by tenure status - EU-SILC survey
"People, Work & Living Conditions",tessi165,Housing cost overburden rate by degree of urbanisation - EU-SILC survey
"People, Work & Living Conditions",tessi166,Housing cost overburden rate by household type - EU-SILC survey
"People, Work & Living Conditions",tessi170,Overcrowding rate by sex - EU-SILC survey
"People, Work & Living Conditions",tessi171,Overcrowding rate by age group - EU-SILC survey
"People, Work & Living Conditions",tessi172,Overcrowding rate by poverty status - EU-SILC survey
"People, Work & Living Conditions",tessi173,Overcrowding rate by tenure status - EU-SILC survey
"People, Work & Living Conditions",tessi174,Overcrowding rate by degree of urbanisation - EU-SILC survey
"People, Work & Living Conditions",tessi175,Overcrowding rate by household type - EU-SILC survey
"People, Work & Living Conditions",tessi176,Overcrowding rate by sex - population without single-person households - EU-SILC survey
"People, Work & Living Conditions",tessi177,Overcrowding rate by age group - population without single-person households - EU-SILC survey
"People, Work & Living Conditions",tessi178,Overcrowding rate by poverty status - population without single-person households - EU-SILC survey
"People, Work & Living Conditions",tessi180,Income quintile share ratio (S80/S20) by sex
"People, Work & Living Conditions",tessi190,Gini coefficient of equivalised disposable income
"People, Work & Living Conditions",tessi191,Gini coefficient of equivalised disposable income for children aged less than 18
"People, Work & Living Conditions",tessi220,At-risk-of-poverty rate anchored at a fixed moment in time by sex - EU-SILC survey
"People, Work & Living Conditions",tessi250,In-work at-risk-of-poverty rate by working time - EU-SILC survey
"People, Work & Living Conditions",tessi291,Housing deprivation rate by number of item - EU-SILC survey
"People, Work & Living Conditions",tessi292,"Share of total population living in a dwelling with a leaking roof, damp walls, floors or foundation, or rot in window frames of floor - EU-SILC survey"
"People, Work & Living Conditions",tessi293,"Share of total population having neither a bath, nor a shower in their dwelling - EU-SILC survey"
"People, Work & Living Conditions",tessi294,Share of total population not having indoor flushing toilet for the sole use of their household - EU-SILC survey
"People, Work & Living Conditions",tessi295,Share of total population considering their dwelling as too dark - EU-SILC survey
"People, Work & Living Conditions",tessi300,Median of the housing cost burden distribution by sex - EU-SILC survey
"People, Work & Living Conditions",tessi301,Median of the housing cost burden distribution by age group - EU-SILC survey
"People, Work & Living Conditions",tessi302,Median of the housing cost burden distribution by poverty status - EU-SILC survey
"People, Work & Living Conditions",tessi303,Median of the housing cost burden distribution by degree of urbanisation - EU-SILC survey
"People, Work & Living Conditions",tgs00027,"population, Candidate countries and potential candidates"
"People, Work & Living Conditions",tgs00103,At-risk-of-poverty rate by NUTS 2 regions
"People, Work & Living Conditions",tgs00104,Severe material deprivation rate by NUTS 2 regions
"People, Work & Living Conditions",tgs00107,People at risk of poverty or social exclusion by NUTS 2 regions
"People, Work & Living Conditions",tgs00108,People living in households with very low work intensity by NUTS 2 regions (population aged 0 to 59 years)
"People, Work & Living Conditions",tipsho50,Building permits - annual data
"People, Work & Living Conditions",tipslc10,People at risk of poverty or social exclusion
"People, Work & Living Conditions",tipslc20,People at risk of poverty after social transfer
"People, Work & Living Conditions",tipslc30,Severely materially and socially deprived people
"People, Work & Living Conditions",tipslc40,People living in households with very low work intensity
"People, Work & Living Conditions",tipslm10,Nominal unit labour cost per hour worked - 3 years % change
"People, Work & Living Conditions",tipslm100,Employment rate
"People, Work & Living Conditions",tipslm13,"Compensation of employees - annual data, million units of national currency"
"People, Work & Living Conditions",tipslm15,"Labour force participation rate, aged 15-64 - annual averages"
"People, Work & Living Conditions",tipslm16,"Population, aged 15-74 - labour force survey"
"People, Work & Living Conditions",tipslm20,"Nominal unit labour cost per hour worked - annual data, % changes and index = 100)"
"People, Work & Living Conditions",tipslm60,Labour force participation rate - % of total population aged 15-64
"People, Work & Living Conditions",tipslm70,"Long-term unemployment rate, % of active population aged 15-74"
"People, Work & Living Conditions",tipslm80,Youth unemployment rate - % of active population aged 15-24
"People, Work & Living Conditions",tipslm90,Young people neither in employment nor in education and training (15-29 years) - % of the total population in the same age group
"People, Work & Living Conditions",tipsna60,"Employment, domestic concept - annual data"
"People, Work & Living Conditions",tipsna62,"Employees, domestic concept - annual data"
"People, Work & Living Conditions",tipsun10,Unemployment rate - 3 year average
"People, Work & Living Conditions",tipsun20,Unemployment rate - annual data
"People, Work & Living Conditions",tipsun30,"Unemployment rate - quarterly data, seasonally adjusted"
"People, Work & Living Conditions",tps00001,Population on 1 January
"People, Work & Living Conditions",tps00003,Population density
"People, Work & Living Conditions",tps00005,Population as a percentage of EU27 (from population
"People, Work & Living Conditions",tps00014,Mean age at first marriage by sex
"People, Work & Living Conditions",tps00017,Mean age of women at childbirth and at birth of first child
"People, Work & Living Conditions",tps00019,"Population change - crude rates of total change, natural change and net migration plus adjustment"
"People, Work & Living Conditions",tps00024,Acquisition of citizenship
"People, Work & Living Conditions",tps00028,Proportion of population aged 65 and over
"People, Work & Living Conditions",tps00053,Employment rates of recent graduates
"People, Work & Living Conditions",tps00066,Unemployment rates of the population aged 25-64 by educational attainment level
"People, Work & Living Conditions",tps00071,Hours worked per week of full-time employment
"People, Work & Living Conditions",tps00073,Employees with a contract of limited duration (annual average)
"People, Work & Living Conditions",tps00098,Expenditure on social protection
"People, Work & Living Conditions",tps00099,expenditure on social protection per head of population. ECU/EUR
"People, Work & Living Conditions",tps00100,Expenditure on social protection per inhabitant
"People, Work & Living Conditions",tps00101,expenditure on social protection by type
"People, Work & Living Conditions",tps00102,expenditure on social benefits
"People, Work & Living Conditions",tps00105,Other expenditure on social protection
"People, Work & Living Conditions",tps00108,Social protection receipts by type
"People, Work & Living Conditions",tps00151,"At-risk-of-poverty-rate, by highest level of education attained"
"People, Work & Living Conditions",tps00155,Minimum wages
"People, Work & Living Conditions",tps00157,Population without the citizenship of the reporting country
"People, Work & Living Conditions",tps00159,Persons employed part-time -
"People, Work & Living Conditions",tps00172,"Job vacancies in number and % - NACE Rev. 2, B-S, quarterly data"
"People, Work & Living Conditions",tps00175,"Average gross annual earnings in industry and services, by sex"
"People, Work & Living Conditions",tps00176,Immigration
"People, Work & Living Conditions",tps00177,Emigration
"People, Work & Living Conditions",tps00178,Foreign-born population
"People, Work & Living Conditions",tps00181,Jobless households - children
"People, Work & Living Conditions",tps00182,Jobless households by sex
"People, Work & Living Conditions",tps00184,At-risk-of-poverty rate after social transfers by sex
"People, Work & Living Conditions",tps00189,Asylum applicants by type - monthly data
"People, Work & Living Conditions",tps00190,Persons subject of asylum applications pending at the end of the month - monthly data
"People, Work & Living Conditions",tps00191,Asylum applicants by type - annual aggregated data
"People, Work & Living Conditions",tps00192,First instance decisions on asylum applications by type of decision - annual aggregated data
"People, Work & Living Conditions",tps00193,Final decisions on asylum applicationsby type of decision - annual data
"People, Work & Living Conditions",tps00194,Asylum applicants considered to be unaccompanied minors - annual data
"People, Work & Living Conditions",tps00195,Resettled persons - annual data
"People, Work & Living Conditions",tps00198,Old-age-dependency ratio
"People, Work & Living Conditions",tps00199,fertility rate
"People, Work & Living Conditions",tps00203,unemployment rate
"People, Work & Living Conditions",tps00204,Live births and crude birth rate
"People, Work & Living Conditions",tps00206,Crude marriage rate
"People, Work & Living Conditions",tps00216,Crude divorce rate
"People, Work & Living Conditions",tqoe3a5,Employed persons having more than one job by sex
"People, Work & Living Conditions",tqoe3b4,Employees with a flexible work schedule by sex
"People, Work & Living Conditions",tqoe4a3,Employed persons being self-employed without employees by sex
"People, Work & Living Conditions",tsc00005,"Share of women researchers, by sectors of performance"
"People, Work & Living Conditions",tsc00006,"Share of women researchers, all sectors"
"People, Work & Living Conditions",tsc00011,Employment in high- and medium-high technology manufacturing sectors and knowledge-intensive service sectors
"People, Work & Living Conditions",urt_lfe3emprt$dv_1586,"Employment rates by sex, age and other typologies"
"People, Work & Living Conditions",yth_demo_030,Estimated average age of young people leaving the parental household by sex
Tech & Innovation,bs_bs14_04,Income from intellectual property rights for computer services
Tech & Innovation,cei_cie020,Patents related to recycling and secondary raw materials
Tech & Innovation,egi_rd1,Intra-mural Business Enterprise R&D Expenditures in Foreign Controlled Enterprises
Tech & Innovation,enpe_isoc_ci_ifp_fu,Frequency of internet use by individuals aged 16-74
Tech & Innovation,enpe_isoc_ci_in_h,Percentage of households having internet access at home
Tech & Innovation,enpe_rd_e_gerdfund,Gross domestic expenditure on R&D (GERD)
Tech & Innovation,ipr_dr_tot,Registered Community designs (RCD)
Tech & Innovation,ipr_ta_gdp,European Union trade mark (EUTM) applications per billion GDP
Tech & Innovation,ipr_ta_ntr,European Union trade mark (EUTM) applications by nature of the trade mark
Tech & Innovation,ipr_ta_pop,European Union trade mark (EUTM) applications per million population
Tech & Innovation,ipr_ta_tot,European Union trade mark (EUTM) applications
Tech & Innovation,ipr_ta_typ,European Union trade mark (EUTM) applications by type of the trade mark
Tech & Innovation,isoc_cbs,Broadband internet coverage by speed
Tech & Innovation,isoc_ci_ac_i$dv_1043,Individuals - internet activities
Tech & Innovation,isoc_ci_ac_i$dv_1122,Individuals - internet activities
Tech & Innovation,isoc_ci_cm_h$dv_507,Households - availability of computers
Tech & Innovation,isoc_ci_in_h$dv_512,Households - level of internet access
Tech & Innovation,isoc_cisci_f$dv_536,Safety copies and back up files
Tech & Innovation,isoc_r_cux_i,Individuals who have never used a computer
Tech & Innovation,isoc_sk_cskl_i$dv_266,Individuals' level of computer skills (until
Tech & Innovation,isoc_sk_dskl_i$dv_317,Individuals' level of digital skills (until
Tech & Innovation,med_ag1,Structural information
Tech & Innovation,med_ps33,Communication
Tech & Innovation,met_ipr_dr,Registered Community designs (RCD) by metropolitan regions
Tech & Innovation,nrg_dhdc_c,Customers by type of district network and efficiency of network
Tech & Innovation,rd_b_berdcon,BERD by concentration of personnel (ranking)
Tech & Innovation,rd_p_con,R&D personnel and researchers in the business enterprise sector by concentration of personnel (ranking)
Tech & Innovation,sdg_09_40,Patent applications to the European Patent Office by applicants' / inventors' country of residence
Tech & Innovation,sdg_17_60,"High-speed internet coverage, by type of area"
Tech & Innovation,tepsr_sp410,Individuals who have basic or above basic overall digital skills by sex
Tech & Innovation,tgs00047,Households that have internet access at home by NUTS 2 regions
Tech & Innovation,tgs00052,Individuals who ordered goods or services over the internet for private use in the last year by NUTS 2 regions
Tech & Innovation,tin00028,Internet use by individuals
Tech & Innovation,tin00091,Individuals regularly using the internet
Tech & Innovation,tin00092,Individuals frequently using the internet
Tech & Innovation,tin00093,Individuals who have never used the internet
Tech & Innovation,tin00094,Individuals using the internet for sending/receiving e-mails
Tech & Innovation,tin00095,Individuals using the internet for finding information about goods and services
Tech & Innovation,tin00096,Individuals using the internet for buying goods or services
Tech & Innovation,tin00098,Individuals using the internet for selling goods or services
Tech & Innovation,tin00099,Individuals using the internet for internet banking
Tech & Innovation,tin00102,Individuals using the internet for looking for a job or sending a job application
Tech & Innovation,tin00103,Individuals using the internet for doing an online course
Tech & Innovation,tin00111,Enterprises having received orders online (at least 1%) - % of enterprises
Tech & Innovation,tin00116,"Enterprises using software solutions, like CRM to analyse information about clients for marketing purposes"
Tech & Innovation,tin00127,Individuals using the internet for participating in social networks
Tech & Innovation,tin00134,Level of internet access - households
Tech & Innovation,tipsst10,Gross domestic expenditure on research and development (R&D)
Tech & Innovation,tsc00001,"Research and development expenditure, by sectors of performance"
Tech & Innovation,tsc00003,researchers by sectors of performance - head count
Tech & Innovation,tsc00025,Human resources in science and technology (HRST)
Tech & Innovation,tsc00031,Intramural R&D expenditure (GERD) by source of funds
Tech & Innovation,urt_ipr_dr,Registered Community designs (RCD) by other typologies
Transports,avia_ec_emp_arp,Persons employed in main airports by sex
Transports,avia_ec_emp_ent,Persons employed in aviation and airport enterprises by sex
Transports,avia_ec_enterp,Aviation and airport enterprises
Transports,avia_eq_arc_age,Commercial aircraft fleet by age of aircraft and country of operator
Transports,avia_eq_arc_agereg,Commercial aircraft fleet by age of aircraft and country of registration
Transports,avia_if_arp,Commercial airports by type
Transports,avia_tpgo,Freight and mail air transport over national territory (including territorial sea) - million tonne-km
Transports,avia_tppa,Passenger air transport over national territory (including territorial sea) - million passenger-km
Transports,enpe_mar_go,Gross weight of goods handled
Transports,enpe_rail_go,Goods transported
Transports,enpe_rail_if,Length of lines
Transports,enpe_road_eqs_car,Passenger cars
Transports,enpe_road_go,Road freight transport
Transports,enpe_road_if,Length of roads network
Transports,enpe_road_pa,Passenger road transport
Transports,enps_avia_fr,Freight and mail air transport (including national transport)
Transports,enps_avia_if,Number of airports
Transports,enps_avia_pa,Air passenger transport
Transports,enps_avia_typ,Commercial aircraft fleet by type of aircraft
Transports,enps_mar_eq1000,Number of ships of 1000 grt and over by type
Transports,enps_mar_eq300,Number of ships of 300 grt and over
Transports,enps_mar_eqton,Carrying capacity of merchant ships of 1000 grt and over by vessel type
Transports,enps_mar_frdir,Gross weight of goods handled in all ports by direction
Transports,enps_mar_padir,Passengers embarked and disembarked (excluding cruises) in all ports by direction
Transports,enps_mar_por,Number of principal ports
Transports,enps_rail_eq,Number of railway vehicles per type
Transports,enps_rail_fr,Rail freight traffic
Transports,enps_rail_if,Length of network
Transports,enps_rail_pa,Rail passenger traffic
Transports,enps_road_eqs_car,Stock of vehicles by category
Transports,enps_road_go,Road freight transport
Transports,enps_road_if,Length of roads network
Transports,iww_ac_nbac,Accidents in inland waterway transport
Transports,iww_ec_employ,Employment in inland waterways transport enterprises by number of vessels in enterprises -
Transports,iww_ec_empsex,Employment in inland waterways transport enterprises by sex -
Transports,iww_ec_ent_c,Carrying capacity of the inland waterway transport enterprises vessels by number of vessels in enterprises -
Transports,iww_ec_ent_n,Inland waterway transport enterprises by number of vessels -
Transports,iww_ec_invest,Expenditure on inland waterway transport infrastructure and freight vessels
Transports,iww_eq_age_loa,Load capacity of self-propelled vessels by year of construction
Transports,iww_eq_power_lo,Power of self-propelled vessels by load capacity
Transports,iww_go_actygo07,Container transport by type of goods and coverage
Transports,iww_if_hordim,"Navigable inland waterways, by horizontal dimensions of vessels and pushed convoys"
Transports,iww_if_infrastr,Length of navigable inland waterways by waterway type
Transports,iww_tf_vetf,Vessel traffic
Transports,mar_mg_aa_cwh,Country level - gross weight of goods handled in all ports
Transports,mar_mg_aa_pwhd,Gross weight of goods handled in the top 20 ports by direction
Transports,mar_mg_am_cvh,"Country level - volume (in TEUs) of containers handled in main ports, by loading status"
Transports,mar_mg_am_cwt,Country level - gross weight of goods transported to/from main ports
Transports,mar_mg_am_pvh,Volume of containers handled in the top 20 main ports by loading status
Transports,mar_mp_aa_cph,Country level - passengers embarked and disembarked in all ports
Transports,mar_mp_aa_pphd,Passengers embarked and disembarked in the top 20 ports
Transports,mar_mp_am_cft,Passengers (excluding cruise passengers) transported from/to the main ports
Transports,mar_pa_qm_me,Passengers (excluding cruise passengers) transported from/to the main ports - - quarterly data
Transports,mar_pa_qm_mt,Passengers (excluding cruise passengers) transported from/to the main ports - - quarterly data
Transports,mar_qg_qm_cwh,Country level - gross weight of goods handled in main ports
Transports,mar_qg_qm_ewhd,"Eu level - gross weight of goods handled in main ports, by direction"
Transports,mar_qg_qm_ewhg,"Eu level - gross weight of goods handled in main ports, by various types of partner geographical areas"
Transports,mar_qg_qm_ewhk,"Eu level - gross weight of goods handled in main ports, by type of cargo"
Transports,mar_qg_qm_ewht,"Eu level - gross weight of goods handled in main ports, by type of traffic"
Transports,mar_qg_qm_pvh,Top 5 ports for volume of containers - volume (in TEUs) of containers handled in each port
Transports,mar_qg_qm_pwh,Top 5 ports - gross weight of goods handled in each port
Transports,mar_qg_qm_pwhc,Top 5 ports for containers - gross weight of goods in containers handled in each port
Transports,mar_qg_qm_pwhl,Top 5 ports for liquid bulk - gross weight of liquid bulk goods handled in each port
Transports,mar_qg_qm_pwhr,Top 5 ports for Ro-ro units - gross weight of goods in Ro-Ro units handled in each port
Transports,mar_sg_am_cv,"Short sea shipping - country level - volume (in TEU's) of containers transported to/from main ports, by loading status"
Transports,mar_sg_am_cwd,"Short sea shipping - country level - gross weight of goods transported to/from main ports, by direction"
Transports,mar_sg_am_ewx,"Short sea shipping - level - gross weight of goods transported to/from main ports, by type of cargo for each sea region of partner ports"
Transports,mar_sg_am_pwb,Gross weight of dry bulk goods transported in short sea shipping from/to the top 5 ports for dry bulk goods
Transports,mar_sg_am_pwc,Gross weight of goods in containers transported in short sea shipping from/to the top 5 ports for goods in containers
Transports,mar_sg_am_pwl,Gross weight of liquid bulk goods transported in short sea shipping from/to the top 5 ports for liquid bulk goods
Transports,mar_sg_am_pwr,Gross weight of goods in Ro-ro units transported in short sea shipping from/to the top 5 ports for goods in Ro-ro units
Transports,mar_tp_go,Maritime goods transport performed in the Exclusive Economic Zone of the countries
Transports,mar_tp_pa,Maritime passenger transport performed in the Exclusive Economic Zone of the countries
Transports,mar_tp_sss,Maritime goods short-sea shipping performed in the Exclusive Economic Zone of the countries
Transports,mar_v_est,Vessels arriving in main ports by type of vessels (estimates) - experimental statistics
Transports,med_air1,Air transport infrastructure: airports
Transports,med_air2,Air transport infrastructure: length of paved runways
Transports,med_air3,Air transport equipment: number of aircrafts
Transports,med_air4,Air transport traffic: number of aircraft movements
Transports,med_air5,Air transport traffic: freight and passengers
Transports,med_ma1,Maritime transport infrastructure: ports
Transports,med_ma2,Maritime equipment - number of ships of 1 000 grt and over
Transports,med_ma3,Maritime equipment - number of ships of 300 grt and over
Transports,med_ma4,Maritime equipment - carrying capacity of ships of 1 000 grt and over
Transports,med_ma5,Maritime equipment - carrying capacity of ships of 300 grt and over
Transports,med_ma6,Maritime traffic: ship movements
Transports,med_ma7,Maritime traffic: passengers and freight
Transports,med_ra1,Rail infrastructure: length of network
Transports,med_ra2,Rail equipment: number of locomotives and passenger railways vehicles
Transports,med_ra3,Rail equipment: number and capacity of railways vehicles
Transports,med_ra4,Rail equipment: number and load capacity of goods transport wagons
Transports,med_ra5,Rail passenger and freight traffic
Transports,med_rd1,Road infrastructure: lenght of road network
Transports,med_rd2,Road equipment: number of road vehicles by categories
Transports,med_rd3,Road equipment: number of road vehicles by age
Transports,med_rd4,Road equipment: load capacity of lorries
Transports,med_rd5,Road equipment: new registrations by categories
Transports,med_rd6,Road traffic: road freight transport in volume
Transports,nrg_dhdc_n,Number and length of district networks by type of network and efficiency of network
Transports,pipe_ec_employ,Persons employed in oil pipeline enterprises by sex
Transports,pipe_if_capac,Carrying capacity of pipelines operated
Transports,pipe_if_lenght,Length of pipelines operated
Transports,qoe_ewcs_3c3,Mean duration of commuting time one-way between work and home by sex and age
Transports,rail_ac_catnmbr,Railway accidents by type of accident - annual data
Transports,rail_ec_emplo_s,Persons employed in principal railway enterprises by sex (until
Transports,rail_ec_expend,Expenditure on rolling stock and railway infrastructure
Transports,rail_eq_pa_csb,Seat/berth capacity of passenger railway vehicles
Transports,rail_eq_pa_cty,Seat capacity of passenger railway vehicles by type of vehicles
Transports,rail_eq_pa_nca,Passenger railway vehicles by category of vehicle (until
Transports,rail_eq_pa_nty,"Passenger railway vehicles, by type of vehicle"
Transports,rail_eq_trset,Trainsets and capacity by type of speed
Transports,rail_eq_vans,Railway transport vans
Transports,rail_go_consgmt,Goods transported by type of consignment
Transports,rail_go_quartal,Goods transported (detailed reporting only ) - Quarterly data
Transports,rail_go_total,Goods transported
Transports,rail_if_line_sp,Length of railway lines by maximum permitted speed
Transports,rail_if_lvlcros,Level crossings by type
Transports,rail_if_tracks,Length of railway tracks by electrification of tracks
Transports,rail_if_traff,Length of railway lines equipped with the railway traffic management system by type of signalling
Transports,rail_pa_nbcar,"Passenger cars in accompanied passenger car railway transport, by type of transport"
Transports,rail_pa_nbpass,"Passengers in accompanied passenger car railway transport, by type of transport"
Transports,rail_pa_speed,Passengers transported by type of train speed
Transports,rail_pa_total,Passengers transported
Transports,rail_tf_hauseat,Hauled passenger railway vehicle traffic performance by type of railway vehicle speed - seat km (until
Transports,rail_tf_hautkmo,Hauled vehicle traffic performance - tkm (until
Transports,rail_tf_ns10_at,Train traffic on the rail network -
Transports,rail_tf_ns10_be,Train traffic on the rail network -
Transports,rail_tf_ns10_bg,Train traffic on the rail network -
Transports,rail_tf_ns10_dk,Train traffic on the rail network -
Transports,rail_tf_ns10_ee,Train traffic on the rail network -
Transports,rail_tf_ns10_el,Train traffic on the rail network -
Transports,rail_tf_ns10_fi,Train traffic on the rail network -
Transports,rail_tf_ns10_hr,Train traffic on the rail network -
Transports,rail_tf_ns10_hu,Train traffic on the rail network -
Transports,rail_tf_ns10_ie,Train traffic on the rail network -
Transports,rail_tf_ns10_li,Train traffic on the rail network -
Transports,rail_tf_ns10_lt,Train traffic on the rail network -
Transports,rail_tf_ns10_lu,Train traffic on the rail network -
Transports,rail_tf_ns10_lv,Train traffic on the rail network -
Transports,rail_tf_ns10_mk,Train traffic on the rail network - the Former Yugoslav Republic of Macedonia
Transports,rail_tf_ns10_no,Train traffic on the rail network -
Transports,rail_tf_ns10_pt,Train traffic on the rail network -
Transports,rail_tf_ns10_ro,Train traffic on the rail network -
Transports,rail_tf_ns10_si,Train traffic on the rail network -
Transports,rail_tf_ns10_sk,Train traffic on the rail network -
Transports,rail_tf_ns10_tr,Train traffic on the rail network -
Transports,rail_tf_ns15_be,Train traffic on the rail network -
Transports,rail_tf_ns15_bg,Train traffic on the rail network -
Transports,rail_tf_ns15_cz,Train traffic on the rail network - Czech Republic
Transports,rail_tf_ns15_dk,Train traffic on the rail network -
Transports,rail_tf_ns15_ee,Train traffic on the rail network -
Transports,rail_tf_ns15_fi,Train traffic on the rail network -
Transports,rail_tf_ns15_hr,Train traffic on the rail network -
Transports,rail_tf_ns15_hu,Train traffic on the rail network -
Transports,rail_tf_ns15_ie,Train traffic on the rail network -
Transports,rail_tf_ns15_li,Train traffic on the rail network -
Transports,rail_tf_ns15_lt,Train traffic on the rail network -
Transports,rail_tf_ns15_lu,Train traffic on the rail network -
Transports,rail_tf_ns15_lv,Train traffic on the rail network -
Transports,rail_tf_ns15_mk,Train traffic on the rail network - the Former Yugoslav Republic of Macedonia
Transports,rail_tf_ns15_no,Train traffic on the rail network -
Transports,rail_tf_ns15_pt,Train traffic on the rail network -
Transports,rail_tf_ns15_ro,Train traffic on the rail network -
Transports,rail_tf_ns15_si,Train traffic on the rail network -
Transports,rail_tf_ns15_sk,Train traffic on the rail network -
Transports,rail_tf_ns15_tr,Train traffic on the rail network -
Transports,rail_tf_ns20_bg,Train traffic on the rail network -
Transports,rail_tf_ns20_cz,Train traffic on the rail network -
Transports,rail_tf_ns20_dk,Train traffic on the rail network -
Transports,rail_tf_ns20_ee,Train traffic on the rail network -
Transports,rail_tf_ns20_el,Train traffic on the rail network -
Transports,rail_tf_ns20_fi,Train traffic on the rail network -
Transports,rail_tf_ns20_hr,Train traffic on the rail network -
Transports,rail_tf_ns20_hu,Train traffic on the rail network -
Transports,rail_tf_ns20_ie,Train traffic on the rail network -
Transports,rail_tf_ns20_lt,Train traffic on the rail network -
Transports,rail_tf_ns20_lu,Train traffic on the rail network -
Transports,rail_tf_ns20_lv,Train traffic on the rail network -
Transports,rail_tf_ns20_mk,Train traffic on the rail network - North Macedonia
Transports,rail_tf_ns20_no,Train traffic on the rail network -
Transports,rail_tf_ns20_pt,Train traffic on the rail network -
Transports,rail_tf_ns20_ro,Train traffic on the rail network -
Transports,rail_tf_ns20_si,Train traffic on the rail network -
Transports,rail_tf_ns20_sk,Train traffic on the rail network -
Transports,rail_tf_ns20_tr,Train traffic on the rail network -
Transports,rail_tf_ns_at,Train traffic on the rail network -
Transports,rail_tf_ns_be,Train traffic on the rail network -
Transports,rail_tf_ns_dk,Train traffic on the rail network -
Transports,rail_tf_ns_ee,Train traffic on the rail network -
Transports,rail_tf_ns_el,Train traffic on the rail network -
Transports,rail_tf_ns_fi,Train traffic on the rail network -
Transports,rail_tf_ns_hu,Train traffic on the rail network - Hungaria
Transports,rail_tf_ns_ie,Train traffic on the rail network -
Transports,rail_tf_ns_li,Train traffic on the rail network -
Transports,rail_tf_ns_lt,Train traffic on the rail network -
Transports,rail_tf_ns_lu,Train traffic on the rail network -
Transports,rail_tf_ns_lv,Train traffic on the rail network -
Transports,rail_tf_ns_no,Train traffic on the rail network -
Transports,rail_tf_ns_pt,Train traffic on the rail network -
Transports,rail_tf_ns_si,Train traffic on the rail network -
Transports,rail_tf_ns_sk,Train traffic on the rail network -
Transports,rail_tf_ns_tr,Train traffic on the rail network -
Transports,rail_tf_passmov,Passenger train traffic performance by type of train speed
Transports,rail_tf_trainmv,Goods and passenger train traffic performance
Transports,road_ec_empl,Persons employed in goods road transport enterprises by employment size classes
Transports,road_ec_empl_s,Persons employed in goods road transport enterprises by sex
Transports,road_ec_entemp,Goods road transport enterprises by employment size classes
Transports,road_ec_entveh,Goods road transport enterprises by number of vehicles
Transports,road_ec_invest,Expenditure on road transport vehicles and road infrastructure
Transports,road_eqr_bum,"New motor coaches, buses and trolley buses by type of motor energy (until"
Transports,road_eqr_bussea,"Seat capacity of new motor coaches, buses and trolley buses"
Transports,road_eqr_busveh,"New motor coaches, buses and trolley buses , by type of vehicles"
Transports,road_eqr_carbua,"New passenger cars, motor coaches, buses and trolley buses by alternative motor energy (until"
Transports,road_eqr_loralt,New lorries by alternative motor energy and load capacity of +/- 1500 kg (until
Transports,road_eqr_lsttt,"Load capacity of new lorries, semi-trailers and trailers, by type of carriage (until"
Transports,road_eqr_mopeds,New mopeds and motorcycles by type of motor energy
Transports,road_eqr_motors,New motorcycles by engine size
Transports,road_eqr_semit,"New semi-trailers and their load capacity, by permissible maximum gross weight"
Transports,road_eqr_spurp,New special purpose road vehicles
Transports,road_eqr_tracm,New road tractors by type of motor energy (until
Transports,road_eqr_trail,"New trailers and their load capacity, by permissible maximum gross weight"
Transports,road_eqr_trailn,New trailers and their load capacity (until
Transports,road_eqr_trams,New trams
Transports,road_eqs_busmot_h,"New motor coaches, buses and trolley buses by type of motor energy (until"
Transports,road_eqs_bussea,"Seats /berths in motor coaches, buses and trolley buses"
Transports,road_eqs_busveh,"Motor coaches, buses and trolley buses, by type of vehicle"
Transports,road_eqs_carage,Passenger cars by age
Transports,road_eqs_caralt,Passenger cars by alternative motor energy (until
Transports,road_eqs_carhab,Passenger cars - per thousand inhabitants
Transports,road_eqs_motorc,Motorcycles by engine size
Transports,road_eqs_roaene_h,Road tractors by type of motor energy (until
Transports,road_eqs_semit,"Semi-trailers and their load capacity, by permissible maximum gross weight"
Transports,road_eqs_semitn,Semi-trailers by load capacity (until
Transports,road_eqs_spurp,Special purpose road vehicles
Transports,road_eqs_trail,"Trailers and their load capacity, by permissible maximum gross weight"
Transports,road_eqs_trailn,Trailers by load capacity (until
Transports,road_eqs_trams,Trams
Transports,road_eqs_unlweig,Passenger cars by unloaded weight
Transports,road_go_ca_c,"Road cabotage transport by country in which cabotage takes place (t, tkm) - (from onwards)"
Transports,road_go_ca_d_c,Road cabotage transport by country in which cabotage takes place (tkm) -
Transports,road_go_ca_d_ha,Road cabotage transport performed by each reporting country (tkm) -
Transports,road_go_na_rl3g$dv_1581,National road freight transport by region of loading (NUTS 3) and type of goods (t) - annual data (from onwards)
Transports,road_go_na_ru3g$dv_1582,National road freight transport by region of unloading (NUTS 3) and type of goods (t) - annual data (from onwards)
Transports,road_if_barea,Length of other roads within/outside built-up areas
Transports,road_if_bsurfa,Length of paved and unpaved roads
Transports,road_if_motorwa,Length of motorways and e-roads
Transports,road_pa_mov,National passenger road transport performance by type of vehicles registered in the reporting country
Transports,road_tert_go,"Territorialised road freight transport, by transport coverage – annual data"
Transports,road_tf_buscoa,Buses and coaches traffic performance registered in the reporting country by transport covarage
Transports,sdg_09_50,Share of buses and trains in inland passenger transport
Transports,sdg_09_60,Share of rail and inland waterways in inland freight transport
Transports,tgs00075,Maritime transport of passengers by NUTS 2 regions
Transports,tgs00076,Maritime transport of freight by NUTS 2 regions
Transports,tgs00077,Air transport of passengers by NUTS 2 regions
Transports,tgs00078,Air transport of freight by NUTS 2 regions
Transports,tin00195,Average expenditure per trip
Transports,tran_hv_frmod,Modal split of inland freight transport
Transports,tran_hv_frtra,Volume of freight transport relative to GDP
Transports,tran_hv_ms_frmod,"Modal split of air, sea and inland freight transport"
Transports,tran_hv_ms_psmod,"Modal split of air, sea and inland passenger transport"
Transports,tran_hv_pstra,Volume of passenger transport relative to GDP
Transports,tran_im_mosp,Modal shift potential of long-distance road freight in containers - tonne-kilometre
Transports,tran_im_mospt,Modal shift potential of long-distance road freight in containers - tonne
Transports,tran_im_uiww,Unitisation in inland waterways freight transport - tonne-kilometre for gross-gross weight of goods
Transports,tran_im_umar,Unitisation in maritime freight transport - tonnes for gross weight of goods
Transports,tran_im_umod,Unitisation in the different modes of transport - tonne-kilometre for gross weight of goods
Transports,tran_im_urail,Unitisation in rail freight transport- tonne-kilometre for gross-gross weight of goods
Transports,tran_im_uroad,Unitisation in road freight transport - tonne-kilometre for gross weight of goods
Transports,tran_sf_marv,Maritime accident victims by sea basin of occurrence and country of registration of vessels
Transports,tran_sf_marves,"Maritime accident victims by sea basin of occurrence, country of registration of vessels and type of vessels"
Transports,tran_sf_railac,Rail accidents by type of accident
Transports,tran_sf_raildg,Rail accidents involving the transport of dangerous goods
Transports,ttr00001,Volume of passenger transport relative to GDP
Transports,ttr00002,length of motorways
Transports,ttr00003,length of railway lines
Transports,ttr00005,Goods transport by road
Transports,ttr00006,Goods transport by rail
Transports,ttr00007,Goods transport by inland waterways
Transports,ttr00009,Sea transport of goods
Transports,ttr00011,Air transport of goods by country (yearly data)
Transports,ttr00012,Air transport of passengers by country (yearly data)
Transports,ttr00015,Rail transport of passengers
Transports,ttr00016,Air transport of passengers by country and type of transport (monthly data)
Transports,tus_00travel,Time spent on travelling by mode of transport
