measure,domain
3-month rates for euro area countries - annual data,Money & Markets
3-month rates for euro area countries - quarterly data,Money & Markets
3-month-interest rate,Money & Markets
Abortion indicators,Health & Safety
Access to basic services and housing,"People, Work & Living Conditions"
Accidental injuries at work in by sex,Health & Safety
Accidents in inland waterway transport,Transports
Accidents involving the transport of dangerous goods - annual data,Transports
Accommodation establishments,Living Well
Acquisition of citizenship,"People, Work & Living Conditions"
Activity rate by sex,"People, Work & Living Conditions"
Activity rates 15-64 years old by sex,"People, Work & Living Conditions"
Activity rates by sex and age,"People, Work & Living Conditions"
Additional indicators,"People, Work & Living Conditions"
Adjusted gross disposable income of households per capita,"People, Work & Living Conditions"
Adjusted gross disposable income of households per capita in PPS,"People, Work & Living Conditions"
Adult participation in learning in the past four weeks by sex,Learning & Education
Age at which the person first received an old-age pension (years),"People, Work & Living Conditions"
Aggregate propensity to consume by activity status of the reference person - experimental statistics,"People, Work & Living Conditions"
Aggregate propensity to consume by degree of urbanisation - experimental statistics,"People, Work & Living Conditions"
Aggregate propensity to consume by household type - experimental statistics,"People, Work & Living Conditions"
Aggregate propensity to consume by income quintile - experimental statistics,"People, Work & Living Conditions"
Aggregate replacement ratio,"People, Work & Living Conditions"
Aggregate replacement ratio for pensions (excluding other social benefits) by sex,"People, Work & Living Conditions"
Aggregate replacement ratio for pensions (excluding other social benefits) by sex - EU-SILC survey,"People, Work & Living Conditions"
Agricultural holdings by age of holder,Environment & Natural Resources and Production
Agricultural holdings by age of manager,Environment & Natural Resources and Production
Agricultural holdings by agricultural area,Environment & Natural Resources and Production
Agricultural holdings by crops,Environment & Natural Resources and Production
Agricultural holdings with livestock,Environment & Natural Resources and Production
Agricultural holdings by economic size of the farm (Standard Output in Euro),Environment & Natural Resources and Production
Agricultural land prices by region - historical data (until,Environment & Natural Resources and Production
Agricultural land renting prices for one year by region - historical data (until,Environment & Natural Resources and Production
Agricultural real factor income per annual work unit (AWU),Money & Markets
Air passenger transport,Transports
Air transport equipment: number of aircrafts,Transports
Air transport infrastructure: airports,Transports
Air transport infrastructure: length of paved runways,Transports
Air transport of goods by country (yearly data),Transports
Air transport traffic: freight and passengers,Transports
Air transport traffic: number of aircraft movements,Transports
Air emission intensity from industry,Environment & Natural Resources and Production
Air emissions per sector and per gas,Environment & Natural Resources and Production
Air pollutants,Environment & Natural Resources and Production
Air transport of freight by NUTS 2 regions,Transports
Air transport of passengers by NUTS 2 regions,Transports
Air transport of passengers by country (yearly data),Transports
Air transport of passengers by country and type of transport (monthly data),Transports
All valid permits by reason on 31 December of each year,Environment & Natural Resources and Production
Ammonia emissions from agriculture,Environment & Natural Resources and Production
Ammonia emissions from agriculture - % of total emissions,Environment & Natural Resources and Production
Animal output - basic and producer prices,Money & Markets
Annual aquaculture production - live weight in tonnes,Environment & Natural Resources and Production
Annual captures of fish - live weight in tonnes - by fishing areas,Environment & Natural Resources and Production
"Annual earnings by economic control (enterprises with 10 employed persons or more) - NACE Rev. 1.1, C-O excluding L","People, Work & Living Conditions"
"Annual earnings by economic control (enterprises with 10 employed persons or more) - NACE Rev. 2, B-S excluding O","People, Work & Living Conditions"
"Annual earnings by quantiles and contractual working time (enterprises with 10 employed persons or more) - NACE Rev. 1.1, C-O excluding L","People, Work & Living Conditions"
"Annual earnings by quantiles and contractual working time (enterprises with 10 employed persons or more) - NACE Rev. 2, B-S excluding O","People, Work & Living Conditions"
Annual freshwater abstraction by source,Environment & Natural Resources and Production
Annual net earnings of a full-time single worker without children earning an average wage,"People, Work & Living Conditions"
Annual production and utilisation of milk on the farm,Environment & Natural Resources and Production
Annual work units in forestry and logging,Environment & Natural Resources and Production
Apparent cost of general government gross debt,Money & Markets
Applicants having benefited from material reception conditions at the end of the reference year - annual data,"People, Work & Living Conditions"
Aquaculture production by aquatic environment,Environment & Natural Resources and Production
Aquaculture production in tonnes and value,Environment & Natural Resources and Production
Area at risk of severe soil erosion by water,Environment & Natural Resources and Production
Area of wooded land FE),Environment & Natural Resources and Production
Area under organic farming,Environment & Natural Resources and Production
Area under wine-grape vine varieties broken down by vine variety and by age of the vines -,Environment & Natural Resources and Production
area by species (area in ha),Environment & Natural Resources and Production
"Arrears (mortgage or rent, utility bills or hire purchase) by NUTS regions",Money & Markets
Arrears on non-housing bills by income quintile,"People, Work & Living Conditions"
Arrears on non-housing bills by risk of poverty threshold,"People, Work & Living Conditions"
Arrivals at tourism accommodation establishments by type of accommodation,Living Well
Arrivals by type of accommodation,Living Well
Arrivals of non-residents at hotels and similar accomodation establishments,Living Well
Arrivals of residents/non-residents at tourist accommodation establishments,Living Well
Arrivals of tourists at the border,Living Well
Asylum applicants by type - annual aggregated data,"People, Work & Living Conditions"
Asylum applicants by type - monthly data,"People, Work & Living Conditions"
"Asylum applicants by type, citizenship, age and sex - annual aggregated data","People, Work & Living Conditions"
Asylum applicants considered to be unaccompanied minors - annual data,"People, Work & Living Conditions"
"Asylum applicants having had their applications processed under the accelerated procedure, by age, sex and citizenship - monthly data","People, Work & Living Conditions"
Asylum applications by state of procedure,"People, Work & Living Conditions"
"Asylum applications withdrawn by citizenship, age, sex and type of withdrawal - annual aggregated data","People, Work & Living Conditions"
Asylum decisions at final instance by type of decision - % of total decisions at final instance,"People, Work & Living Conditions"
Asylum decisions at first instance by type of decision - % of total decisions at first instance,"People, Work & Living Conditions"
"At least upper secondary educational attainment, age group 20-24 by sex",Learning & Education
"At least upper secondary educational attainment, age group 25-64 by sex",Learning & Education
At most lower secondary educational attainment by age,Learning & Education
At risk of poverty or social exclusion rate for elderly (65+),"People, Work & Living Conditions"
At risk-of-poverty rate for the population living in (quasi-)jobless households,"People, Work & Living Conditions"
At-risk-of poverty rate,"People, Work & Living Conditions"
At-risk-of poverty rate by household type - EU-SILC survey,"People, Work & Living Conditions"
At-risk-of poverty rate by tenure status - EU-SILC survey,"People, Work & Living Conditions"
At-risk-of poverty rate for adults (aged 25 to 59 years) by educational attainment level of their parents,"People, Work & Living Conditions"
At-risk-of poverty rate for adults (aged 25 to 59 years) by level of financial situation of their households when respondent was around 14 years old,"People, Work & Living Conditions"
At-risk-of poverty rate for children (aged less than 18) by sex,"People, Work & Living Conditions"
At-risk-of poverty rate for children by citizenship of their parents (population aged 0 to 17 years),"People, Work & Living Conditions"
At-risk-of poverty rate for children by country of birth of their parents (population aged 0 to 17 years),"People, Work & Living Conditions"
At-risk-of-poverty rate anchored at a fixed moment in time by age and sex - EU-SILC survey,"People, Work & Living Conditions"
At-risk-of-poverty rate anchored at a fixed moment in time by age group - EU-SILC survey,"People, Work & Living Conditions"
At-risk-of-poverty rate anchored at a fixed moment in time by sex - EU-SILC survey,"People, Work & Living Conditions"
At-risk-of-poverty rate before social transfers by sex - EU-SILC survey,"People, Work & Living Conditions"
"At-risk-of-poverty rate by poverty threshold, age and sex - EU-SILC and ECHP surveys","People, Work & Living Conditions"
At-risk-of-poverty rate by sex,"People, Work & Living Conditions"
At-risk-of-poverty rate for pensioners - EU-SILC survey,"People, Work & Living Conditions"
At-risk-of-poverty rate of elderly people by tenure status - EU-SILC survey,"People, Work & Living Conditions"
At-risk-of-poverty rate of older people by sex - EU-SILC survey,"People, Work & Living Conditions"
At-risk-of-poverty threshold - EU-SILC survey,"People, Work & Living Conditions"
At-risk-of-poverty threshold for a single household,"People, Work & Living Conditions"
"At-risk-of-poverty-rate, by highest level of education attained","People, Work & Living Conditions"
At-risk of poverty rate of unemployed persons,"People, Work & Living Conditions"
At-risk-of-poverty rate by NUTS 2 regions,"People, Work & Living Conditions"
At-risk-of-poverty rate after deducting housing costs by degree of urbanisation,"People, Work & Living Conditions"
At-risk-of-poverty rate after social transfers by sex,"People, Work & Living Conditions"
Autonomous pension funds - number of enterprises by size class of investments,Money & Markets
Autonomous pension funds - number of enterprises by size class of members,Money & Markets
Autonomous pension funds - total investments by currencies,Money & Markets
Available beds in hospitals by NUTS 2 regions,Health & Safety
Average household size - EU-SILC survey,"People, Work & Living Conditions"
Average CO2 emissions per km from new passenger cars (source: DG CLIMA) - HIDDEN DAT,Environment & Natural Resources and Production
Average age at which employed persons started receiving a retirement pension - by sex and main financial incentive to stay at work,"People, Work & Living Conditions"
Average expenditure per night,Living Well
Average expenditure per trip,Transports
Average full time adjusted salary per employee,"People, Work & Living Conditions"
"Average gross annual earnings in industry and services, by sex","People, Work & Living Conditions"
Average nominal monthly wages and salaries,"People, Work & Living Conditions"
Average number of foreign languages studied per pupil by education level,Learning & Education
Average number of rooms per person by NUTS region,"People, Work & Living Conditions"
Average number of rooms per person by degree of urbanization,"People, Work & Living Conditions"
Average number of rooms per person by tenure status and dwelling type until - ECHP survey,"People, Work & Living Conditions"
Average number of weekly hours of formal care by age group - children with at least 1 hour of formal care - EU-SILC survey,"People, Work & Living Conditions"
Average number of weekly hours of formal care by age group - children with or without formal care - EU-SILC survey,"People, Work & Living Conditions"
Average number of weekly hours of other types of care by age group - children with at least one hour of other types of care - EU-SILC survey,"People, Work & Living Conditions"
Average number of weekly hours of other types of care by age group - children with or without other types of care - EU-SILC survey,"People, Work & Living Conditions"
Average population (mid-year),"People, Work & Living Conditions"
Average population mid-year by sex and age group,"People, Work & Living Conditions"
Average remuneration of national civil servants in central public administration,"People, Work & Living Conditions"
Aviation and airport enterprises,Transports
BERD by concentration of personnel (ranking),Tech & Innovation
Balance of payments,Money & Markets
"Balance of payments, capital account, monthly data",Money & Markets
"Balance of payments, capital account, quarterly data",Money & Markets
"Balance of payments, current account, monthly data",Money & Markets
"Balance of payments, current and capital account, monthly data",Money & Markets
"Balance of payments, current and capital account, quarterly data",Money & Markets
Balance of trade,Money & Markets
Balance of trade - and euro area aggregates,Money & Markets
Balancing items,Money & Markets
"Barley by area, production and humidity",Environment & Natural Resources and Production
Bathing sites with excellent water quality by location,Environment & Natural Resources and Production
Beds in nursing and other residential long-term care facilities,Health & Safety
Beneficiaries of disability pensions by pension type,"People, Work & Living Conditions"
Beneficiaries of disability pensions by sex,"People, Work & Living Conditions"
"Beneficiaries of temporary protection at the end of the month by citizenship, age and sex - monthly data","People, Work & Living Conditions"
Beneficiaries of temporary protection by citizenship - per thousand persons,"People, Work & Living Conditions"
Biochemical oxygen demand in rivers,Environment & Natural Resources and Production
"Body mass index (BMI) by sex, age and educational attainment level",Health & Safety
"Body mass index (BMI) by sex, age and income quintile",Health & Safety
Breast cancer and cervical cancer screenings - historical data,Health & Safety
Bribery by legal status and sex of the person involved,Health & Safety
Broadband internet coverage by speed,Tech & Innovation
Building permits - annual data,Money & Markets
Building permits - monthly data,Money & Markets
Buses and coaches traffic performance registered in the reporting country by transport covarage,Transports
Business demography by size class and NACE Rev. 2 activity,Money & Markets
Business written in non-EEA countries,Money & Markets
CO2 emissions from the production and consumption (footprint) perspectives (FIGARO application),Environment & Natural Resources and Production
Capital account - annual data,Money & Markets
Carrying capacity of merchant ships of 1000 grt and over by vessel type,Transports
Carrying capacity of pipelines operated,Transports
Carrying capacity of the inland waterway transport enterprises vessels by number of vessels in enterprises -,Transports
Catches - north-west Pacific,Environment & Natural Resources and Production
Catches - west-central Pacific,Environment & Natural Resources and Production
Catches in all fishing regions,Environment & Natural Resources and Production
Causes of death - crude death rate by NUTS 2 region of residence,Health & Safety
Causes of death - potential years of life lost by residence,Health & Safety
"Causes of death, by sex",Health & Safety
Central government bond yields - annual data,Money & Markets
Central government bond yields - monthly data,Money & Markets
Central government bond yields - quarterly data,Money & Markets
"Cereals for the production of grain (including seed) by area, production and humidity",Environment & Natural Resources and Production
"Change of immigration status permits by age, sex and citizenship","People, Work & Living Conditions"
Child specific material deprivation rate by age (children aged less than 16 years),"People, Work & Living Conditions"
Child specific material deprivation rate by educational attainment level of their parents (children aged less than 16 years),"People, Work & Living Conditions"
Child specific material deprivation rate by household composition (children aged less than 16 years),"People, Work & Living Conditions"
Children at risk of poverty or social exclusion,"People, Work & Living Conditions"
"Children (aged 0 to 17) having neither a bath, nor a shower in their dwelling - EU-SILC survey","People, Work & Living Conditions"
Children (aged 0 to 17) not having indoor flushing toilet for the sole use of their household - EU-SILC survey,"People, Work & Living Conditions"
Children (aged less than 18) at risk of poverty or social exclusion - EU2030 target,"People, Work & Living Conditions"
Children (aged less than 18) living in households with very low work intensity by sex,"People, Work & Living Conditions"
Children aged less than 3 years in formal childcare,Learning & Education
Children cared only by their parents by age group - % over the population of each age group - EU-SILC survey,"People, Work & Living Conditions"
Children having one of their parents living outside the household,"People, Work & Living Conditions"
Children with unmet needs for medical examination or treatment by specific reason,Health & Safety
Circular material use rate,Environment & Natural Resources and Production
Circular material use rate by material type,Environment & Natural Resources and Production
"Classroom teachers working full-time and part-time in primary, lower-secondary and upper-secondary education - as % of total active population",Learning & Education
Climate related economic losses – values at constant prices,Money & Markets
Collection of cow's milk,Environment & Natural Resources and Production
Commercial aircraft fleet by age of aircraft and country of operator,Transports
Commercial aircraft fleet by age of aircraft and country of registration,Transports
Commercial aircraft fleet by type of aircraft,Transports
Commercial airports by type,Transports
Commissions payable by product,Money & Markets
Commissions receivable by product,Money & Markets
Common bird index by type of species - aggregate,Environment & Natural Resources and Production
Common bird indices by type of estimate,Environment & Natural Resources and Production
Common farmland bird index,Environment & Natural Resources and Production
Communication,Living Well
Debts,Money & Markets
Emigration,"People, Work & Living Conditions"
Employment,"People, Work & Living Conditions"
Erosion,Environment & Natural Resources and Production
Immigration,"People, Work & Living Conditions"
Landuse,Environment & Natural Resources and Production
Literacy,Learning & Education
Livestock,Environment & Natural Resources and Production
Trams,Transports
Wages,"People, Work & Living Conditions"
area,Environment & Natural Resources and Production
Community design applications,Money & Markets
Community design applications by metropolitan regions,Money & Markets
Community design applications by other typologies,Money & Markets
Community design applications by type of design,Money & Markets
Community design applications per billion GDP,Money & Markets
Community design applications per million population,Money & Markets
Community design applications per million population by metropolitan regions,Money & Markets
Community design applications per million population by other typologies,Money & Markets
Community designs by metropolitan regions,Money & Markets
Community designs by other typologies,Money & Markets
Community designs filed,Money & Markets
Community designs per million population by metropolitan regions,Money & Markets
Community designs per million population by other typologies,Money & Markets
Comparative price levels,Money & Markets
Compensation of employees,"People, Work & Living Conditions"
"Compensation of employees - annual data, million units of national currency","People, Work & Living Conditions"
Composition of municipal waste,Environment & Natural Resources and Production
Concentration of multinational enterprise groups by NACE Rev.2 activity - experimental statistics,Money & Markets
Confidence indicators by sector,Money & Markets
"Consolidated banking leverage, domestic and foreign entities (asset-to-equity multiple)",Money & Markets
Consultation of a dentist per inhabitant,Health & Safety
Consultation of a medical doctor (in private practice or as outpatient) per inhabitant – historical data,Health & Safety
Consultation of a medical doctor per inhabitant,Health & Safety
Consumer price index,Money & Markets
Consumption footprint – single weighted score,Environment & Natural Resources and Production
Consumption of antibiotics in the community and hospital sectors – defined daily doses (DDD) per day,Health & Safety
Consumption of chemicals by hazardousness - aggregate,Environment & Natural Resources and Production
Consumption of lightweight plastic carrier bags by their wall thickness,Environment & Natural Resources and Production
Container transport by type of goods and coverage,Transports
Contribution of recycled materials to raw materials demand - end-of-life recycling input rates (EOL-RIR),Environment & Natural Resources and Production
Contribution to the international 100bn USD commitment on climate related expending,Money & Markets
Convergence indicators,Money & Markets
Conversion factors for euro fixed series into euro/ECU - annual data,Money & Markets
Cooling and heating degree days by country - annual data,Environment & Natural Resources and Production
Correction coefficients in the European Union (Countries) - index = 100),"People, Work & Living Conditions"
Correction coefficients in the European Union (Duty stations) - index (Brussels = 100),"People, Work & Living Conditions"
Correction coefficients outside the European Union (Duty stations) - index (Brussels = 100),"People, Work & Living Conditions"
Corruption Perceptions Index,"People, Work & Living Conditions"
Country level - gross weight of goods handled in all ports,Transports
Country level - gross weight of goods handled in main ports,Transports
Country level - gross weight of goods transported to/from main ports,Transports
Country level - passengers embarked and disembarked in all ports,Transports
"Country level - volume (in TEUs) of containers handled in main ports, by loading status",Transports
Crimes recorded by the police,Health & Safety
Crimes recorded by the police: homicide in cities,Health & Safety
Crop output - basic and producer prices,Environment & Natural Resources and Production
Crop production,Environment & Natural Resources and Production
Crude divorce rate,"People, Work & Living Conditions"
Crude marriage rate,"People, Work & Living Conditions"
"Crude rate of birth, of dead and of population change","People, Work & Living Conditions"
Cultural employment by sex,"People, Work & Living Conditions"
Current account balance - 3 year average,Money & Markets
Current account balance - annual data,Money & Markets
"Current account transactions - credits, debits and balance",Money & Markets
"Current account transactions - goods: credits, debits and balance",Money & Markets
"Current account transactions - primary income: credits, debits and balance",Money & Markets
"Current account transactions - secondary income: credits, debits and balance",Money & Markets
"Current account transactions - services: credits, debits and balance",Money & Markets
"Current depressive symptoms by sex, age and educational attainment level",Health & Safety
"Current depressive symptoms by sex, age and income quintile",Health & Safety
Current level of capacity utilization in manufacturing industry,Environment & Natural Resources and Production
Customers by type of district network and efficiency of network,Tech & Innovation
"Daily consumption of fruit and vegetables by sex, age and educational attainment level",Health & Safety
"Daily smokers of cigarettes by sex, age and educational attainment level",Health & Safety
"Daily smokers of cigarettes by sex, age and income quintile",Health & Safety
Day-to-day money market interest rates,Money & Markets
Day-to-day rates for euro area countries - annual data,Money & Markets
Day-to-day rates for euro area countries - quarterly data,Money & Markets
"Death due to AIDS (HIV-disease), by sex",Health & Safety
"Death due to accidents, by sex",Health & Safety
"Death due to alcoholic abuse, by sex",Health & Safety
"Death due to cancer, by sex",Health & Safety
"Death due to chronic liver disease, by sex",Health & Safety
"Death due to diabetes mellitus, by sex",Health & Safety
"Death due to diseases of the nervous system, by sex",Health & Safety
"Death due to drugs dependence, by sex",Health & Safety
"Death due to homicide, assault, by sex",Health & Safety
"Death due to other ischaemic heart diseases, by sex",Health & Safety
"Death due to pneumonia, by sex",Health & Safety
"Death due to suicide, by sex",Health & Safety
"Death due to transport accidents, by sex",Health & Safety
Deaths and crude death rate,Health & Safety
Deaths by age and sex,Health & Safety
Deaths by sex,Health & Safety
Deaths of residents related to dementias including Alzheimer,Health & Safety
Debt of the institutions,Money & Markets
Decisions granting temporary protection by citizenship - per thousand persons,"People, Work & Living Conditions"
"Decisions granting temporary protection by citizenship, age and sex - annual aggregated data","People, Work & Living Conditions"
"Decisions granting temporary protection by citizenship, age and sex - monthly data","People, Work & Living Conditions"
"Decisions granting temporary protection by citizenship, age and sex - quarterly data","People, Work & Living Conditions"
Demographic indicators,"People, Work & Living Conditions"
Departures of residents going abroad for all holidays and business,Transports
Depth of material deprivation - EU-SILC survey,"People, Work & Living Conditions"
"Direct investment - annual data, million units of national currency",Money & Markets
"Direct investment abroad, main components - annual data, million units of national currency",Money & Markets
"Direct investment liabilities (flows) - annual data, % of GDP",Money & Markets
"Direct investment liabilities (stocks) - annual data, % of GDP",Money & Markets
Disaggregated final energy consumption in services – calorific values,Environment & Natural Resources and Production
Discharges from hospitals,Health & Safety
Dispersion around the at-risk-of-poverty threshold - EU-SILC survey,"People, Work & Living Conditions"
Dispersion around the at-risk-of-poverty threshold for elderly people - EU-SILC survey,"People, Work & Living Conditions"
Distribution of digital platform workers (at least one hour in the last month) by consequences of rejecting the task or service - experimental statistics,"People, Work & Living Conditions"
Distribution of digital platform workers (at least one hour in the last month) by educational attainment level - experimental statistics,"People, Work & Living Conditions"
Distribution of digital platform workers (at least one hour in the last month) by labour status - experimental statistics,"People, Work & Living Conditions"
Distribution of digital platform workers (at least one hour in the last month) by price setting - experimental statistics,"People, Work & Living Conditions"
Distribution of digital platform workers (at least one hour in the last month) by share of platform income in their earnings - experimental statistics,"People, Work & Living Conditions"
Distribution of digital platform workers (at least one hour in the last month) by social insurance coverage and risk - experimental statistics,"People, Work & Living Conditions"
Distribution of digital platform workers (at least one hour in the last month) by type of work assignment - experimental statistics,"People, Work & Living Conditions"
Distribution of digital platform workers (at least one hour in the last month) by working hours setting - experimental statistics,"People, Work & Living Conditions"
Distribution of digital platform workers (in the last 12 months) by number of hours worked in the last month - experimental statistics,"People, Work & Living Conditions"
Distribution of households by activity status of the reference person - experimental statistics,"People, Work & Living Conditions"
Distribution of households by age of the reference person - experimental statistics,"People, Work & Living Conditions"
Distribution of households by household size - EU-SILC survey,"People, Work & Living Conditions"
Distribution of households by household type - experimental statistics,"People, Work & Living Conditions"
Distribution of households by household type until - ECHP survey,"People, Work & Living Conditions"
Distribution of households with children by number of children - EU-SILC survey,"People, Work & Living Conditions"
Distribution of population by household types - EU-SILC survey,"People, Work & Living Conditions"
Diversity index of energy supply,Environment & Natural Resources and Production
Domestic industrial production price index,Money & Markets
Domestic producer prices - capital goods,Money & Markets
Domestic producer prices - consumer durables,Money & Markets
Domestic producer prices - consumer non-durables,Money & Markets
Domestic producer prices - energy,Money & Markets
Domestic producer prices - intermediate goods,Money & Markets
Domestic producer prices - manufacturing,Money & Markets
Domestic producer prices - total industry (excluding construction),Money & Markets
Domestic material consumption per capita,Environment & Natural Resources and Production
Drought impact area on ecosystems,Environment & Natural Resources and Production
"Dry pulses and protein crops for the production of grain (including seed and mixtures of cereals and pulses) by area, production and humidity",Environment & Natural Resources and Production
Duration of working life,"People, Work & Living Conditions"
"Dwellings by type of ownership, type of building and occupancy status","People, Work & Living Conditions"
ECU/EUR exchange rates versus national currencies,Money & Markets
EMU convergence criterion series - annual data,Money & Markets
EMU convergence criterion series - quarterly data,Money & Markets
Early leavers from education and training aged 18-24 by sex,Learning & Education
Early leavers from education and training by sex,Learning & Education
Early leavers from education and training by sex and labour status,Learning & Education
"Early leavers from education and training, age group 18-24",Learning & Education
"Early leavers from education and training, by citizenship",Learning & Education
Early retirement among persons who receive an old-age pension (%),"People, Work & Living Conditions"
Economic accounts for agriculture (EAA),Environment & Natural Resources and Production
Economic activity,Money & Markets
Economic sentiment indicator,Money & Markets
Economically inactive persons who receive a pension who would have wished to stay longer in employment (%),"People, Work & Living Conditions"
Effect of social transfers on income quintile share ratio S80/S20,"People, Work & Living Conditions"
Effect of taxes and social transfers on income quintile share ratio S80/S20,"People, Work & Living Conditions"
Effect of taxes on income quintile share ratio S80/S20,"People, Work & Living Conditions"
Effect of the search for information on learning possibilities,Learning & Education
Electricity prices by type of user,Money & Markets
Emigration by group of country of next usual residence,"People, Work & Living Conditions"
Employed persons discriminated at work during the last 12 months by sex and age,"People, Work & Living Conditions"
Employed persons expecting a possible loss of their job in the next 6 months by sex and age,"People, Work & Living Conditions"
"Employed persons exposed to employment-related physical, psychological or sexual violence in the last 12 months by sex and age","People, Work & Living Conditions"
Employed persons having a good relationship with their colleagues by sex and age,"People, Work & Living Conditions"
Employed persons having more than one job by sex,"People, Work & Living Conditions"
Employed persons having the opportunity to use their knowledge and skills in their current job by sex and age,"People, Work & Living Conditions"
Employed persons having to work at very high speed or to tight deadlines by sex and age,"People, Work & Living Conditions"
Employed persons participating in job-related non-formal education and training in the past 12 months by sex and age,"People, Work & Living Conditions"
Employed persons perceiving that their job-related non-formal education and training helped to improve the way they work by sex and age,"People, Work & Living Conditions"
Employed persons thinking that they do useful work by sex and age,"People, Work & Living Conditions"
Employed persons whose job involves improving their skills by sex and age,"People, Work & Living Conditions"
Employed persons whose work experience and job skills would be helpful to find another job by sex and age,"People, Work & Living Conditions"
Employed persons with ICT education by sex,"People, Work & Living Conditions"
Employed ICT specialists - total,"People, Work & Living Conditions"
Employed ICT specialists by age,"People, Work & Living Conditions"
Employed ICT specialists by sex,"People, Work & Living Conditions"
Employed in service sector and occupational status of recent school-leavers,"People, Work & Living Conditions"
Employed persons being able to choose their methods of work or to influence their pace of work by sex and age,"People, Work & Living Conditions"
Employed persons being able to influence decisions that affect their work by sex and age,"People, Work & Living Conditions"
Employed persons being self-employed without employees by sex,"People, Work & Living Conditions"
"Employed persons working at nights as a percentage of the total employment, by sex, age and professional status (%)","People, Work & Living Conditions"
"Employed persons working in the evenings as a percentage of the total employment, by sex, age and professional status (%)","People, Work & Living Conditions"
"Employed persons working on Saturdays as a percentage of the total employment, by sex, age and professional status (%)","People, Work & Living Conditions"
"Employed persons working on Sundays as a percentage of the total employment, by sex, age and professional status (%)","People, Work & Living Conditions"
Employees by flexibility of their working schedule and educational attainment level (1 000),"People, Work & Living Conditions"
Employees having a good relationship with their supervisor by sex and age,"People, Work & Living Conditions"
Employees receiving regular feedback from their supervisor by sex and age,"People, Work & Living Conditions"
Employees with a contract of limited duration (annual average),"People, Work & Living Conditions"
Employees with a flexible work schedule by sex,"People, Work & Living Conditions"
"Employees, domestic concept - annual data","People, Work & Living Conditions"
Employment characteristics,"People, Work & Living Conditions"
Employment growth (domestic concept),"People, Work & Living Conditions"
Employment rate,"People, Work & Living Conditions"
"Employment rate of adults by sex, age groups, educational attainment level, number of children and age of youngest child (%)","People, Work & Living Conditions"
"Employment rate of low skilled persons, age group 20-64","People, Work & Living Conditions"
"Employment rate of non-EU nationals, age group 20-64","People, Work & Living Conditions"
"Employment rate of older workers, age group 55-64","People, Work & Living Conditions"
Employment rates 15-64 years old by sex,"People, Work & Living Conditions"
"Employment rates by sex, age and educational attainment level (%)","People, Work & Living Conditions"
"Employment rates by sex, age and other typologies","People, Work & Living Conditions"
"Employment, domestic concept -","People, Work & Living Conditions"
"Employment, domestic concept - annual data","People, Work & Living Conditions"
Employment (thousand persons) by NUTS 3 regions,"People, Work & Living Conditions"
Employment and economic activity branches,Money & Markets
Employment and employment rates 20-64 years old by sex,"People, Work & Living Conditions"
Employment by professional status,"People, Work & Living Conditions"
employment by age group,"People, Work & Living Conditions"
Employment expectations by sectors,"People, Work & Living Conditions"
Employment expectations indicator,"People, Work & Living Conditions"
Employment in Foreign Affiliates of Domestic Enterprises,Money & Markets
Employment in Foreign Controlled Enterprises,Money & Markets
Employment in high- and medium-high technology manufacturing sectors and knowledge-intensive service sectors,"People, Work & Living Conditions"
Employment in inland waterways transport enterprises by number of vessels in enterprises -,Transports
Employment in inland waterways transport enterprises by sex -,Transports
Employment in sport by age,"People, Work & Living Conditions"
Employment in sport by sex,"People, Work & Living Conditions"
Employment rate by sex,"People, Work & Living Conditions"
"Employment rate, by citizenship","People, Work & Living Conditions"
Employment rates of recent graduates,"People, Work & Living Conditions"
End-stage renal failure (ESRF) patients – historical data,Health & Safety
Energy balance,Money & Markets
Energy consumption,Money & Markets
Energy productivity,Money & Markets
Energy taxes,Money & Markets
Energy - historical data former methodology and source),Environment & Natural Resources and Production
Energy import dependency by products,Environment & Natural Resources and Production
"Energy removed from district networks by customers, type of networks and efficiency of network",Environment & Natural Resources and Production
Energy self-reliance,Environment & Natural Resources and Production
Enterprises by impact of COVID-19 on turnover and NACE rev.2 activity aggregate - experimental statistics,Money & Markets
Enterprises by international sourcing status prior to the reference period and NACE Rev.2 activity aggregate - experimental statistics,Money & Markets
Enterprises by means of services supply and NACE rev.2 activity aggregate - experimental statistics,Money & Markets
Enterprises by movement of business functions from abroad and by NACE Rev.2 activity - experimental statistics,Money & Markets
"Enterprises by status of movement of business functions from abroad, business function and NACE Rev.2 activity - experimental statistics",Money & Markets
Enterprises by type of buyer power asymmetry in the global value chain and NACE rev.2 activity aggregate - experimental statistics,Money & Markets
Enterprises by type of supplier power asymmetry in the global value chain and NACE rev.2 activity aggregate - experimental statistics,Money & Markets
Enterprises employing IVT participants by NACE Rev. 1.1 activity - % of all enterprises,Money & Markets
Enterprises employing IVT participants by NACE Rev. 2 activity - % of all enterprises,Money & Markets
Enterprises employing IVT participants by size class - % of all enterprises,Money & Markets
Enterprises by sourcing status and enterprise group identification - collection round - experimental statistics,Money & Markets
Enterprises by type of movement of business functions from abroad and by NACE Rev.2 activity - experimental statistics,Money & Markets
Enterprises having received orders online (at least 1%) - % of enterprises,Money & Markets
"Enterprises in wholesale trade, repair of vehicles and motorcycles (NACE Rev.2, G) - changes in stocks",Money & Markets
Enterprises sourcing abroad,Money & Markets
"Enterprises using software solutions, like CRM to analyse information about clients for marketing purposes",Tech & Innovation
Enterprises with members in other countries,Money & Markets
Environmental protection investments of total economy,Environment & Natural Resources and Production
Environmental tax revenues,Money & Markets
Equidae - annual data,Environment & Natural Resources and Production
Estimated average age of young people leaving the parental household by sex,"People, Work & Living Conditions"
Estimated soil loss by water erosion by land cover type,Environment & Natural Resources and Production
"Estimated trends in fish stock biomass, by fishing areas",Environment & Natural Resources and Production
"Estimated trends in fishing pressure, by fishing area",Environment & Natural Resources and Production
"Eu level - gross weight of goods handled in main ports, by direction",Transports
"Eu level - gross weight of goods handled in main ports, by type of cargo",Transports
"Eu level - gross weight of goods handled in main ports, by type of traffic",Transports
"Eu level - gross weight of goods handled in main ports, by various types of partner geographical areas",Transports
"Euro yield curve by maturity (1, 5 and 10 years)",Money & Markets
Euro yield curves - annual data,Money & Markets
Euro/ECU exchange rates - annual data,Money & Markets
Euro/national currency exchange rates,Money & Markets
Euro-zone Business Climate Indicator - monthly data,Money & Markets
European Union trade mark (EUTM) applications,Money & Markets
European Union trade mark (EUTM) applications by nature of the trade mark,Money & Markets
European Union trade mark (EUTM) applications by type of the trade mark,Money & Markets
European Union trade mark (EUTM) applications per billion GDP,Money & Markets
European Union trade mark (EUTM) applications per million population,Money & Markets
Ever-partnered women who have experienced violence by an intimate partner and consequences of violence,Health & Safety
"Ever-partnered women who have experienced violence by an intimate partner, by age group",Health & Safety
"Ever-partnered women who have experienced violence by an intimate partner, by country of birth",Health & Safety
"Ever-partnered women who have experienced violence by an intimate partner, by degree of urbanisation",Health & Safety
"Ever-partnered women who have experienced violence by an intimate partner, by level of disability (activity limitation)",Health & Safety
"Ever-partnered women who have experienced violence by an intimate partner, by level of education",Health & Safety
"Ever-partnered women who have experienced violence by an intimate partner, by occurrence of the last episode",Health & Safety
"Ever-partnered women who have experienced violence by an intimate partner, by person/support service to whom violence was reported",Health & Safety
"Ever-partnered women who have experienced violence by an intimate partner, by type and frequency of violence",Health & Safety
"Ever-partnered women who have experienced violence by an intimate partner, by type of violence",Health & Safety
"Ever-working women who have experienced sexual harassment at work, by age group",Health & Safety
"Ever-working women who have experienced sexual harassment at work, by frequency",Health & Safety
"Ever-working women who have experienced sexual harassment at work, by occurrence of the last episode",Health & Safety
"Ever-working women who have experienced sexual harassment at work, by person/support service to whom violence was reported during last year",Health & Safety
"Ever-working women who have experienced sexual harassment at work, by type of male perpetrator",Health & Safety
Excess mortality by month,Health & Safety
Exchange rates,Money & Markets
Expected school years of pupils and students by education level,Learning & Education
Expenditure on pensions,Money & Markets
Expenditure on public educational institutions - as % of total or current expenditure,Money & Markets
Expenditure on education in constant prices,Learning & Education
Expenditure on inland waterway transport infrastructure and freight vessels,Transports
Expenditure on road transport vehicles and road infrastructure,Transports
Expenditure on rolling stock and railway infrastructure,Transports
Expenditure on social protection,"People, Work & Living Conditions"
Expenditure on social protection per inhabitant,"People, Work & Living Conditions"
expenditure on social benefits,"People, Work & Living Conditions"
expenditure on social protection by type,"People, Work & Living Conditions"
expenditure on social protection per head of population. ECU/EUR,"People, Work & Living Conditions"
expenditure on administration costs,Money & Markets
Export market shares - 3 years % change,Money & Markets
Export market shares by items - % of world total,Money & Markets
Export market shares by items - 1 year % change,Money & Markets
Export market shares in volume,Money & Markets
Export to import ratio,Money & Markets
Exports - electricity - monthly data,Money & Markets
Exports of goods - chemicals and related products,Money & Markets
"Exports of goods - food, drinks and tobacco",Money & Markets
Exports of goods - machinery and transport equipment,Money & Markets
"Exports of goods - mineral fuels, lubricants and related materials",Money & Markets
Exports of goods - other manufactured products,Money & Markets
Exports of goods - raw materials,Money & Markets
Exports of goods - total,Money & Markets
Exports of goods and services in % of GDP,Money & Markets
"Exports of high technology products as a share of total exports, SITC Rev. 4 - %",Money & Markets
Exposure of VET graduates to work-based learning,Learning & Education
"External balance of goods and services, current prices",Money & Markets
"Extra-EU27 (from trade, by Member State, total product",Money & Markets
"Extra-EU27 (from trade, by product group",Money & Markets
"Extra-euro area trade, by main partners, total product",Money & Markets
"Extra-euro area trade, by product group",Money & Markets
"FDI flows intensity, market integration",Money & Markets
Family nuclei by number of children,"People, Work & Living Conditions"
Farm labour force,"People, Work & Living Conditions"
Fat contents and protein contents (cow's milk) - annual data,Environment & Natural Resources and Production
"Fatal accidents at work per 100 000 workers, by sex",Health & Safety
"Female school-management personnel - as % of total school-management personnel, by education level",Learning & Education
Female tertiary education graduates in STEM education fields - % of all tertiary education graduates in STEM education fields,Learning & Education
Fertility indicators by NUTS 3 region,"People, Work & Living Conditions"
fertility rate,"People, Work & Living Conditions"
"Fetal, peri- and neonatal mortality rates by country of occurrence",Health & Safety
Final consumption expenditure,Money & Markets
Final consumption expenditure of general government,Money & Markets
"Final consumption expenditure of households and NPISH, current prices",Money & Markets
"Final consumption expenditure of households and NPISH, volumes",Money & Markets
Final consumption expenditure of households and non-profit institutions serving households,Money & Markets
Final consumption expenditure of households and non-profit institutions serving households - annual data,Money & Markets
Final decisions on asylum applicationsby type of decision - annual data,"People, Work & Living Conditions"
Final energy consumption,Environment & Natural Resources and Production
Final energy consumption in households per capita,Environment & Natural Resources and Production
Final energy consumption by agriculture/forestry per hectare of utilised agricultural area,Environment & Natural Resources and Production
Final energy consumption by sector,Environment & Natural Resources and Production
Financial account - annual data,Money & Markets
Financial accounts for institutions,Money & Markets
Financial aid to students,Learning & Education
Financial aid to students by education level - as % of total public expenditure,Learning & Education
"Financial derivatives and employee stock options - annual data, million units of national currency",Money & Markets
"Financial sector leverage (debt to equity), non-consolidated - %",Money & Markets
"financial sector liabilities, consolidated",Money & Markets
"financial sector liabilities, non-consolidated - annual data",Money & Markets
First instance decisions on asylum applications by type of decision - annual aggregated data,"People, Work & Living Conditions"
First permits by reason,"People, Work & Living Conditions"
First residence permits - per thousand persons,"People, Work & Living Conditions"
First residence permits by reasons - % of total first residence permits,"People, Work & Living Conditions"
First-time asylum applicants - % of total asylum applicants,"People, Work & Living Conditions"
First-time asylum applicants - per thousand persons,"People, Work & Living Conditions"
First-time asylum applications of unaccompanied minors - % of total first-time asylum applications of minors,"People, Work & Living Conditions"
Fish catches,Environment & Natural Resources and Production
Fish catches by fishing areas,Environment & Natural Resources and Production
"Fishing Fleet, Number of Vessels",Environment & Natural Resources and Production
"Fishing fleet, total tonnage",Environment & Natural Resources and Production
Food waste,Environment & Natural Resources and Production
Foreign-born population,"People, Work & Living Conditions"
Forest and irrigated land,Environment & Natural Resources and Production
Formal child care by duration and age group,Learning & Education
Former euro area national currencies vs. euro/ECU - annual data,Money & Markets
Freight and mail air transport (including national transport),Transports
Freight and mail air transport over national territory (including territorial sea) - million tonne-km,Transports
"Frequency of alcohol consumption by sex, age and educational attainment level",Health & Safety
"Frequency of heavy episodic drinking by sex, age and educational attainment level",Health & Safety
"Frequency of heavy episodic drinking by sex, age and income quintile",Health & Safety
Frequency of internet use by individuals aged 16-74,Tech & Innovation
Fresh vegetables and strawberries by area,Environment & Natural Resources and Production
Fresh water abstraction by source per capita - m³ per capita,Environment & Natural Resources and Production
Freshwater abstraction,Environment & Natural Resources and Production
GDP deflator,Money & Markets
GDP per capita in PPS,Money & Markets
GDP weights used in the calculation of the global specific indicator,Money & Markets
GHG (Green House Gases) emissions,Environment & Natural Resources and Production
GNI (gross national income) per capita in PPS,Money & Markets
Gas prices by type of user,Money & Markets
Gender coverage rate in pension by age group – EU-SILC survey,"People, Work & Living Conditions"
Gender differences in the aggregate replacement ratio for pensions (excluding other social benefits) - EU-SILC survey,"People, Work & Living Conditions"
Gender differences in the at-risk-of-poverty rate by age - EU-SILC survey,"People, Work & Living Conditions"
Gender differences in the relative income of elderly people (65+) - EU-SILC survey,"People, Work & Living Conditions"
Gender differences in the relative income of older people - EU-SILC survey,"People, Work & Living Conditions"
Gender employment gap,"People, Work & Living Conditions"
Gender employment gap by degree of urbanisation,"People, Work & Living Conditions"
"Gender employment gap, by type of employment","People, Work & Living Conditions"
Gender gap in part-time employment,"People, Work & Living Conditions"
Gender overall earnings gap,"People, Work & Living Conditions"
Gender pay gap in unadjusted form,"People, Work & Living Conditions"
Gender pay gap in unadjusted form -,"People, Work & Living Conditions"
"Gender pay gap in unadjusted form by age - NACE Rev. 2 activity (B-S except O), structure of earnings survey methodology","People, Work & Living Conditions"
"Gender pay gap in unadjusted form by type of ownership of the economic activity - NACE Rev. 2 activity (B-S except O), structure of earnings survey methodology","People, Work & Living Conditions"
"Gender pay gap in unadjusted form by working time - NACE Rev. 2 activity (B-S except O), structure of earnings survey methodology","People, Work & Living Conditions"
Gender pension gap by age group – EU-SILC survey,"People, Work & Living Conditions"
Gender parity index by education level,Learning & Education
General education,Learning & Education
General government deficit (-) and surplus (+) - annual data,Money & Markets
General government deficit (-) and surplus (+) - quarterly data,Money & Markets
General government deficit/surplus,Money & Markets
General government expenditure by function,Money & Markets
General government gross debt,Money & Markets
"General government gross debt (EDP concept), consolidated - annual data",Money & Markets
General government gross debt - annual data,Money & Markets
General government gross debt - quarterly data,Money & Markets
General government gross fixed capital formation - annual data,Money & Markets
general government expenditure,Money & Markets
general government revenue,Money & Markets
General government employment,"People, Work & Living Conditions"
General government total expenditure on law courts,Money & Markets
General indicators,"People, Work & Living Conditions"
Generation of municipal waste per capita,Environment & Natural Resources and Production
Generation of packaging waste per capita,Environment & Natural Resources and Production
Generation of plastic packaging waste per capita,Environment & Natural Resources and Production
Generation of waste by hazardousness,Environment & Natural Resources and Production
Generation of waste by households,Environment & Natural Resources and Production
Generation of waste by sector,Environment & Natural Resources and Production
Generation of waste excluding major mineral wastes per GDP unit,Environment & Natural Resources and Production
Gini coefficient of equivalised disposable income,"People, Work & Living Conditions"
Gini coefficient of equivalised disposable income before social transfers (pensions excluded from social transfers),"People, Work & Living Conditions"
Gini coefficient of equivalised disposable income before social transfers (pensions included in social transfers),"People, Work & Living Conditions"
Gini coefficient of equivalised disposable income by age,"People, Work & Living Conditions"
Gini coefficient of equivalised disposable income for children aged less than 18,"People, Work & Living Conditions"
Gini coefficient on household population - experimental statistics,"People, Work & Living Conditions"
Global mean surface seawater acidity,Environment & Natural Resources and Production
Goods road transport enterprises by employment size classes,Transports
Goods road transport enterprises by number of vehicles,Transports
Goods transport by inland waterways,Transports
Goods transport by rail,Transports
Goods transport by road,Transports
Goods transported,Transports
Goods and passenger train traffic performance,Transports
"Goods and services, imports and exports",Money & Markets
Goods transported (detailed reporting only ) - Quarterly data,Transports
Goods transported by type of consignment,Transports
Government bond yields - 10 years' maturity,Money & Markets
"Government bond yields, 10 years' maturity - annual data",Money & Markets
"Government bond yields, 10 years' maturity - monthly data",Money & Markets
Government deficit/surplus and debt,Money & Markets
"Government final consumption expenditure, current prices",Money & Markets
"Government final consumption expenditure, volumes",Money & Markets
Government support to agricultural research and development,Environment & Natural Resources and Production
Graduates at doctoral level by sex and age groups - per 1000 of population aged 25-34,Learning & Education
"Graduates at doctoral level, in science, math., computing, engineering, manufacturing, construction, by sex - per 1000 of population aged 25-34",Learning & Education
Graduates in tertiary education by education level – women per 100 men,Learning & Education
"Grain maize and corn-cob-mix by area, production and humidity",Environment & Natural Resources and Production
Grapes by production,Environment & Natural Resources and Production
Grassland butterfly index - aggregate,Environment & Natural Resources and Production
Green bond issuance by corporates and governments,Money & Markets
Green bond issuance by type of issuer,Money & Markets
"Green maize by area, production and humidity",Environment & Natural Resources and Production
Greenhouse gas emissions from agriculture,Environment & Natural Resources and Production
Greenhouse gases emissions from production activities,Environment & Natural Resources and Production
Gross national income,Money & Markets
Gross value added,Money & Markets
Gross value added - NACE Rev. 2: - current prices,Money & Markets
Gross value added - NACE Rev. 2: - volumes,Money & Markets
Gross value added - NACE Rev. 2: A - current prices,Money & Markets
Gross value added - NACE Rev. 2: A - volumes,Money & Markets
Gross value added - NACE Rev. 2: B-E - current prices,Money & Markets
Gross value added - NACE Rev. 2: B-E - volumes,Money & Markets
Gross value added - NACE Rev. 2: C - current prices,Money & Markets
Gross value added - NACE Rev. 2: C - volumes,Money & Markets
Gross value added - NACE Rev. 2: F - current prices,Money & Markets
Gross value added - NACE Rev. 2: F - volumes,Money & Markets
Gross value added - NACE Rev. 2: G-I - current prices,Money & Markets
Gross value added - NACE Rev. 2: G-I - volumes,Money & Markets
Gross value added - NACE Rev. 2: J - current prices,Money & Markets
Gross value added - NACE Rev. 2: J - volumes,Money & Markets
Gross value added - NACE Rev. 2: K - current prices,Money & Markets
Gross value added - NACE Rev. 2: K - volumes,Money & Markets
Gross value added - NACE Rev. 2: L - current prices,Money & Markets
Gross value added - NACE Rev. 2: L - volumes,Money & Markets
Gross value added - NACE Rev. 2: M_N - current prices,Money & Markets
Gross value added - NACE Rev. 2: M_N - volumes,Money & Markets
Gross value added - NACE Rev. 2: O-Q - current prices,Money & Markets
Gross value added - NACE Rev. 2: O-Q - volumes,Money & Markets
Gross value added - NACE Rev. 2: R-U - current prices,Money & Markets
Gross value added - NACE Rev. 2: R-U - volumes,Money & Markets
Gross value added by industry,Money & Markets
Gross capital formation,Money & Markets
Gross debt-to-income ratio of households,"People, Work & Living Conditions"
Gross disposable income,"People, Work & Living Conditions"
Gross domestic expenditure on R&D (GERD),Tech & Innovation
Gross domestic expenditure on research and development (R&D),Tech & Innovation
Gross domestic product,Money & Markets
Gross domestic product (GDP) at current market prices by NUTS 3 regions,Money & Markets
Gross domestic product (GDP) at current market prices by other typologies,Money & Markets
Gross domestic product at market prices,Money & Markets
Gross domestic product at market prices by expenditure,Money & Markets
"Gross domestic product, current prices",Money & Markets
"Gross domestic product, volumes",Money & Markets
Gross external debt of the whole economy,Money & Markets
"Gross external debt of the whole economy, relative to exports of goods and services",Money & Markets
Gross fixed capital formation (investments),Money & Markets
Gross fixed capital formation at current prices,Money & Markets
"Gross fixed capital formation, current prices",Money & Markets
"Gross fixed capital formation, volumes",Money & Markets
"Gross non-performing loans, domestic and foreign entities - % of gross loans",Money & Markets
Gross saving,Money & Markets
Gross value added at basic prices by NUTS 3 regions,Money & Markets
Gross value added in environmental goods and services sector,Money & Markets
Gross value added of the agricultural industry - basic and producer prices,Money & Markets
Gross weight of dry bulk goods transported in short sea shipping from/to the top 5 ports for dry bulk goods,Transports
Gross weight of goods handled,Transports
Gross weight of goods handled in all ports by direction,Transports
Gross weight of goods handled in the top 20 ports by direction,Transports
Gross weight of goods in Ro-ro units transported in short sea shipping from/to the top 5 ports for goods in Ro-ro units,Transports
Gross weight of goods in containers transported in short sea shipping from/to the top 5 ports for goods in containers,Transports
Gross weight of liquid bulk goods transported in short sea shipping from/to the top 5 ports for liquid bulk goods,Transports
Guest nights spent at short-stay accommodation offered via collaborative economy platforms by mode of accommodation - experimental statistics,Living Well
Guest nights spent at short-stay accommodation offered via collaborative economy platforms by size class of accommodation - experimental statistics,Living Well
HICP - all items,Money & Markets
HICP - clothing,Money & Markets
HICP - communications,Money & Markets
HICP - education,Money & Markets
HICP - energy,Money & Markets
HICP - food,Money & Markets
"HICP - food, alcohol and tobacco",Money & Markets
HICP - health,Money & Markets
HICP - hotels and restaurants,Money & Markets
HICP - household equipment,Money & Markets
HICP - housing,Money & Markets
HICP - miscellaneous goods and services,Money & Markets
HICP - non-energy industrial goods,Money & Markets
HICP - services,Money & Markets
HICP - transport,Money & Markets
HICP - alcohol and tobacco,Money & Markets
HICP - all items - annual average indices,Money & Markets
HICP - all items excluding energy,Money & Markets
HICP - all items excluding energy and seasonal food,Money & Markets
HICP - all items excluding energy and unprocessed food,Money & Markets
"HICP - all items excluding energy, food, alcohol and tobacco",Money & Markets
HICP - all items excluding tobacco,Money & Markets
HICP - country weights,Money & Markets
HICP - inflation rate,Money & Markets
HICP - recreation and culture,Money & Markets
Hauled passenger railway vehicle traffic performance by type of railway vehicle speed - seat km (until,Transports
Hauled vehicle traffic performance - tkm (until,Transports
Health care expenditure as a share of GDP,Health & Safety
Health care expenditure by financing scheme,Health & Safety
Health care expenditure by function,Health & Safety
Health graduates,Health & Safety
Health impacts of air pollution,Health & Safety
Health personnel,Health & Safety
Healthy life years -,Health & Safety
Healthy life years at 65 - females,Health & Safety
Healthy life years at 65 - males,Health & Safety
Healthy life years at age 65 by sex,Health & Safety
Healthy life years at birth by sex,Health & Safety
Healthy life years by sex (from onwards),Health & Safety
"High-speed internet coverage, by type of area",Tech & Innovation
High-tech exports,Money & Markets
High-tech exports - Exports of high technology products as a share of total exports (from SITC Rev. 4),Money & Markets
Higher education,Learning & Education
Hospital beds,Health & Safety
Hours spent in CVT courses by NACE Rev. 1.1 activity - hours per 1000 hours worked in all enterprises,Learning & Education
Hours spent in CVT courses by NACE Rev. 1.1 activity - hours per 1000 hours worked in enterprises providing CVT courses,Learning & Education
Hours spent in CVT courses by NACE Rev. 1.1 activity - hours per participant,Learning & Education
Hours spent in CVT courses by NACE Rev. 1.1 activity - hours per person employed in all enterprises,Learning & Education
Hours spent in CVT courses by NACE Rev. 1.1 activity - hours per person employed in enterprises providing CVT courses,Learning & Education
Hours spent in CVT courses by NACE Rev. 2 activity - hours per 1000 hours worked in all enterprises,Learning & Education
Hours spent in CVT courses by NACE Rev. 2 activity - hours per 1000 hours worked in enterprises providing CVT courses,Learning & Education
Hours spent in CVT courses by NACE Rev. 2 activity - hours per participant,Learning & Education
Hours spent in CVT courses by NACE Rev. 2 activity - hours per person employed in all enterprises,Learning & Education
Hours spent in CVT courses by NACE Rev. 2 activity - hours per person employed in enterprises providing CVT courses,Learning & Education
Hours spent in CVT courses by size class - hours per 1000 hours worked in all enterprises,Learning & Education
Hours spent in CVT courses by size class - hours per 1000 hours worked in enterprises providing CVT courses,Learning & Education
Hours spent in CVT courses by size class - hours per participant,Learning & Education
Hours spent in CVT courses by size class - hours per person employed in all enterprises,Learning & Education
Hours spent in CVT courses by size class - hours per person employed in enterprises providing CVT courses,Learning & Education
Hours spent in CVT courses by type of course and NACE Rev. 1.1 activity - % of total hours spent in CVT courses,Learning & Education
Hours worked per week of full-time employment,"People, Work & Living Conditions"
House price index - annual data,Money & Markets
House price index - quarterly data,Money & Markets
House price index = 100) - quarterly data,Money & Markets
"House price index, deflated - annual data",Money & Markets
"House price index, deflated - quarterly data",Money & Markets
House sales - number and index annual data,Money & Markets
House sales - value and index annual data,Money & Markets
House price index - Item weights,Money & Markets
Household composition by size,"People, Work & Living Conditions"
Household consumption volumes of electricity by consumption bands,Environment & Natural Resources and Production
Household consumption volumes of gas by consumption bands,Environment & Natural Resources and Production
"Household debt, consolidated including Non-profit institutions serving households - % of GDP",Money & Markets
Household saving rate,Money & Markets
Households - availability of computers,Tech & Innovation
Households - level of internet access,Tech & Innovation
Households by size (number of persons),"People, Work & Living Conditions"
Households investment rate,Money & Markets
Households maintaining the same standard of living using savings by duration and risk of poverty threshold,"People, Work & Living Conditions"
Households that have internet access at home by NUTS 2 regions,Tech & Innovation
Households with access to secure tenure by simplified degree of urbanisation,"People, Work & Living Conditions"
Households with sustainable access to improved sanitation by simplified degree of urbanisation,"People, Work & Living Conditions"
Housing deprivation rate by number of item - EU-SILC survey,"People, Work & Living Conditions"
Housing cost overburden rate,"People, Work & Living Conditions"
Housing cost overburden rate by NUTS regions,"People, Work & Living Conditions"
Housing cost overburden rate by age group - EU-SILC survey,"People, Work & Living Conditions"
Housing cost overburden rate by degree of urbanisation - EU-SILC survey,"People, Work & Living Conditions"
Housing cost overburden rate by household type - EU-SILC survey,"People, Work & Living Conditions"
Housing cost overburden rate by income quintile - EU-SILC survey,"People, Work & Living Conditions"
Housing cost overburden rate by poverty status,"People, Work & Living Conditions"
Housing cost overburden rate by poverty status - EU-SILC survey,"People, Work & Living Conditions"
Housing cost overburden rate by sex - EU-SILC survey,"People, Work & Living Conditions"
Housing cost overburden rate by tenure status - EU-SILC survey,"People, Work & Living Conditions"
Housing units by type,"People, Work & Living Conditions"
Housing units by type of building,"People, Work & Living Conditions"
Human resources in science and technology (HRST),Tech & Innovation
Immigration by broad group of country of previous residence,"People, Work & Living Conditions"
Implicit tax rate on energy,Money & Markets
Import dependency on third countries by fuel type,Environment & Natural Resources and Production
Import prices - capital goods,Money & Markets
Import prices - consumer durables,Money & Markets
Import prices - consumer non-durables,Money & Markets
Import prices - intermediate goods,Money & Markets
Import prices - manufacturing,Money & Markets
Import prices - total industry,Money & Markets
Imports - electricity - monthly data,Environment & Natural Resources and Production
Imports of goods - chemicals and related products,Money & Markets
"Imports of goods - food, drinks and tobacco",Money & Markets
Imports of goods - machinery and transport equipment,Money & Markets
"Imports of goods - mineral fuels, lubricants and related materials",Money & Markets
Imports of goods - other manufactured products,Money & Markets
Imports of goods - raw materials,Money & Markets
Imports of goods - total,Money & Markets
Imports of goods and services in % of GDP,Money & Markets
In work at-risk-of-poverty rate,"People, Work & Living Conditions"
In-work at-risk-of-poverty rate,"People, Work & Living Conditions"
In-work at-risk-of-poverty rate by educational attainment level - EU-SILC survey,"People, Work & Living Conditions"
In-work at-risk-of-poverty rate by full-/part-time work - EU-SILC survey,"People, Work & Living Conditions"
In-work at-risk-of-poverty rate by household type - EU-SILC survey,"People, Work & Living Conditions"
In-work at-risk-of-poverty rate by months worked - EU-SILC survey,"People, Work & Living Conditions"
In-work at-risk-of-poverty rate by working time - EU-SILC survey,"People, Work & Living Conditions"
In-work at-risk-of-poverty rate by sex,"People, Work & Living Conditions"
"Inability to afford a meal with meat, chicken, fish (or vegetarian equivalent) every second day - EU-SILC survey","People, Work & Living Conditions"
"Inability to afford a meal with meat, chicken, fish (or vegetarian equivalent) every second day by NUTS regions","People, Work & Living Conditions"
Inability to face unexpected financial expenses by NUTS regions,Money & Markets
Inability to keep home adequately warm by NUTS regions,"People, Work & Living Conditions"
"Inability to keep home adequately warm by level of disability (activity limitation), sex and age","People, Work & Living Conditions"
"Inactive population as a percentage of the total population, by sex and age (%)","People, Work & Living Conditions"
"Incidence rate of accidents at work by type of workstation, NACE Rev. 1.1 activity, sex, age and severity",Health & Safety
Income in real terms SILC=100),"People, Work & Living Conditions"
Income distribution,"People, Work & Living Conditions"
Income from intellectual property rights for computer services,Tech & Innovation
Income inequality for older people - EU-SILC survey,"People, Work & Living Conditions"
Income quintile share ratio (S80/S20) by sex,"People, Work & Living Conditions"
Income quintile share ratio - S80/S20,"People, Work & Living Conditions"
Income quintile share ratio S80/S20 by NUTS 2 regions - EU-SILC survey,"People, Work & Living Conditions"
Income share of the bottom 40 % of the population,"People, Work & Living Conditions"
Indicator A of the income from agricultural activity,Environment & Natural Resources and Production
Indicators on health and safety at work,Health & Safety
Individuals - internet activities,Tech & Innovation
Individuals frequently using the internet,Tech & Innovation
Individuals regularly using the internet,Tech & Innovation
Individuals using the internet for buying goods or services,Tech & Innovation
Individuals using the internet for doing an online course,Tech & Innovation
Individuals using the internet for finding information about goods and services,Tech & Innovation
Individuals using the internet for internet banking,Tech & Innovation
Individuals using the internet for looking for a job or sending a job application,Tech & Innovation
Individuals using the internet for participating in social networks,Tech & Innovation
Individuals using the internet for selling goods or services,Tech & Innovation
Individuals using the internet for sending/receiving e-mails,Tech & Innovation
Individuals using the internet for seeking health-related information,Health & Safety
Individuals who have basic or above basic overall digital skills by sex,Tech & Innovation
Individuals who have never used a computer,Tech & Innovation
Individuals who have never used the internet,Tech & Innovation
Individuals who ordered goods or services over the internet for private use in the last year by NUTS 2 regions,Tech & Innovation
Individuals' level of computer skills (until,Tech & Innovation
Individuals' level of digital skills (until,Tech & Innovation
"Industrial and construction production volume index, calendar adjusted",Money & Markets
Inequality of income distribution,"People, Work & Living Conditions"
Inequality of income distribution S80/S20 income quintile share ratio - EU-SILC and ECHP surveys,"People, Work & Living Conditions"
Infant mortality rate,Health & Safety
Infant mortality rate by sex,Health & Safety
Inland waterway transport enterprises by number of vessels -,Transports
Inpatient curative care bed occupancy rate by type of care,Health & Safety
Intentional homicide offences in largest cities,Health & Safety
Intentional homicide victims in largest cities by sex,Health & Safety
Interests payable and similar charges by product,Money & Markets
Interests receivable and similar income by product,Money & Markets
Intermediate goods trade,Money & Markets
Intermediate services trade,Money & Markets
International trade as a share of GDP,Money & Markets
"International trade of and enlargement countries, by reporting country, total product",Money & Markets
"International trade, by reporting country, total product",Money & Markets
International trade in services - market integration indicators - historical data,Money & Markets
Internet use by individuals,Tech & Innovation
"Intra-EU27 (from trade, by Member State, total product",Money & Markets
Intra-mural Business Enterprise R&D Expenditures in Foreign Controlled Enterprises,Tech & Innovation
Intramural R&D expenditure (GERD) by source of funds,Tech & Innovation
Investment by institutional sectors,Money & Markets
Investment share of GDP by institutional sectors,Money & Markets
Investment and maintenance in oil pipeline infrastructure,Environment & Natural Resources and Production
Investment rate of non-financial corporations,Money & Markets
"Involuntary part-time employment as percentage of the total part-time employment, by sex and age (%)","People, Work & Living Conditions"
Involuntary temporary employment,"People, Work & Living Conditions"
Inward FDI stocks in % of GDP,Money & Markets
Job mismatches and their labour market effects among school-leavers in Europe,"People, Work & Living Conditions"
"Job vacancies in number and % - NACE Rev. 2, B-S, quarterly data","People, Work & Living Conditions"
Jobless households - children,"People, Work & Living Conditions"
Jobless households by sex,"People, Work & Living Conditions"
Jobs created by NACE Rev.2 activity - experimental statistics,"People, Work & Living Conditions"
Joint Index,Money & Markets
Labour cost index by NACE Rev. 1.1 activity - country weights,Money & Markets
Labour cost index by NACE Rev. 2,Money & Markets
Labour cost index by NACE Rev. 2 activity - country weights,Money & Markets
Labour costs annual data - NACE Rev. 2,Money & Markets
Labour productivity in GDP (constant prices) per person employed,Money & Markets
Labour productivity per hour worked - annual data,Money & Markets
Labour productivity per person employed and hour worked (EU27_2020=100),Money & Markets
Labour force participation rate - % of total population aged 15-64,"People, Work & Living Conditions"
"Labour force participation rate, aged 15-64 - annual averages","People, Work & Living Conditions"
Labour input - total industry (excluding construction),"People, Work & Living Conditions"
Labour input in construction,"People, Work & Living Conditions"
"Labour market demand for ICT specialists in online job advertisements, by occupation (ISCO-08) - % of online job advertisements for ICT specialists - experimental statistics","People, Work & Living Conditions"
Labour transitions by employment status,"People, Work & Living Conditions"
Labour transitions from temporary to permanent contracts by sex -3-year average,"People, Work & Living Conditions"
Land covered by artificial surfaces - index,Environment & Natural Resources and Production
Land use footprints,Environment & Natural Resources and Production
Landfill rate of waste excluding major mineral wastes,Environment & Natural Resources and Production
Laying hens population - annual data,Environment & Natural Resources and Production
Length of lines,Transports
Length of motorways and e-roads,Transports
Length of other roads within/outside built-up areas,Transports
Length of paved and unpaved roads,Transports
Length of railway lines by maximum permitted speed,Transports
Length of railway lines equipped with the railway traffic management system by type of signalling,Transports
Length of railway tracks by electrification of tracks,Transports
Length of roads network,Transports
length of motorways,Transports
length of railway lines,Transports
Length of navigable inland waterways by waterway type,Transports
Length of network,Transports
Length of pipelines operated,Transports
Level crossings by type,Transports
Level of internet access - households,Tech & Innovation
Licensed physicians,Health & Safety
Life expectancy at birth by sex,"People, Work & Living Conditions"
Life expectancy by age and sex,"People, Work & Living Conditions"
"Life satisfaction by sex, age, educational attainment and domain",Living Well
Literacy rate by sex and age group,Learning & Education
Live births,"People, Work & Living Conditions"
Live births and crude birth rate,"People, Work & Living Conditions"
Livestock density index,Environment & Natural Resources and Production
Livestock in number of heads,Environment & Natural Resources and Production
Living quarters by type of housing,"People, Work & Living Conditions"
"Load capacity of new lorries, semi-trailers and trailers, by type of carriage (until",Transports
Load capacity of self-propelled vessels by year of construction,Transports
Loan and deposit one year interest rate,Money & Markets
Loans (excluding mortgages on purchase of main residence) by income quintile,Money & Markets
Loans (excluding mortgages on purchase of main residence) by risk of poverty threshold,Money & Markets
Local pollution,Environment & Natural Resources and Production
Long term government bond yields,Money & Markets
"Long-term residence permits issued during the year by age, sex and citizenship","People, Work & Living Conditions"
"Long-term residents by age, sex and citizenship on 31 December of each year","People, Work & Living Conditions"
Long-term unemployment rates by sex,"People, Work & Living Conditions"
Long-term unemployment rate by sex,"People, Work & Living Conditions"
"Long-term unemployment rate, % of active population aged 15-74","People, Work & Living Conditions"
"Long working hours in main job by sex, age, professional status and occupation","People, Work & Living Conditions"
"Low achieving 15-year-olds in reading, mathematics or science",Learning & Education
"Low achieving 15-year-olds in reading, mathematics or science by sex",Learning & Education
Low-wage earners as a proportion of all employees (excluding apprentices) by age,"People, Work & Living Conditions"
Low-wage earners as a proportion of all employees (excluding apprentices) by educational attainment level,"People, Work & Living Conditions"
Low-wage earners as a proportion of all employees (excluding apprentices) by employment contract,"People, Work & Living Conditions"
Low-wage earners as a proportion of all employees (excluding apprentices) by sex,"People, Work & Living Conditions"
Main farm land use,Environment & Natural Resources and Production
Main flows,Money & Markets
Management of waste,Environment & Natural Resources and Production
Marine waters affected by eutrophication,Environment & Natural Resources and Production
Maritime goods short-sea shipping performed in the Exclusive Economic Zone of the countries,Transports
Maritime goods transport performed in the Exclusive Economic Zone of the countries,Transports
Maritime passenger transport performed in the Exclusive Economic Zone of the countries,Transports
Maritime traffic: passengers and freight,Transports
Maritime traffic: ship movements,Transports
Maritime accident victims by sea basin of occurrence and country of registration of vessels,Transports
"Maritime accident victims by sea basin of occurrence, country of registration of vessels and type of vessels",Transports
Maritime equipment - carrying capacity of ships of 1 000 grt and over,Transports
Maritime equipment - carrying capacity of ships of 300 grt and over,Transports
Maritime equipment - number of ships of 1 000 grt and over,Transports
Maritime equipment - number of ships of 300 grt and over,Transports
Maritime transport infrastructure: ports,Transports
Maritime transport of freight by NUTS 2 regions,Transports
Maritime transport of passengers by NUTS 2 regions,Transports
Market production - annual data,Money & Markets
Market share of the largest generator in the electricity market,Money & Markets
Material Deprivation rate by age group - EU-SILC survey,"People, Work & Living Conditions"
Material Deprivation rate by sex - EU-SILC survey,"People, Work & Living Conditions"
Material and social deprivation rate by NUTS regions,"People, Work & Living Conditions"
Material and social deprivation rate by age and sex,"People, Work & Living Conditions"
"Material and social deprivation rate by age, sex and educational attainment level","People, Work & Living Conditions"
Material and social deprivation rate by degree of urbanisation,"People, Work & Living Conditions"
Material and social deprivation rate by tenure status,"People, Work & Living Conditions"
"Material deprivation for the 'Housing' dimension, by age, sex and by number of item of deprivation - EU-SILC survey","People, Work & Living Conditions"
Material footprint,Environment & Natural Resources and Production
Material import dependency,Money & Markets
Mean age at first marriage by sex,"People, Work & Living Conditions"
Mean age of women at childbirth and at birth of first child,"People, Work & Living Conditions"
"Mean annual earnings by NUTS 1 regions (enterprises with 10 employees or more) - NACE Rev. 1.1, C-O excluding L","People, Work & Living Conditions"
"Mean annual earnings by NUTS 1 regions (enterprises with 10 employees or more) - NACE Rev. 2, B-S excluding O","People, Work & Living Conditions"
Mean consumption expenditure by number of active persons,"People, Work & Living Conditions"
Mean consumption expenditure of private households on cultural goods and services by income quintile,"People, Work & Living Conditions"
Mean consumption expenditure of private households on sporting goods and services by income quintile,"People, Work & Living Conditions"
Mean consumption expenditure per household and per adult equivalent,"People, Work & Living Conditions"
Mean duration of commuting time one-way between work and home by sex and age,Transports
"Mean hourly earnings by NUTS 1 regions (enterprises with 10 employees or more) - NACE Rev. 1.1, C-O excluding L","People, Work & Living Conditions"
"Mean hourly earnings by NUTS 1 regions (enterprises with 10 employees or more) - NACE Rev. 2, B-S excluding O","People, Work & Living Conditions"
Mean instruction hours per employed participant in non-formal education and training by sex and NACE Rev. 1.1 activity,Learning & Education
Mean instruction hours per employed participant in non-formal education and training by sex and occupation,Learning & Education
Mean instruction hours per participant in non-formal education and training by field of learning,Learning & Education
Mean instruction hours per participant in non-formal education and training by sex and age,Learning & Education
Mean instruction hours per participant in non-formal education and training by sex and labour status,Learning & Education
Mean number of deprivation items among the children deprived (children aged less than 16 years),"People, Work & Living Conditions"
Meat (total production),Environment & Natural Resources and Production
Meat production,Environment & Natural Resources and Production
Median relative income of elderly people (60+) - EU-SILC survey,"People, Work & Living Conditions"
Median relative income of elderly people - EU-SILC survey,"People, Work & Living Conditions"
Median age by sex,"People, Work & Living Conditions"
Median age of residents by sex and country of birth,"People, Work & Living Conditions"
"Median hourly earnings, all employees (excluding apprentices) by age","People, Work & Living Conditions"
"Median hourly earnings, all employees (excluding apprentices) by sex","People, Work & Living Conditions"
Median number of weekly hours of formal care by age group - children with at least 1 hour of formal care - EU-SILC survey,"People, Work & Living Conditions"
Median number of weekly hours of other types of care by age group - children with at least one hour of other types of care - EU-SILC survey,"People, Work & Living Conditions"
Median of the housing cost burden distribution by age group - EU-SILC survey,"People, Work & Living Conditions"
Median of the housing cost burden distribution by degree of urbanisation - EU-SILC survey,"People, Work & Living Conditions"
Median of the housing cost burden distribution by poverty status - EU-SILC survey,"People, Work & Living Conditions"
Median of the housing cost burden distribution by sex - EU-SILC survey,"People, Work & Living Conditions"
Median saving rate by activity status of the reference person - experimental statistics,"People, Work & Living Conditions"
Median saving rate by degree of urbanisation - experimental statistics,"People, Work & Living Conditions"
Median saving rate by household type - experimental statistics,"People, Work & Living Conditions"
Median saving rate by income quintile - experimental statistics,"People, Work & Living Conditions"
Median saving rate by the self-declared level of difficulty to make ends meet - experimental statistics,"People, Work & Living Conditions"
Minimum wages,"People, Work & Living Conditions"
Modal shift potential of long-distance road freight in containers - tonne,Transports
Modal shift potential of long-distance road freight in containers - tonne-kilometre,Transports
"Modal split of air, sea and inland freight transport",Transports
"Modal split of air, sea and inland passenger transport",Transports
Modal split of inland freight transport,Transports
Money market interest rates,Money & Markets
Money market interest rates - annual data,Money & Markets
Money supply and official reserves,Money & Markets
"Monthly earnings by economic control (enterprises with 10 employed persons or more) - NACE Rev. 1.1, C-O excluding L","People, Work & Living Conditions"
"Monthly earnings by economic control (enterprises with 10 employed persons or more) - NACE Rev. 2, B-S excluding O","People, Work & Living Conditions"
"Monthly earnings by quantiles and contractual working time (enterprises with 10 employed persons or more) - NACE Rev. 1.1, C-O excluding L","People, Work & Living Conditions"
"Monthly earnings by quantiles and contractual working time (enterprises with 10 employed persons or more) - NACE Rev. 2, B-S excluding O","People, Work & Living Conditions"
Monthly minimum wage as a proportion of average monthly earnings (%) - NACE Rev. 1.1,"People, Work & Living Conditions"
Monthly minimum wage as a proportion of average monthly earnings (%) - NACE Rev. 2 (from onwards),"People, Work & Living Conditions"
"Motor coaches, buses and trolley buses, by type of vehicle",Transports
Motorcycles by engine size,Transports
Multinational enterprise groups in EU-EFTA countries by controlling country - experimental statistics,Money & Markets
"Multinational enterprise groups in EU-EFTA countries by controlling country, size class and NACE Rev.2 activity - experimental statistics",Money & Markets
Municipal waste,Environment & Natural Resources and Production
Municipal waste generated,Environment & Natural Resources and Production
Municipal waste per inhabitant,Environment & Natural Resources and Production
National civil servants in central public administration,"People, Work & Living Conditions"
National expenditure on environmental protection,Environment & Natural Resources and Production
National passenger road transport performance by type of vehicles registered in the reporting country,Transports
National road freight transport by region of loading (NUTS 3) and type of goods (t) - annual data (from onwards),Transports
National road freight transport by region of unloading (NUTS 3) and type of goods (t) - annual data (from onwards),Transports
Natura protected areas,Environment & Natural Resources and Production
Natural gas import dependency by country of origin,Environment & Natural Resources and Production
"Navigable inland waterways, by horizontal dimensions of vessels and pushed convoys",Transports
Net Lending/Borrowing (current and capital account) - annual data,Money & Markets
Net enrolment rates by sex and education level,Learning & Education
"Net external debt - annual data, % of GDP",Money & Markets
"Net external debt - quarterly data, % of GDP",Money & Markets
Net international investment position - annual data,Money & Markets
"Net international investment position - quarterly data, % of GDP",Money & Markets
Net international investment position excluding non-defaultable instruments - % of GDP,Money & Markets
"Net occupancy rate of bed-places and bedrooms in hotels and similar accommodation (NACE Rev. 2, I, 55.1) (from onwards)",Living Well
"Net occupancy rate of bed-places and bedrooms in hotels and similar accommodations (NACE Rev. 2, I, 55.1) - monthly data",Living Well
Net social protection benefits,"People, Work & Living Conditions"
Net trade balance of energy products - % of GDP,Money & Markets
New lorries by alternative motor energy and load capacity of +/- 1500 kg (until,Transports
"New motor coaches, buses and trolley buses , by type of vehicles",Transports
"New motor coaches, buses and trolley buses by type of motor energy (until",Transports
"New passenger cars, motor coaches, buses and trolley buses by alternative motor energy (until",Transports
New road tractors by type of motor energy (until,Transports
New mopeds and motorcycles by type of motor energy,Transports
New motorcycles by engine size,Transports
"New semi-trailers and their load capacity, by permissible maximum gross weight",Transports
New special purpose road vehicles,Transports
New trailers and their load capacity (until,Transports
"New trailers and their load capacity, by permissible maximum gross weight",Transports
New trams,Transports
Newly employed,"People, Work & Living Conditions"
Nights spent at tourism accommodation establishments,Living Well
Nights spent at tourist accommodation establishments by country/world region of residence of the tourist,Living Well
Nights spent at tourist accommodation establishments by residents/non-residents,Living Well
Nights spent at tourist accommodation establishments by residents/non-residents - monthly data,Living Well
Nights spent by type of accommodation,Living Well
Nitrate in groundwater,Environment & Natural Resources and Production
"Nitrogen dioxide concentrations in European capital cities - monthly averages, experimental statistics",Environment & Natural Resources and Production
Nominal labour productivity per person employed,"People, Work & Living Conditions"
Nominal effective exchange rate – 42 trading partners,Money & Markets
Nominal effective exchange rate – euro area trading partners,Money & Markets
Nominal unit labour cost growth,"People, Work & Living Conditions"
Nominal unit labour cost per hour worked - 3 years % change,"People, Work & Living Conditions"
"Nominal unit labour cost per hour worked - annual data, % changes and index = 100)","People, Work & Living Conditions"
Non-autonomous pension funds,Money & Markets
Non-financial accounts for institutions,Money & Markets
"Non-financial corporations debt - consolidated, % of GDP",Money & Markets
Non-household consumption volumes of electricity by consumption bands,Environment & Natural Resources and Production
Non-household consumption volumes of gas by consumption bands,Environment & Natural Resources and Production
"Non-residents among all hospital discharges, %",Health & Safety
Number and length of district networks by type of network and efficiency of network,Transports
Number of accidents at work by NACE Rev. 1.1 activity and employment status,Health & Safety
Number of accidents at work by NACE Rev. 1.1 activity and severity,Health & Safety
Number of accidents at work by NACE Rev. 1.1 activity and size of enterprise,Health & Safety
Number of accidents at work by part of body injured and severity,Health & Safety
Number of accounts linked to CPA categories,Money & Markets
Number of airports,Transports
Number of bed places in hotels and similar accommodation,Living Well
Number of bed places in hotels and similar accomodation,Living Well
Number of bed-places,Living Well
Number of bovine animals,Environment & Natural Resources and Production
Number of branches in non-EEA countries,Money & Markets
Number of compulsory schooling years,Learning & Education
Number of dairy cows,Environment & Natural Resources and Production
Number of enterprises carrying out cross border trade by employment size class,Money & Markets
Number of enterprises carrying out cross border trade by reasons for cross border trade and employment size class,Money & Markets
Number of enterprises carrying out cross border trade by type of cross border trade and employment size class,Money & Markets
Number of establishments and bed-places,Living Well
Number of known species,Environment & Natural Resources and Production
Number of loans and advances to customers linked to CPA categories,Money & Markets
Number of pigs,Environment & Natural Resources and Production
Number of principal ports,Money & Markets
Number of railway vehicles per type,Transports
Number of sheep,Environment & Natural Resources and Production
Number of ships of 1000 grt and over by type,Transports
Number of ships of 300 grt and over,Transports
"Number of work-related health problems by diagnosis group, sex and number of complaints per victim",Health & Safety
"Oats and spring cereal mixtures by area, production and humidity",Environment & Natural Resources and Production
Obesity rate by body mass index (BMI),Health & Safety
Occupants by type of housing,"People, Work & Living Conditions"
"Occupied conventional dwellings by households, by number of rooms","People, Work & Living Conditions"
Occupied conventional dwellings by number of rooms,"People, Work & Living Conditions"
Occupied conventional dwellings by presence of comfort characteristics,"People, Work & Living Conditions"
Occupied conventional dwellings by tenure status and amenities,"People, Work & Living Conditions"
Occupied conventional dwellings by tenure status and period of construction,"People, Work & Living Conditions"
Official development assistance as share of gross national income,Money & Markets
Oil pipeline enterprises,Environment & Natural Resources and Production
Old-age-dependency ratio,"People, Work & Living Conditions"
Olive trees - Area by age and density classes (area in ha),Environment & Natural Resources and Production
Olive trees - Area by age classes (area in ha),Environment & Natural Resources and Production
Olive trees - Area by density classes (area in ha),Environment & Natural Resources and Production
Olives by production,Environment & Natural Resources and Production
Organic production of animal products (until,Environment & Natural Resources and Production
Organic production of aquaculture products,Environment & Natural Resources and Production
Other expenditure on social protection,"People, Work & Living Conditions"
"Other investment - annual data, million units of national currency",Money & Markets
Out-of-pocket expenditure on healthcare,Health & Safety
Out-of-school rate by sex and age - as % of the population of the corresponding age,Learning & Education
"Out-of-school rate in population of lower secondary school age, by sex",Learning & Education
"Out-of-school rate in population of upper secondary school age, by sex",Learning & Education
Output of the agricultural industry - basic and producer prices,Money & Markets
Outward FDI stocks in % of GDP,Money & Markets
Overall employment growth,"People, Work & Living Conditions"
"Overall life satisfaction by sex, age and educational attainment",Living Well
Overcrowding rate by age group - EU-SILC survey,"People, Work & Living Conditions"
Overcrowding rate by age group - population without single-person households - EU-SILC survey,"People, Work & Living Conditions"
"Overcrowding rate by age, sex and poverty status - total population - EU-SILC survey","People, Work & Living Conditions"
Overcrowding rate by degree of urbanisation - EU-SILC survey,"People, Work & Living Conditions"
Overcrowding rate by degree of urbanisation - total population - EU-SILC survey,"People, Work & Living Conditions"
Overcrowding rate by household type - EU-SILC survey,"People, Work & Living Conditions"
Overcrowding rate by poverty status - EU-SILC survey,"People, Work & Living Conditions"
Overcrowding rate by poverty status - population without single-person households - EU-SILC survey,"People, Work & Living Conditions"
Overcrowding rate by sex - EU-SILC survey,"People, Work & Living Conditions"
Overcrowding rate by sex - population without single-person households - EU-SILC survey,"People, Work & Living Conditions"
Overcrowding rate by tenure status - EU-SILC survey,"People, Work & Living Conditions"
Overcrowding rate by tenure status - total population - EU-SILC survey,"People, Work & Living Conditions"
Parents educational attainment level,Learning & Education
Parents spending enough time with children living with them,"People, Work & Living Conditions"
Part-time employment rate,"People, Work & Living Conditions"
Participants in CVT courses by sex and size class - % of persons employed in all enterprises,Learning & Education
Participants in CVT courses by sex and size class - % of persons employed in enterprises providing CVT courses,Learning & Education
Participation in any learning activities by degree of urbanisation,Learning & Education
Participation in any learning activities by size of the local unit,Learning & Education
Participation in formal education by degree of urbanisation,Learning & Education
Participation in informal learning by degree of urbanisation,Learning & Education
Participation in job-related non-formal education and training by size of the local unit,Learning & Education
Participation in non-formal education and training by degree of urbanisation,Learning & Education
Participation in non-formal education and training by main reason for participating in the taught activity,Learning & Education
Participation in non-formal education and training by number of activities,Learning & Education
Participation in non-formal education and training within (or not) paid working hours,Learning & Education
Participation/ enrolment in education (ISCED 0-4),Learning & Education
Participation in any learning activities by NACE Rev. 1.1 activity,Money & Markets
Participation in tourism for personal purposes - % of total population,Living Well
"Participation rate in education and training (last 4 weeks) by sex, age and educational attainment level",Learning & Education
Passenger cars,Transports
Passenger cars - per thousand inhabitants,Transports
"Passenger cars in accompanied passenger car railway transport, by type of transport",Transports
Passenger railway vehicles by category of vehicle (until,Transports
"Passenger railway vehicles, by type of vehicle",Transports
Passenger road transport,Transports
Passenger air transport over national territory (including territorial sea) - million passenger-km,Transports
Passenger cars by age,Transports
Passenger cars by alternative motor energy (until,Transports
Passenger cars by unloaded weight,Transports
Passenger train traffic performance by type of train speed,Transports
Passengers (excluding cruise passengers) transported from/to the main ports,Transports
Passengers (excluding cruise passengers) transported from/to the main ports - - quarterly data,Transports
Passengers embarked and disembarked (excluding cruises) in all ports by direction,Transports
Passengers embarked and disembarked in the top 20 ports,Transports
"Passengers in accompanied passenger car railway transport, by type of transport",Transports
Passengers transported,Transports
Passengers transported by type of train speed,Transports
Patent applications to the European Patent Office by applicants' / inventors' country of residence,Tech & Innovation
Patents related to recycling and secondary raw materials,Tech & Innovation
People at risk of poverty after social transfer,"People, Work & Living Conditions"
People at risk of poverty or social exclusion,"People, Work & Living Conditions"
People at risk of poverty or social exclusion by age,"People, Work & Living Conditions"
People at risk of poverty or social exclusion by sex,"People, Work & Living Conditions"
People at risk of poverty or social exclusion by NUTS 2 regions,"People, Work & Living Conditions"
"People having a long-standing illness or health problem, by sex, age and income quintile",Health & Safety
People living in households with very low work intensity,"People, Work & Living Conditions"
People living in households with very low work intensity by NUTS 2 regions (population aged 0 to 59 years),"People, Work & Living Conditions"
People living in households with very low work intensity by sex,"People, Work & Living Conditions"
Perceived independence of the justice system,Living Well
Percentage change (compared to corresponding period of the previous year) in nights spent at tourist accommodation establishments by residents/non-residents - monthly data,Living Well
Percentage change of value added by ICT sector at current prices,Money & Markets
Percentage distribution of assistance needed by not employed disabled people by sex,"People, Work & Living Conditions"
Percentage distribution of assistance provided to employed disabled people by sex,"People, Work & Living Conditions"
Percentage distribution of types of assistance needed by not employed disabled people by sex,"People, Work & Living Conditions"
Percentage distribution of types of assistance provided to employed disabled people by sex,"People, Work & Living Conditions"
"Percentage of employed adults working at home by sex, age groups, number of children and age of youngest child","People, Work & Living Conditions"
Percentage of households having internet access at home,Tech & Innovation
Percentage of the ICT personnel in total employment,Money & Markets
Percentage of the ICT personnel on total employment,Money & Markets
Percentage of the ICT sector in Gross value added,Money & Markets
"Percentage of the population with at least upper secondary educational attainment, age group 25-64",Learning & Education
Percentage of threatened species,Environment & Natural Resources and Production
Perception of ever-working women as victims/non-victims of sexual harassment at work by commonness of harassment,Health & Safety
Perception of women as victims/non-victims of intimate partner violence by commonness of this violence against women,Health & Safety
"Performing (non-work-related) physical activities by sex, age and educational attainment level",Living Well
Permanent crops for human consumption by area,Environment & Natural Resources and Production
Persistent at-risk-of poverty rate by age group - EU-SILC survey,"People, Work & Living Conditions"
Persistent at-risk-of poverty rate by sex - EU-SILC survey,"People, Work & Living Conditions"
Persistent at-risk-of-poverty rate by sex and age - EU-SILC and ECHP surveys,"People, Work & Living Conditions"
Persons having experienced housing difficulties in their life by sex and current risk of poverty or social exclusion situation,"People, Work & Living Conditions"
Persons having experienced housing difficulties in their life by sex and group of country of birth,"People, Work & Living Conditions"
Persons having experienced housing difficulties in their life by sex and group of current country of citizenship,"People, Work & Living Conditions"
Persons having experienced housing difficulties in their life by sex and type of temporary solution (effect),"People, Work & Living Conditions"
Persons having overcome housing difficulties experienced in their life by sex and reason,"People, Work & Living Conditions"
"Persons participating in any cultural or sport activities in the last 12 months by sex, age and educational attainment","People, Work & Living Conditions"
"Persons participating in cultural or sport activities by sex, age, level of disability (activity limitation), activity type and frequency","People, Work & Living Conditions"
"Persons participating in cultural or sport activities in the last 12 months by sex, age, educational attainment, activity type and frequency","People, Work & Living Conditions"
"Persons participating in formal/informal voluntary activities or active citizenship by income quintile, household composition and degree of urbanisation","People, Work & Living Conditions"
"Persons participating in formal/informal voluntary activities or active citizenship by sex, age and educational attainment","People, Work & Living Conditions"
"Persons participating in formal/informal voluntary activities or active citizenship by sex, age, level of disability (activity limitation) and activity type","People, Work & Living Conditions"
Persons at risk of monetary poverty after social transfers - EU-SILC and ECHP surveys,"People, Work & Living Conditions"
Persons at risk of monetary poverty after social transfers by citizenship,"People, Work & Living Conditions"
Persons at risk of poverty or social exclusion,"People, Work & Living Conditions"
Persons at risk of poverty or social exclusion - EU2030 target,"People, Work & Living Conditions"
Persons at risk of poverty or social exclusion by NUTS regions,"People, Work & Living Conditions"
Persons at risk of poverty or social exclusion by NUTS regions - strategy,"People, Work & Living Conditions"
Persons at risk of poverty or social exclusion by age and sex,"People, Work & Living Conditions"
Persons at risk of poverty or social exclusion by degree of urbanisation,"People, Work & Living Conditions"
Persons at risk of poverty or social exclusion by tenure status,"People, Work & Living Conditions"
Persons at risk of poverty or social exclusion by tenure status - strategy,"People, Work & Living Conditions"
"Persons being happy in the last 4 weeks by sex, age, educational attainment and frequency",Living Well
Persons brought before criminal courts by legal status of the court process,Health & Safety
Persons eligible to vote in the European Parliament elections by category of voters - dedicated data collection,"People, Work & Living Conditions"
Persons employed in aviation and airport enterprises by sex,Transports
Persons employed in goods road transport enterprises by employment size classes,Transports
Persons employed in goods road transport enterprises by sex,Transports
Persons employed in main airports by sex,Transports
Persons employed in oil pipeline enterprises by sex,Transports
Persons employed in principal railway enterprises by sex (until,Transports
Persons employed in circular economy sectors,"People, Work & Living Conditions"
Persons employed in multinational enterprise groups by size class - experimental statistics,Money & Markets
Persons employed part-time -,"People, Work & Living Conditions"
"Persons feeling left out from society by sex, age and level of disability (activity limitation)",Health & Safety
"Persons getting together with family and relatives or friends by income quintile, household composition, degree of urbanisation and frequency","People, Work & Living Conditions"
"Persons having contacts with family and relatives or friends by income quintile, household composition, degree of urbanisation and frequency","People, Work & Living Conditions"
"Persons having someone to ask for help by sex, age and educational attainment","People, Work & Living Conditions"
"Persons having someone to discuss personal matters by sex, age and educational attainment","People, Work & Living Conditions"
Persons involved in trafficking in human beings by legal status and sex,Health & Safety
Persons killed in road accidents,Health & Safety
Persons killed in road accidents by type of road,Health & Safety
Persons living in households with very low work intensity by NUTS regions (population aged 0 to 64 years),"People, Work & Living Conditions"
Persons living in households with very low work intensity by age and sex (population aged 0 to 64 years),"People, Work & Living Conditions"
Persons living in households with very low work intensity by degree of urbanisation (population aged 0 to 64 years) - strategy,"People, Work & Living Conditions"
"Persons living in households with very low work intensity, by age group","People, Work & Living Conditions"
Persons living with their parents or contributing/benefiting from the household income (population aged 18 to 34 years),"People, Work & Living Conditions"
"Persons not participating in active citizenship by sex, age and level of disability (activity limitation)",Living Well
"Persons not participating in cultural or sport activities in the last 12 months by income quintile, household composition, degree of urbanisation, activity type and reasons",Living Well
"Persons not participating in cultural or sport activities in the last 12 months by sex, age, level of disability (activity limitation), activity type and reasons",Living Well
"Persons not participating in formal/informal voluntary activities or active citizenship in the last 12 months by income quintile, household composition, degree of urbanisation and reasons",Living Well
"Persons not participating in formal/informal voluntary activities or active citizenship in the last 12 months by sex, age, educational attainment and reasons",Living Well
"Persons not reading books in the last 12 months by sex, age, level of disability (activity limitation) and reasons",Learning & Education
Persons outside the labour force due to caring responsibilities by sex,"People, Work & Living Conditions"
Persons owning real estate other than main residence by income quantile,"People, Work & Living Conditions"
Persons owning real estate other than main residence by risk of poverty threshold,"People, Work & Living Conditions"
Persons participating in tourism for personal purposes - number of tourists,Living Well
"Persons practicing artistic activities by sex, age, educational attainment and frequency",Living Well
"Persons rating their life satisfaction as high, medium or low by sex, age, educational attainment and domain",Living Well
"Persons reading books in the last 12 months by sex, age, level of disability (activity limitation) and number of books","People, Work & Living Conditions"
"Persons reading books in the last 12 months by sex, age, risk of poverty or social exclusion situation and number of books","People, Work & Living Conditions"
Persons reading newspapers in the last 12 months by sex,"People, Work & Living Conditions"
Persons receiving benefits (other than old age benefits) by risk of poverty and work intensity of the household (population aged 18-64),"People, Work & Living Conditions"
Persons reporting a road traffic accident,Health & Safety
"Persons reporting an accident at work by sex, age and professional status",Health & Safety
"Persons reporting basic activity difficulty by sex, age, level of difficulty and degree of urbanization","People, Work & Living Conditions"
"Persons reporting basic activity difficulty by sex, age, level of difficulty and educational attainment level","People, Work & Living Conditions"
"Persons reporting basic activity difficulty by sex, age, level of difficulty and income quintile","People, Work & Living Conditions"
"Persons reporting basic activity difficulty by sex, age, level of difficulty, type of basic action and risk of poverty threshold","People, Work & Living Conditions"
Persons subject of asylum applications pending at the end of the month - monthly data,"People, Work & Living Conditions"
"Persons subject of asylum applications pending at the end of the month by citizenship, age and sex - monthly data","People, Work & Living Conditions"
Persons subject to immigration law enforcement - per thousand persons,Health & Safety
"Persons who receive a pension, by type of pension (%)","People, Work & Living Conditions"
Persons who reduced their working hours in a move towards retirement (%),"People, Work & Living Conditions"
Persons with loans for education purposes by risk of poverty threshold,"People, Work & Living Conditions"
Persons with loans for property purposes by risk of poverty threshold,"People, Work & Living Conditions"
"Persons with loans for purposes other than property, transport, education and daily living expenses by risk of poverty threshold","People, Work & Living Conditions"
Persons with loans for transport purposes by risk of poverty threshold,"People, Work & Living Conditions"
Persons with loans to cover daily living expenses by risk of poverty threshold,"People, Work & Living Conditions"
"Persons working as creative and performing artists, authors, journalists and linguists",Living Well
Pesticide sales by categorisation of active substances,Environment & Natural Resources and Production
Phosphate in rivers,Environment & Natural Resources and Production
Physical and sexual violence to women by age group data),Health & Safety
Police officers,Health & Safety
Police-recorded offences by offence category,Health & Safety
"Population by educational attainment level, sex and age (%) - main indicators","People, Work & Living Conditions"
Population density,"People, Work & Living Conditions"
Population density by metropolitan regions,"People, Work & Living Conditions"
Population aged 20-24 who completed at least an upper secondary educational attainment level (ISCED level 3) by sex,Learning & Education
Population aged 25 and over by sex and educational attainment level,Learning & Education
Population aged 30-34 who completed tertiary or equivalent education,Learning & Education
Population aged 30-34 with tertiary educational attainment level by sex,Learning & Education
"Population, aged 15-74 - labour force survey","People, Work & Living Conditions"
Population as a percentage of EU27 (from population,"People, Work & Living Conditions"
Population change - Demographic balance and crude rates at regional level (NUTS 3),"People, Work & Living Conditions"
"Population change - crude rates of total change, natural change and net migration plus adjustment","People, Work & Living Conditions"
Population connected to Wastewater Treatment,Environment & Natural Resources and Production
Population connected to at least secondary wastewater treatment,Environment & Natural Resources and Production
Population connected to public water supply,Environment & Natural Resources and Production
Population connected to wastewater collection and treatment systems,Environment & Natural Resources and Production
Population covered by the Covenant of Mayors for Climate & Energy signatories,Environment & Natural Resources and Production
"Population having neither a bath, nor a shower, nor indoor flushing toilet in their household by poverty status","People, Work & Living Conditions"
Population in jobless households,"People, Work & Living Conditions"
"Population living in households considering that they suffer from noise, by poverty status","People, Work & Living Conditions"
Population on 1 January,"People, Work & Living Conditions"
Population on 1 January by sex and by age group,"People, Work & Living Conditions"
"Population reporting occurrence of crime, violence or vandalism in their area by poverty status",Health & Safety
Population served by municipal waste,Environment & Natural Resources and Production
Population structure by detailed age group,"People, Work & Living Conditions"
Population structure by sex,"People, Work & Living Conditions"
Population structure indicators by NUTS 3 region,"People, Work & Living Conditions"
Population unable to keep home adequately warm by poverty status,"People, Work & Living Conditions"
Population with confidence in institutions by institution,Money & Markets
Population without the citizenship of the reporting country,"People, Work & Living Conditions"
"population, Candidate countries and potential candidates","People, Work & Living Conditions"
"Portfolio investement - annual data, million units of national currency",Money & Markets
Positions held by women in senior management positions,"People, Work & Living Conditions"
Positive first instance decisions - per thousand persons,"People, Work & Living Conditions"
Poultry farming,Environment & Natural Resources and Production
Poverty headcount ratio by sex: proportion of persons below the national poverty line,"People, Work & Living Conditions"
Poverty ratio,"People, Work & Living Conditions"
Poverty lines,"People, Work & Living Conditions"
Power of self-propelled vessels by load capacity,Transports
Practising dentists,Health & Safety
Practising physicians,Health & Safety
Premature deaths due to exposure to fine particulate matter (PM2.5),Health & Safety
Preventive cancer screenings - programme data,Health & Safety
Price and volume convergence between Member States,Money & Markets
Price indices of agricultural input/output at nominal value = 100),Money & Markets
Prices (annual series),Money & Markets
Primary energy consumption,Environment & Natural Resources and Production
Primary energy production,Environment & Natural Resources and Production
Prison capacity and number of persons held,Health & Safety
Prison population,Health & Safety
Prisoners by citizenship,Health & Safety
Prisoners by legal status of the trial process,Health & Safety
Private households by type of housing,"People, Work & Living Conditions"
Private investment and gross added value related to circular economy sectors,Money & Markets
"Private sector credit flow, consolidated - % GDP",Money & Markets
"Private sector credit flow, non-consolidated",Money & Markets
"Private sector credit flow: debt securities by sectors, consolidated - % of GDP",Money & Markets
"Private sector credit flow: debt securities by sectors, consolidated - million units of national currency",Money & Markets
"Private sector credit flow: debt securities by sectors, non-consolidated - % of GDP",Money & Markets
"Private sector credit flow: debt securities by sectors, non-consolidated - million units of national currency",Money & Markets
"Private sector credit flow: loans by sectors, consolidated - % of GDP",Money & Markets
"Private sector credit flow: loans by sectors, consolidated - million units of national currency",Money & Markets
"Private sector credit flow: loans by sectors, non-consolidated - % of GDP",Money & Markets
"Private sector credit flow: loans by sectors, non-consolidated - million units of national currency",Money & Markets
"Private sector debt, consolidated - % of GDP",Money & Markets
"Private sector debt, non-consolidated",Money & Markets
"Private sector debt: debt securities by sectors, non-consolidated - % of GDP",Money & Markets
"Private sector debt: debt securities by sectors, non-consolidated - million units of national currency",Money & Markets
"Private sector debt: debt securities, by sectors, consolidated - % of GDP",Money & Markets
"Private sector debt: debt securities, by sectors, consolidated - million units of national currency",Money & Markets
"Private sector debt: loans by sectors, non-consolidated - million units of national currency",Money & Markets
"Private sector debt: loans, by sectors, consolidated - % of GDP",Money & Markets
"Private sector debt: loans, by sectors, consolidated - million units of national currency",Money & Markets
"Private sector debt: loans, by sectors, non-consolidated - % of GDP",Money & Markets
Processors of organic products by NACE Rev. 2 activity (C),Money & Markets
"Producer price indices, animals and animal products",Environment & Natural Resources and Production
"Producer price indices, crop products",Environment & Natural Resources and Production
"Producer price indices, total agricultural production",Environment & Natural Resources and Production
Production and consumption of chemicals by hazard class,Environment & Natural Resources and Production
Production forecasts for pigs – thousand heads – quarterly data,Environment & Natural Resources and Production
Production in construction,Money & Markets
Production in industry - capital goods,Money & Markets
Production in industry - consumer durables,Money & Markets
Production in industry - consumer non-durables,Money & Markets
Production in industry - energy,Money & Markets
Production in industry - intermediate goods,Money & Markets
Production in industry - manufacturing,Money & Markets
Production in industry - total (excluding construction),Money & Markets
Production of bovine meat in slaughterhouses,Environment & Natural Resources and Production
Production of milk on farms,Environment & Natural Resources and Production
Production of milk powder,Environment & Natural Resources and Production
Production of pigmeat in slaughterhouses,Environment & Natural Resources and Production
Production of poultry meat in slaughterhouses,Environment & Natural Resources and Production
Production of sheepmeat and goat meat in slaughterhouses,Environment & Natural Resources and Production
Production of butter,Environment & Natural Resources and Production
Production of cheese,Environment & Natural Resources and Production
Production of eggs for consumption and number of laying hens,Environment & Natural Resources and Production
"Production, value added and employment by industry groups in the environmental goods and services sector",Money & Markets
Profit share of non-financial corporations,Money & Markets
Proportion of dissaving households - experimental statistics,Money & Markets
Proportion of fish stocks sustainably exploited,Environment & Natural Resources and Production
"Proportion of persons at risk of relative poverty, before social transfers by sex","People, Work & Living Conditions"
Proportion of persons living in jobless households,"People, Work & Living Conditions"
Proportion of population aged 65 and over,"People, Work & Living Conditions"
Protected areas,Environment & Natural Resources and Production
Protected forests,Environment & Natural Resources and Production
Protective functions of forests,Environment & Natural Resources and Production
Public expenditure on education,Money & Markets
Pupil/ student - teacher ratio and average class size (ISCED 1-3),Learning & Education
"Pupils aged 3 years old, by sex - as % of the population of the corresponding age group",Learning & Education
"Pupils aged 4 years old, by sex - as % of the population of the corresponding age group",Learning & Education
Pupils and students enrolled by education level,Learning & Education
Pupils and students in education aged 30 and over - per 1000 of corresponding age population,Learning & Education
Pupils and students in education by age groups - as % of corresponding age population,Learning & Education
Pupils from age 0 to the starting age of compulsory education at primary level by sex - % of the population of the corresponding age,Learning & Education
Pupils from age 3 to the starting age of compulsory education at primary level by NUTS2 regions - % of the population of the corresponding age,Learning & Education
Pupils from age 3 to the starting age of compulsory education at primary level by sex - % of the population of the corresponding age,Learning & Education
Pupils from age 4 to the starting age of compulsory education at primary level by NUTS2 regions - % of the population of the corresponding age,Learning & Education
"Pupils from age 4 to the starting age of compulsory education at primary level, by sex - as % of the population of the corresponding age group",Learning & Education
Pupils from age 5 to the starting age of compulsory education at primary level by sex - % of the population of the corresponding age,Learning & Education
Pupils under the age of 3 by sex - as % of the population of the corresponding age,Learning & Education
"Purchase price indices, total means of agricultural production",Environment & Natural Resources and Production
Purchases of advertising space or time for resale,Money & Markets
Purchasing Power Parities in the European Union (Countries) - index = 1),Money & Markets
Purchasing Power Parities in the European Union (Duty stations) - index (Brussels = 1),Money & Markets
Purchasing power adjusted GDP per capita,Money & Markets
Quality of education,Learning & Education
R&D personnel and researchers in the business enterprise sector by concentration of personnel (ranking),Tech & Innovation
Rail accidents by type of accident,Transports
Rail accidents involving the transport of dangerous goods,Transports
Rail equipment: number and capacity of railways vehicles,Transports
Rail equipment: number and load capacity of goods transport wagons,Transports
Rail equipment: number of locomotives and passenger railways vehicles,Transports
Rail freight traffic,Transports
Rail infrastructure: length of network,Transports
Rail passenger and freight traffic,Transports
Rail passenger traffic,Transports
Rail transport of passengers,Transports
Railway accidents by type of accident - annual data,Health & Safety
Railway enterprises by type of enterprise,"People, Work & Living Conditions"
Railway transport vans,Transports
"Rape, turnip rape, sunflower seeds and soya by area",Environment & Natural Resources and Production
"Ratio of annual expenditure per student at the tertiary level and primary level of education, in public educational institutions",Learning & Education
Ratio of pupils to teachers and teacher aides by education level and programme orientation,Learning & Education
Ratio of the proportion of tertiary students over the proportion of the population by NUTS1 and NUTS2 regions,Learning & Education
Raw material consumption (RMC),Environment & Natural Resources and Production
Real GDP growth rate - volume,Money & Markets
Real GDP per capita,Money & Markets
Real effective exchange rate - 42 trading partners,Money & Markets
Real effective exchange rate – euro area trading partners,Money & Markets
"Real effective exchange rate – index, 42 trading partners",Money & Markets
"Real effective exchange rate – percentage changes, 42 trading partners",Money & Markets
Recognised cases of occupational cancers - experimental statistics,Health & Safety
Recovery rates for packaging waste,Environment & Natural Resources and Production
Recycling rate of all waste excluding major mineral waste,Environment & Natural Resources and Production
Recycling rate of municipal waste,Environment & Natural Resources and Production
Recycling rate of packaging waste by type of packaging,Environment & Natural Resources and Production
Recycling rate of waste of electrical and electronic equipment (WEEE) separately collected,Environment & Natural Resources and Production
Recycling rates for packaging waste,Environment & Natural Resources and Production
Regional disparities in gender employment gap (NUTS level 2),"People, Work & Living Conditions"
Regional disparities in long-term unemployment rates (NUTS level 2),"People, Work & Living Conditions"
Regional disparities in the rate of early leavers from education and training (NUTS level 2),"People, Work & Living Conditions"
Regional disparities in the rate of young people neither in employment nor in education and training (NEET) (NUTS level 2),"People, Work & Living Conditions"
Registered Community designs (RCD),Tech & Innovation
Registered Community designs (RCD) by metropolitan regions,Tech & Innovation
Registered Community designs (RCD) by other typologies,Tech & Innovation
Relative at risk of poverty gap by poverty threshold - EU-SILC and ECHP surveys,"People, Work & Living Conditions"
Relative incidence rate of accidental injuries at work by occupation and NACE Rev. 1.1 activity mean rate = 100),Health & Safety
"Relative incidence rate of accidental injuries at work by severity, frequency of night work and age mean rate = 100 for each severity)",Health & Safety
"Relative incidence rate of accidental injuries at work by severity, frequency of shift work and age mean rate = 100 for each severity)",Health & Safety
"Relative incidence rate of accidental injuries at work by severity, working hours and sex mean rate = 100 for each severity)",Health & Safety
Relative median at-risk-of-poverty gap,"People, Work & Living Conditions"
Relative median at-risk-of-poverty gap of elderly people - EU-SILC and ECHP surveys,"People, Work & Living Conditions"
Relative median income ratio (60+) - EU-SILC survey,"People, Work & Living Conditions"
Relative median income ratio (65+) - EU-SILC and ECHP surveys,"People, Work & Living Conditions"
Relative median poverty risk gap by age group - EU-SILC survey,"People, Work & Living Conditions"
Relative median poverty risk gap of elderly people - EU-SILC survey,"People, Work & Living Conditions"
Relative poverty gap by risk of poverty and work intensity of the household,"People, Work & Living Conditions"
Relative poverty gap by risk of poverty and work intensity of the households with income from benefits,"People, Work & Living Conditions"
"Relative poverty threshold after social transfers, income per month","People, Work & Living Conditions"
Relative standardised incidence rate of accidental injuries at work by educational attainment level and sex (mean rate for each Member State = 100),Health & Safety
Remuneration indexes of national civil servants in central public administration,"People, Work & Living Conditions"
Renewable freshwater resources,Environment & Natural Resources and Production
"Research and development expenditure, by sectors of performance",Tech & Innovation
Researchers in the higher education sector by seniority category,Learning & Education
researchers by sectors of performance - head count,Tech & Innovation
Resettled persons - annual data,"People, Work & Living Conditions"
"Resettled persons by age, sex and citizenship - annual data","People, Work & Living Conditions"
"Residential construction - annual data, % of GDP",Money & Markets
Resource productivity,Environment & Natural Resources and Production
Retail trade turnover - automotive fuel,Money & Markets
"Retail trade turnover - food, beverages and tobacco",Money & Markets
Retail trade turnover - non food,Money & Markets
Retail trade turnover - total,Money & Markets
Retail trade volume of sales - automotive fuel,Money & Markets
"Retail trade volume of sales - food, beverages and tobacco",Money & Markets
Retail trade volume of sales - non food,Money & Markets
Retail trade volume of sales - total,Money & Markets
Retail trade volume of sales index (deflated turnover),Money & Markets
Return on equity of banks,Money & Markets
Returns by type of return - % of total returns,Money & Markets
Road equipment: number of road vehicles by age,Transports
Road equipment: number of road vehicles by categories,Transports
Road freight transport,Transports
Road traffic: road freight transport in volume,Transports
Road accidents: persons killed,Health & Safety
"Road cabotage transport by country in which cabotage takes place (t, tkm) - (from onwards)",Transports
Road cabotage transport by country in which cabotage takes place (tkm) -,Transports
Road cabotage transport performed by each reporting country (tkm) -,Transports
Road equipment: load capacity of lorries,Transports
Road equipment: new registrations by categories,Transports
Road infrastructure: lenght of road network,Transports
Road tractors by type of motor energy (until,Transports
Root crops and plants harvested green from arable land by area,Environment & Natural Resources and Production
"Rye and winter cereal mixtures by area, production and humidity",Environment & Natural Resources and Production
Safety copies and back up files,Tech & Innovation
Sales and collection of portable batteries and accumulators,Money & Markets
Satisfaction with the job by risk of poverty threshold and level of disability (activity limitation),"People, Work & Living Conditions"
"Satisfaction with the job by sex, age and educational attainment","People, Work & Living Conditions"
School completion rate at ISCED 1 level by sex,Learning & Education
Sea transport of goods,Transports
"Seat capacity of new motor coaches, buses and trolley buses",Transports
Seat capacity of passenger railway vehicles by type of vehicles,Transports
Seat/berth capacity of passenger railway vehicles,Transports
"Seats /berths in motor coaches, buses and trolley buses",Transports
Seats held by women in national parliaments and governments,"People, Work & Living Conditions"
Secondary energy production (transformation),Environment & Natural Resources and Production
"Secondary wood products, production",Environment & Natural Resources and Production
Self defined health status by age and income quantile - ECHP survey,Health & Safety
"Self-declared over-qualified employees as percentage of the total employees by sex, age, migration status and educational attainment level","People, Work & Living Conditions"
"Self-employed persons having at least one client in the last 12 months by control over working time, and sex","People, Work & Living Conditions"
Self-reported unmet need for medical care by sex,Health & Safety
Self-reported unmet need for medical examination and care by sex,Health & Safety
"Self-reported unmet needs for medical examination by sex, age, main reason declared and income quintile",Health & Safety
"Self-reported unmet needs for medical examination due to financial reasons, long waiting list or distance by NUTS regions - % of the persons having the same needs",Health & Safety
Self-reported breast examination by X-ray by educational attainment level among women aged 50-69 (%),Health & Safety
Self-reported cervical smear test by educational attainment level among women aged 20-69 (%),Health & Safety
Self-reported use of home care services by people with severe difficulty in personal care activities by age and household type,Health & Safety
Self-reported use of home care services by people with severe difficulty in personal care activities by sex and age,Health & Safety
self-sufficiency for raw materials,Environment & Natural Resources and Production
Selling prices of barley,Environment & Natural Resources and Production
Selling prices of calves,Environment & Natural Resources and Production
Selling prices of chickens (live 1st choice),Environment & Natural Resources and Production
Selling prices of fresh eggs,Environment & Natural Resources and Production
Selling prices of main crop potatoes,Environment & Natural Resources and Production
Selling prices of maize,Environment & Natural Resources and Production
Selling prices of oats,Environment & Natural Resources and Production
Selling prices of piglets,Environment & Natural Resources and Production
Selling prices of pigs (light),Environment & Natural Resources and Production
Selling prices of raw cow's milk,Environment & Natural Resources and Production
Selling prices of sheep,Environment & Natural Resources and Production
Selling prices of soft wheat,Environment & Natural Resources and Production
Selling prices of sugar beet (unit value),Environment & Natural Resources and Production
"Semi-trailers and their load capacity, by permissible maximum gross weight",Transports
Semi-trailers by load capacity (until,Transports
Services trade by broad economic categories (BEC Rev.5),Money & Markets
"Services turnover index, calendar adjusted",Money & Markets
Settlement area,"People, Work & Living Conditions"
Settlement area per capita,"People, Work & Living Conditions"
"Severe housing deprivation rate by age, sex and poverty status - EU-SILC survey","People, Work & Living Conditions"
Severe housing deprivation rate by degree of urbanisation - EU-SILC survey,"People, Work & Living Conditions"
Severe housing deprivation rate by income quintile - EU-SILC survey,"People, Work & Living Conditions"
Severe housing deprivation rate by poverty status,"People, Work & Living Conditions"
Severe housing deprivation rate by tenure status,"People, Work & Living Conditions"
Severe material deprivation rate by age and sex,"People, Work & Living Conditions"
Severe material and social deprivation by NUTS region,"People, Work & Living Conditions"
Severe material and social deprivation rate,"People, Work & Living Conditions"
Severe material and social deprivation rate by age group and sex,"People, Work & Living Conditions"
Severe material and social deprivation rate by sex,"People, Work & Living Conditions"
Severe material and social deprivation rate for children (aged less than 18) by sex,"People, Work & Living Conditions"
Severe material deprivation rate by NUTS 2 regions,"People, Work & Living Conditions"
Severe material deprivation rate by NUTS regions,"People, Work & Living Conditions"
Severe material deprivation rate by tenure status,"People, Work & Living Conditions"
Severely materially and socially deprived people,"People, Work & Living Conditions"
Sewage sludge production and disposal from urban wastewater (in dry substance (d.s)),Environment & Natural Resources and Production
Share for transmission and distribution in the network cost for gas and electricity - annual data,Environment & Natural Resources and Production
Share of European Neighbourhood Policy East Countries in European Union 27 trade,Money & Markets
Share of GBAORD allocated to defence and total civil socio-economic objectives,Money & Markets
Share of GBARD in total general government expenditure,Money & Markets
Share of buses and trains in inland passenger transport,Transports
Share of children (aged less than 18) living with their parents by type of household - EU-SILC survey,"People, Work & Living Conditions"
Share of digital platform workers (in the last 12 months) by educational attainment level - experimental statistics,"People, Work & Living Conditions"
Share of digital platform workers (in the last 12 months) by type of task or service - experimental statistics,"People, Work & Living Conditions"
Share of employment in Member States supported by exports (FIGARO application),Money & Markets
Share of energy from renewable sources,Environment & Natural Resources and Production
Share of enterprises' turnover on e-commerce - %,Money & Markets
Share of environmental taxes in total tax revenues,Money & Markets
Share of forest area,Environment & Natural Resources and Production
Share of fossil fuels in gross available energy,Environment & Natural Resources and Production
Share of government budget appropriations or outlays on research and development,Money & Markets
Share of landcover types affected by severe erosion,Environment & Natural Resources and Production
"Share of mobile students from abroad enrolled by education level, sex and country of origin",Learning & Education
Share of organic crop area out of the total utilised agricultural area (UAA) (until,Environment & Natural Resources and Production
Share of people living in under-occupied dwellings by degree of urbanisation - total population - EU-SILC survey,"People, Work & Living Conditions"
Share of people living in under-occupied dwellings by tenure status - total population - EU-SILC survey,"People, Work & Living Conditions"
Share of people with good or very good perceived health by sex,Health & Safety
Share of rail and inland waterways in inland freight transport,Transports
Share of renewable energy in gross final energy consumption by sector,Environment & Natural Resources and Production
Share of total population considering their dwelling as too dark - EU-SILC survey,"People, Work & Living Conditions"
"Share of total population having neither a bath, nor a shower in their dwelling - EU-SILC survey","People, Work & Living Conditions"
"Share of total population living in a dwelling with a leaking roof, damp walls, floors or foundation, or rot in window frames of floor - EU-SILC survey","People, Work & Living Conditions"
Share of total population not having indoor flushing toilet for the sole use of their household - EU-SILC survey,"People, Work & Living Conditions"
Share of trade with the EU27 (from,Money & Markets
Share of value added in Member States supported by exports (FIGARO application),Money & Markets
"Share of women researchers, all sectors","People, Work & Living Conditions"
"Share of women researchers, by sectors of performance","People, Work & Living Conditions"
"Short sea shipping - country level - gross weight of goods transported to/from main ports, by direction",Transports
"Short sea shipping - country level - volume (in TEU's) of containers transported to/from main ports, by loading status",Transports
"Short sea shipping - level - gross weight of goods transported to/from main ports, by type of cargo for each sea region of partner ports",Transports
Simplified energy balances,Environment & Natural Resources and Production
Smoking prevalence by sex,Health & Safety
Social protection expenditure excluding administrative costs (including health expenditure) as a share of GDP,"People, Work & Living Conditions"
Social protection receipts by type,"People, Work & Living Conditions"
Soil sealing index,Environment & Natural Resources and Production
Solar thermal collectors' surface,Environment & Natural Resources and Production
Sources of information used for getting information on learning possibilities,Learning & Education
Special purpose road vehicles,Transports
Standardised death rate due to homicide by sex,Health & Safety
"Standardised death rate due to tuberculosis, HIV and hepatitis by type of disease",Health & Safety
Standardised incidence rate of accidents at work by NACE Rev. 1.1 activity and employment status,Health & Safety
Standardised incidence rate of accidents at work by NACE Rev. 1.1 activity and size of enterprise,Health & Safety
Standardised preventable and treatable mortality,Health & Safety
"Stock of general government debt security liabilities issued as 'green bonds' - one-off data collection, experimental statistics",Money & Markets
Stock of vehicles by category,Transports
Structural information,Tech & Innovation
Students in post-compulsory education - as % of the total population of post-compulsory school age,Learning & Education
Students in tertiary education - as % of 20-24 years old in the population,Learning & Education
Subjective poverty by degree of urbanization,"People, Work & Living Conditions"
Subjective poverty by educational attainment level (population aged 18 and over),"People, Work & Living Conditions"
Subjective poverty by tenure status,"People, Work & Living Conditions"
Suicide death rate by age group,Health & Safety
Suicides involving railways,Health & Safety
Surface of the marine protected areas,Environment & Natural Resources and Production
Surface of the terrestrial protected areas,Environment & Natural Resources and Production
Suspects of migrant smuggling by citizenship,Health & Safety
Table grape vines - Area by age and density classes (area in ha),Environment & Natural Resources and Production
Tax rate on low wage earners - Low wage trap,"People, Work & Living Conditions"
Tax rate on low wage earners - Unemployment trap,"People, Work & Living Conditions"
Tax rate on low wage earners: Tax wedge on labour costs,"People, Work & Living Conditions"
"Teachers working part-time - as % of all teachers, by education level",Learning & Education
Technical and vocational education training (TVET),Learning & Education
Terms of trade by items - 5 years % change,Money & Markets
"Territorialised road freight transport, by transport coverage – annual data",Transports
Tertiary educational attainment by sex,Learning & Education
"Tertiary educational attainment, age group 30-34",Learning & Education
The real gross disposable income of households per capita (index =,"People, Work & Living Conditions"
Third country nationals ordered to leave - annual data (rounded),"People, Work & Living Conditions"
Third country nationals returned following an order to leave - annual data (rounded),"People, Work & Living Conditions"
Tier-1 capital ratio banking sector,Money & Markets
Time spent doing more than one activity simultaneously,Living Well
"Time spent watching or other media, playing computer games and any similar screen activities (as main or secondary activity)",Living Well
"Time spent, participation time and participation rate in the main activity by sex and educational attainment level",Living Well
Time spent alone,Living Well
Time spent in total work (paid and unpaid work as main or secondary activity) by sex and by form of work,Living Well
Time spent in unpaid forms of work (as main or secondary activity) by sex and by form of work,Living Well
Time spent on eating at home (as main or secondary activity),Living Well
"Time spent on health-enhancing (non-work-related) aerobic physical activity by sex, age and educational attainment level",Health & Safety
Time spent on travelling by mode of transport,Transports
Time spent providing childcare (as main or secondary activity),Living Well
Top 5 ports - gross weight of goods handled in each port,Transports
Top 5 ports for Ro-ro units - gross weight of goods in Ro-Ro units handled in each port,Transports
Top 5 ports for containers - gross weight of goods in containers handled in each port,Transports
Top 5 ports for liquid bulk - gross weight of liquid bulk goods handled in each port,Transports
Top 5 ports for volume of containers - volume (in TEUs) of containers handled in each port,Transports
Tourism infrastructure,Living Well
Trade balance,Money & Markets
"Trade volume indices, by reporting country",Money & Markets
Trade in services with the top 5 partners,Money & Markets
Trade in goods with the top 5 partners,Money & Markets
"Trade in goods, by main world traders - EU27 (from",Money & Markets
"Trade unit value indices, by reporting country",Money & Markets
"Trailers and their load capacity, by permissible maximum gross weight",Transports
Trailers by load capacity (until,Transports
Train traffic on the rail network -,Transports
Train traffic on the rail network - Czech Republic,Transports
Train traffic on the rail network - Hungaria,Transports
Train traffic on the rail network - North Macedonia,Transports
Train traffic on the rail network - the Former Yugoslav Republic of Macedonia,Transports
Trainsets and capacity by type of speed,Transports
"Transition from fixed term contracts to permanent contracts by sex and age (annual averages of quarterly transitions, estimated probabilities) - experimental statistics","People, Work & Living Conditions"
"Transition from part-time work to full-time work by sex and age (annual averages of quarterly transitions, estimated probabilities) - experimental statistics","People, Work & Living Conditions"
Treatment and disposal facilities,Environment & Natural Resources and Production
Treatment of municipal waste,Environment & Natural Resources and Production
"Trust in others by sex, age and educational attainment",Living Well
Turnover by client specialisation and NACE Rev.1 at 3-digit level,Money & Markets
Turnover by client specialisation and employment size class,Money & Markets
Turnover by client specialisation and product specialisation,Money & Markets
Turnover by nationality of client and NACE Rev.1 at 3-digit level,Money & Markets
Turnover by nationality of client and employment size class,Money & Markets
Turnover by product specialisation and employment size class for group 72.2,Money & Markets
Turnover by product specialisation for div. 72,Money & Markets
Turnover by residence of client and economic activity,Money & Markets
Turnover in industry - capital goods,Money & Markets
Turnover in industry - consumer durables,Money & Markets
Turnover in industry - consumer non-durables,Money & Markets
Turnover in industry - intermediate goods,Money & Markets
Turnover in industry - manufacturing,Money & Markets
Turnover by type of client and NACE Rev.1 at 3-digit level,Money & Markets
Turnover by type of client and employment size class,Money & Markets
Turnover by type of media for advertising services,Money & Markets
Typical dwelling sizes by type of dwelling in each surveyed city,"People, Work & Living Conditions"
Under 5 mortality rate by sex,Health & Safety
Unemployment by sex,"People, Work & Living Conditions"
Unemployment by sex - age group 15-24,"People, Work & Living Conditions"
Unemployment by sex - age group 25-74,"People, Work & Living Conditions"
Unemployment rate,"People, Work & Living Conditions"
Unemployment rate - 3 year average,"People, Work & Living Conditions"
Unemployment rate - annual data,"People, Work & Living Conditions"
"Unemployment rate - quarterly data, seasonally adjusted","People, Work & Living Conditions"
Unemployment rates by sex and age,"People, Work & Living Conditions"
"Unemployment rates by sex, age and educational attainment level (%)","People, Work & Living Conditions"
Unemployment rates of the population aged 25-64 by educational attainment level,"People, Work & Living Conditions"
unemployment rate,"People, Work & Living Conditions"
Unemployment rate by education level,"People, Work & Living Conditions"
Unemployment rate by sex,"People, Work & Living Conditions"
Unemployment rate by sex - age group 15-24,"People, Work & Living Conditions"
Unemployment rate by sex - age group 25-74,"People, Work & Living Conditions"
Unit labour cost performance related to the euro area - annual data,Money & Markets
Unit value of exports,Money & Markets
Unit value of imports,Money & Markets
Unitisation in inland waterways freight transport - tonne-kilometre for gross-gross weight of goods,Transports
Unitisation in maritime freight transport - tonnes for gross weight of goods,Transports
Unitisation in rail freight transport- tonne-kilometre for gross-gross weight of goods,Transports
Unitisation in road freight transport - tonne-kilometre for gross weight of goods,Transports
Unitisation in the different modes of transport - tonne-kilometre for gross weight of goods,Transports
Urban wastewater treatment,Environment & Natural Resources and Production
Use and risk of chemical pesticides,Environment & Natural Resources and Production
Usually resident population on 1 January,"People, Work & Living Conditions"
Vaccination against influenza of population aged 65 and over,Health & Safety
Valid permits by reasons - % of total valid permits,Money & Markets
Value Added in Foreign Controlled Enterprises,Money & Markets
Vessel traffic,Transports
Vessels arriving in main ports by type of vessels (estimates) - experimental statistics,Transports
Victims of trafficking in human beings by all forms of exploitation,Health & Safety
Victims of trafficking in human beings by citizenship,Health & Safety
Victims of trafficking in human beings by sex,Health & Safety
Volume of freight transport relative to GDP,Transports
Volume of containers handled in the top 20 main ports by loading status,Transports
Volume of passenger transport relative to GDP,Transports
Volume of timber FE),Environment & Natural Resources and Production
Waste generated by households by year and waste category,Environment & Natural Resources and Production
Waste generation per capita,Environment & Natural Resources and Production
Water abstracted by sector of use,Environment & Natural Resources and Production
Water supplied and used by economic sectors,Environment & Natural Resources and Production
"Water exploitation index, plus (WEI+)",Environment & Natural Resources and Production
Water resources: long-term annual average,Environment & Natural Resources and Production
Water use balance,Environment & Natural Resources and Production
Water use by economic activity,Environment & Natural Resources and Production
Weights of producer prices of agricultural products - survey,Environment & Natural Resources and Production
Weights of purchase prices of the means of agricultural production - survey,Environment & Natural Resources and Production
"Wheat and spelt by area, production and humidity",Environment & Natural Resources and Production
"Women as victims/non-victims of violence, by awareness of free legal aid",Health & Safety
"Women as victims/non-victims of violence, by awareness of the existence of support services",Health & Safety
"Women who have experienced sexual violence during childhood, by age group",Health & Safety
"Women who have experienced sexual violence during childhood, by person/support service to whom violence was reported",Health & Safety
"Women who have experienced sexual violence during childhood, by type of perpetrator",Health & Safety
"Women who have experienced stalking, by age group",Health & Safety
"Women who have experienced stalking, by consequences of violence",Health & Safety
"Women who have experienced stalking, by occurrence of the last episode",Health & Safety
"Women who have experienced stalking, by person/support service to whom violence was reported",Health & Safety
"Women who have experienced stalking, by type of perpetrator",Health & Safety
"Women who have experienced violence by a domestic perpetrator, by age group",Health & Safety
"Women who have experienced violence by a domestic perpetrator, by country of birth",Health & Safety
"Women who have experienced violence by a domestic perpetrator, by degree of urbanisation",Health & Safety
"Women who have experienced violence by a domestic perpetrator, by level of disability (activity limitation)",Health & Safety
"Women who have experienced violence by a domestic perpetrator, by level of education",Health & Safety
"Women who have experienced violence by a domestic perpetrator, by occurrence of the last episode",Health & Safety
"Women who have experienced violence by a domestic perpetrator, by type of violence",Health & Safety
Women who have experienced violence by a non-partner and consequences of violence,Health & Safety
"Women who have experienced violence by a non-partner, by age group",Health & Safety
"Women who have experienced violence by a non-partner, by country of birth",Health & Safety
"Women who have experienced violence by a non-partner, by degree of urbanisation",Health & Safety
"Women who have experienced violence by a non-partner, by level of disability (activity limitation)",Health & Safety
"Women who have experienced violence by a non-partner, by level of education",Health & Safety
"Women who have experienced violence by a non-partner, by occurrence of the last episode",Health & Safety
"Women who have experienced violence by a non-partner, by person/support service to whom violence was reported",Health & Safety
"Women who have experienced violence by a non-partner, by type and frequency of violence",Health & Safety
"Women who have experienced violence by a non-partner, by type of perpetrator",Health & Safety
"Women who have experienced violence by a non-partner, by type of violence",Health & Safety
Women who have experienced violence by any perpetrator and consequences of violence,Health & Safety
"Women who have experienced violence by any perpetrator, by age group",Health & Safety
"Women who have experienced violence by any perpetrator, by country of birth",Health & Safety
"Women who have experienced violence by any perpetrator, by degree of urbanisation",Health & Safety
"Women who have experienced violence by any perpetrator, by level of disability (activity limitation)",Health & Safety
"Women who have experienced violence by any perpetrator, by level of education",Health & Safety
"Women who have experienced violence by any perpetrator, by occurrence of the last episode",Health & Safety
"Women who have experienced violence by any perpetrator, by person/support service to whom violence was reported",Health & Safety
"Women who have experienced violence by any perpetrator, by type and frequency of violence",Health & Safety
"Women who have experienced violence by any perpetrator, by type of violence",Health & Safety
Work-related health problems in by sex,Health & Safety
Young people aged 20-24 with at least upper secondary educational attainment level by sex,Learning & Education
Young people neither in employment nor in education and training (15-29 years) - % of the total population in the same age group,"People, Work & Living Conditions"
"Young people neither in employment nor in education and training (NEET), by citizenship","People, Work & Living Conditions"
Young people neither in employment nor in education and training by sex (NEET),"People, Work & Living Conditions"
"Young people neither in employment nor in education and training by sex, age and labour status (NEET rates)","People, Work & Living Conditions"
"Youth employment rate, age group 20-29","People, Work & Living Conditions"
Youth unemployment rate - % of active population aged 15-24,"People, Work & Living Conditions"
Youth unemployment rate by sex,"People, Work & Living Conditions"
Youth unemployment ratio (15-24),"People, Work & Living Conditions"
economy deficit/surplus,Money & Markets
financing to developing countries by financing source,Money & Markets
index of occupational diseases – experimental statistics,Health & Safety
