tree_id,node_id,parent_id,depth,edge_label,full_path,n_children,n_terminal_here,n_measures_subtree,is_branch_point,examples
0,0,-1,0,3,3,1,0,3,False,3-month rates for euro area countries - annual data | 3-month rates for euro area countries - quarterly data | 3-month-interest rate
0,1,0,1,month,3 > month,2,0,3,True,3-month rates for euro area countries - annual data | 3-month rates for euro area countries - quarterly data | 3-month-interest rate
1,0,-1,0,rates for euro area countries,3 > month > rates > for > euro > area > countries,2,0,2,True,3-month rates for euro area countries - annual data | 3-month rates for euro area countries - quarterly data
1,1,0,1,annual data,3 > month > rates > for > euro > area > countries > annual > data,0,1,1,False,3-month rates for euro area countries - annual data
1,2,0,1,quarterly data,3 > month > rates > for > euro > area > countries > quarterly > data,0,1,1,False,3-month rates for euro area countries - quarterly data
2,0,-1,0,interest rate,3 > month > interest > rate,0,1,1,False,3-month-interest rate
3,0,-1,0,abortion,abortion,1,0,1,False,Abortion indicators
3,1,0,1,indicators,abortion > indicators,0,1,1,False,Abortion indicators
4,0,-1,0,access,access,1,0,1,False,Access to basic services and housing
4,1,0,1,to basic services and housing,access > to > basic > services > and > housing,0,1,1,False,Access to basic services and housing
5,0,-1,0,accidental,accidental,1,0,1,False,Accidental injuries at work in by sex
5,1,0,1,injuries at work in by sex,accidental > injuries > at > work > in > by > sex,0,1,1,False,Accidental injuries at work in by sex
6,0,-1,0,accidents,accidents,2,0,2,True,Accidents in inland waterway transport | Accidents involving the transport of dangerous goods - annual data
7,0,-1,0,in inland waterway transport,accidents > in > inland > waterway > transport,0,1,1,False,Accidents in inland waterway transport
8,0,-1,0,involving the transport of dangerous goods annual data,accidents > involving > the > transport > of > dangerous > goods > annual > data,0,1,1,False,Accidents involving the transport of dangerous goods - annual data
9,0,-1,0,accommodation,accommodation,1,0,1,False,Accommodation establishments
9,1,0,1,establishments,accommodation > establishments,0,1,1,False,Accommodation establishments
10,0,-1,0,acquisition,acquisition,1,0,1,False,Acquisition of citizenship
10,1,0,1,of citizenship,acquisition > of > citizenship,0,1,1,False,Acquisition of citizenship
11,0,-1,0,activity,activity,2,0,3,True,Activity rate by sex | Activity rates 15-64 years old by sex | Activity rates by sex and age
11,1,0,1,rate by sex,activity > rate > by > sex,0,1,1,False,Activity rate by sex
11,2,0,1,rates,activity > rates,2,0,2,True,Activity rates 15-64 years old by sex | Activity rates by sex and age
11,3,2,2,15 64 years old by sex,activity > rates > 15 > 64 > years > old > by > sex,0,1,1,False,Activity rates 15-64 years old by sex
11,4,2,2,by sex and age,activity > rates > by > sex > and > age,0,1,1,False,Activity rates by sex and age
12,0,-1,0,additional,additional,1,0,1,False,Additional indicators
12,1,0,1,indicators,additional > indicators,0,1,1,False,Additional indicators
13,0,-1,0,adjusted,adjusted,1,0,2,False,Adjusted gross disposable income of households per capita | Adjusted gross disposable income of households per capita in PPS
13,1,0,1,gross disposable income of households per capita,adjusted > gross > disposable > income > of > households > per > capita,1,1,2,False,Adjusted gross disposable income of households per capita | Adjusted gross disposable income of households per capita in PPS
13,2,1,2,in pps,adjusted > gross > disposable > income > of > households > per > capita > in > pps,0,1,1,False,Adjusted gross disposable income of households per capita in PPS
14,0,-1,0,adult,adult,1,0,1,False,Adult participation in learning in the past four weeks by sex
14,1,0,1,participation in learning in the past four weeks by sex,adult > participation > in > learning > in > the > past > four > weeks > by > sex,0,1,1,False,Adult participation in learning in the past four weeks by sex
15,0,-1,0,age,age,1,0,1,False,Age at which the person first received an old-age pension (years)
15,1,0,1,at which the person first received an old age pension years,age > at > which > the > person > first > received > an > old > age > pension > years,0,1,1,False,Age at which the person first received an old-age pension (years)
16,0,-1,0,aggregate,aggregate,2,0,7,True,Aggregate propensity to consume by activity status of the reference person - experimental statistics | Aggregate propensity to consume by degree of urbanisation - experimental statistics | Aggregate propensity to consume by household type - experimental statistics
17,0,-1,0,propensity to consume by,aggregate > propensity > to > consume > by,4,0,4,True,Aggregate propensity to consume by activity status of the reference person - experimental statistics | Aggregate propensity to consume by degree of urbanisation - experimental statistics | Aggregate propensity to consume by household type - experimental statistics
17,1,0,1,activity status of the reference person experimental statistics,aggregate > propensity > to > consume > by > activity > status > of > the > reference > person > experimental > statistics,0,1,1,False,Aggregate propensity to consume by activity status of the reference person - experimental statistics
17,2,0,1,degree of urbanisation experimental statistics,aggregate > propensity > to > consume > by > degree > of > urbanisation > experimental > statistics,0,1,1,False,Aggregate propensity to consume by degree of urbanisation - experimental statistics
17,3,0,1,household type experimental statistics,aggregate > propensity > to > consume > by > household > type > experimental > statistics,0,1,1,False,Aggregate propensity to consume by household type - experimental statistics
17,4,0,1,income quintile experimental statistics,aggregate > propensity > to > consume > by > income > quintile > experimental > statistics,0,1,1,False,Aggregate propensity to consume by income quintile - experimental statistics
18,0,-1,0,replacement ratio,aggregate > replacement > ratio,1,1,3,False,Aggregate replacement ratio | Aggregate replacement ratio for pensions (excluding other social benefits) by sex | Aggregate replacement ratio for pensions (excluding other social benefits) by sex - EU-SILC survey
18,1,0,1,for pensions excluding other social benefits by sex,aggregate > replacement > ratio > for > pensions > excluding > other > social > benefits > by > sex,1,1,2,False,Aggregate replacement ratio for pensions (excluding other social benefits) by sex | Aggregate replacement ratio for pensions (excluding other social benefits) by sex - EU-SILC survey
18,2,1,2,eu silc survey,aggregate > replacement > ratio > for > pensions > excluding > other > social > benefits > by > sex > eu > silc > survey,0,1,1,False,Aggregate replacement ratio for pensions (excluding other social benefits) by sex - EU-SILC survey
19,0,-1,0,agricultural,agricultural,3,0,9,True,Agricultural holdings by age of holder | Agricultural holdings by age of manager | Agricultural holdings by agricultural area
20,0,-1,0,holdings,agricultural > holdings,2,0,6,True,Agricultural holdings by age of holder | Agricultural holdings by age of manager | Agricultural holdings by agricultural area
20,1,0,1,by,agricultural > holdings > by,4,0,5,True,Agricultural holdings by age of holder | Agricultural holdings by age of manager | Agricultural holdings by agricultural area
20,2,1,2,age of,agricultural > holdings > by > age > of,2,0,2,True,Agricultural holdings by age of holder | Agricultural holdings by age of manager
20,3,2,3,holder,agricultural > holdings > by > age > of > holder,0,1,1,False,Agricultural holdings by age of holder
20,4,2,3,manager,agricultural > holdings > by > age > of > manager,0,1,1,False,Agricultural holdings by age of manager
20,5,1,2,agricultural area,agricultural > holdings > by > agricultural > area,0,1,1,False,Agricultural holdings by agricultural area
20,6,1,2,crops,agricultural > holdings > by > crops,0,1,1,False,Agricultural holdings by crops
20,7,0,1,with livestock,agricultural > holdings > with > livestock,0,1,1,False,Agricultural holdings with livestock
21,0,-1,0,economic size of the farm standard output in euro,agricultural > holdings > by > economic > size > of > the > farm > standard > output > in > euro,0,1,1,False,Agricultural holdings by economic size of the farm (Standard Output in Euro)
22,0,-1,0,land,agricultural > land,2,0,2,True,Agricultural land prices by region - historical data (until | Agricultural land renting prices for one year by region - historical data (until
22,1,0,1,prices by region historical data until,agricultural > land > prices > by > region > historical > data > until,0,1,1,False,Agricultural land prices by region - historical data (until
22,2,0,1,renting prices for one year by region historical data until,agricultural > land > renting > prices > for > one > year > by > region > historical > data > until,0,1,1,False,Agricultural land renting prices for one year by region - historical data (until
23,0,-1,0,real factor income per annual work unit awu,agricultural > real > factor > income > per > annual > work > unit > awu,0,1,1,False,Agricultural real factor income per annual work unit (AWU)
24,0,-1,0,air,air,5,0,14,True,Air emission intensity from industry | Air emissions per sector and per gas | Air passenger transport
24,1,0,1,passenger transport,air > passenger > transport,0,1,1,False,Air passenger transport
24,2,0,1,transport,air > transport,4,0,10,True,Air transport equipment: number of aircrafts | Air transport infrastructure: airports | Air transport infrastructure: length of paved runways
24,3,2,2,equipment number of aircrafts,air > transport > equipment > number > of > aircrafts,0,1,1,False,Air transport equipment: number of aircrafts
24,4,2,2,infrastructure,air > transport > infrastructure,2,0,2,True,Air transport infrastructure: airports | Air transport infrastructure: length of paved runways
24,5,4,3,airports,air > transport > infrastructure > airports,0,1,1,False,Air transport infrastructure: airports
24,6,4,3,length of paved runways,air > transport > infrastructure > length > of > paved > runways,0,1,1,False,Air transport infrastructure: length of paved runways
24,7,2,2,of,air > transport > of,3,0,5,True,Air transport of freight by NUTS 2 regions | Air transport of goods by country (yearly data) | Air transport of passengers by NUTS 2 regions
24,8,7,3,goods by country yearly data,air > transport > of > goods > by > country > yearly > data,0,1,1,False,Air transport of goods by country (yearly data)
24,9,7,3,passengers by,air > transport > of > passengers > by,2,0,3,True,Air transport of passengers by NUTS 2 regions | Air transport of passengers by country (yearly data) | Air transport of passengers by country and type of transport (monthly data)
24,10,2,2,traffic,air > transport > traffic,2,0,2,True,Air transport traffic: freight and passengers | Air transport traffic: number of aircraft movements
24,11,10,3,freight and passengers,air > transport > traffic > freight > and > passengers,0,1,1,False,Air transport traffic: freight and passengers
24,12,10,3,number of aircraft movements,air > transport > traffic > number > of > aircraft > movements,0,1,1,False,Air transport traffic: number of aircraft movements
25,0,-1,0,emission intensity from industry,air > emission > intensity > from > industry,0,1,1,False,Air emission intensity from industry
26,0,-1,0,emissions per sector and per gas,air > emissions > per > sector > and > per > gas,0,1,1,False,Air emissions per sector and per gas
27,0,-1,0,pollutants,air > pollutants,0,1,1,False,Air pollutants
28,0,-1,0,freight by nuts 2 regions,air > transport > of > freight > by > nuts > 2 > regions,0,1,1,False,Air transport of freight by NUTS 2 regions
29,0,-1,0,nuts 2 regions,air > transport > of > passengers > by > nuts > 2 > regions,0,1,1,False,Air transport of passengers by NUTS 2 regions
30,0,-1,0,country,air > transport > of > passengers > by > country,2,0,2,True,Air transport of passengers by country (yearly data) | Air transport of passengers by country and type of transport (monthly data)
30,1,0,1,yearly data,air > transport > of > passengers > by > country > yearly > data,0,1,1,False,Air transport of passengers by country (yearly data)
30,2,0,1,and type of transport monthly data,air > transport > of > passengers > by > country > and > type > of > transport > monthly > data,0,1,1,False,Air transport of passengers by country and type of transport (monthly data)
31,0,-1,0,all,all,1,0,1,False,All valid permits by reason on 31 December of each year
31,1,0,1,valid permits by reason on 31 december of each year,all > valid > permits > by > reason > on > 31 > december > of > each > year,0,1,1,False,All valid permits by reason on 31 December of each year
32,0,-1,0,ammonia,ammonia,1,0,2,False,Ammonia emissions from agriculture | Ammonia emissions from agriculture - % of total emissions
32,1,0,1,emissions from agriculture,ammonia > emissions > from > agriculture,1,1,2,False,Ammonia emissions from agriculture | Ammonia emissions from agriculture - % of total emissions
32,2,1,2,of total emissions,ammonia > emissions > from > agriculture > of > total > emissions,0,1,1,False,Ammonia emissions from agriculture - % of total emissions
33,0,-1,0,animal,animal,1,0,1,False,Animal output - basic and producer prices
33,1,0,1,output basic and producer prices,animal > output > basic > and > producer > prices,0,1,1,False,Animal output - basic and producer prices
34,0,-1,0,annual,annual,7,0,10,True,"Annual aquaculture production - live weight in tonnes | Annual captures of fish - live weight in tonnes - by fishing areas | Annual earnings by economic control (enterprises with 10 employed persons or more) - NACE Rev. 1.1, C-O excluding L"
35,0,-1,0,aquaculture production live weight in tonnes,annual > aquaculture > production > live > weight > in > tonnes,0,1,1,False,Annual aquaculture production - live weight in tonnes
36,0,-1,0,captures of fish live weight in tonnes by fishing areas,annual > captures > of > fish > live > weight > in > tonnes > by > fishing > areas,0,1,1,False,Annual captures of fish - live weight in tonnes - by fishing areas
37,0,-1,0,earnings by,annual > earnings > by,2,0,4,True,"Annual earnings by economic control (enterprises with 10 employed persons or more) - NACE Rev. 1.1, C-O excluding L | Annual earnings by economic control (enterprises with 10 employed persons or more) - NACE Rev. 2, B-S excluding O | Annual earnings by quantiles and contractual working time (enterprises with 10 employed persons or more) - NACE Rev. 1.1, C-O excluding L"
37,1,0,1,economic control enterprises with 10 employed persons or more nace rev,annual > earnings > by > economic > control > enterprises > with > 10 > employed > persons > or > more > nace > rev,2,0,2,True,"Annual earnings by economic control (enterprises with 10 employed persons or more) - NACE Rev. 1.1, C-O excluding L | Annual earnings by economic control (enterprises with 10 employed persons or more) - NACE Rev. 2, B-S excluding O"
37,2,1,2,1 1 c o excluding l,annual > earnings > by > economic > control > enterprises > with > 10 > employed > persons > or > more > nace > rev > 1 > 1 > c > o > excluding > l,0,1,1,False,"Annual earnings by economic control (enterprises with 10 employed persons or more) - NACE Rev. 1.1, C-O excluding L"
37,3,1,2,2 b s excluding o,annual > earnings > by > economic > control > enterprises > with > 10 > employed > persons > or > more > nace > rev > 2 > b > s > excluding > o,0,1,1,False,"Annual earnings by economic control (enterprises with 10 employed persons or more) - NACE Rev. 2, B-S excluding O"
37,4,0,1,quantiles and contractual working time enterprises with 10 employed persons or more nace rev,annual > earnings > by > quantiles > and > contractual > working > time > enterprises > with > 10 > employed > persons > or > more > nace > rev,2,0,2,True,"Annual earnings by quantiles and contractual working time (enterprises with 10 employed persons or more) - NACE Rev. 1.1, C-O excluding L | Annual earnings by quantiles and contractual working time (enterprises with 10 employed persons or more) - NACE Rev. 2, B-S excluding O"
37,5,4,2,1 1 c o excluding l,annual > earnings > by > quantiles > and > contractual > working > time > enterprises > with > 10 > employed > persons > or > more > nace > rev > 1 > 1 > c > o > excluding > l,0,1,1,False,"Annual earnings by quantiles and contractual working time (enterprises with 10 employed persons or more) - NACE Rev. 1.1, C-O excluding L"
37,6,4,2,2 b s excluding o,annual > earnings > by > quantiles > and > contractual > working > time > enterprises > with > 10 > employed > persons > or > more > nace > rev > 2 > b > s > excluding > o,0,1,1,False,"Annual earnings by quantiles and contractual working time (enterprises with 10 employed persons or more) - NACE Rev. 2, B-S excluding O"
38,0,-1,0,freshwater abstraction by source,annual > freshwater > abstraction > by > source,0,1,1,False,Annual freshwater abstraction by source
39,0,-1,0,net earnings of a full time single worker without children earning an average wage,annual > net > earnings > of > a > full > time > single > worker > without > children > earning > an > average > wage,0,1,1,False,Annual net earnings of a full-time single worker without children earning an average wage
40,0,-1,0,production and utilisation of milk on the farm,annual > production > and > utilisation > of > milk > on > the > farm,0,1,1,False,Annual production and utilisation of milk on the farm
41,0,-1,0,work units in forestry and logging,annual > work > units > in > forestry > and > logging,0,1,1,False,Annual work units in forestry and logging
42,0,-1,0,apparent,apparent,1,0,1,False,Apparent cost of general government gross debt
42,1,0,1,cost of general government gross debt,apparent > cost > of > general > government > gross > debt,0,1,1,False,Apparent cost of general government gross debt
43,0,-1,0,applicants,applicants,1,0,1,False,Applicants having benefited from material reception conditions at the end of the reference year - annual data
43,1,0,1,having benefited from material reception conditions at the end of the reference year annual data,applicants > having > benefited > from > material > reception > conditions > at > the > end > of > the > reference > year > annual > data,0,1,1,False,Applicants having benefited from material reception conditions at the end of the reference year - annual data
44,0,-1,0,aquaculture,aquaculture,1,0,2,False,Aquaculture production by aquatic environment | Aquaculture production in tonnes and value
44,1,0,1,production,aquaculture > production,2,0,2,True,Aquaculture production by aquatic environment | Aquaculture production in tonnes and value
44,2,1,2,by aquatic environment,aquaculture > production > by > aquatic > environment,0,1,1,False,Aquaculture production by aquatic environment
44,3,1,2,in tonnes and value,aquaculture > production > in > tonnes > and > value,0,1,1,False,Aquaculture production in tonnes and value
45,0,-1,0,area,area,4,0,5,True,Area at risk of severe soil erosion by water | Area of wooded land FE) | Area under organic farming
46,0,-1,0,at risk of severe soil erosion by water,area > at > risk > of > severe > soil > erosion > by > water,0,1,1,False,Area at risk of severe soil erosion by water
47,0,-1,0,of wooded land fe,area > of > wooded > land > fe,0,1,1,False,Area of wooded land FE)
48,0,-1,0,under,area > under,2,0,2,True,Area under organic farming | Area under wine-grape vine varieties broken down by vine variety and by age of the vines -
49,0,-1,0,organic farming,area > under > organic > farming,0,1,1,False,Area under organic farming
50,0,-1,0,wine grape vine varieties broken down by vine variety and by age of the vines,area > under > wine > grape > vine > varieties > broken > down > by > vine > variety > and > by > age > of > the > vines,0,1,1,False,Area under wine-grape vine varieties broken down by vine variety and by age of the vines -
51,0,-1,0,by species area in ha,area > by > species > area > in > ha,0,1,1,False,area by species (area in ha)
52,0,-1,0,arrears,arrears,2,0,3,True,"Arrears (mortgage or rent, utility bills or hire purchase) by NUTS regions | Arrears on non-housing bills by income quintile | Arrears on non-housing bills by risk of poverty threshold"
53,0,-1,0,mortgage or rent utility bills or hire purchase by nuts regions,arrears > mortgage > or > rent > utility > bills > or > hire > purchase > by > nuts > regions,0,1,1,False,"Arrears (mortgage or rent, utility bills or hire purchase) by NUTS regions"
54,0,-1,0,on non housing bills by,arrears > on > non > housing > bills > by,2,0,2,True,Arrears on non-housing bills by income quintile | Arrears on non-housing bills by risk of poverty threshold
54,1,0,1,income quintile,arrears > on > non > housing > bills > by > income > quintile,0,1,1,False,Arrears on non-housing bills by income quintile
54,2,0,1,risk of poverty threshold,arrears > on > non > housing > bills > by > risk > of > poverty > threshold,0,1,1,False,Arrears on non-housing bills by risk of poverty threshold
55,0,-1,0,arrivals,arrivals,3,0,5,True,Arrivals at tourism accommodation establishments by type of accommodation | Arrivals by type of accommodation | Arrivals of non-residents at hotels and similar accomodation establishments
55,1,0,1,at tourism accommodation establishments by type of accommodation,arrivals > at > tourism > accommodation > establishments > by > type > of > accommodation,0,1,1,False,Arrivals at tourism accommodation establishments by type of accommodation
55,2,0,1,by type of accommodation,arrivals > by > type > of > accommodation,0,1,1,False,Arrivals by type of accommodation
55,3,0,1,of,arrivals > of,3,0,3,True,Arrivals of non-residents at hotels and similar accomodation establishments | Arrivals of residents/non-residents at tourist accommodation establishments | Arrivals of tourists at the border
55,4,3,2,non residents at hotels and similar accomodation establishments,arrivals > of > non > residents > at > hotels > and > similar > accomodation > establishments,0,1,1,False,Arrivals of non-residents at hotels and similar accomodation establishments
55,5,3,2,residents non residents at tourist accommodation establishments,arrivals > of > residents > non > residents > at > tourist > accommodation > establishments,0,1,1,False,Arrivals of residents/non-residents at tourist accommodation establishments
56,0,-1,0,tourists at the border,arrivals > of > tourists > at > the > border,0,1,1,False,Arrivals of tourists at the border
57,0,-1,0,asylum,asylum,3,0,9,True,"Asylum applicants by type - annual aggregated data | Asylum applicants by type - monthly data | Asylum applicants by type, citizenship, age and sex - annual aggregated data"
57,1,0,1,applicants,asylum > applicants,3,0,5,True,"Asylum applicants by type - annual aggregated data | Asylum applicants by type - monthly data | Asylum applicants by type, citizenship, age and sex - annual aggregated data"
57,2,1,2,by type,asylum > applicants > by > type,3,0,3,True,"Asylum applicants by type - annual aggregated data | Asylum applicants by type - monthly data | Asylum applicants by type, citizenship, age and sex - annual aggregated data"
57,3,2,3,annual aggregated data,asylum > applicants > by > type > annual > aggregated > data,0,1,1,False,Asylum applicants by type - annual aggregated data
57,4,2,3,monthly data,asylum > applicants > by > type > monthly > data,0,1,1,False,Asylum applicants by type - monthly data
57,5,2,3,citizenship age and sex annual aggregated data,asylum > applicants > by > type > citizenship > age > and > sex > annual > aggregated > data,0,1,1,False,"Asylum applicants by type, citizenship, age and sex - annual aggregated data"
57,6,1,2,considered to be unaccompanied minors annual data,asylum > applicants > considered > to > be > unaccompanied > minors > annual > data,0,1,1,False,Asylum applicants considered to be unaccompanied minors - annual data
57,7,1,2,having had their applications processed under the accelerated procedure by age sex and citizenship monthly data,asylum > applicants > having > had > their > applications > processed > under > the > accelerated > procedure > by > age > sex > and > citizenship > monthly > data,0,1,1,False,"Asylum applicants having had their applications processed under the accelerated procedure, by age, sex and citizenship - monthly data"
57,8,0,1,applications,asylum > applications,2,0,2,True,"Asylum applications by state of procedure | Asylum applications withdrawn by citizenship, age, sex and type of withdrawal - annual aggregated data"
57,9,8,2,by state of procedure,asylum > applications > by > state > of > procedure,0,1,1,False,Asylum applications by state of procedure
57,10,8,2,withdrawn by citizenship age sex and type of withdrawal annual aggregated data,asylum > applications > withdrawn > by > citizenship > age > sex > and > type > of > withdrawal > annual > aggregated > data,0,1,1,False,"Asylum applications withdrawn by citizenship, age, sex and type of withdrawal - annual aggregated data"
58,0,-1,0,decisions at,asylum > decisions > at,2,0,2,True,Asylum decisions at final instance by type of decision - % of total decisions at final instance | Asylum decisions at first instance by type of decision - % of total decisions at first instance
58,1,0,1,final instance by type of decision of total decisions at final instance,asylum > decisions > at > final > instance > by > type > of > decision > of > total > decisions > at > final > instance,0,1,1,False,Asylum decisions at final instance by type of decision - % of total decisions at final instance
58,2,0,1,first instance by type of decision of total decisions at first instance,asylum > decisions > at > first > instance > by > type > of > decision > of > total > decisions > at > first > instance,0,1,1,False,Asylum decisions at first instance by type of decision - % of total decisions at first instance
59,0,-1,0,at,at,3,0,29,True,"At least upper secondary educational attainment, age group 20-24 by sex | At least upper secondary educational attainment, age group 25-64 by sex | At most lower secondary educational attainment by age"
60,0,-1,0,least upper secondary educational attainment age group,at > least > upper > secondary > educational > attainment > age > group,2,0,2,True,"At least upper secondary educational attainment, age group 20-24 by sex | At least upper secondary educational attainment, age group 25-64 by sex"
60,1,0,1,20 24 by sex,at > least > upper > secondary > educational > attainment > age > group > 20 > 24 > by > sex,0,1,1,False,"At least upper secondary educational attainment, age group 20-24 by sex"
60,2,0,1,25 64 by sex,at > least > upper > secondary > educational > attainment > age > group > 25 > 64 > by > sex,0,1,1,False,"At least upper secondary educational attainment, age group 25-64 by sex"
61,0,-1,0,most lower secondary educational attainment by age,at > most > lower > secondary > educational > attainment > by > age,0,1,1,False,At most lower secondary educational attainment by age
62,0,-1,0,risk of poverty,at > risk > of > poverty,3,0,26,True,At risk of poverty or social exclusion rate for elderly (65+) | At-risk-of poverty rate | At risk-of-poverty rate for the population living in (quasi-)jobless households
62,1,0,1,or social exclusion rate for elderly 65,at > risk > of > poverty > or > social > exclusion > rate > for > elderly > 65,0,1,1,False,At risk of poverty or social exclusion rate for elderly (65+)
62,2,0,1,rate,at > risk > of > poverty > rate,6,1,23,True,At-risk-of poverty rate | At risk-of-poverty rate for the population living in (quasi-)jobless households | At-risk-of poverty rate for adults (aged 25 to 59 years) by educational attainment level of their parents
62,3,2,2,for,at > risk > of > poverty > rate > for,4,0,7,True,At risk-of-poverty rate for the population living in (quasi-)jobless households | At-risk-of poverty rate for adults (aged 25 to 59 years) by educational attainment level of their parents | At-risk-of poverty rate for adults (aged 25 to 59 years) by level of financial situation of their households when respondent was around 14 years old
62,4,3,3,the population living in quasi jobless households,at > risk > of > poverty > rate > for > the > population > living > in > quasi > jobless > households,0,1,1,False,At risk-of-poverty rate for the population living in (quasi-)jobless households
62,5,3,3,adults aged 25 to 59 years by,at > risk > of > poverty > rate > for > adults > aged > 25 > to > 59 > years > by,2,0,2,True,At-risk-of poverty rate for adults (aged 25 to 59 years) by educational attainment level of their parents | At-risk-of poverty rate for adults (aged 25 to 59 years) by level of financial situation of their households when respondent was around 14 years old
62,6,5,4,educational attainment level of their parents,at > risk > of > poverty > rate > for > adults > aged > 25 > to > 59 > years > by > educational > attainment > level > of > their > parents,0,1,1,False,At-risk-of poverty rate for adults (aged 25 to 59 years) by educational attainment level of their parents
62,7,5,4,level of financial situation of their households when respondent was around 14 years old,at > risk > of > poverty > rate > for > adults > aged > 25 > to > 59 > years > by > level > of > financial > situation > of > their > households > when > respondent > was > around > 14 > years > old,0,1,1,False,At-risk-of poverty rate for adults (aged 25 to 59 years) by level of financial situation of their households when respondent was around 14 years old
62,8,3,3,children,at > risk > of > poverty > rate > for > children,2,0,3,True,At-risk-of poverty rate for children (aged less than 18) by sex | At-risk-of poverty rate for children by citizenship of their parents (population aged 0 to 17 years) | At-risk-of poverty rate for children by country of birth of their parents (population aged 0 to 17 years)
62,9,8,4,aged less than 18 by sex,at > risk > of > poverty > rate > for > children > aged > less > than > 18 > by > sex,0,1,1,False,At-risk-of poverty rate for children (aged less than 18) by sex
62,10,8,4,by,at > risk > of > poverty > rate > for > children > by,2,0,2,True,At-risk-of poverty rate for children by citizenship of their parents (population aged 0 to 17 years) | At-risk-of poverty rate for children by country of birth of their parents (population aged 0 to 17 years)
62,11,10,5,citizenship of their parents population aged 0 to 17 years,at > risk > of > poverty > rate > for > children > by > citizenship > of > their > parents > population > aged > 0 > to > 17 > years,0,1,1,False,At-risk-of poverty rate for children by citizenship of their parents (population aged 0 to 17 years)
62,12,10,5,country of birth of their parents population aged 0 to 17 years,at > risk > of > poverty > rate > for > children > by > country > of > birth > of > their > parents > population > aged > 0 > to > 17 > years,0,1,1,False,At-risk-of poverty rate for children by country of birth of their parents (population aged 0 to 17 years)
62,13,3,3,pensioners eu silc survey,at > risk > of > poverty > rate > for > pensioners > eu > silc > survey,0,1,1,False,At-risk-of-poverty rate for pensioners - EU-SILC survey
62,14,2,2,of,at > risk > of > poverty > rate > of,3,0,3,True,At-risk of poverty rate of unemployed persons | At-risk-of-poverty rate of elderly people by tenure status - EU-SILC survey | At-risk-of-poverty rate of older people by sex - EU-SILC survey
62,15,14,3,elderly people by tenure status eu silc survey,at > risk > of > poverty > rate > of > elderly > people > by > tenure > status > eu > silc > survey,0,1,1,False,At-risk-of-poverty rate of elderly people by tenure status - EU-SILC survey
62,16,14,3,older people by sex eu silc survey,at > risk > of > poverty > rate > of > older > people > by > sex > eu > silc > survey,0,1,1,False,At-risk-of-poverty rate of older people by sex - EU-SILC survey
62,17,2,2,by,at > risk > of > poverty > rate > by,6,0,6,True,At-risk-of poverty rate by household type - EU-SILC survey | At-risk-of poverty rate by tenure status - EU-SILC survey | At-risk-of-poverty rate by NUTS 2 regions
62,18,17,3,household type eu silc survey,at > risk > of > poverty > rate > by > household > type > eu > silc > survey,0,1,1,False,At-risk-of poverty rate by household type - EU-SILC survey
62,19,17,3,tenure status eu silc survey,at > risk > of > poverty > rate > by > tenure > status > eu > silc > survey,0,1,1,False,At-risk-of poverty rate by tenure status - EU-SILC survey
62,20,17,3,poverty threshold age and sex eu silc and echp surveys,at > risk > of > poverty > rate > by > poverty > threshold > age > and > sex > eu > silc > and > echp > surveys,0,1,1,False,"At-risk-of-poverty rate by poverty threshold, age and sex - EU-SILC and ECHP surveys"
62,21,17,3,sex,at > risk > of > poverty > rate > by > sex,0,1,1,False,At-risk-of-poverty rate by sex
62,22,17,3,highest level of education attained,at > risk > of > poverty > rate > by > highest > level > of > education > attained,0,1,1,False,"At-risk-of-poverty-rate, by highest level of education attained"
62,23,2,2,after,at > risk > of > poverty > rate > after,2,0,2,True,At-risk-of-poverty rate after deducting housing costs by degree of urbanisation | At-risk-of-poverty rate after social transfers by sex
62,24,2,2,anchored at a fixed moment in time by,at > risk > of > poverty > rate > anchored > at > a > fixed > moment > in > time > by,2,0,3,True,At-risk-of-poverty rate anchored at a fixed moment in time by age and sex - EU-SILC survey | At-risk-of-poverty rate anchored at a fixed moment in time by age group - EU-SILC survey | At-risk-of-poverty rate anchored at a fixed moment in time by sex - EU-SILC survey
62,25,24,3,age,at > risk > of > poverty > rate > anchored > at > a > fixed > moment > in > time > by > age,2,0,2,True,At-risk-of-poverty rate anchored at a fixed moment in time by age and sex - EU-SILC survey | At-risk-of-poverty rate anchored at a fixed moment in time by age group - EU-SILC survey
62,26,25,4,and sex eu silc survey,at > risk > of > poverty > rate > anchored > at > a > fixed > moment > in > time > by > age > and > sex > eu > silc > survey,0,1,1,False,At-risk-of-poverty rate anchored at a fixed moment in time by age and sex - EU-SILC survey
62,27,25,4,group eu silc survey,at > risk > of > poverty > rate > anchored > at > a > fixed > moment > in > time > by > age > group > eu > silc > survey,0,1,1,False,At-risk-of-poverty rate anchored at a fixed moment in time by age group - EU-SILC survey
62,28,24,3,sex eu silc survey,at > risk > of > poverty > rate > anchored > at > a > fixed > moment > in > time > by > sex > eu > silc > survey,0,1,1,False,At-risk-of-poverty rate anchored at a fixed moment in time by sex - EU-SILC survey
62,29,2,2,before social transfers by sex eu silc survey,at > risk > of > poverty > rate > before > social > transfers > by > sex > eu > silc > survey,0,1,1,False,At-risk-of-poverty rate before social transfers by sex - EU-SILC survey
62,30,0,1,threshold,at > risk > of > poverty > threshold,2,0,2,True,At-risk-of-poverty threshold - EU-SILC survey | At-risk-of-poverty threshold for a single household
62,31,30,2,eu silc survey,at > risk > of > poverty > threshold > eu > silc > survey,0,1,1,False,At-risk-of-poverty threshold - EU-SILC survey
62,32,30,2,for a single household,at > risk > of > poverty > threshold > for > a > single > household,0,1,1,False,At-risk-of-poverty threshold for a single household
63,0,-1,0,unemployed persons,at > risk > of > poverty > rate > of > unemployed > persons,0,1,1,False,At-risk of poverty rate of unemployed persons
64,0,-1,0,nuts 2 regions,at > risk > of > poverty > rate > by > nuts > 2 > regions,0,1,1,False,At-risk-of-poverty rate by NUTS 2 regions
65,0,-1,0,deducting housing costs by degree of urbanisation,at > risk > of > poverty > rate > after > deducting > housing > costs > by > degree > of > urbanisation,0,1,1,False,At-risk-of-poverty rate after deducting housing costs by degree of urbanisation
66,0,-1,0,social transfers by sex,at > risk > of > poverty > rate > after > social > transfers > by > sex,0,1,1,False,At-risk-of-poverty rate after social transfers by sex
67,0,-1,0,autonomous,autonomous,1,0,3,False,Autonomous pension funds - number of enterprises by size class of investments | Autonomous pension funds - number of enterprises by size class of members | Autonomous pension funds - total investments by currencies
67,1,0,1,pension funds,autonomous > pension > funds,2,0,3,True,Autonomous pension funds - number of enterprises by size class of investments | Autonomous pension funds - number of enterprises by size class of members | Autonomous pension funds - total investments by currencies
67,2,1,2,number of enterprises by size class of,autonomous > pension > funds > number > of > enterprises > by > size > class > of,2,0,2,True,Autonomous pension funds - number of enterprises by size class of investments | Autonomous pension funds - number of enterprises by size class of members
67,3,2,3,investments,autonomous > pension > funds > number > of > enterprises > by > size > class > of > investments,0,1,1,False,Autonomous pension funds - number of enterprises by size class of investments
67,4,2,3,members,autonomous > pension > funds > number > of > enterprises > by > size > class > of > members,0,1,1,False,Autonomous pension funds - number of enterprises by size class of members
67,5,1,2,total investments by currencies,autonomous > pension > funds > total > investments > by > currencies,0,1,1,False,Autonomous pension funds - total investments by currencies
68,0,-1,0,available,available,1,0,1,False,Available beds in hospitals by NUTS 2 regions
68,1,0,1,beds in hospitals by nuts 2 regions,available > beds > in > hospitals > by > nuts > 2 > regions,0,1,1,False,Available beds in hospitals by NUTS 2 regions
69,0,-1,0,average,average,10,0,19,True,Average CO2 emissions per km from new passenger cars (source: DG CLIMA) - HIDDEN DAT | Average age at which employed persons started receiving a retirement pension - by sex and main financial incentive to stay at work | Average expenditure per night
69,1,0,1,household size eu silc survey,average > household > size > eu > silc > survey,0,1,1,False,Average household size - EU-SILC survey
70,0,-1,0,co2 emissions per km from new passenger cars source dg clima hidden dat,average > co2 > emissions > per > km > from > new > passenger > cars > source > dg > clima > hidden > dat,0,1,1,False,Average CO2 emissions per km from new passenger cars (source: DG CLIMA) - HIDDEN DAT
71,0,-1,0,age at which employed persons started receiving a retirement pension by sex and main financial incentive to stay at work,average > age > at > which > employed > persons > started > receiving > a > retirement > pension > by > sex > and > main > financial > incentive > to > stay > at > work,0,1,1,False,Average age at which employed persons started receiving a retirement pension - by sex and main financial incentive to stay at work
72,0,-1,0,expenditure per,average > expenditure > per,2,0,2,True,Average expenditure per night | Average expenditure per trip
73,0,-1,0,night,average > expenditure > per > night,0,1,1,False,Average expenditure per night
74,0,-1,0,trip,average > expenditure > per > trip,0,1,1,False,Average expenditure per trip
75,0,-1,0,full time adjusted salary per employee,average > full > time > adjusted > salary > per > employee,0,1,1,False,Average full time adjusted salary per employee
76,0,-1,0,gross annual earnings in industry and services by sex,average > gross > annual > earnings > in > industry > and > services > by > sex,0,1,1,False,"Average gross annual earnings in industry and services, by sex"
77,0,-1,0,nominal monthly wages and salaries,average > nominal > monthly > wages > and > salaries,0,1,1,False,Average nominal monthly wages and salaries
78,0,-1,0,number of,average > number > of,3,0,8,True,Average number of foreign languages studied per pupil by education level | Average number of rooms per person by NUTS region | Average number of rooms per person by degree of urbanization
79,0,-1,0,foreign languages studied per pupil by education level,average > number > of > foreign > languages > studied > per > pupil > by > education > level,0,1,1,False,Average number of foreign languages studied per pupil by education level
80,0,-1,0,rooms per person by,average > number > of > rooms > per > person > by,3,0,3,True,Average number of rooms per person by NUTS region | Average number of rooms per person by degree of urbanization | Average number of rooms per person by tenure status and dwelling type until - ECHP survey
80,1,0,1,nuts region,average > number > of > rooms > per > person > by > nuts > region,0,1,1,False,Average number of rooms per person by NUTS region
80,2,0,1,degree of urbanization,average > number > of > rooms > per > person > by > degree > of > urbanization,0,1,1,False,Average number of rooms per person by degree of urbanization
80,3,0,1,tenure status and dwelling type until echp survey,average > number > of > rooms > per > person > by > tenure > status > and > dwelling > type > until > echp > survey,0,1,1,False,Average number of rooms per person by tenure status and dwelling type until - ECHP survey
81,0,-1,0,weekly hours of,average > number > of > weekly > hours > of,2,0,4,True,Average number of weekly hours of formal care by age group - children with at least 1 hour of formal care - EU-SILC survey | Average number of weekly hours of formal care by age group - children with or without formal care - EU-SILC survey | Average number of weekly hours of other types of care by age group - children with at least one hour of other types of care - EU-SILC survey
81,1,0,1,formal care by age group children with,average > number > of > weekly > hours > of > formal > care > by > age > group > children > with,2,0,2,True,Average number of weekly hours of formal care by age group - children with at least 1 hour of formal care - EU-SILC survey | Average number of weekly hours of formal care by age group - children with or without formal care - EU-SILC survey
81,2,1,2,at least 1 hour of formal care eu silc survey,average > number > of > weekly > hours > of > formal > care > by > age > group > children > with > at > least > 1 > hour > of > formal > care > eu > silc > survey,0,1,1,False,Average number of weekly hours of formal care by age group - children with at least 1 hour of formal care - EU-SILC survey
81,3,1,2,or without formal care eu silc survey,average > number > of > weekly > hours > of > formal > care > by > age > group > children > with > or > without > formal > care > eu > silc > survey,0,1,1,False,Average number of weekly hours of formal care by age group - children with or without formal care - EU-SILC survey
81,4,0,1,other types of care by age group children with,average > number > of > weekly > hours > of > other > types > of > care > by > age > group > children > with,2,0,2,True,Average number of weekly hours of other types of care by age group - children with at least one hour of other types of care - EU-SILC survey | Average number of weekly hours of other types of care by age group - children with or without other types of care - EU-SILC survey
81,5,4,2,at least one hour of other types of care eu silc survey,average > number > of > weekly > hours > of > other > types > of > care > by > age > group > children > with > at > least > one > hour > of > other > types > of > care > eu > silc > survey,0,1,1,False,Average number of weekly hours of other types of care by age group - children with at least one hour of other types of care - EU-SILC survey
81,6,4,2,or without other types of care eu silc survey,average > number > of > weekly > hours > of > other > types > of > care > by > age > group > children > with > or > without > other > types > of > care > eu > silc > survey,0,1,1,False,Average number of weekly hours of other types of care by age group - children with or without other types of care - EU-SILC survey
82,0,-1,0,population mid year,average > population > mid > year,1,1,2,False,Average population (mid-year) | Average population mid-year by sex and age group
82,1,0,1,by sex and age group,average > population > mid > year > by > sex > and > age > group,0,1,1,False,Average population mid-year by sex and age group
83,0,-1,0,remuneration of national civil servants in central public administration,average > remuneration > of > national > civil > servants > in > central > public > administration,0,1,1,False,Average remuneration of national civil servants in central public administration
84,0,-1,0,aviation,aviation,1,0,1,False,Aviation and airport enterprises
84,1,0,1,and airport enterprises,aviation > and > airport > enterprises,0,1,1,False,Aviation and airport enterprises
85,0,-1,0,berd,berd,1,0,1,False,BERD by concentration of personnel (ranking)
85,1,0,1,by concentration of personnel ranking,berd > by > concentration > of > personnel > ranking,0,1,1,False,BERD by concentration of personnel (ranking)
86,0,-1,0,balance,balance,1,0,8,False,"Balance of payments | Balance of payments, capital account, monthly data | Balance of payments, capital account, quarterly data"
86,1,0,1,of,balance > of,2,0,8,True,"Balance of payments | Balance of payments, capital account, monthly data | Balance of payments, capital account, quarterly data"
87,0,-1,0,payments,balance > of > payments,2,1,6,True,"Balance of payments | Balance of payments, capital account, monthly data | Balance of payments, capital account, quarterly data"
87,1,0,1,capital account,balance > of > payments > capital > account,2,0,2,True,"Balance of payments, capital account, monthly data | Balance of payments, capital account, quarterly data"
87,2,1,2,monthly data,balance > of > payments > capital > account > monthly > data,0,1,1,False,"Balance of payments, capital account, monthly data"
87,3,1,2,quarterly data,balance > of > payments > capital > account > quarterly > data,0,1,1,False,"Balance of payments, capital account, quarterly data"
87,4,0,1,current,balance > of > payments > current,2,0,3,True,"Balance of payments, current account, monthly data | Balance of payments, current and capital account, monthly data | Balance of payments, current and capital account, quarterly data"
87,5,4,2,account monthly data,balance > of > payments > current > account > monthly > data,0,1,1,False,"Balance of payments, current account, monthly data"
87,6,4,2,and capital account,balance > of > payments > current > and > capital > account,2,0,2,True,"Balance of payments, current and capital account, monthly data | Balance of payments, current and capital account, quarterly data"
87,7,6,3,monthly data,balance > of > payments > current > and > capital > account > monthly > data,0,1,1,False,"Balance of payments, current and capital account, monthly data"
87,8,6,3,quarterly data,balance > of > payments > current > and > capital > account > quarterly > data,0,1,1,False,"Balance of payments, current and capital account, quarterly data"
88,0,-1,0,trade,balance > of > trade,1,1,2,False,Balance of trade | Balance of trade - and euro area aggregates
88,1,0,1,and euro area aggregates,balance > of > trade > and > euro > area > aggregates,0,1,1,False,Balance of trade - and euro area aggregates
89,0,-1,0,balancing,balancing,1,0,1,False,Balancing items
89,1,0,1,items,balancing > items,0,1,1,False,Balancing items
90,0,-1,0,barley,barley,1,0,1,False,"Barley by area, production and humidity"
90,1,0,1,by area production and humidity,barley > by > area > production > and > humidity,0,1,1,False,"Barley by area, production and humidity"
91,0,-1,0,bathing,bathing,1,0,1,False,Bathing sites with excellent water quality by location
91,1,0,1,sites with excellent water quality by location,bathing > sites > with > excellent > water > quality > by > location,0,1,1,False,Bathing sites with excellent water quality by location
92,0,-1,0,beds,beds,1,0,1,False,Beds in nursing and other residential long-term care facilities
92,1,0,1,in nursing and other residential long term care facilities,beds > in > nursing > and > other > residential > long > term > care > facilities,0,1,1,False,Beds in nursing and other residential long-term care facilities
93,0,-1,0,beneficiaries,beneficiaries,1,0,4,False,"Beneficiaries of disability pensions by pension type | Beneficiaries of disability pensions by sex | Beneficiaries of temporary protection at the end of the month by citizenship, age and sex - monthly data"
93,1,0,1,of,beneficiaries > of,2,0,4,True,"Beneficiaries of disability pensions by pension type | Beneficiaries of disability pensions by sex | Beneficiaries of temporary protection at the end of the month by citizenship, age and sex - monthly data"
94,0,-1,0,disability pensions by,beneficiaries > of > disability > pensions > by,2,0,2,True,Beneficiaries of disability pensions by pension type | Beneficiaries of disability pensions by sex
94,1,0,1,pension type,beneficiaries > of > disability > pensions > by > pension > type,0,1,1,False,Beneficiaries of disability pensions by pension type
94,2,0,1,sex,beneficiaries > of > disability > pensions > by > sex,0,1,1,False,Beneficiaries of disability pensions by sex
95,0,-1,0,temporary protection,beneficiaries > of > temporary > protection,2,0,2,True,"Beneficiaries of temporary protection at the end of the month by citizenship, age and sex - monthly data | Beneficiaries of temporary protection by citizenship - per thousand persons"
95,1,0,1,at the end of the month by citizenship age and sex monthly data,beneficiaries > of > temporary > protection > at > the > end > of > the > month > by > citizenship > age > and > sex > monthly > data,0,1,1,False,"Beneficiaries of temporary protection at the end of the month by citizenship, age and sex - monthly data"
95,2,0,1,by citizenship per thousand persons,beneficiaries > of > temporary > protection > by > citizenship > per > thousand > persons,0,1,1,False,Beneficiaries of temporary protection by citizenship - per thousand persons
96,0,-1,0,biochemical,biochemical,1,0,1,False,Biochemical oxygen demand in rivers
96,1,0,1,oxygen demand in rivers,biochemical > oxygen > demand > in > rivers,0,1,1,False,Biochemical oxygen demand in rivers
97,0,-1,0,body,body,1,0,2,False,"Body mass index (BMI) by sex, age and educational attainment level | Body mass index (BMI) by sex, age and income quintile"
97,1,0,1,mass index bmi by sex age and,body > mass > index > bmi > by > sex > age > and,2,0,2,True,"Body mass index (BMI) by sex, age and educational attainment level | Body mass index (BMI) by sex, age and income quintile"
97,2,1,2,educational attainment level,body > mass > index > bmi > by > sex > age > and > educational > attainment > level,0,1,1,False,"Body mass index (BMI) by sex, age and educational attainment level"
97,3,1,2,income quintile,body > mass > index > bmi > by > sex > age > and > income > quintile,0,1,1,False,"Body mass index (BMI) by sex, age and income quintile"
98,0,-1,0,breast,breast,1,0,1,False,Breast cancer and cervical cancer screenings - historical data
98,1,0,1,cancer and cervical cancer screenings historical data,breast > cancer > and > cervical > cancer > screenings > historical > data,0,1,1,False,Breast cancer and cervical cancer screenings - historical data
99,0,-1,0,bribery,bribery,1,0,1,False,Bribery by legal status and sex of the person involved
99,1,0,1,by legal status and sex of the person involved,bribery > by > legal > status > and > sex > of > the > person > involved,0,1,1,False,Bribery by legal status and sex of the person involved
100,0,-1,0,broadband,broadband,1,0,1,False,Broadband internet coverage by speed
100,1,0,1,internet coverage by speed,broadband > internet > coverage > by > speed,0,1,1,False,Broadband internet coverage by speed
101,0,-1,0,building,building,1,0,2,False,Building permits - annual data | Building permits - monthly data
101,1,0,1,permits,building > permits,2,0,2,True,Building permits - annual data | Building permits - monthly data
101,2,1,2,annual data,building > permits > annual > data,0,1,1,False,Building permits - annual data
101,3,1,2,monthly data,building > permits > monthly > data,0,1,1,False,Building permits - monthly data
102,0,-1,0,buses,buses,1,0,1,False,Buses and coaches traffic performance registered in the reporting country by transport covarage
102,1,0,1,and coaches traffic performance registered in the reporting country by transport covarage,buses > and > coaches > traffic > performance > registered > in > the > reporting > country > by > transport > covarage,0,1,1,False,Buses and coaches traffic performance registered in the reporting country by transport covarage
103,0,-1,0,business,business,2,0,2,True,Business demography by size class and NACE Rev. 2 activity | Business written in non-EEA countries
104,0,-1,0,demography by size class and nace rev 2 activity,business > demography > by > size > class > and > nace > rev > 2 > activity,0,1,1,False,Business demography by size class and NACE Rev. 2 activity
105,0,-1,0,written in non eea countries,business > written > in > non > eea > countries,0,1,1,False,Business written in non-EEA countries
106,0,-1,0,co2,co2,1,0,1,False,CO2 emissions from the production and consumption (footprint) perspectives (FIGARO application)
106,1,0,1,emissions from the production and consumption footprint perspectives figaro application,co2 > emissions > from > the > production > and > consumption > footprint > perspectives > figaro > application,0,1,1,False,CO2 emissions from the production and consumption (footprint) perspectives (FIGARO application)
107,0,-1,0,capital,capital,1,0,1,False,Capital account - annual data
107,1,0,1,account annual data,capital > account > annual > data,0,1,1,False,Capital account - annual data
108,0,-1,0,carrying,carrying,1,0,3,False,Carrying capacity of merchant ships of 1000 grt and over by vessel type | Carrying capacity of pipelines operated | Carrying capacity of the inland waterway transport enterprises vessels by number of vessels in enterprises -
108,1,0,1,capacity of,carrying > capacity > of,3,0,3,True,Carrying capacity of merchant ships of 1000 grt and over by vessel type | Carrying capacity of pipelines operated | Carrying capacity of the inland waterway transport enterprises vessels by number of vessels in enterprises -
109,0,-1,0,merchant ships of 1000 grt and over by vessel type,carrying > capacity > of > merchant > ships > of > 1000 > grt > and > over > by > vessel > type,0,1,1,False,Carrying capacity of merchant ships of 1000 grt and over by vessel type
110,0,-1,0,pipelines operated,carrying > capacity > of > pipelines > operated,0,1,1,False,Carrying capacity of pipelines operated
111,0,-1,0,the inland waterway transport enterprises vessels by number of vessels in enterprises,carrying > capacity > of > the > inland > waterway > transport > enterprises > vessels > by > number > of > vessels > in > enterprises,0,1,1,False,Carrying capacity of the inland waterway transport enterprises vessels by number of vessels in enterprises -
112,0,-1,0,catches,catches,3,0,3,True,Catches - north-west Pacific | Catches - west-central Pacific | Catches in all fishing regions
112,1,0,1,north west pacific,catches > north > west > pacific,0,1,1,False,Catches - north-west Pacific
112,2,0,1,west central pacific,catches > west > central > pacific,0,1,1,False,Catches - west-central Pacific
112,3,0,1,in all fishing regions,catches > in > all > fishing > regions,0,1,1,False,Catches in all fishing regions
113,0,-1,0,causes,causes,1,0,3,False,"Causes of death - crude death rate by NUTS 2 region of residence | Causes of death - potential years of life lost by residence | Causes of death, by sex"
113,1,0,1,of death,causes > of > death,3,0,3,True,"Causes of death - crude death rate by NUTS 2 region of residence | Causes of death - potential years of life lost by residence | Causes of death, by sex"
114,0,-1,0,crude death rate by nuts 2 region of residence,causes > of > death > crude > death > rate > by > nuts > 2 > region > of > residence,0,1,1,False,Causes of death - crude death rate by NUTS 2 region of residence
115,0,-1,0,potential years of life lost by residence,causes > of > death > potential > years > of > life > lost > by > residence,0,1,1,False,Causes of death - potential years of life lost by residence
116,0,-1,0,by sex,causes > of > death > by > sex,0,1,1,False,"Causes of death, by sex"
117,0,-1,0,central,central,1,0,3,False,Central government bond yields - annual data | Central government bond yields - monthly data | Central government bond yields - quarterly data
117,1,0,1,government bond yields,central > government > bond > yields,3,0,3,True,Central government bond yields - annual data | Central government bond yields - monthly data | Central government bond yields - quarterly data
117,2,1,2,annual data,central > government > bond > yields > annual > data,0,1,1,False,Central government bond yields - annual data
117,3,1,2,monthly data,central > government > bond > yields > monthly > data,0,1,1,False,Central government bond yields - monthly data
117,4,1,2,quarterly data,central > government > bond > yields > quarterly > data,0,1,1,False,Central government bond yields - quarterly data
118,0,-1,0,cereals,cereals,1,0,1,False,"Cereals for the production of grain (including seed) by area, production and humidity"
118,1,0,1,for the production of grain including seed by area production and humidity,cereals > for > the > production > of > grain > including > seed > by > area > production > and > humidity,0,1,1,False,"Cereals for the production of grain (including seed) by area, production and humidity"
119,0,-1,0,change,change,1,0,1,False,"Change of immigration status permits by age, sex and citizenship"
119,1,0,1,of immigration status permits by age sex and citizenship,change > of > immigration > status > permits > by > age > sex > and > citizenship,0,1,1,False,"Change of immigration status permits by age, sex and citizenship"
120,0,-1,0,child,child,1,0,3,False,Child specific material deprivation rate by age (children aged less than 16 years) | Child specific material deprivation rate by educational attainment level of their parents (children aged less than 16 years) | Child specific material deprivation rate by household composition (children aged less than 16 years)
120,1,0,1,specific material deprivation rate by,child > specific > material > deprivation > rate > by,3,0,3,True,Child specific material deprivation rate by age (children aged less than 16 years) | Child specific material deprivation rate by educational attainment level of their parents (children aged less than 16 years) | Child specific material deprivation rate by household composition (children aged less than 16 years)
120,2,1,2,age children aged less than 16 years,child > specific > material > deprivation > rate > by > age > children > aged > less > than > 16 > years,0,1,1,False,Child specific material deprivation rate by age (children aged less than 16 years)
120,3,1,2,educational attainment level of their parents children aged less than 16 years,child > specific > material > deprivation > rate > by > educational > attainment > level > of > their > parents > children > aged > less > than > 16 > years,0,1,1,False,Child specific material deprivation rate by educational attainment level of their parents (children aged less than 16 years)
120,4,1,2,household composition children aged less than 16 years,child > specific > material > deprivation > rate > by > household > composition > children > aged > less > than > 16 > years,0,1,1,False,Child specific material deprivation rate by household composition (children aged less than 16 years)
121,0,-1,0,children,children,5,0,9,True,"Children (aged 0 to 17) having neither a bath, nor a shower in their dwelling - EU-SILC survey | Children (aged 0 to 17) not having indoor flushing toilet for the sole use of their household - EU-SILC survey | Children (aged less than 18) at risk of poverty or social exclusion - EU2030 target"
121,1,0,1,aged,children > aged,2,0,5,True,"Children (aged 0 to 17) having neither a bath, nor a shower in their dwelling - EU-SILC survey | Children (aged 0 to 17) not having indoor flushing toilet for the sole use of their household - EU-SILC survey | Children (aged less than 18) at risk of poverty or social exclusion - EU2030 target"
121,2,0,1,at risk of poverty or social exclusion,children > at > risk > of > poverty > or > social > exclusion,0,1,1,False,Children at risk of poverty or social exclusion
122,0,-1,0,0 to 17,children > aged > 0 > to > 17,2,0,2,True,"Children (aged 0 to 17) having neither a bath, nor a shower in their dwelling - EU-SILC survey | Children (aged 0 to 17) not having indoor flushing toilet for the sole use of their household - EU-SILC survey"
122,1,0,1,having neither a bath nor a shower in their dwelling eu silc survey,children > aged > 0 > to > 17 > having > neither > a > bath > nor > a > shower > in > their > dwelling > eu > silc > survey,0,1,1,False,"Children (aged 0 to 17) having neither a bath, nor a shower in their dwelling - EU-SILC survey"
122,2,0,1,not having indoor flushing toilet for the sole use of their household eu silc survey,children > aged > 0 > to > 17 > not > having > indoor > flushing > toilet > for > the > sole > use > of > their > household > eu > silc > survey,0,1,1,False,Children (aged 0 to 17) not having indoor flushing toilet for the sole use of their household - EU-SILC survey
123,0,-1,0,less than,children > aged > less > than,2,0,3,True,Children (aged less than 18) at risk of poverty or social exclusion - EU2030 target | Children (aged less than 18) living in households with very low work intensity by sex | Children aged less than 3 years in formal childcare
124,0,-1,0,18,children > aged > less > than > 18,2,0,2,True,Children (aged less than 18) at risk of poverty or social exclusion - EU2030 target | Children (aged less than 18) living in households with very low work intensity by sex
125,0,-1,0,at risk of poverty or social exclusion eu2030 target,children > aged > less > than > 18 > at > risk > of > poverty > or > social > exclusion > eu2030 > target,0,1,1,False,Children (aged less than 18) at risk of poverty or social exclusion - EU2030 target
126,0,-1,0,living in households with very low work intensity by sex,children > aged > less > than > 18 > living > in > households > with > very > low > work > intensity > by > sex,0,1,1,False,Children (aged less than 18) living in households with very low work intensity by sex
127,0,-1,0,3 years in formal childcare,children > aged > less > than > 3 > years > in > formal > childcare,0,1,1,False,Children aged less than 3 years in formal childcare
128,0,-1,0,cared only by their parents by age group over the population of each age group eu silc survey,children > cared > only > by > their > parents > by > age > group > over > the > population > of > each > age > group > eu > silc > survey,0,1,1,False,Children cared only by their parents by age group - % over the population of each age group - EU-SILC survey
129,0,-1,0,having one of their parents living outside the household,children > having > one > of > their > parents > living > outside > the > household,0,1,1,False,Children having one of their parents living outside the household
130,0,-1,0,with unmet needs for medical examination or treatment by specific reason,children > with > unmet > needs > for > medical > examination > or > treatment > by > specific > reason,0,1,1,False,Children with unmet needs for medical examination or treatment by specific reason
131,0,-1,0,circular,circular,1,0,2,False,Circular material use rate | Circular material use rate by material type
131,1,0,1,material use rate,circular > material > use > rate,1,1,2,False,Circular material use rate | Circular material use rate by material type
131,2,1,2,by material type,circular > material > use > rate > by > material > type,0,1,1,False,Circular material use rate by material type
132,0,-1,0,classroom,classroom,1,0,1,False,"Classroom teachers working full-time and part-time in primary, lower-secondary and upper-secondary education - as % of total active population"
132,1,0,1,teachers working full time and part time in primary lower secondary and upper secondary education as of total active population,classroom > teachers > working > full > time > and > part > time > in > primary > lower > secondary > and > upper > secondary > education > as > of > total > active > population,0,1,1,False,"Classroom teachers working full-time and part-time in primary, lower-secondary and upper-secondary education - as % of total active population"
133,0,-1,0,climate,climate,1,0,1,False,Climate related economic losses – values at constant prices
133,1,0,1,related economic losses values at constant prices,climate > related > economic > losses > values > at > constant > prices,0,1,1,False,Climate related economic losses – values at constant prices
134,0,-1,0,collection,collection,1,0,1,False,Collection of cow's milk
134,1,0,1,of cow s milk,collection > of > cow > s > milk,0,1,1,False,Collection of cow's milk
135,0,-1,0,commercial,commercial,2,0,4,True,Commercial aircraft fleet by age of aircraft and country of operator | Commercial aircraft fleet by age of aircraft and country of registration | Commercial aircraft fleet by type of aircraft
136,0,-1,0,aircraft fleet by,commercial > aircraft > fleet > by,2,0,3,True,Commercial aircraft fleet by age of aircraft and country of operator | Commercial aircraft fleet by age of aircraft and country of registration | Commercial aircraft fleet by type of aircraft
136,1,0,1,age of aircraft and country of,commercial > aircraft > fleet > by > age > of > aircraft > and > country > of,2,0,2,True,Commercial aircraft fleet by age of aircraft and country of operator | Commercial aircraft fleet by age of aircraft and country of registration
136,2,1,2,operator,commercial > aircraft > fleet > by > age > of > aircraft > and > country > of > operator,0,1,1,False,Commercial aircraft fleet by age of aircraft and country of operator
136,3,1,2,registration,commercial > aircraft > fleet > by > age > of > aircraft > and > country > of > registration,0,1,1,False,Commercial aircraft fleet by age of aircraft and country of registration
136,4,0,1,type of aircraft,commercial > aircraft > fleet > by > type > of > aircraft,0,1,1,False,Commercial aircraft fleet by type of aircraft
137,0,-1,0,airports by type,commercial > airports > by > type,0,1,1,False,Commercial airports by type
138,0,-1,0,commissions,commissions,2,0,2,True,Commissions payable by product | Commissions receivable by product
138,1,0,1,payable by product,commissions > payable > by > product,0,1,1,False,Commissions payable by product
138,2,0,1,receivable by product,commissions > receivable > by > product,0,1,1,False,Commissions receivable by product
139,0,-1,0,common,common,2,0,3,True,Common bird index by type of species - aggregate | Common bird indices by type of estimate | Common farmland bird index
139,1,0,1,bird,common > bird,2,0,2,True,Common bird index by type of species - aggregate | Common bird indices by type of estimate
139,2,1,2,index by type of species aggregate,common > bird > index > by > type > of > species > aggregate,0,1,1,False,Common bird index by type of species - aggregate
139,3,1,2,indices by type of estimate,common > bird > indices > by > type > of > estimate,0,1,1,False,Common bird indices by type of estimate
139,4,0,1,farmland bird index,common > farmland > bird > index,0,1,1,False,Common farmland bird index
140,0,-1,0,,,12,0,12,True,Communication | Debts | Emigration
141,0,-1,0,communication,communication,0,1,1,False,Communication
142,0,-1,0,debts,debts,0,1,1,False,Debts
143,0,-1,0,emigration,emigration,0,1,1,False,Emigration
144,0,-1,0,employment,employment,0,1,1,False,Employment
145,0,-1,0,erosion,erosion,0,1,1,False,Erosion
146,0,-1,0,immigration,immigration,0,1,1,False,Immigration
147,0,-1,0,landuse,landuse,0,1,1,False,Landuse
148,0,-1,0,literacy,literacy,0,1,1,False,Literacy
149,0,-1,0,livestock,livestock,0,1,1,False,Livestock
150,0,-1,0,trams,trams,0,1,1,False,Trams
151,0,-1,0,wages,wages,0,1,1,False,Wages
152,0,-1,0,area,area,0,1,1,False,area
153,0,-1,0,community,community,2,0,13,True,Community design applications | Community design applications by metropolitan regions | Community design applications by other typologies
153,1,0,1,design applications,community > design > applications,2,1,8,True,Community design applications | Community design applications by metropolitan regions | Community design applications by other typologies
153,2,1,2,by,community > design > applications > by,3,0,3,True,Community design applications by metropolitan regions | Community design applications by other typologies | Community design applications by type of design
153,3,2,3,metropolitan regions,community > design > applications > by > metropolitan > regions,0,1,1,False,Community design applications by metropolitan regions
153,4,2,3,other typologies,community > design > applications > by > other > typologies,0,1,1,False,Community design applications by other typologies
153,5,2,3,type of design,community > design > applications > by > type > of > design,0,1,1,False,Community design applications by type of design
153,6,1,2,per,community > design > applications > per,2,0,4,True,Community design applications per billion GDP | Community design applications per million population | Community design applications per million population by metropolitan regions
153,7,6,3,billion gdp,community > design > applications > per > billion > gdp,0,1,1,False,Community design applications per billion GDP
153,8,6,3,million population,community > design > applications > per > million > population,1,1,3,False,Community design applications per million population | Community design applications per million population by metropolitan regions | Community design applications per million population by other typologies
153,9,8,4,by,community > design > applications > per > million > population > by,2,0,2,True,Community design applications per million population by metropolitan regions | Community design applications per million population by other typologies
153,10,9,5,metropolitan regions,community > design > applications > per > million > population > by > metropolitan > regions,0,1,1,False,Community design applications per million population by metropolitan regions
153,11,9,5,other typologies,community > design > applications > per > million > population > by > other > typologies,0,1,1,False,Community design applications per million population by other typologies
153,12,0,1,designs,community > designs,3,0,5,True,Community designs by metropolitan regions | Community designs by other typologies | Community designs filed
153,13,12,2,by,community > designs > by,2,0,2,True,Community designs by metropolitan regions | Community designs by other typologies
153,14,13,3,metropolitan regions,community > designs > by > metropolitan > regions,0,1,1,False,Community designs by metropolitan regions
153,15,13,3,other typologies,community > designs > by > other > typologies,0,1,1,False,Community designs by other typologies
153,16,12,2,filed,community > designs > filed,0,1,1,False,Community designs filed
153,17,12,2,per million population by,community > designs > per > million > population > by,2,0,2,True,Community designs per million population by metropolitan regions | Community designs per million population by other typologies
153,18,17,3,metropolitan regions,community > designs > per > million > population > by > metropolitan > regions,0,1,1,False,Community designs per million population by metropolitan regions
153,19,17,3,other typologies,community > designs > per > million > population > by > other > typologies,0,1,1,False,Community designs per million population by other typologies
154,0,-1,0,comparative,comparative,1,0,1,False,Comparative price levels
154,1,0,1,price levels,comparative > price > levels,0,1,1,False,Comparative price levels
155,0,-1,0,compensation,compensation,1,0,2,False,"Compensation of employees | Compensation of employees - annual data, million units of national currency"
155,1,0,1,of employees,compensation > of > employees,1,1,2,False,"Compensation of employees | Compensation of employees - annual data, million units of national currency"
155,2,1,2,annual data million units of national currency,compensation > of > employees > annual > data > million > units > of > national > currency,0,1,1,False,"Compensation of employees - annual data, million units of national currency"
156,0,-1,0,composition,composition,1,0,1,False,Composition of municipal waste
156,1,0,1,of municipal waste,composition > of > municipal > waste,0,1,1,False,Composition of municipal waste
157,0,-1,0,concentration,concentration,1,0,1,False,Concentration of multinational enterprise groups by NACE Rev.2 activity - experimental statistics
157,1,0,1,of multinational enterprise groups by nace rev 2 activity experimental statistics,concentration > of > multinational > enterprise > groups > by > nace > rev > 2 > activity > experimental > statistics,0,1,1,False,Concentration of multinational enterprise groups by NACE Rev.2 activity - experimental statistics
158,0,-1,0,confidence,confidence,1,0,1,False,Confidence indicators by sector
158,1,0,1,indicators by sector,confidence > indicators > by > sector,0,1,1,False,Confidence indicators by sector
159,0,-1,0,consolidated,consolidated,1,0,1,False,"Consolidated banking leverage, domestic and foreign entities (asset-to-equity multiple)"
159,1,0,1,banking leverage domestic and foreign entities asset to equity multiple,consolidated > banking > leverage > domestic > and > foreign > entities > asset > to > equity > multiple,0,1,1,False,"Consolidated banking leverage, domestic and foreign entities (asset-to-equity multiple)"
160,0,-1,0,consultation,consultation,1,0,3,False,Consultation of a dentist per inhabitant | Consultation of a medical doctor (in private practice or as outpatient) per inhabitant – historical data | Consultation of a medical doctor per inhabitant
160,1,0,1,of a,consultation > of > a,2,0,3,True,Consultation of a dentist per inhabitant | Consultation of a medical doctor (in private practice or as outpatient) per inhabitant – historical data | Consultation of a medical doctor per inhabitant
160,2,1,2,dentist per inhabitant,consultation > of > a > dentist > per > inhabitant,0,1,1,False,Consultation of a dentist per inhabitant
160,3,1,2,medical doctor,consultation > of > a > medical > doctor,2,0,2,True,Consultation of a medical doctor (in private practice or as outpatient) per inhabitant – historical data | Consultation of a medical doctor per inhabitant
160,4,3,3,in private practice or as outpatient per inhabitant historical data,consultation > of > a > medical > doctor > in > private > practice > or > as > outpatient > per > inhabitant > historical > data,0,1,1,False,Consultation of a medical doctor (in private practice or as outpatient) per inhabitant – historical data
160,5,3,3,per inhabitant,consultation > of > a > medical > doctor > per > inhabitant,0,1,1,False,Consultation of a medical doctor per inhabitant
161,0,-1,0,consumer,consumer,1,0,1,False,Consumer price index
161,1,0,1,price index,consumer > price > index,0,1,1,False,Consumer price index
162,0,-1,0,consumption,consumption,2,0,4,True,Consumption footprint – single weighted score | Consumption of antibiotics in the community and hospital sectors – defined daily doses (DDD) per day | Consumption of chemicals by hazardousness - aggregate
163,0,-1,0,footprint single weighted score,consumption > footprint > single > weighted > score,0,1,1,False,Consumption footprint – single weighted score
164,0,-1,0,of,consumption > of,3,0,3,True,Consumption of antibiotics in the community and hospital sectors – defined daily doses (DDD) per day | Consumption of chemicals by hazardousness - aggregate | Consumption of lightweight plastic carrier bags by their wall thickness
165,0,-1,0,antibiotics in the community and hospital sectors defined daily doses ddd per day,consumption > of > antibiotics > in > the > community > and > hospital > sectors > defined > daily > doses > ddd > per > day,0,1,1,False,Consumption of antibiotics in the community and hospital sectors – defined daily doses (DDD) per day
166,0,-1,0,chemicals by hazardousness aggregate,consumption > of > chemicals > by > hazardousness > aggregate,0,1,1,False,Consumption of chemicals by hazardousness - aggregate
167,0,-1,0,lightweight plastic carrier bags by their wall thickness,consumption > of > lightweight > plastic > carrier > bags > by > their > wall > thickness,0,1,1,False,Consumption of lightweight plastic carrier bags by their wall thickness
168,0,-1,0,container,container,1,0,1,False,Container transport by type of goods and coverage
168,1,0,1,transport by type of goods and coverage,container > transport > by > type > of > goods > and > coverage,0,1,1,False,Container transport by type of goods and coverage
169,0,-1,0,contribution,contribution,2,0,2,True,Contribution of recycled materials to raw materials demand - end-of-life recycling input rates (EOL-RIR) | Contribution to the international 100bn USD commitment on climate related expending
170,0,-1,0,of recycled materials to raw materials demand end of life recycling input rates eol rir,contribution > of > recycled > materials > to > raw > materials > demand > end > of > life > recycling > input > rates > eol > rir,0,1,1,False,Contribution of recycled materials to raw materials demand - end-of-life recycling input rates (EOL-RIR)
171,0,-1,0,to the international 100bn usd commitment on climate related expending,contribution > to > the > international > 100bn > usd > commitment > on > climate > related > expending,0,1,1,False,Contribution to the international 100bn USD commitment on climate related expending
172,0,-1,0,convergence,convergence,1,0,1,False,Convergence indicators
172,1,0,1,indicators,convergence > indicators,0,1,1,False,Convergence indicators
173,0,-1,0,conversion,conversion,1,0,1,False,Conversion factors for euro fixed series into euro/ECU - annual data
173,1,0,1,factors for euro fixed series into euro ecu annual data,conversion > factors > for > euro > fixed > series > into > euro > ecu > annual > data,0,1,1,False,Conversion factors for euro fixed series into euro/ECU - annual data
174,0,-1,0,cooling,cooling,1,0,1,False,Cooling and heating degree days by country - annual data
174,1,0,1,and heating degree days by country annual data,cooling > and > heating > degree > days > by > country > annual > data,0,1,1,False,Cooling and heating degree days by country - annual data
175,0,-1,0,correction,correction,1,0,3,False,Correction coefficients in the European Union (Countries) - index = 100) | Correction coefficients in the European Union (Duty stations) - index (Brussels = 100) | Correction coefficients outside the European Union (Duty stations) - index (Brussels = 100)
175,1,0,1,coefficients,correction > coefficients,2,0,3,True,Correction coefficients in the European Union (Countries) - index = 100) | Correction coefficients in the European Union (Duty stations) - index (Brussels = 100) | Correction coefficients outside the European Union (Duty stations) - index (Brussels = 100)
175,2,1,2,in the european union,correction > coefficients > in > the > european > union,2,0,2,True,Correction coefficients in the European Union (Countries) - index = 100) | Correction coefficients in the European Union (Duty stations) - index (Brussels = 100)
175,3,2,3,countries index 100,correction > coefficients > in > the > european > union > countries > index > 100,0,1,1,False,Correction coefficients in the European Union (Countries) - index = 100)
175,4,2,3,duty stations index brussels 100,correction > coefficients > in > the > european > union > duty > stations > index > brussels > 100,0,1,1,False,Correction coefficients in the European Union (Duty stations) - index (Brussels = 100)
175,5,1,2,outside the european union duty stations index brussels 100,correction > coefficients > outside > the > european > union > duty > stations > index > brussels > 100,0,1,1,False,Correction coefficients outside the European Union (Duty stations) - index (Brussels = 100)
176,0,-1,0,corruption,corruption,1,0,1,False,Corruption Perceptions Index
176,1,0,1,perceptions index,corruption > perceptions > index,0,1,1,False,Corruption Perceptions Index
177,0,-1,0,country,country,1,0,5,False,Country level - gross weight of goods handled in all ports | Country level - gross weight of goods handled in main ports | Country level - gross weight of goods transported to/from main ports
177,1,0,1,level,country > level,3,0,5,True,Country level - gross weight of goods handled in all ports | Country level - gross weight of goods handled in main ports | Country level - gross weight of goods transported to/from main ports
178,0,-1,0,gross weight of goods,country > level > gross > weight > of > goods,2,0,3,True,Country level - gross weight of goods handled in all ports | Country level - gross weight of goods handled in main ports | Country level - gross weight of goods transported to/from main ports
178,1,0,1,handled in,country > level > gross > weight > of > goods > handled > in,2,0,2,True,Country level - gross weight of goods handled in all ports | Country level - gross weight of goods handled in main ports
178,2,1,2,all ports,country > level > gross > weight > of > goods > handled > in > all > ports,0,1,1,False,Country level - gross weight of goods handled in all ports
178,3,1,2,main ports,country > level > gross > weight > of > goods > handled > in > main > ports,0,1,1,False,Country level - gross weight of goods handled in main ports
178,4,0,1,transported to from main ports,country > level > gross > weight > of > goods > transported > to > from > main > ports,0,1,1,False,Country level - gross weight of goods transported to/from main ports
179,0,-1,0,passengers embarked and disembarked in all ports,country > level > passengers > embarked > and > disembarked > in > all > ports,0,1,1,False,Country level - passengers embarked and disembarked in all ports
180,0,-1,0,volume in teus of containers handled in main ports by loading status,country > level > volume > in > teus > of > containers > handled > in > main > ports > by > loading > status,0,1,1,False,"Country level - volume (in TEUs) of containers handled in main ports, by loading status"
181,0,-1,0,crimes,crimes,1,0,2,False,Crimes recorded by the police | Crimes recorded by the police: homicide in cities
181,1,0,1,recorded by the police,crimes > recorded > by > the > police,1,1,2,False,Crimes recorded by the police | Crimes recorded by the police: homicide in cities
181,2,1,2,homicide in cities,crimes > recorded > by > the > police > homicide > in > cities,0,1,1,False,Crimes recorded by the police: homicide in cities
182,0,-1,0,crop,crop,2,0,2,True,Crop output - basic and producer prices | Crop production
182,1,0,1,output basic and producer prices,crop > output > basic > and > producer > prices,0,1,1,False,Crop output - basic and producer prices
182,2,0,1,production,crop > production,0,1,1,False,Crop production
183,0,-1,0,crude,crude,3,0,3,True,"Crude divorce rate | Crude marriage rate | Crude rate of birth, of dead and of population change"
183,1,0,1,divorce rate,crude > divorce > rate,0,1,1,False,Crude divorce rate
183,2,0,1,marriage rate,crude > marriage > rate,0,1,1,False,Crude marriage rate
184,0,-1,0,rate of birth of dead and of population change,crude > rate > of > birth > of > dead > and > of > population > change,0,1,1,False,"Crude rate of birth, of dead and of population change"
185,0,-1,0,cultural,cultural,1,0,1,False,Cultural employment by sex
185,1,0,1,employment by sex,cultural > employment > by > sex,0,1,1,False,Cultural employment by sex
186,0,-1,0,current,current,3,0,10,True,"Current account balance - 3 year average | Current account balance - annual data | Current account transactions - credits, debits and balance"
187,0,-1,0,account,current > account,2,0,7,True,"Current account balance - 3 year average | Current account balance - annual data | Current account transactions - credits, debits and balance"
188,0,-1,0,balance,current > account > balance,2,0,2,True,Current account balance - 3 year average | Current account balance - annual data
188,1,0,1,3 year average,current > account > balance > 3 > year > average,0,1,1,False,Current account balance - 3 year average
188,2,0,1,annual data,current > account > balance > annual > data,0,1,1,False,Current account balance - annual data
189,0,-1,0,transactions,current > account > transactions,5,0,5,True,"Current account transactions - credits, debits and balance | Current account transactions - goods: credits, debits and balance | Current account transactions - primary income: credits, debits and balance"
189,1,0,1,credits debits and balance,current > account > transactions > credits > debits > and > balance,0,1,1,False,"Current account transactions - credits, debits and balance"
189,2,0,1,goods credits debits and balance,current > account > transactions > goods > credits > debits > and > balance,0,1,1,False,"Current account transactions - goods: credits, debits and balance"
189,3,0,1,primary income credits debits and balance,current > account > transactions > primary > income > credits > debits > and > balance,0,1,1,False,"Current account transactions - primary income: credits, debits and balance"
189,4,0,1,secondary income credits debits and balance,current > account > transactions > secondary > income > credits > debits > and > balance,0,1,1,False,"Current account transactions - secondary income: credits, debits and balance"
189,5,0,1,services credits debits and balance,current > account > transactions > services > credits > debits > and > balance,0,1,1,False,"Current account transactions - services: credits, debits and balance"
190,0,-1,0,depressive symptoms by sex age and,current > depressive > symptoms > by > sex > age > and,2,0,2,True,"Current depressive symptoms by sex, age and educational attainment level | Current depressive symptoms by sex, age and income quintile"
190,1,0,1,educational attainment level,current > depressive > symptoms > by > sex > age > and > educational > attainment > level,0,1,1,False,"Current depressive symptoms by sex, age and educational attainment level"
190,2,0,1,income quintile,current > depressive > symptoms > by > sex > age > and > income > quintile,0,1,1,False,"Current depressive symptoms by sex, age and income quintile"
191,0,-1,0,level of capacity utilization in manufacturing industry,current > level > of > capacity > utilization > in > manufacturing > industry,0,1,1,False,Current level of capacity utilization in manufacturing industry
192,0,-1,0,customers,customers,1,0,1,False,Customers by type of district network and efficiency of network
192,1,0,1,by type of district network and efficiency of network,customers > by > type > of > district > network > and > efficiency > of > network,0,1,1,False,Customers by type of district network and efficiency of network
193,0,-1,0,daily,daily,2,0,3,True,"Daily consumption of fruit and vegetables by sex, age and educational attainment level | Daily smokers of cigarettes by sex, age and educational attainment level | Daily smokers of cigarettes by sex, age and income quintile"
194,0,-1,0,consumption of fruit and vegetables by sex age and educational attainment level,daily > consumption > of > fruit > and > vegetables > by > sex > age > and > educational > attainment > level,0,1,1,False,"Daily consumption of fruit and vegetables by sex, age and educational attainment level"
195,0,-1,0,smokers of cigarettes by sex age and,daily > smokers > of > cigarettes > by > sex > age > and,2,0,2,True,"Daily smokers of cigarettes by sex, age and educational attainment level | Daily smokers of cigarettes by sex, age and income quintile"
195,1,0,1,educational attainment level,daily > smokers > of > cigarettes > by > sex > age > and > educational > attainment > level,0,1,1,False,"Daily smokers of cigarettes by sex, age and educational attainment level"
195,2,0,1,income quintile,daily > smokers > of > cigarettes > by > sex > age > and > income > quintile,0,1,1,False,"Daily smokers of cigarettes by sex, age and income quintile"
196,0,-1,0,day,day,1,0,3,False,Day-to-day money market interest rates | Day-to-day rates for euro area countries - annual data | Day-to-day rates for euro area countries - quarterly data
196,1,0,1,to day,day > to > day,2,0,3,True,Day-to-day money market interest rates | Day-to-day rates for euro area countries - annual data | Day-to-day rates for euro area countries - quarterly data
197,0,-1,0,money market interest rates,day > to > day > money > market > interest > rates,0,1,1,False,Day-to-day money market interest rates
198,0,-1,0,rates for euro area countries,day > to > day > rates > for > euro > area > countries,2,0,2,True,Day-to-day rates for euro area countries - annual data | Day-to-day rates for euro area countries - quarterly data
198,1,0,1,annual data,day > to > day > rates > for > euro > area > countries > annual > data,0,1,1,False,Day-to-day rates for euro area countries - annual data
198,2,0,1,quarterly data,day > to > day > rates > for > euro > area > countries > quarterly > data,0,1,1,False,Day-to-day rates for euro area countries - quarterly data
199,0,-1,0,death,death,1,0,13,False,"Death due to AIDS (HIV-disease), by sex | Death due to accidents, by sex | Death due to alcoholic abuse, by sex"
199,1,0,1,due to,death > due > to,13,0,13,True,"Death due to AIDS (HIV-disease), by sex | Death due to accidents, by sex | Death due to alcoholic abuse, by sex"
199,2,1,2,aids hiv disease by sex,death > due > to > aids > hiv > disease > by > sex,0,1,1,False,"Death due to AIDS (HIV-disease), by sex"
199,3,1,2,accidents by sex,death > due > to > accidents > by > sex,0,1,1,False,"Death due to accidents, by sex"
199,4,1,2,alcoholic abuse by sex,death > due > to > alcoholic > abuse > by > sex,0,1,1,False,"Death due to alcoholic abuse, by sex"
199,5,1,2,cancer by sex,death > due > to > cancer > by > sex,0,1,1,False,"Death due to cancer, by sex"
199,6,1,2,chronic liver disease by sex,death > due > to > chronic > liver > disease > by > sex,0,1,1,False,"Death due to chronic liver disease, by sex"
199,7,1,2,diabetes mellitus by sex,death > due > to > diabetes > mellitus > by > sex,0,1,1,False,"Death due to diabetes mellitus, by sex"
199,8,1,2,diseases of the nervous system by sex,death > due > to > diseases > of > the > nervous > system > by > sex,0,1,1,False,"Death due to diseases of the nervous system, by sex"
199,9,1,2,drugs dependence by sex,death > due > to > drugs > dependence > by > sex,0,1,1,False,"Death due to drugs dependence, by sex"
199,10,1,2,homicide assault by sex,death > due > to > homicide > assault > by > sex,0,1,1,False,"Death due to homicide, assault, by sex"
199,11,1,2,other ischaemic heart diseases by sex,death > due > to > other > ischaemic > heart > diseases > by > sex,0,1,1,False,"Death due to other ischaemic heart diseases, by sex"
199,12,1,2,pneumonia by sex,death > due > to > pneumonia > by > sex,0,1,1,False,"Death due to pneumonia, by sex"
199,13,1,2,suicide by sex,death > due > to > suicide > by > sex,0,1,1,False,"Death due to suicide, by sex"
199,14,1,2,transport accidents by sex,death > due > to > transport > accidents > by > sex,0,1,1,False,"Death due to transport accidents, by sex"
200,0,-1,0,deaths,deaths,3,0,4,True,Deaths and crude death rate | Deaths by age and sex | Deaths by sex
201,0,-1,0,and crude death rate,deaths > and > crude > death > rate,0,1,1,False,Deaths and crude death rate
202,0,-1,0,by,deaths > by,2,0,2,True,Deaths by age and sex | Deaths by sex
202,1,0,1,age and sex,deaths > by > age > and > sex,0,1,1,False,Deaths by age and sex
202,2,0,1,sex,deaths > by > sex,0,1,1,False,Deaths by sex
203,0,-1,0,of residents related to dementias including alzheimer,deaths > of > residents > related > to > dementias > including > alzheimer,0,1,1,False,Deaths of residents related to dementias including Alzheimer
204,0,-1,0,debt,debt,1,0,1,False,Debt of the institutions
204,1,0,1,of the institutions,debt > of > the > institutions,0,1,1,False,Debt of the institutions
205,0,-1,0,decisions,decisions,1,0,4,False,"Decisions granting temporary protection by citizenship - per thousand persons | Decisions granting temporary protection by citizenship, age and sex - annual aggregated data | Decisions granting temporary protection by citizenship, age and sex - monthly data"
205,1,0,1,granting temporary protection by citizenship,decisions > granting > temporary > protection > by > citizenship,2,0,4,True,"Decisions granting temporary protection by citizenship - per thousand persons | Decisions granting temporary protection by citizenship, age and sex - annual aggregated data | Decisions granting temporary protection by citizenship, age and sex - monthly data"
205,2,1,2,per thousand persons,decisions > granting > temporary > protection > by > citizenship > per > thousand > persons,0,1,1,False,Decisions granting temporary protection by citizenship - per thousand persons
205,3,1,2,age and sex,decisions > granting > temporary > protection > by > citizenship > age > and > sex,3,0,3,True,"Decisions granting temporary protection by citizenship, age and sex - annual aggregated data | Decisions granting temporary protection by citizenship, age and sex - monthly data | Decisions granting temporary protection by citizenship, age and sex - quarterly data"
205,4,3,3,annual aggregated data,decisions > granting > temporary > protection > by > citizenship > age > and > sex > annual > aggregated > data,0,1,1,False,"Decisions granting temporary protection by citizenship, age and sex - annual aggregated data"
205,5,3,3,monthly data,decisions > granting > temporary > protection > by > citizenship > age > and > sex > monthly > data,0,1,1,False,"Decisions granting temporary protection by citizenship, age and sex - monthly data"
205,6,3,3,quarterly data,decisions > granting > temporary > protection > by > citizenship > age > and > sex > quarterly > data,0,1,1,False,"Decisions granting temporary protection by citizenship, age and sex - quarterly data"
206,0,-1,0,demographic,demographic,1,0,1,False,Demographic indicators
206,1,0,1,indicators,demographic > indicators,0,1,1,False,Demographic indicators
207,0,-1,0,departures,departures,1,0,1,False,Departures of residents going abroad for all holidays and business
207,1,0,1,of residents going abroad for all holidays and business,departures > of > residents > going > abroad > for > all > holidays > and > business,0,1,1,False,Departures of residents going abroad for all holidays and business
208,0,-1,0,depth,depth,1,0,1,False,Depth of material deprivation - EU-SILC survey
208,1,0,1,of material deprivation eu silc survey,depth > of > material > deprivation > eu > silc > survey,0,1,1,False,Depth of material deprivation - EU-SILC survey
209,0,-1,0,direct,direct,1,0,4,False,"Direct investment - annual data, million units of national currency | Direct investment abroad, main components - annual data, million units of national currency | Direct investment liabilities (flows) - annual data, % of GDP"
209,1,0,1,investment,direct > investment,3,0,4,True,"Direct investment - annual data, million units of national currency | Direct investment abroad, main components - annual data, million units of national currency | Direct investment liabilities (flows) - annual data, % of GDP"
209,2,1,2,annual data million units of national currency,direct > investment > annual > data > million > units > of > national > currency,0,1,1,False,"Direct investment - annual data, million units of national currency"
209,3,1,2,abroad main components annual data million units of national currency,direct > investment > abroad > main > components > annual > data > million > units > of > national > currency,0,1,1,False,"Direct investment abroad, main components - annual data, million units of national currency"
209,4,1,2,liabilities,direct > investment > liabilities,2,0,2,True,"Direct investment liabilities (flows) - annual data, % of GDP | Direct investment liabilities (stocks) - annual data, % of GDP"
209,5,4,3,flows annual data of gdp,direct > investment > liabilities > flows > annual > data > of > gdp,0,1,1,False,"Direct investment liabilities (flows) - annual data, % of GDP"
209,6,4,3,stocks annual data of gdp,direct > investment > liabilities > stocks > annual > data > of > gdp,0,1,1,False,"Direct investment liabilities (stocks) - annual data, % of GDP"
210,0,-1,0,disaggregated,disaggregated,1,0,1,False,Disaggregated final energy consumption in services – calorific values
210,1,0,1,final energy consumption in services calorific values,disaggregated > final > energy > consumption > in > services > calorific > values,0,1,1,False,Disaggregated final energy consumption in services – calorific values
211,0,-1,0,discharges,discharges,1,0,1,False,Discharges from hospitals
211,1,0,1,from hospitals,discharges > from > hospitals,0,1,1,False,Discharges from hospitals
212,0,-1,0,dispersion,dispersion,1,0,2,False,Dispersion around the at-risk-of-poverty threshold - EU-SILC survey | Dispersion around the at-risk-of-poverty threshold for elderly people - EU-SILC survey
212,1,0,1,around the at risk of poverty threshold,dispersion > around > the > at > risk > of > poverty > threshold,2,0,2,True,Dispersion around the at-risk-of-poverty threshold - EU-SILC survey | Dispersion around the at-risk-of-poverty threshold for elderly people - EU-SILC survey
212,2,1,2,eu silc survey,dispersion > around > the > at > risk > of > poverty > threshold > eu > silc > survey,0,1,1,False,Dispersion around the at-risk-of-poverty threshold - EU-SILC survey
212,3,1,2,for elderly people eu silc survey,dispersion > around > the > at > risk > of > poverty > threshold > for > elderly > people > eu > silc > survey,0,1,1,False,Dispersion around the at-risk-of-poverty threshold for elderly people - EU-SILC survey
213,0,-1,0,distribution,distribution,1,0,16,False,Distribution of digital platform workers (at least one hour in the last month) by consequences of rejecting the task or service - experimental statistics | Distribution of digital platform workers (at least one hour in the last month) by educational attainment level - experimental statistics | Distribution of digital platform workers (at least one hour in the last month) by labour status - experimental statistics
213,1,0,1,of,distribution > of,3,0,16,True,Distribution of digital platform workers (at least one hour in the last month) by consequences of rejecting the task or service - experimental statistics | Distribution of digital platform workers (at least one hour in the last month) by educational attainment level - experimental statistics | Distribution of digital platform workers (at least one hour in the last month) by labour status - experimental statistics
214,0,-1,0,digital platform workers,distribution > of > digital > platform > workers,2,0,9,True,Distribution of digital platform workers (at least one hour in the last month) by consequences of rejecting the task or service - experimental statistics | Distribution of digital platform workers (at least one hour in the last month) by educational attainment level - experimental statistics | Distribution of digital platform workers (at least one hour in the last month) by labour status - experimental statistics
214,1,0,1,at least one hour in the last month by,distribution > of > digital > platform > workers > at > least > one > hour > in > the > last > month > by,8,0,8,True,Distribution of digital platform workers (at least one hour in the last month) by consequences of rejecting the task or service - experimental statistics | Distribution of digital platform workers (at least one hour in the last month) by educational attainment level - experimental statistics | Distribution of digital platform workers (at least one hour in the last month) by labour status - experimental statistics
214,2,1,2,consequences of rejecting the task or service experimental statistics,distribution > of > digital > platform > workers > at > least > one > hour > in > the > last > month > by > consequences > of > rejecting > the > task > or > service > experimental > statistics,0,1,1,False,Distribution of digital platform workers (at least one hour in the last month) by consequences of rejecting the task or service - experimental statistics
214,3,1,2,educational attainment level experimental statistics,distribution > of > digital > platform > workers > at > least > one > hour > in > the > last > month > by > educational > attainment > level > experimental > statistics,0,1,1,False,Distribution of digital platform workers (at least one hour in the last month) by educational attainment level - experimental statistics
214,4,1,2,labour status experimental statistics,distribution > of > digital > platform > workers > at > least > one > hour > in > the > last > month > by > labour > status > experimental > statistics,0,1,1,False,Distribution of digital platform workers (at least one hour in the last month) by labour status - experimental statistics
214,5,1,2,price setting experimental statistics,distribution > of > digital > platform > workers > at > least > one > hour > in > the > last > month > by > price > setting > experimental > statistics,0,1,1,False,Distribution of digital platform workers (at least one hour in the last month) by price setting - experimental statistics
214,6,1,2,share of platform income in their earnings experimental statistics,distribution > of > digital > platform > workers > at > least > one > hour > in > the > last > month > by > share > of > platform > income > in > their > earnings > experimental > statistics,0,1,1,False,Distribution of digital platform workers (at least one hour in the last month) by share of platform income in their earnings - experimental statistics
214,7,1,2,social insurance coverage and risk experimental statistics,distribution > of > digital > platform > workers > at > least > one > hour > in > the > last > month > by > social > insurance > coverage > and > risk > experimental > statistics,0,1,1,False,Distribution of digital platform workers (at least one hour in the last month) by social insurance coverage and risk - experimental statistics
214,8,1,2,type of work assignment experimental statistics,distribution > of > digital > platform > workers > at > least > one > hour > in > the > last > month > by > type > of > work > assignment > experimental > statistics,0,1,1,False,Distribution of digital platform workers (at least one hour in the last month) by type of work assignment - experimental statistics
214,9,1,2,working hours setting experimental statistics,distribution > of > digital > platform > workers > at > least > one > hour > in > the > last > month > by > working > hours > setting > experimental > statistics,0,1,1,False,Distribution of digital platform workers (at least one hour in the last month) by working hours setting - experimental statistics
214,10,0,1,in the last 12 months by number of hours worked in the last month experimental statistics,distribution > of > digital > platform > workers > in > the > last > 12 > months > by > number > of > hours > worked > in > the > last > month > experimental > statistics,0,1,1,False,Distribution of digital platform workers (in the last 12 months) by number of hours worked in the last month - experimental statistics
215,0,-1,0,households,distribution > of > households,2,0,6,True,Distribution of households by activity status of the reference person - experimental statistics | Distribution of households by age of the reference person - experimental statistics | Distribution of households by household size - EU-SILC survey
215,1,0,1,by,distribution > of > households > by,3,0,5,True,Distribution of households by activity status of the reference person - experimental statistics | Distribution of households by age of the reference person - experimental statistics | Distribution of households by household size - EU-SILC survey
215,2,1,2,activity status of the reference person experimental statistics,distribution > of > households > by > activity > status > of > the > reference > person > experimental > statistics,0,1,1,False,Distribution of households by activity status of the reference person - experimental statistics
215,3,1,2,age of the reference person experimental statistics,distribution > of > households > by > age > of > the > reference > person > experimental > statistics,0,1,1,False,Distribution of households by age of the reference person - experimental statistics
215,4,1,2,household,distribution > of > households > by > household,2,0,3,True,Distribution of households by household size - EU-SILC survey | Distribution of households by household type - experimental statistics | Distribution of households by household type until - ECHP survey
215,5,4,3,size eu silc survey,distribution > of > households > by > household > size > eu > silc > survey,0,1,1,False,Distribution of households by household size - EU-SILC survey
215,6,4,3,type,distribution > of > households > by > household > type,2,0,2,True,Distribution of households by household type - experimental statistics | Distribution of households by household type until - ECHP survey
215,7,6,4,experimental statistics,distribution > of > households > by > household > type > experimental > statistics,0,1,1,False,Distribution of households by household type - experimental statistics
215,8,6,4,until echp survey,distribution > of > households > by > household > type > until > echp > survey,0,1,1,False,Distribution of households by household type until - ECHP survey
215,9,0,1,with children by number of children eu silc survey,distribution > of > households > with > children > by > number > of > children > eu > silc > survey,0,1,1,False,Distribution of households with children by number of children - EU-SILC survey
216,0,-1,0,population by household types eu silc survey,distribution > of > population > by > household > types > eu > silc > survey,0,1,1,False,Distribution of population by household types - EU-SILC survey
217,0,-1,0,diversity,diversity,1,0,1,False,Diversity index of energy supply
217,1,0,1,index of energy supply,diversity > index > of > energy > supply,0,1,1,False,Diversity index of energy supply
218,0,-1,0,domestic,domestic,3,0,9,True,Domestic industrial production price index | Domestic material consumption per capita | Domestic producer prices - capital goods
218,1,0,1,industrial production price index,domestic > industrial > production > price > index,0,1,1,False,Domestic industrial production price index
218,2,0,1,producer prices,domestic > producer > prices,6,0,7,True,Domestic producer prices - capital goods | Domestic producer prices - consumer durables | Domestic producer prices - consumer non-durables
218,3,2,2,capital goods,domestic > producer > prices > capital > goods,0,1,1,False,Domestic producer prices - capital goods
218,4,2,2,consumer,domestic > producer > prices > consumer,2,0,2,True,Domestic producer prices - consumer durables | Domestic producer prices - consumer non-durables
218,5,4,3,durables,domestic > producer > prices > consumer > durables,0,1,1,False,Domestic producer prices - consumer durables
218,6,4,3,non durables,domestic > producer > prices > consumer > non > durables,0,1,1,False,Domestic producer prices - consumer non-durables
218,7,2,2,energy,domestic > producer > prices > energy,0,1,1,False,Domestic producer prices - energy
218,8,2,2,intermediate goods,domestic > producer > prices > intermediate > goods,0,1,1,False,Domestic producer prices - intermediate goods
218,9,2,2,manufacturing,domestic > producer > prices > manufacturing,0,1,1,False,Domestic producer prices - manufacturing
218,10,2,2,total industry excluding construction,domestic > producer > prices > total > industry > excluding > construction,0,1,1,False,Domestic producer prices - total industry (excluding construction)
219,0,-1,0,material consumption per capita,domestic > material > consumption > per > capita,0,1,1,False,Domestic material consumption per capita
220,0,-1,0,drought,drought,1,0,1,False,Drought impact area on ecosystems
220,1,0,1,impact area on ecosystems,drought > impact > area > on > ecosystems,0,1,1,False,Drought impact area on ecosystems
221,0,-1,0,dry,dry,1,0,1,False,"Dry pulses and protein crops for the production of grain (including seed and mixtures of cereals and pulses) by area, production and humidity"
221,1,0,1,pulses and protein crops for the production of grain including seed and mixtures of cereals and pulses by area production and humidity,dry > pulses > and > protein > crops > for > the > production > of > grain > including > seed > and > mixtures > of > cereals > and > pulses > by > area > production > and > humidity,0,1,1,False,"Dry pulses and protein crops for the production of grain (including seed and mixtures of cereals and pulses) by area, production and humidity"
222,0,-1,0,duration,duration,1,0,1,False,Duration of working life
222,1,0,1,of working life,duration > of > working > life,0,1,1,False,Duration of working life
223,0,-1,0,dwellings,dwellings,1,0,1,False,"Dwellings by type of ownership, type of building and occupancy status"
223,1,0,1,by type of ownership type of building and occupancy status,dwellings > by > type > of > ownership > type > of > building > and > occupancy > status,0,1,1,False,"Dwellings by type of ownership, type of building and occupancy status"
224,0,-1,0,ecu,ecu,1,0,1,False,ECU/EUR exchange rates versus national currencies
224,1,0,1,eur exchange rates versus national currencies,ecu > eur > exchange > rates > versus > national > currencies,0,1,1,False,ECU/EUR exchange rates versus national currencies
225,0,-1,0,emu,emu,1,0,2,False,EMU convergence criterion series - annual data | EMU convergence criterion series - quarterly data
225,1,0,1,convergence criterion series,emu > convergence > criterion > series,2,0,2,True,EMU convergence criterion series - annual data | EMU convergence criterion series - quarterly data
225,2,1,2,annual data,emu > convergence > criterion > series > annual > data,0,1,1,False,EMU convergence criterion series - annual data
225,3,1,2,quarterly data,emu > convergence > criterion > series > quarterly > data,0,1,1,False,EMU convergence criterion series - quarterly data
226,0,-1,0,early,early,2,0,6,True,Early leavers from education and training aged 18-24 by sex | Early leavers from education and training by sex | Early leavers from education and training by sex and labour status
227,0,-1,0,leavers from education and training,early > leavers > from > education > and > training,3,0,5,True,Early leavers from education and training aged 18-24 by sex | Early leavers from education and training by sex | Early leavers from education and training by sex and labour status
227,1,0,1,aged 18 24 by sex,early > leavers > from > education > and > training > aged > 18 > 24 > by > sex,0,1,1,False,Early leavers from education and training aged 18-24 by sex
227,2,0,1,by,early > leavers > from > education > and > training > by,2,0,3,True,"Early leavers from education and training by sex | Early leavers from education and training by sex and labour status | Early leavers from education and training, by citizenship"
227,3,2,2,sex,early > leavers > from > education > and > training > by > sex,1,1,2,False,Early leavers from education and training by sex | Early leavers from education and training by sex and labour status
227,4,3,3,and labour status,early > leavers > from > education > and > training > by > sex > and > labour > status,0,1,1,False,Early leavers from education and training by sex and labour status
227,5,2,2,citizenship,early > leavers > from > education > and > training > by > citizenship,0,1,1,False,"Early leavers from education and training, by citizenship"
227,6,0,1,age group 18 24,early > leavers > from > education > and > training > age > group > 18 > 24,0,1,1,False,"Early leavers from education and training, age group 18-24"
228,0,-1,0,retirement among persons who receive an old age pension,early > retirement > among > persons > who > receive > an > old > age > pension,0,1,1,False,Early retirement among persons who receive an old-age pension (%)
229,0,-1,0,economic,economic,3,0,3,True,Economic accounts for agriculture (EAA) | Economic activity | Economic sentiment indicator
230,0,-1,0,accounts for agriculture eaa,economic > accounts > for > agriculture > eaa,0,1,1,False,Economic accounts for agriculture (EAA)
231,0,-1,0,activity,economic > activity,0,1,1,False,Economic activity
232,0,-1,0,sentiment indicator,economic > sentiment > indicator,0,1,1,False,Economic sentiment indicator
233,0,-1,0,economically,economically,1,0,1,False,Economically inactive persons who receive a pension who would have wished to stay longer in employment (%)
233,1,0,1,inactive persons who receive a pension who would have wished to stay longer in employment,economically > inactive > persons > who > receive > a > pension > who > would > have > wished > to > stay > longer > in > employment,0,1,1,False,Economically inactive persons who receive a pension who would have wished to stay longer in employment (%)
234,0,-1,0,effect,effect,1,0,4,False,Effect of social transfers on income quintile share ratio S80/S20 | Effect of taxes and social transfers on income quintile share ratio S80/S20 | Effect of taxes on income quintile share ratio S80/S20
234,1,0,1,of,effect > of,3,0,4,True,Effect of social transfers on income quintile share ratio S80/S20 | Effect of taxes and social transfers on income quintile share ratio S80/S20 | Effect of taxes on income quintile share ratio S80/S20
234,2,1,2,social transfers on income quintile share ratio s80 s20,effect > of > social > transfers > on > income > quintile > share > ratio > s80 > s20,0,1,1,False,Effect of social transfers on income quintile share ratio S80/S20
234,3,1,2,taxes,effect > of > taxes,2,0,2,True,Effect of taxes and social transfers on income quintile share ratio S80/S20 | Effect of taxes on income quintile share ratio S80/S20
234,4,3,3,and social transfers on income quintile share ratio s80 s20,effect > of > taxes > and > social > transfers > on > income > quintile > share > ratio > s80 > s20,0,1,1,False,Effect of taxes and social transfers on income quintile share ratio S80/S20
234,5,3,3,on income quintile share ratio s80 s20,effect > of > taxes > on > income > quintile > share > ratio > s80 > s20,0,1,1,False,Effect of taxes on income quintile share ratio S80/S20
235,0,-1,0,the search for information on learning possibilities,effect > of > the > search > for > information > on > learning > possibilities,0,1,1,False,Effect of the search for information on learning possibilities
236,0,-1,0,electricity,electricity,1,0,1,False,Electricity prices by type of user
236,1,0,1,prices by type of user,electricity > prices > by > type > of > user,0,1,1,False,Electricity prices by type of user
237,0,-1,0,emigration,emigration,1,0,1,False,Emigration by group of country of next usual residence
237,1,0,1,by group of country of next usual residence,emigration > by > group > of > country > of > next > usual > residence,0,1,1,False,Emigration by group of country of next usual residence
238,0,-1,0,employed,employed,3,0,24,True,Employed ICT specialists - total | Employed ICT specialists by age | Employed ICT specialists by sex
238,1,0,1,persons,employed > persons,11,0,20,True,Employed persons being able to choose their methods of work or to influence their pace of work by sex and age | Employed persons being able to influence decisions that affect their work by sex and age | Employed persons being self-employed without employees by sex
238,2,1,2,being,employed > persons > being,2,0,3,True,Employed persons being able to choose their methods of work or to influence their pace of work by sex and age | Employed persons being able to influence decisions that affect their work by sex and age | Employed persons being self-employed without employees by sex
238,3,1,2,discriminated at work during the last 12 months by sex and age,employed > persons > discriminated > at > work > during > the > last > 12 > months > by > sex > and > age,0,1,1,False,Employed persons discriminated at work during the last 12 months by sex and age
238,4,1,2,expecting a possible loss of their job in the next 6 months by sex and age,employed > persons > expecting > a > possible > loss > of > their > job > in > the > next > 6 > months > by > sex > and > age,0,1,1,False,Employed persons expecting a possible loss of their job in the next 6 months by sex and age
238,5,1,2,exposed to employment related physical psychological or sexual violence in the last 12 months by sex and age,employed > persons > exposed > to > employment > related > physical > psychological > or > sexual > violence > in > the > last > 12 > months > by > sex > and > age,0,1,1,False,"Employed persons exposed to employment-related physical, psychological or sexual violence in the last 12 months by sex and age"
238,6,1,2,having,employed > persons > having,4,0,4,True,Employed persons having a good relationship with their colleagues by sex and age | Employed persons having more than one job by sex | Employed persons having the opportunity to use their knowledge and skills in their current job by sex and age
238,7,6,3,a good relationship with their colleagues by sex and age,employed > persons > having > a > good > relationship > with > their > colleagues > by > sex > and > age,0,1,1,False,Employed persons having a good relationship with their colleagues by sex and age
238,8,6,3,more than one job by sex,employed > persons > having > more > than > one > job > by > sex,0,1,1,False,Employed persons having more than one job by sex
238,9,6,3,the opportunity to use their knowledge and skills in their current job by sex and age,employed > persons > having > the > opportunity > to > use > their > knowledge > and > skills > in > their > current > job > by > sex > and > age,0,1,1,False,Employed persons having the opportunity to use their knowledge and skills in their current job by sex and age
238,10,6,3,to work at very high speed or to tight deadlines by sex and age,employed > persons > having > to > work > at > very > high > speed > or > to > tight > deadlines > by > sex > and > age,0,1,1,False,Employed persons having to work at very high speed or to tight deadlines by sex and age
238,11,1,2,participating in job related non formal education and training in the past 12 months by sex and age,employed > persons > participating > in > job > related > non > formal > education > and > training > in > the > past > 12 > months > by > sex > and > age,0,1,1,False,Employed persons participating in job-related non-formal education and training in the past 12 months by sex and age
238,12,1,2,perceiving that their job related non formal education and training helped to improve the way they work by sex and age,employed > persons > perceiving > that > their > job > related > non > formal > education > and > training > helped > to > improve > the > way > they > work > by > sex > and > age,0,1,1,False,Employed persons perceiving that their job-related non-formal education and training helped to improve the way they work by sex and age
238,13,1,2,thinking that they do useful work by sex and age,employed > persons > thinking > that > they > do > useful > work > by > sex > and > age,0,1,1,False,Employed persons thinking that they do useful work by sex and age
238,14,1,2,whose,employed > persons > whose,2,0,2,True,Employed persons whose job involves improving their skills by sex and age | Employed persons whose work experience and job skills would be helpful to find another job by sex and age
238,15,14,3,job involves improving their skills by sex and age,employed > persons > whose > job > involves > improving > their > skills > by > sex > and > age,0,1,1,False,Employed persons whose job involves improving their skills by sex and age
238,16,14,3,work experience and job skills would be helpful to find another job by sex and age,employed > persons > whose > work > experience > and > job > skills > would > be > helpful > to > find > another > job > by > sex > and > age,0,1,1,False,Employed persons whose work experience and job skills would be helpful to find another job by sex and age
238,17,1,2,with ict education by sex,employed > persons > with > ict > education > by > sex,0,1,1,False,Employed persons with ICT education by sex
239,0,-1,0,ict specialists,employed > ict > specialists,2,0,3,True,Employed ICT specialists - total | Employed ICT specialists by age | Employed ICT specialists by sex
239,1,0,1,total,employed > ict > specialists > total,0,1,1,False,Employed ICT specialists - total
239,2,0,1,by,employed > ict > specialists > by,2,0,2,True,Employed ICT specialists by age | Employed ICT specialists by sex
239,3,2,2,age,employed > ict > specialists > by > age,0,1,1,False,Employed ICT specialists by age
239,4,2,2,sex,employed > ict > specialists > by > sex,0,1,1,False,Employed ICT specialists by sex
240,0,-1,0,in service sector and occupational status of recent school leavers,employed > in > service > sector > and > occupational > status > of > recent > school > leavers,0,1,1,False,Employed in service sector and occupational status of recent school-leavers
241,0,-1,0,able to,employed > persons > being > able > to,2,0,2,True,Employed persons being able to choose their methods of work or to influence their pace of work by sex and age | Employed persons being able to influence decisions that affect their work by sex and age
241,1,0,1,choose their methods of work or to influence their pace of work by sex and age,employed > persons > being > able > to > choose > their > methods > of > work > or > to > influence > their > pace > of > work > by > sex > and > age,0,1,1,False,Employed persons being able to choose their methods of work or to influence their pace of work by sex and age
241,2,0,1,influence decisions that affect their work by sex and age,employed > persons > being > able > to > influence > decisions > that > affect > their > work > by > sex > and > age,0,1,1,False,Employed persons being able to influence decisions that affect their work by sex and age
242,0,-1,0,self employed without employees by sex,employed > persons > being > self > employed > without > employees > by > sex,0,1,1,False,Employed persons being self-employed without employees by sex
243,0,-1,0,working,employed > persons > working,3,0,4,True,"Employed persons working at nights as a percentage of the total employment, by sex, age and professional status (%) | Employed persons working in the evenings as a percentage of the total employment, by sex, age and professional status (%) | Employed persons working on Saturdays as a percentage of the total employment, by sex, age and professional status (%)"
243,1,0,1,at nights as a percentage of the total employment by sex age and professional status,employed > persons > working > at > nights > as > a > percentage > of > the > total > employment > by > sex > age > and > professional > status,0,1,1,False,"Employed persons working at nights as a percentage of the total employment, by sex, age and professional status (%)"
243,2,0,1,in the evenings as a percentage of the total employment by sex age and professional status,employed > persons > working > in > the > evenings > as > a > percentage > of > the > total > employment > by > sex > age > and > professional > status,0,1,1,False,"Employed persons working in the evenings as a percentage of the total employment, by sex, age and professional status (%)"
243,3,0,1,on,employed > persons > working > on,2,0,2,True,"Employed persons working on Saturdays as a percentage of the total employment, by sex, age and professional status (%) | Employed persons working on Sundays as a percentage of the total employment, by sex, age and professional status (%)"
243,4,3,2,saturdays as a percentage of the total employment by sex age and professional status,employed > persons > working > on > saturdays > as > a > percentage > of > the > total > employment > by > sex > age > and > professional > status,0,1,1,False,"Employed persons working on Saturdays as a percentage of the total employment, by sex, age and professional status (%)"
243,5,3,2,sundays as a percentage of the total employment by sex age and professional status,employed > persons > working > on > sundays > as > a > percentage > of > the > total > employment > by > sex > age > and > professional > status,0,1,1,False,"Employed persons working on Sundays as a percentage of the total employment, by sex, age and professional status (%)"
244,0,-1,0,employees,employees,5,0,6,True,Employees by flexibility of their working schedule and educational attainment level (1 000) | Employees having a good relationship with their supervisor by sex and age | Employees receiving regular feedback from their supervisor by sex and age
244,1,0,1,with a,employees > with > a,2,0,2,True,Employees with a contract of limited duration (annual average) | Employees with a flexible work schedule by sex
245,0,-1,0,by flexibility of their working schedule and educational attainment level 1 000,employees > by > flexibility > of > their > working > schedule > and > educational > attainment > level > 1 > 000,0,1,1,False,Employees by flexibility of their working schedule and educational attainment level (1 000)
246,0,-1,0,having a good relationship with their supervisor by sex and age,employees > having > a > good > relationship > with > their > supervisor > by > sex > and > age,0,1,1,False,Employees having a good relationship with their supervisor by sex and age
247,0,-1,0,receiving regular feedback from their supervisor by sex and age,employees > receiving > regular > feedback > from > their > supervisor > by > sex > and > age,0,1,1,False,Employees receiving regular feedback from their supervisor by sex and age
248,0,-1,0,contract of limited duration annual average,employees > with > a > contract > of > limited > duration > annual > average,0,1,1,False,Employees with a contract of limited duration (annual average)
249,0,-1,0,flexible work schedule by sex,employees > with > a > flexible > work > schedule > by > sex,0,1,1,False,Employees with a flexible work schedule by sex
250,0,-1,0,domestic concept annual data,employees > domestic > concept > annual > data,0,1,1,False,"Employees, domestic concept - annual data"
251,0,-1,0,employment,employment,10,0,29,True,Employment (thousand persons) by NUTS 3 regions | Employment and economic activity branches | Employment and employment rates 20-64 years old by sex
251,1,0,1,and,employment > and,2,0,2,True,Employment and economic activity branches | Employment and employment rates 20-64 years old by sex
251,2,0,1,by,employment > by,2,0,2,True,Employment by professional status | employment by age group
251,3,0,1,characteristics,employment > characteristics,0,1,1,False,Employment characteristics
251,4,0,1,growth domestic concept,employment > growth > domestic > concept,0,1,1,False,Employment growth (domestic concept)
251,5,0,1,in,employment > in,4,0,7,True,Employment in Foreign Affiliates of Domestic Enterprises | Employment in Foreign Controlled Enterprises | Employment in high- and medium-high technology manufacturing sectors and knowledge-intensive service sectors
251,6,0,1,rate,employment > rate,2,1,7,True,"Employment rate | Employment rate by sex | Employment rate, by citizenship"
251,7,6,2,by,employment > rate > by,2,0,2,True,"Employment rate by sex | Employment rate, by citizenship"
251,8,6,2,of,employment > rate > of,4,0,4,True,"Employment rate of adults by sex, age groups, educational attainment level, number of children and age of youngest child (%) | Employment rate of low skilled persons, age group 20-64 | Employment rate of non-EU nationals, age group 20-64"
251,9,8,3,adults by sex age groups educational attainment level number of children and age of youngest child,employment > rate > of > adults > by > sex > age > groups > educational > attainment > level > number > of > children > and > age > of > youngest > child,0,1,1,False,"Employment rate of adults by sex, age groups, educational attainment level, number of children and age of youngest child (%)"
251,10,8,3,low skilled persons age group 20 64,employment > rate > of > low > skilled > persons > age > group > 20 > 64,0,1,1,False,"Employment rate of low skilled persons, age group 20-64"
251,11,8,3,non eu nationals age group 20 64,employment > rate > of > non > eu > nationals > age > group > 20 > 64,0,1,1,False,"Employment rate of non-EU nationals, age group 20-64"
251,12,8,3,older workers age group 55 64,employment > rate > of > older > workers > age > group > 55 > 64,0,1,1,False,"Employment rate of older workers, age group 55-64"
251,13,0,1,rates,employment > rates,3,0,4,True,"Employment rates 15-64 years old by sex | Employment rates by sex, age and educational attainment level (%) | Employment rates by sex, age and other typologies"
251,14,13,2,15 64 years old by sex,employment > rates > 15 > 64 > years > old > by > sex,0,1,1,False,Employment rates 15-64 years old by sex
251,15,13,2,by sex age and,employment > rates > by > sex > age > and,2,0,2,True,"Employment rates by sex, age and educational attainment level (%) | Employment rates by sex, age and other typologies"
251,16,15,3,educational attainment level,employment > rates > by > sex > age > and > educational > attainment > level,0,1,1,False,"Employment rates by sex, age and educational attainment level (%)"
251,17,15,3,other typologies,employment > rates > by > sex > age > and > other > typologies,0,1,1,False,"Employment rates by sex, age and other typologies"
251,18,0,1,domestic concept,employment > domestic > concept,1,1,2,False,"Employment, domestic concept - | Employment, domestic concept - annual data"
251,19,18,2,annual data,employment > domestic > concept > annual > data,0,1,1,False,"Employment, domestic concept - annual data"
252,0,-1,0,thousand persons by nuts 3 regions,employment > thousand > persons > by > nuts > 3 > regions,0,1,1,False,Employment (thousand persons) by NUTS 3 regions
253,0,-1,0,economic activity branches,employment > and > economic > activity > branches,0,1,1,False,Employment and economic activity branches
254,0,-1,0,employment rates 20 64 years old by sex,employment > and > employment > rates > 20 > 64 > years > old > by > sex,0,1,1,False,Employment and employment rates 20-64 years old by sex
255,0,-1,0,professional status,employment > by > professional > status,0,1,1,False,Employment by professional status
256,0,-1,0,age group,employment > by > age > group,0,1,1,False,employment by age group
257,0,-1,0,expectations,employment > expectations,2,0,2,True,Employment expectations by sectors | Employment expectations indicator
257,1,0,1,by sectors,employment > expectations > by > sectors,0,1,1,False,Employment expectations by sectors
257,2,0,1,indicator,employment > expectations > indicator,0,1,1,False,Employment expectations indicator
258,0,-1,0,foreign,employment > in > foreign,2,0,2,True,Employment in Foreign Affiliates of Domestic Enterprises | Employment in Foreign Controlled Enterprises
258,1,0,1,affiliates of domestic enterprises,employment > in > foreign > affiliates > of > domestic > enterprises,0,1,1,False,Employment in Foreign Affiliates of Domestic Enterprises
258,2,0,1,controlled enterprises,employment > in > foreign > controlled > enterprises,0,1,1,False,Employment in Foreign Controlled Enterprises
259,0,-1,0,high and medium high technology manufacturing sectors and knowledge intensive service sectors,employment > in > high > and > medium > high > technology > manufacturing > sectors > and > knowledge > intensive > service > sectors,0,1,1,False,Employment in high- and medium-high technology manufacturing sectors and knowledge-intensive service sectors
260,0,-1,0,inland waterways transport enterprises by,employment > in > inland > waterways > transport > enterprises > by,2,0,2,True,Employment in inland waterways transport enterprises by number of vessels in enterprises - | Employment in inland waterways transport enterprises by sex -
260,1,0,1,number of vessels in enterprises,employment > in > inland > waterways > transport > enterprises > by > number > of > vessels > in > enterprises,0,1,1,False,Employment in inland waterways transport enterprises by number of vessels in enterprises -
260,2,0,1,sex,employment > in > inland > waterways > transport > enterprises > by > sex,0,1,1,False,Employment in inland waterways transport enterprises by sex -
261,0,-1,0,sport by,employment > in > sport > by,2,0,2,True,Employment in sport by age | Employment in sport by sex
262,0,-1,0,age,employment > in > sport > by > age,0,1,1,False,Employment in sport by age
263,0,-1,0,sex,employment > in > sport > by > sex,0,1,1,False,Employment in sport by sex
264,0,-1,0,sex,employment > rate > by > sex,0,1,1,False,Employment rate by sex
265,0,-1,0,citizenship,employment > rate > by > citizenship,0,1,1,False,"Employment rate, by citizenship"
266,0,-1,0,of recent graduates,employment > rates > of > recent > graduates,0,1,1,False,Employment rates of recent graduates
267,0,-1,0,end,end,1,0,1,False,End-stage renal failure (ESRF) patients – historical data
267,1,0,1,stage renal failure esrf patients historical data,end > stage > renal > failure > esrf > patients > historical > data,0,1,1,False,End-stage renal failure (ESRF) patients – historical data
268,0,-1,0,energy,energy,8,0,8,True,Energy - historical data former methodology and source) | Energy balance | Energy consumption
268,1,0,1,balance,energy > balance,0,1,1,False,Energy balance
268,2,0,1,consumption,energy > consumption,0,1,1,False,Energy consumption
268,3,0,1,productivity,energy > productivity,0,1,1,False,Energy productivity
268,4,0,1,taxes,energy > taxes,0,1,1,False,Energy taxes
269,0,-1,0,historical data former methodology and source,energy > historical > data > former > methodology > and > source,0,1,1,False,Energy - historical data former methodology and source)
270,0,-1,0,import dependency by products,energy > import > dependency > by > products,0,1,1,False,Energy import dependency by products
271,0,-1,0,removed from district networks by customers type of networks and efficiency of network,energy > removed > from > district > networks > by > customers > type > of > networks > and > efficiency > of > network,0,1,1,False,"Energy removed from district networks by customers, type of networks and efficiency of network"
272,0,-1,0,self reliance,energy > self > reliance,0,1,1,False,Energy self-reliance
273,0,-1,0,enterprises,enterprises,7,0,17,True,Enterprises by impact of COVID-19 on turnover and NACE rev.2 activity aggregate - experimental statistics | Enterprises by international sourcing status prior to the reference period and NACE Rev.2 activity aggregate - experimental statistics | Enterprises by means of services supply and NACE rev.2 activity aggregate - experimental statistics
273,1,0,1,by,enterprises > by,7,0,9,True,Enterprises by impact of COVID-19 on turnover and NACE rev.2 activity aggregate - experimental statistics | Enterprises by international sourcing status prior to the reference period and NACE Rev.2 activity aggregate - experimental statistics | Enterprises by means of services supply and NACE rev.2 activity aggregate - experimental statistics
273,2,1,2,impact of covid 19 on turnover and nace rev 2 activity aggregate experimental statistics,enterprises > by > impact > of > covid > 19 > on > turnover > and > nace > rev > 2 > activity > aggregate > experimental > statistics,0,1,1,False,Enterprises by impact of COVID-19 on turnover and NACE rev.2 activity aggregate - experimental statistics
273,3,1,2,international sourcing status prior to the reference period and nace rev 2 activity aggregate experimental statistics,enterprises > by > international > sourcing > status > prior > to > the > reference > period > and > nace > rev > 2 > activity > aggregate > experimental > statistics,0,1,1,False,Enterprises by international sourcing status prior to the reference period and NACE Rev.2 activity aggregate - experimental statistics
273,4,1,2,means of services supply and nace rev 2 activity aggregate experimental statistics,enterprises > by > means > of > services > supply > and > nace > rev > 2 > activity > aggregate > experimental > statistics,0,1,1,False,Enterprises by means of services supply and NACE rev.2 activity aggregate - experimental statistics
273,5,1,2,movement of business functions from abroad and by nace rev 2 activity experimental statistics,enterprises > by > movement > of > business > functions > from > abroad > and > by > nace > rev > 2 > activity > experimental > statistics,0,1,1,False,Enterprises by movement of business functions from abroad and by NACE Rev.2 activity - experimental statistics
273,6,1,2,status of movement of business functions from abroad business function and nace rev 2 activity experimental statistics,enterprises > by > status > of > movement > of > business > functions > from > abroad > business > function > and > nace > rev > 2 > activity > experimental > statistics,0,1,1,False,"Enterprises by status of movement of business functions from abroad, business function and NACE Rev.2 activity - experimental statistics"
273,7,1,2,type of,enterprises > by > type > of,3,0,3,True,Enterprises by type of buyer power asymmetry in the global value chain and NACE rev.2 activity aggregate - experimental statistics | Enterprises by type of movement of business functions from abroad and by NACE Rev.2 activity - experimental statistics | Enterprises by type of supplier power asymmetry in the global value chain and NACE rev.2 activity aggregate - experimental statistics
273,8,7,3,buyer power asymmetry in the global value chain and nace rev 2 activity aggregate experimental statistics,enterprises > by > type > of > buyer > power > asymmetry > in > the > global > value > chain > and > nace > rev > 2 > activity > aggregate > experimental > statistics,0,1,1,False,Enterprises by type of buyer power asymmetry in the global value chain and NACE rev.2 activity aggregate - experimental statistics
273,9,7,3,supplier power asymmetry in the global value chain and nace rev 2 activity aggregate experimental statistics,enterprises > by > type > of > supplier > power > asymmetry > in > the > global > value > chain > and > nace > rev > 2 > activity > aggregate > experimental > statistics,0,1,1,False,Enterprises by type of supplier power asymmetry in the global value chain and NACE rev.2 activity aggregate - experimental statistics
273,10,0,1,employing ivt participants by,enterprises > employing > ivt > participants > by,2,0,3,True,Enterprises employing IVT participants by NACE Rev. 1.1 activity - % of all enterprises | Enterprises employing IVT participants by NACE Rev. 2 activity - % of all enterprises | Enterprises employing IVT participants by size class - % of all enterprises
273,11,10,2,nace rev,enterprises > employing > ivt > participants > by > nace > rev,2,0,2,True,Enterprises employing IVT participants by NACE Rev. 1.1 activity - % of all enterprises | Enterprises employing IVT participants by NACE Rev. 2 activity - % of all enterprises
273,12,11,3,1 1 activity of all enterprises,enterprises > employing > ivt > participants > by > nace > rev > 1 > 1 > activity > of > all > enterprises,0,1,1,False,Enterprises employing IVT participants by NACE Rev. 1.1 activity - % of all enterprises
273,13,11,3,2 activity of all enterprises,enterprises > employing > ivt > participants > by > nace > rev > 2 > activity > of > all > enterprises,0,1,1,False,Enterprises employing IVT participants by NACE Rev. 2 activity - % of all enterprises
273,14,10,2,size class of all enterprises,enterprises > employing > ivt > participants > by > size > class > of > all > enterprises,0,1,1,False,Enterprises employing IVT participants by size class - % of all enterprises
274,0,-1,0,sourcing status and enterprise group identification collection round experimental statistics,enterprises > by > sourcing > status > and > enterprise > group > identification > collection > round > experimental > statistics,0,1,1,False,Enterprises by sourcing status and enterprise group identification - collection round - experimental statistics
275,0,-1,0,movement of business functions from abroad and by nace rev 2 activity experimental statistics,enterprises > by > type > of > movement > of > business > functions > from > abroad > and > by > nace > rev > 2 > activity > experimental > statistics,0,1,1,False,Enterprises by type of movement of business functions from abroad and by NACE Rev.2 activity - experimental statistics
276,0,-1,0,having received orders online at least 1 of enterprises,enterprises > having > received > orders > online > at > least > 1 > of > enterprises,0,1,1,False,Enterprises having received orders online (at least 1%) - % of enterprises
277,0,-1,0,in wholesale trade repair of vehicles and motorcycles nace rev 2 g changes in stocks,enterprises > in > wholesale > trade > repair > of > vehicles > and > motorcycles > nace > rev > 2 > g > changes > in > stocks,0,1,1,False,"Enterprises in wholesale trade, repair of vehicles and motorcycles (NACE Rev.2, G) - changes in stocks"
278,0,-1,0,sourcing abroad,enterprises > sourcing > abroad,0,1,1,False,Enterprises sourcing abroad
279,0,-1,0,using software solutions like crm to analyse information about clients for marketing purposes,enterprises > using > software > solutions > like > crm > to > analyse > information > about > clients > for > marketing > purposes,0,1,1,False,"Enterprises using software solutions, like CRM to analyse information about clients for marketing purposes"
280,0,-1,0,with members in other countries,enterprises > with > members > in > other > countries,0,1,1,False,Enterprises with members in other countries
281,0,-1,0,environmental,environmental,2,0,2,True,Environmental protection investments of total economy | Environmental tax revenues
282,0,-1,0,protection investments of total economy,environmental > protection > investments > of > total > economy,0,1,1,False,Environmental protection investments of total economy
283,0,-1,0,tax revenues,environmental > tax > revenues,0,1,1,False,Environmental tax revenues
284,0,-1,0,equidae,equidae,1,0,1,False,Equidae - annual data
284,1,0,1,annual data,equidae > annual > data,0,1,1,False,Equidae - annual data
285,0,-1,0,estimated,estimated,3,0,4,True,"Estimated average age of young people leaving the parental household by sex | Estimated soil loss by water erosion by land cover type | Estimated trends in fish stock biomass, by fishing areas"
286,0,-1,0,average age of young people leaving the parental household by sex,estimated > average > age > of > young > people > leaving > the > parental > household > by > sex,0,1,1,False,Estimated average age of young people leaving the parental household by sex
287,0,-1,0,soil loss by water erosion by land cover type,estimated > soil > loss > by > water > erosion > by > land > cover > type,0,1,1,False,Estimated soil loss by water erosion by land cover type
288,0,-1,0,trends in,estimated > trends > in,2,0,2,True,"Estimated trends in fish stock biomass, by fishing areas | Estimated trends in fishing pressure, by fishing area"
288,1,0,1,fish stock biomass by fishing areas,estimated > trends > in > fish > stock > biomass > by > fishing > areas,0,1,1,False,"Estimated trends in fish stock biomass, by fishing areas"
288,2,0,1,fishing pressure by fishing area,estimated > trends > in > fishing > pressure > by > fishing > area,0,1,1,False,"Estimated trends in fishing pressure, by fishing area"
289,0,-1,0,eu,eu,1,0,4,False,"Eu level - gross weight of goods handled in main ports, by direction | Eu level - gross weight of goods handled in main ports, by type of cargo | Eu level - gross weight of goods handled in main ports, by type of traffic"
289,1,0,1,level gross weight of goods handled in main ports by,eu > level > gross > weight > of > goods > handled > in > main > ports > by,3,0,4,True,"Eu level - gross weight of goods handled in main ports, by direction | Eu level - gross weight of goods handled in main ports, by type of cargo | Eu level - gross weight of goods handled in main ports, by type of traffic"
289,2,1,2,direction,eu > level > gross > weight > of > goods > handled > in > main > ports > by > direction,0,1,1,False,"Eu level - gross weight of goods handled in main ports, by direction"
289,3,1,2,type of,eu > level > gross > weight > of > goods > handled > in > main > ports > by > type > of,2,0,2,True,"Eu level - gross weight of goods handled in main ports, by type of cargo | Eu level - gross weight of goods handled in main ports, by type of traffic"
289,4,3,3,cargo,eu > level > gross > weight > of > goods > handled > in > main > ports > by > type > of > cargo,0,1,1,False,"Eu level - gross weight of goods handled in main ports, by type of cargo"
289,5,3,3,traffic,eu > level > gross > weight > of > goods > handled > in > main > ports > by > type > of > traffic,0,1,1,False,"Eu level - gross weight of goods handled in main ports, by type of traffic"
289,6,1,2,various types of partner geographical areas,eu > level > gross > weight > of > goods > handled > in > main > ports > by > various > types > of > partner > geographical > areas,0,1,1,False,"Eu level - gross weight of goods handled in main ports, by various types of partner geographical areas"
290,0,-1,0,euro,euro,4,0,5,True,"Euro yield curve by maturity (1, 5 and 10 years) | Euro yield curves - annual data | Euro-zone Business Climate Indicator - monthly data"
290,1,0,1,yield,euro > yield,2,0,2,True,"Euro yield curve by maturity (1, 5 and 10 years) | Euro yield curves - annual data"
290,2,1,2,curve by maturity 1 5 and 10 years,euro > yield > curve > by > maturity > 1 > 5 > and > 10 > years,0,1,1,False,"Euro yield curve by maturity (1, 5 and 10 years)"
290,3,1,2,curves annual data,euro > yield > curves > annual > data,0,1,1,False,Euro yield curves - annual data
290,4,0,1,ecu exchange rates annual data,euro > ecu > exchange > rates > annual > data,0,1,1,False,Euro/ECU exchange rates - annual data
290,5,0,1,national currency exchange rates,euro > national > currency > exchange > rates,0,1,1,False,Euro/national currency exchange rates
291,0,-1,0,zone business climate indicator monthly data,euro > zone > business > climate > indicator > monthly > data,0,1,1,False,Euro-zone Business Climate Indicator - monthly data
292,0,-1,0,european,european,1,0,5,False,European Union trade mark (EUTM) applications | European Union trade mark (EUTM) applications by nature of the trade mark | European Union trade mark (EUTM) applications by type of the trade mark
292,1,0,1,union trade mark eutm applications,european > union > trade > mark > eutm > applications,2,1,5,True,European Union trade mark (EUTM) applications | European Union trade mark (EUTM) applications by nature of the trade mark | European Union trade mark (EUTM) applications by type of the trade mark
292,2,1,2,by,european > union > trade > mark > eutm > applications > by,2,0,2,True,European Union trade mark (EUTM) applications by nature of the trade mark | European Union trade mark (EUTM) applications by type of the trade mark
292,3,2,3,nature of the trade mark,european > union > trade > mark > eutm > applications > by > nature > of > the > trade > mark,0,1,1,False,European Union trade mark (EUTM) applications by nature of the trade mark
292,4,2,3,type of the trade mark,european > union > trade > mark > eutm > applications > by > type > of > the > trade > mark,0,1,1,False,European Union trade mark (EUTM) applications by type of the trade mark
292,5,1,2,per,european > union > trade > mark > eutm > applications > per,2,0,2,True,European Union trade mark (EUTM) applications per billion GDP | European Union trade mark (EUTM) applications per million population
292,6,5,3,billion gdp,european > union > trade > mark > eutm > applications > per > billion > gdp,0,1,1,False,European Union trade mark (EUTM) applications per billion GDP
292,7,5,3,million population,european > union > trade > mark > eutm > applications > per > million > population,0,1,1,False,European Union trade mark (EUTM) applications per million population
293,0,-1,0,ever,ever,2,0,15,True,"Ever-partnered women who have experienced violence by an intimate partner and consequences of violence | Ever-partnered women who have experienced violence by an intimate partner, by age group | Ever-partnered women who have experienced violence by an intimate partner, by country of birth"
294,0,-1,0,partnered women who have experienced violence by an intimate partner,ever > partnered > women > who > have > experienced > violence > by > an > intimate > partner,2,0,10,True,"Ever-partnered women who have experienced violence by an intimate partner and consequences of violence | Ever-partnered women who have experienced violence by an intimate partner, by age group | Ever-partnered women who have experienced violence by an intimate partner, by country of birth"
294,1,0,1,and consequences of violence,ever > partnered > women > who > have > experienced > violence > by > an > intimate > partner > and > consequences > of > violence,0,1,1,False,Ever-partnered women who have experienced violence by an intimate partner and consequences of violence
294,2,0,1,by,ever > partnered > women > who > have > experienced > violence > by > an > intimate > partner > by,7,0,9,True,"Ever-partnered women who have experienced violence by an intimate partner, by age group | Ever-partnered women who have experienced violence by an intimate partner, by country of birth | Ever-partnered women who have experienced violence by an intimate partner, by degree of urbanisation"
294,3,2,2,age group,ever > partnered > women > who > have > experienced > violence > by > an > intimate > partner > by > age > group,0,1,1,False,"Ever-partnered women who have experienced violence by an intimate partner, by age group"
294,4,2,2,country of birth,ever > partnered > women > who > have > experienced > violence > by > an > intimate > partner > by > country > of > birth,0,1,1,False,"Ever-partnered women who have experienced violence by an intimate partner, by country of birth"
294,5,2,2,degree of urbanisation,ever > partnered > women > who > have > experienced > violence > by > an > intimate > partner > by > degree > of > urbanisation,0,1,1,False,"Ever-partnered women who have experienced violence by an intimate partner, by degree of urbanisation"
294,6,2,2,level of,ever > partnered > women > who > have > experienced > violence > by > an > intimate > partner > by > level > of,2,0,2,True,"Ever-partnered women who have experienced violence by an intimate partner, by level of disability (activity limitation) | Ever-partnered women who have experienced violence by an intimate partner, by level of education"
294,7,6,3,disability activity limitation,ever > partnered > women > who > have > experienced > violence > by > an > intimate > partner > by > level > of > disability > activity > limitation,0,1,1,False,"Ever-partnered women who have experienced violence by an intimate partner, by level of disability (activity limitation)"
294,8,6,3,education,ever > partnered > women > who > have > experienced > violence > by > an > intimate > partner > by > level > of > education,0,1,1,False,"Ever-partnered women who have experienced violence by an intimate partner, by level of education"
294,9,2,2,occurrence of the last episode,ever > partnered > women > who > have > experienced > violence > by > an > intimate > partner > by > occurrence > of > the > last > episode,0,1,1,False,"Ever-partnered women who have experienced violence by an intimate partner, by occurrence of the last episode"
294,10,2,2,person support service to whom violence was reported,ever > partnered > women > who > have > experienced > violence > by > an > intimate > partner > by > person > support > service > to > whom > violence > was > reported,0,1,1,False,"Ever-partnered women who have experienced violence by an intimate partner, by person/support service to whom violence was reported"
294,11,2,2,type,ever > partnered > women > who > have > experienced > violence > by > an > intimate > partner > by > type,2,0,2,True,"Ever-partnered women who have experienced violence by an intimate partner, by type and frequency of violence | Ever-partnered women who have experienced violence by an intimate partner, by type of violence"
294,12,11,3,and frequency of violence,ever > partnered > women > who > have > experienced > violence > by > an > intimate > partner > by > type > and > frequency > of > violence,0,1,1,False,"Ever-partnered women who have experienced violence by an intimate partner, by type and frequency of violence"
294,13,11,3,of violence,ever > partnered > women > who > have > experienced > violence > by > an > intimate > partner > by > type > of > violence,0,1,1,False,"Ever-partnered women who have experienced violence by an intimate partner, by type of violence"
295,0,-1,0,working women who have experienced sexual harassment at work by,ever > working > women > who > have > experienced > sexual > harassment > at > work > by,5,0,5,True,"Ever-working women who have experienced sexual harassment at work, by age group | Ever-working women who have experienced sexual harassment at work, by frequency | Ever-working women who have experienced sexual harassment at work, by occurrence of the last episode"
295,1,0,1,age group,ever > working > women > who > have > experienced > sexual > harassment > at > work > by > age > group,0,1,1,False,"Ever-working women who have experienced sexual harassment at work, by age group"
295,2,0,1,frequency,ever > working > women > who > have > experienced > sexual > harassment > at > work > by > frequency,0,1,1,False,"Ever-working women who have experienced sexual harassment at work, by frequency"
295,3,0,1,occurrence of the last episode,ever > working > women > who > have > experienced > sexual > harassment > at > work > by > occurrence > of > the > last > episode,0,1,1,False,"Ever-working women who have experienced sexual harassment at work, by occurrence of the last episode"
295,4,0,1,person support service to whom violence was reported during last year,ever > working > women > who > have > experienced > sexual > harassment > at > work > by > person > support > service > to > whom > violence > was > reported > during > last > year,0,1,1,False,"Ever-working women who have experienced sexual harassment at work, by person/support service to whom violence was reported during last year"
295,5,0,1,type of male perpetrator,ever > working > women > who > have > experienced > sexual > harassment > at > work > by > type > of > male > perpetrator,0,1,1,False,"Ever-working women who have experienced sexual harassment at work, by type of male perpetrator"
296,0,-1,0,excess,excess,1,0,1,False,Excess mortality by month
296,1,0,1,mortality by month,excess > mortality > by > month,0,1,1,False,Excess mortality by month
297,0,-1,0,exchange,exchange,1,0,1,False,Exchange rates
297,1,0,1,rates,exchange > rates,0,1,1,False,Exchange rates
298,0,-1,0,expected,expected,1,0,1,False,Expected school years of pupils and students by education level
298,1,0,1,school years of pupils and students by education level,expected > school > years > of > pupils > and > students > by > education > level,0,1,1,False,Expected school years of pupils and students by education level
299,0,-1,0,expenditure,expenditure,1,0,12,False,Expenditure on education in constant prices | Expenditure on inland waterway transport infrastructure and freight vessels | Expenditure on pensions
299,1,0,1,on,expenditure > on,8,0,12,True,Expenditure on education in constant prices | Expenditure on inland waterway transport infrastructure and freight vessels | Expenditure on pensions
299,2,1,2,pensions,expenditure > on > pensions,0,1,1,False,Expenditure on pensions
299,3,1,2,public educational institutions as of total or current expenditure,expenditure > on > public > educational > institutions > as > of > total > or > current > expenditure,0,1,1,False,Expenditure on public educational institutions - as % of total or current expenditure
300,0,-1,0,education in constant prices,expenditure > on > education > in > constant > prices,0,1,1,False,Expenditure on education in constant prices
301,0,-1,0,inland waterway transport infrastructure and freight vessels,expenditure > on > inland > waterway > transport > infrastructure > and > freight > vessels,0,1,1,False,Expenditure on inland waterway transport infrastructure and freight vessels
302,0,-1,0,road transport vehicles and road infrastructure,expenditure > on > road > transport > vehicles > and > road > infrastructure,0,1,1,False,Expenditure on road transport vehicles and road infrastructure
303,0,-1,0,rolling stock and railway infrastructure,expenditure > on > rolling > stock > and > railway > infrastructure,0,1,1,False,Expenditure on rolling stock and railway infrastructure
304,0,-1,0,social,expenditure > on > social,2,0,5,True,Expenditure on social protection | Expenditure on social protection per inhabitant | expenditure on social protection per head of population. ECU/EUR
304,1,0,1,protection,expenditure > on > social > protection,2,1,4,True,Expenditure on social protection | Expenditure on social protection per inhabitant | expenditure on social protection per head of population. ECU/EUR
304,2,1,2,per,expenditure > on > social > protection > per,2,0,2,True,Expenditure on social protection per inhabitant | expenditure on social protection per head of population. ECU/EUR
304,3,2,3,inhabitant,expenditure > on > social > protection > per > inhabitant,0,1,1,False,Expenditure on social protection per inhabitant
304,4,2,3,head of population ecu eur,expenditure > on > social > protection > per > head > of > population > ecu > eur,0,1,1,False,expenditure on social protection per head of population. ECU/EUR
304,5,1,2,by type,expenditure > on > social > protection > by > type,0,1,1,False,expenditure on social protection by type
304,6,0,1,benefits,expenditure > on > social > benefits,0,1,1,False,expenditure on social benefits
305,0,-1,0,administration costs,expenditure > on > administration > costs,0,1,1,False,expenditure on administration costs
306,0,-1,0,export,export,2,0,5,True,Export market shares - 3 years % change | Export market shares by items - % of world total | Export market shares by items - 1 year % change
307,0,-1,0,market shares,export > market > shares,3,0,4,True,Export market shares - 3 years % change | Export market shares by items - % of world total | Export market shares by items - 1 year % change
307,1,0,1,3 years change,export > market > shares > 3 > years > change,0,1,1,False,Export market shares - 3 years % change
307,2,0,1,by items,export > market > shares > by > items,2,0,2,True,Export market shares by items - % of world total | Export market shares by items - 1 year % change
307,3,2,2,of world total,export > market > shares > by > items > of > world > total,0,1,1,False,Export market shares by items - % of world total
307,4,2,2,1 year change,export > market > shares > by > items > 1 > year > change,0,1,1,False,Export market shares by items - 1 year % change
307,5,0,1,in volume,export > market > shares > in > volume,0,1,1,False,Export market shares in volume
308,0,-1,0,to import ratio,export > to > import > ratio,0,1,1,False,Export to import ratio
309,0,-1,0,exports,exports,2,0,10,True,"Exports - electricity - monthly data | Exports of goods - chemicals and related products | Exports of goods - food, drinks and tobacco"
310,0,-1,0,electricity monthly data,exports > electricity > monthly > data,0,1,1,False,Exports - electricity - monthly data
311,0,-1,0,of,exports > of,2,0,9,True,"Exports of goods - chemicals and related products | Exports of goods - food, drinks and tobacco | Exports of goods - machinery and transport equipment"
311,1,0,1,goods,exports > of > goods,8,0,8,True,"Exports of goods - chemicals and related products | Exports of goods - food, drinks and tobacco | Exports of goods - machinery and transport equipment"
311,2,1,2,chemicals and related products,exports > of > goods > chemicals > and > related > products,0,1,1,False,Exports of goods - chemicals and related products
311,3,1,2,food drinks and tobacco,exports > of > goods > food > drinks > and > tobacco,0,1,1,False,"Exports of goods - food, drinks and tobacco"
311,4,1,2,machinery and transport equipment,exports > of > goods > machinery > and > transport > equipment,0,1,1,False,Exports of goods - machinery and transport equipment
311,5,1,2,mineral fuels lubricants and related materials,exports > of > goods > mineral > fuels > lubricants > and > related > materials,0,1,1,False,"Exports of goods - mineral fuels, lubricants and related materials"
311,6,1,2,other manufactured products,exports > of > goods > other > manufactured > products,0,1,1,False,Exports of goods - other manufactured products
311,7,1,2,raw materials,exports > of > goods > raw > materials,0,1,1,False,Exports of goods - raw materials
311,8,1,2,total,exports > of > goods > total,0,1,1,False,Exports of goods - total
311,9,1,2,and services in of gdp,exports > of > goods > and > services > in > of > gdp,0,1,1,False,Exports of goods and services in % of GDP
311,10,0,1,high technology products as a share of total exports sitc rev 4,exports > of > high > technology > products > as > a > share > of > total > exports > sitc > rev > 4,0,1,1,False,"Exports of high technology products as a share of total exports, SITC Rev. 4 - %"
312,0,-1,0,exposure,exposure,1,0,1,False,Exposure of VET graduates to work-based learning
312,1,0,1,of vet graduates to work based learning,exposure > of > vet > graduates > to > work > based > learning,0,1,1,False,Exposure of VET graduates to work-based learning
313,0,-1,0,external,external,1,0,1,False,"External balance of goods and services, current prices"
313,1,0,1,balance of goods and services current prices,external > balance > of > goods > and > services > current > prices,0,1,1,False,"External balance of goods and services, current prices"
314,0,-1,0,extra,extra,2,0,4,True,"Extra-EU27 (from trade, by Member State, total product | Extra-EU27 (from trade, by product group | Extra-euro area trade, by main partners, total product"
314,1,0,1,eu27 from trade by,extra > eu27 > from > trade > by,2,0,2,True,"Extra-EU27 (from trade, by Member State, total product | Extra-EU27 (from trade, by product group"
314,2,1,2,member state total product,extra > eu27 > from > trade > by > member > state > total > product,0,1,1,False,"Extra-EU27 (from trade, by Member State, total product"
314,3,1,2,product group,extra > eu27 > from > trade > by > product > group,0,1,1,False,"Extra-EU27 (from trade, by product group"
314,4,0,1,euro area trade by,extra > euro > area > trade > by,2,0,2,True,"Extra-euro area trade, by main partners, total product | Extra-euro area trade, by product group"
314,5,4,2,main partners total product,extra > euro > area > trade > by > main > partners > total > product,0,1,1,False,"Extra-euro area trade, by main partners, total product"
314,6,4,2,product group,extra > euro > area > trade > by > product > group,0,1,1,False,"Extra-euro area trade, by product group"
315,0,-1,0,fdi,fdi,1,0,1,False,"FDI flows intensity, market integration"
315,1,0,1,flows intensity market integration,fdi > flows > intensity > market > integration,0,1,1,False,"FDI flows intensity, market integration"
316,0,-1,0,family,family,1,0,1,False,Family nuclei by number of children
316,1,0,1,nuclei by number of children,family > nuclei > by > number > of > children,0,1,1,False,Family nuclei by number of children
317,0,-1,0,farm,farm,1,0,1,False,Farm labour force
317,1,0,1,labour force,farm > labour > force,0,1,1,False,Farm labour force
318,0,-1,0,fat,fat,1,0,1,False,Fat contents and protein contents (cow's milk) - annual data
318,1,0,1,contents and protein contents cow s milk annual data,fat > contents > and > protein > contents > cow > s > milk > annual > data,0,1,1,False,Fat contents and protein contents (cow's milk) - annual data
319,0,-1,0,fatal,fatal,1,0,1,False,"Fatal accidents at work per 100 000 workers, by sex"
319,1,0,1,accidents at work per 100 000 workers by sex,fatal > accidents > at > work > per > 100 > 000 > workers > by > sex,0,1,1,False,"Fatal accidents at work per 100 000 workers, by sex"
320,0,-1,0,female,female,2,0,2,True,"Female school-management personnel - as % of total school-management personnel, by education level | Female tertiary education graduates in STEM education fields - % of all tertiary education graduates in STEM education fields"
321,0,-1,0,school management personnel as of total school management personnel by education level,female > school > management > personnel > as > of > total > school > management > personnel > by > education > level,0,1,1,False,"Female school-management personnel - as % of total school-management personnel, by education level"
322,0,-1,0,tertiary education graduates in stem education fields of all tertiary education graduates in stem education fields,female > tertiary > education > graduates > in > stem > education > fields > of > all > tertiary > education > graduates > in > stem > education > fields,0,1,1,False,Female tertiary education graduates in STEM education fields - % of all tertiary education graduates in STEM education fields
323,0,-1,0,fertility,fertility,2,0,2,True,Fertility indicators by NUTS 3 region | fertility rate
324,0,-1,0,indicators by nuts 3 region,fertility > indicators > by > nuts > 3 > region,0,1,1,False,Fertility indicators by NUTS 3 region
325,0,-1,0,rate,fertility > rate,0,1,1,False,fertility rate
326,0,-1,0,fetal,fetal,1,0,1,False,"Fetal, peri- and neonatal mortality rates by country of occurrence"
326,1,0,1,peri and neonatal mortality rates by country of occurrence,fetal > peri > and > neonatal > mortality > rates > by > country > of > occurrence,0,1,1,False,"Fetal, peri- and neonatal mortality rates by country of occurrence"
327,0,-1,0,final,final,3,0,11,True,"Final consumption expenditure | Final consumption expenditure of general government | Final consumption expenditure of households and NPISH, current prices"
327,1,0,1,consumption expenditure,final > consumption > expenditure,1,1,6,False,"Final consumption expenditure | Final consumption expenditure of general government | Final consumption expenditure of households and NPISH, current prices"
327,2,1,2,of,final > consumption > expenditure > of,2,0,5,True,"Final consumption expenditure of general government | Final consumption expenditure of households and NPISH, current prices | Final consumption expenditure of households and NPISH, volumes"
327,3,2,3,general government,final > consumption > expenditure > of > general > government,0,1,1,False,Final consumption expenditure of general government
327,4,2,3,households and,final > consumption > expenditure > of > households > and,2,0,4,True,"Final consumption expenditure of households and NPISH, current prices | Final consumption expenditure of households and NPISH, volumes | Final consumption expenditure of households and non-profit institutions serving households"
327,5,4,4,npish,final > consumption > expenditure > of > households > and > npish,2,0,2,True,"Final consumption expenditure of households and NPISH, current prices | Final consumption expenditure of households and NPISH, volumes"
327,6,5,5,current prices,final > consumption > expenditure > of > households > and > npish > current > prices,0,1,1,False,"Final consumption expenditure of households and NPISH, current prices"
327,7,5,5,volumes,final > consumption > expenditure > of > households > and > npish > volumes,0,1,1,False,"Final consumption expenditure of households and NPISH, volumes"
327,8,4,4,non profit institutions serving households,final > consumption > expenditure > of > households > and > non > profit > institutions > serving > households,1,1,2,False,Final consumption expenditure of households and non-profit institutions serving households | Final consumption expenditure of households and non-profit institutions serving households - annual data
327,9,8,5,annual data,final > consumption > expenditure > of > households > and > non > profit > institutions > serving > households > annual > data,0,1,1,False,Final consumption expenditure of households and non-profit institutions serving households - annual data
328,0,-1,0,decisions on asylum applicationsby type of decision annual data,final > decisions > on > asylum > applicationsby > type > of > decision > annual > data,0,1,1,False,Final decisions on asylum applicationsby type of decision - annual data
329,0,-1,0,energy consumption,final > energy > consumption,2,1,4,True,Final energy consumption | Final energy consumption by agriculture/forestry per hectare of utilised agricultural area | Final energy consumption by sector
329,1,0,1,by,final > energy > consumption > by,2,0,2,True,Final energy consumption by agriculture/forestry per hectare of utilised agricultural area | Final energy consumption by sector
329,2,0,1,in households per capita,final > energy > consumption > in > households > per > capita,0,1,1,False,Final energy consumption in households per capita
330,0,-1,0,agriculture forestry per hectare of utilised agricultural area,final > energy > consumption > by > agriculture > forestry > per > hectare > of > utilised > agricultural > area,0,1,1,False,Final energy consumption by agriculture/forestry per hectare of utilised agricultural area
331,0,-1,0,sector,final > energy > consumption > by > sector,0,1,1,False,Final energy consumption by sector
332,0,-1,0,financial,financial,5,0,8,True,Financial account - annual data | Financial accounts for institutions | Financial aid to students
333,0,-1,0,account annual data,financial > account > annual > data,0,1,1,False,Financial account - annual data
334,0,-1,0,accounts for institutions,financial > accounts > for > institutions,0,1,1,False,Financial accounts for institutions
335,0,-1,0,aid to students,financial > aid > to > students,1,1,2,False,Financial aid to students | Financial aid to students by education level - as % of total public expenditure
335,1,0,1,by education level as of total public expenditure,financial > aid > to > students > by > education > level > as > of > total > public > expenditure,0,1,1,False,Financial aid to students by education level - as % of total public expenditure
336,0,-1,0,derivatives and employee stock options annual data million units of national currency,financial > derivatives > and > employee > stock > options > annual > data > million > units > of > national > currency,0,1,1,False,"Financial derivatives and employee stock options - annual data, million units of national currency"
337,0,-1,0,sector,financial > sector,2,0,3,True,"Financial sector leverage (debt to equity), non-consolidated - % | financial sector liabilities, consolidated | financial sector liabilities, non-consolidated - annual data"
338,0,-1,0,leverage debt to equity non consolidated,financial > sector > leverage > debt > to > equity > non > consolidated,0,1,1,False,"Financial sector leverage (debt to equity), non-consolidated - %"
339,0,-1,0,liabilities,financial > sector > liabilities,2,0,2,True,"financial sector liabilities, consolidated | financial sector liabilities, non-consolidated - annual data"
339,1,0,1,consolidated,financial > sector > liabilities > consolidated,0,1,1,False,"financial sector liabilities, consolidated"
339,2,0,1,non consolidated annual data,financial > sector > liabilities > non > consolidated > annual > data,0,1,1,False,"financial sector liabilities, non-consolidated - annual data"
340,0,-1,0,first,first,4,0,7,True,First instance decisions on asylum applications by type of decision - annual aggregated data | First permits by reason | First residence permits - per thousand persons
341,0,-1,0,instance decisions on asylum applications by type of decision annual aggregated data,first > instance > decisions > on > asylum > applications > by > type > of > decision > annual > aggregated > data,0,1,1,False,First instance decisions on asylum applications by type of decision - annual aggregated data
342,0,-1,0,permits by reason,first > permits > by > reason,0,1,1,False,First permits by reason
343,0,-1,0,residence permits,first > residence > permits,2,0,2,True,First residence permits - per thousand persons | First residence permits by reasons - % of total first residence permits
343,1,0,1,per thousand persons,first > residence > permits > per > thousand > persons,0,1,1,False,First residence permits - per thousand persons
343,2,0,1,by reasons of total first residence permits,first > residence > permits > by > reasons > of > total > first > residence > permits,0,1,1,False,First residence permits by reasons - % of total first residence permits
344,0,-1,0,time asylum,first > time > asylum,2,0,3,True,First-time asylum applicants - % of total asylum applicants | First-time asylum applicants - per thousand persons | First-time asylum applications of unaccompanied minors - % of total first-time asylum applications of minors
344,1,0,1,applicants,first > time > asylum > applicants,2,0,2,True,First-time asylum applicants - % of total asylum applicants | First-time asylum applicants - per thousand persons
344,2,1,2,of total asylum applicants,first > time > asylum > applicants > of > total > asylum > applicants,0,1,1,False,First-time asylum applicants - % of total asylum applicants
344,3,1,2,per thousand persons,first > time > asylum > applicants > per > thousand > persons,0,1,1,False,First-time asylum applicants - per thousand persons
344,4,0,1,applications of unaccompanied minors of total first time asylum applications of minors,first > time > asylum > applications > of > unaccompanied > minors > of > total > first > time > asylum > applications > of > minors,0,1,1,False,First-time asylum applications of unaccompanied minors - % of total first-time asylum applications of minors
345,0,-1,0,fish,fish,1,0,2,False,Fish catches | Fish catches by fishing areas
345,1,0,1,catches,fish > catches,1,1,2,False,Fish catches | Fish catches by fishing areas
345,2,1,2,by fishing areas,fish > catches > by > fishing > areas,0,1,1,False,Fish catches by fishing areas
346,0,-1,0,fishing,fishing,1,0,2,False,"Fishing Fleet, Number of Vessels | Fishing fleet, total tonnage"
346,1,0,1,fleet,fishing > fleet,2,0,2,True,"Fishing Fleet, Number of Vessels | Fishing fleet, total tonnage"
346,2,1,2,number of vessels,fishing > fleet > number > of > vessels,0,1,1,False,"Fishing Fleet, Number of Vessels"
346,3,1,2,total tonnage,fishing > fleet > total > tonnage,0,1,1,False,"Fishing fleet, total tonnage"
347,0,-1,0,food,food,1,0,1,False,Food waste
347,1,0,1,waste,food > waste,0,1,1,False,Food waste
348,0,-1,0,foreign,foreign,1,0,1,False,Foreign-born population
348,1,0,1,born population,foreign > born > population,0,1,1,False,Foreign-born population
349,0,-1,0,forest,forest,1,0,1,False,Forest and irrigated land
349,1,0,1,and irrigated land,forest > and > irrigated > land,0,1,1,False,Forest and irrigated land
350,0,-1,0,formal,formal,1,0,1,False,Formal child care by duration and age group
350,1,0,1,child care by duration and age group,formal > child > care > by > duration > and > age > group,0,1,1,False,Formal child care by duration and age group
351,0,-1,0,former,former,1,0,1,False,Former euro area national currencies vs. euro/ECU - annual data
351,1,0,1,euro area national currencies vs euro ecu annual data,former > euro > area > national > currencies > vs > euro > ecu > annual > data,0,1,1,False,Former euro area national currencies vs. euro/ECU - annual data
352,0,-1,0,freight,freight,1,0,2,False,Freight and mail air transport (including national transport) | Freight and mail air transport over national territory (including territorial sea) - million tonne-km
352,1,0,1,and mail air transport,freight > and > mail > air > transport,2,0,2,True,Freight and mail air transport (including national transport) | Freight and mail air transport over national territory (including territorial sea) - million tonne-km
352,2,1,2,including national transport,freight > and > mail > air > transport > including > national > transport,0,1,1,False,Freight and mail air transport (including national transport)
352,3,1,2,over national territory including territorial sea million tonne km,freight > and > mail > air > transport > over > national > territory > including > territorial > sea > million > tonne > km,0,1,1,False,Freight and mail air transport over national territory (including territorial sea) - million tonne-km
353,0,-1,0,frequency,frequency,1,0,4,False,"Frequency of alcohol consumption by sex, age and educational attainment level | Frequency of heavy episodic drinking by sex, age and educational attainment level | Frequency of heavy episodic drinking by sex, age and income quintile"
353,1,0,1,of,frequency > of,3,0,4,True,"Frequency of alcohol consumption by sex, age and educational attainment level | Frequency of heavy episodic drinking by sex, age and educational attainment level | Frequency of heavy episodic drinking by sex, age and income quintile"
353,2,1,2,alcohol consumption by sex age and educational attainment level,frequency > of > alcohol > consumption > by > sex > age > and > educational > attainment > level,0,1,1,False,"Frequency of alcohol consumption by sex, age and educational attainment level"
353,3,1,2,heavy episodic drinking by sex age and,frequency > of > heavy > episodic > drinking > by > sex > age > and,2,0,2,True,"Frequency of heavy episodic drinking by sex, age and educational attainment level | Frequency of heavy episodic drinking by sex, age and income quintile"
353,4,3,3,educational attainment level,frequency > of > heavy > episodic > drinking > by > sex > age > and > educational > attainment > level,0,1,1,False,"Frequency of heavy episodic drinking by sex, age and educational attainment level"
353,5,3,3,income quintile,frequency > of > heavy > episodic > drinking > by > sex > age > and > income > quintile,0,1,1,False,"Frequency of heavy episodic drinking by sex, age and income quintile"
354,0,-1,0,internet use by individuals aged 16 74,frequency > of > internet > use > by > individuals > aged > 16 > 74,0,1,1,False,Frequency of internet use by individuals aged 16-74
355,0,-1,0,fresh,fresh,2,0,2,True,Fresh vegetables and strawberries by area | Fresh water abstraction by source per capita - m³ per capita
356,0,-1,0,vegetables and strawberries by area,fresh > vegetables > and > strawberries > by > area,0,1,1,False,Fresh vegetables and strawberries by area
357,0,-1,0,water abstraction by source per capita m per capita,fresh > water > abstraction > by > source > per > capita > m > per > capita,0,1,1,False,Fresh water abstraction by source per capita - m³ per capita
358,0,-1,0,freshwater,freshwater,1,0,1,False,Freshwater abstraction
358,1,0,1,abstraction,freshwater > abstraction,0,1,1,False,Freshwater abstraction
359,0,-1,0,gdp,gdp,3,0,3,True,GDP deflator | GDP per capita in PPS | GDP weights used in the calculation of the global specific indicator
359,1,0,1,deflator,gdp > deflator,0,1,1,False,GDP deflator
360,0,-1,0,per capita in pps,gdp > per > capita > in > pps,0,1,1,False,GDP per capita in PPS
361,0,-1,0,weights used in the calculation of the global specific indicator,gdp > weights > used > in > the > calculation > of > the > global > specific > indicator,0,1,1,False,GDP weights used in the calculation of the global specific indicator
362,0,-1,0,ghg,ghg,1,0,1,False,GHG (Green House Gases) emissions
362,1,0,1,green house gases emissions,ghg > green > house > gases > emissions,0,1,1,False,GHG (Green House Gases) emissions
363,0,-1,0,gni,gni,1,0,1,False,GNI (gross national income) per capita in PPS
363,1,0,1,gross national income per capita in pps,gni > gross > national > income > per > capita > in > pps,0,1,1,False,GNI (gross national income) per capita in PPS
364,0,-1,0,gas,gas,1,0,1,False,Gas prices by type of user
364,1,0,1,prices by type of user,gas > prices > by > type > of > user,0,1,1,False,Gas prices by type of user
365,0,-1,0,gender,gender,8,0,17,True,Gender coverage rate in pension by age group – EU-SILC survey | Gender differences in the aggregate replacement ratio for pensions (excluding other social benefits) - EU-SILC survey | Gender differences in the at-risk-of-poverty rate by age - EU-SILC survey
365,1,0,1,coverage rate in pension by age group eu silc survey,gender > coverage > rate > in > pension > by > age > group > eu > silc > survey,0,1,1,False,Gender coverage rate in pension by age group – EU-SILC survey
365,2,0,1,differences in the,gender > differences > in > the,3,0,4,True,Gender differences in the aggregate replacement ratio for pensions (excluding other social benefits) - EU-SILC survey | Gender differences in the at-risk-of-poverty rate by age - EU-SILC survey | Gender differences in the relative income of elderly people (65+) - EU-SILC survey
365,3,2,2,aggregate replacement ratio for pensions excluding other social benefits eu silc survey,gender > differences > in > the > aggregate > replacement > ratio > for > pensions > excluding > other > social > benefits > eu > silc > survey,0,1,1,False,Gender differences in the aggregate replacement ratio for pensions (excluding other social benefits) - EU-SILC survey
365,4,2,2,at risk of poverty rate by age eu silc survey,gender > differences > in > the > at > risk > of > poverty > rate > by > age > eu > silc > survey,0,1,1,False,Gender differences in the at-risk-of-poverty rate by age - EU-SILC survey
365,5,2,2,relative income of,gender > differences > in > the > relative > income > of,2,0,2,True,Gender differences in the relative income of elderly people (65+) - EU-SILC survey | Gender differences in the relative income of older people - EU-SILC survey
365,6,5,3,elderly people 65 eu silc survey,gender > differences > in > the > relative > income > of > elderly > people > 65 > eu > silc > survey,0,1,1,False,Gender differences in the relative income of elderly people (65+) - EU-SILC survey
365,7,5,3,older people eu silc survey,gender > differences > in > the > relative > income > of > older > people > eu > silc > survey,0,1,1,False,Gender differences in the relative income of older people - EU-SILC survey
365,8,0,1,employment gap,gender > employment > gap,1,1,3,False,"Gender employment gap | Gender employment gap by degree of urbanisation | Gender employment gap, by type of employment"
365,9,8,2,by,gender > employment > gap > by,2,0,2,True,"Gender employment gap by degree of urbanisation | Gender employment gap, by type of employment"
365,10,9,3,degree of urbanisation,gender > employment > gap > by > degree > of > urbanisation,0,1,1,False,Gender employment gap by degree of urbanisation
365,11,9,3,type of employment,gender > employment > gap > by > type > of > employment,0,1,1,False,"Gender employment gap, by type of employment"
365,12,0,1,gap in part time employment,gender > gap > in > part > time > employment,0,1,1,False,Gender gap in part-time employment
365,13,0,1,overall earnings gap,gender > overall > earnings > gap,0,1,1,False,Gender overall earnings gap
365,14,0,1,pay gap in unadjusted form,gender > pay > gap > in > unadjusted > form,1,2,5,False,"Gender pay gap in unadjusted form | Gender pay gap in unadjusted form - | Gender pay gap in unadjusted form by age - NACE Rev. 2 activity (B-S except O), structure of earnings survey methodology"
365,15,14,2,by,gender > pay > gap > in > unadjusted > form > by,3,0,3,True,"Gender pay gap in unadjusted form by age - NACE Rev. 2 activity (B-S except O), structure of earnings survey methodology | Gender pay gap in unadjusted form by type of ownership of the economic activity - NACE Rev. 2 activity (B-S except O), structure of earnings survey methodology | Gender pay gap in unadjusted form by working time - NACE Rev. 2 activity (B-S except O), structure of earnings survey methodology"
365,16,15,3,age nace rev 2 activity b s except o structure of earnings survey methodology,gender > pay > gap > in > unadjusted > form > by > age > nace > rev > 2 > activity > b > s > except > o > structure > of > earnings > survey > methodology,0,1,1,False,"Gender pay gap in unadjusted form by age - NACE Rev. 2 activity (B-S except O), structure of earnings survey methodology"
365,17,15,3,type of ownership of the economic activity nace rev 2 activity b s except o structure of earnings survey methodology,gender > pay > gap > in > unadjusted > form > by > type > of > ownership > of > the > economic > activity > nace > rev > 2 > activity > b > s > except > o > structure > of > earnings > survey > methodology,0,1,1,False,"Gender pay gap in unadjusted form by type of ownership of the economic activity - NACE Rev. 2 activity (B-S except O), structure of earnings survey methodology"
365,18,15,3,working time nace rev 2 activity b s except o structure of earnings survey methodology,gender > pay > gap > in > unadjusted > form > by > working > time > nace > rev > 2 > activity > b > s > except > o > structure > of > earnings > survey > methodology,0,1,1,False,"Gender pay gap in unadjusted form by working time - NACE Rev. 2 activity (B-S except O), structure of earnings survey methodology"
365,19,0,1,pension gap by age group eu silc survey,gender > pension > gap > by > age > group > eu > silc > survey,0,1,1,False,Gender pension gap by age group – EU-SILC survey
366,0,-1,0,parity index by education level,gender > parity > index > by > education > level,0,1,1,False,Gender parity index by education level
367,0,-1,0,general,general,3,0,15,True,General education | General government deficit (-) and surplus (+) - annual data | General government deficit (-) and surplus (+) - quarterly data
368,0,-1,0,education,general > education,0,1,1,False,General education
369,0,-1,0,government,general > government,6,0,13,True,General government deficit (-) and surplus (+) - annual data | General government deficit (-) and surplus (+) - quarterly data | General government deficit/surplus
369,1,0,1,deficit,general > government > deficit,2,0,3,True,General government deficit (-) and surplus (+) - annual data | General government deficit (-) and surplus (+) - quarterly data | General government deficit/surplus
369,2,1,2,and surplus,general > government > deficit > and > surplus,2,0,2,True,General government deficit (-) and surplus (+) - annual data | General government deficit (-) and surplus (+) - quarterly data
369,3,2,3,annual data,general > government > deficit > and > surplus > annual > data,0,1,1,False,General government deficit (-) and surplus (+) - annual data
369,4,2,3,quarterly data,general > government > deficit > and > surplus > quarterly > data,0,1,1,False,General government deficit (-) and surplus (+) - quarterly data
369,5,1,2,surplus,general > government > deficit > surplus,0,1,1,False,General government deficit/surplus
369,6,0,1,expenditure,general > government > expenditure,1,1,2,False,general government expenditure | General government expenditure by function
369,7,6,2,by function,general > government > expenditure > by > function,0,1,1,False,General government expenditure by function
369,8,0,1,gross,general > government > gross,2,0,5,True,"General government gross debt | General government gross debt (EDP concept), consolidated - annual data | General government gross debt - annual data"
369,9,8,2,debt,general > government > gross > debt,3,1,4,True,"General government gross debt | General government gross debt (EDP concept), consolidated - annual data | General government gross debt - annual data"
369,10,9,3,edp concept consolidated annual data,general > government > gross > debt > edp > concept > consolidated > annual > data,0,1,1,False,"General government gross debt (EDP concept), consolidated - annual data"
369,11,9,3,annual data,general > government > gross > debt > annual > data,0,1,1,False,General government gross debt - annual data
369,12,9,3,quarterly data,general > government > gross > debt > quarterly > data,0,1,1,False,General government gross debt - quarterly data
369,13,8,2,fixed capital formation annual data,general > government > gross > fixed > capital > formation > annual > data,0,1,1,False,General government gross fixed capital formation - annual data
369,14,0,1,revenue,general > government > revenue,0,1,1,False,general government revenue
370,0,-1,0,employment,general > government > employment,0,1,1,False,General government employment
371,0,-1,0,total expenditure on law courts,general > government > total > expenditure > on > law > courts,0,1,1,False,General government total expenditure on law courts
372,0,-1,0,indicators,general > indicators,0,1,1,False,General indicators
373,0,-1,0,generation,generation,1,0,7,False,Generation of municipal waste per capita | Generation of packaging waste per capita | Generation of plastic packaging waste per capita
373,1,0,1,of,generation > of,4,0,7,True,Generation of municipal waste per capita | Generation of packaging waste per capita | Generation of plastic packaging waste per capita
373,2,1,2,municipal waste per capita,generation > of > municipal > waste > per > capita,0,1,1,False,Generation of municipal waste per capita
373,3,1,2,packaging waste per capita,generation > of > packaging > waste > per > capita,0,1,1,False,Generation of packaging waste per capita
373,4,1,2,plastic packaging waste per capita,generation > of > plastic > packaging > waste > per > capita,0,1,1,False,Generation of plastic packaging waste per capita
373,5,1,2,waste,generation > of > waste,2,0,4,True,Generation of waste by hazardousness | Generation of waste by households | Generation of waste by sector
373,6,5,3,by,generation > of > waste > by,3,0,3,True,Generation of waste by hazardousness | Generation of waste by households | Generation of waste by sector
373,7,6,4,hazardousness,generation > of > waste > by > hazardousness,0,1,1,False,Generation of waste by hazardousness
373,8,6,4,households,generation > of > waste > by > households,0,1,1,False,Generation of waste by households
373,9,6,4,sector,generation > of > waste > by > sector,0,1,1,False,Generation of waste by sector
373,10,5,3,excluding major mineral wastes per gdp unit,generation > of > waste > excluding > major > mineral > wastes > per > gdp > unit,0,1,1,False,Generation of waste excluding major mineral wastes per GDP unit
374,0,-1,0,gini,gini,1,0,6,False,Gini coefficient of equivalised disposable income | Gini coefficient of equivalised disposable income before social transfers (pensions excluded from social transfers) | Gini coefficient of equivalised disposable income before social transfers (pensions included in social transfers)
374,1,0,1,coefficient,gini > coefficient,2,0,6,True,Gini coefficient of equivalised disposable income | Gini coefficient of equivalised disposable income before social transfers (pensions excluded from social transfers) | Gini coefficient of equivalised disposable income before social transfers (pensions included in social transfers)
374,2,1,2,of equivalised disposable income,gini > coefficient > of > equivalised > disposable > income,3,1,5,True,Gini coefficient of equivalised disposable income | Gini coefficient of equivalised disposable income before social transfers (pensions excluded from social transfers) | Gini coefficient of equivalised disposable income before social transfers (pensions included in social transfers)
374,3,2,3,before social transfers pensions,gini > coefficient > of > equivalised > disposable > income > before > social > transfers > pensions,2,0,2,True,Gini coefficient of equivalised disposable income before social transfers (pensions excluded from social transfers) | Gini coefficient of equivalised disposable income before social transfers (pensions included in social transfers)
374,4,3,4,excluded from social transfers,gini > coefficient > of > equivalised > disposable > income > before > social > transfers > pensions > excluded > from > social > transfers,0,1,1,False,Gini coefficient of equivalised disposable income before social transfers (pensions excluded from social transfers)
374,5,3,4,included in social transfers,gini > coefficient > of > equivalised > disposable > income > before > social > transfers > pensions > included > in > social > transfers,0,1,1,False,Gini coefficient of equivalised disposable income before social transfers (pensions included in social transfers)
374,6,2,3,by age,gini > coefficient > of > equivalised > disposable > income > by > age,0,1,1,False,Gini coefficient of equivalised disposable income by age
374,7,2,3,for children aged less than 18,gini > coefficient > of > equivalised > disposable > income > for > children > aged > less > than > 18,0,1,1,False,Gini coefficient of equivalised disposable income for children aged less than 18
374,8,1,2,on household population experimental statistics,gini > coefficient > on > household > population > experimental > statistics,0,1,1,False,Gini coefficient on household population - experimental statistics
375,0,-1,0,global,global,1,0,1,False,Global mean surface seawater acidity
375,1,0,1,mean surface seawater acidity,global > mean > surface > seawater > acidity,0,1,1,False,Global mean surface seawater acidity
376,0,-1,0,goods,goods,4,0,10,True,"Goods and passenger train traffic performance | Goods and services, imports and exports | Goods road transport enterprises by employment size classes"
376,1,0,1,and,goods > and,2,0,2,True,"Goods and passenger train traffic performance | Goods and services, imports and exports"
376,2,0,1,road transport enterprises by,goods > road > transport > enterprises > by,2,0,2,True,Goods road transport enterprises by employment size classes | Goods road transport enterprises by number of vehicles
376,3,2,2,employment size classes,goods > road > transport > enterprises > by > employment > size > classes,0,1,1,False,Goods road transport enterprises by employment size classes
376,4,2,2,number of vehicles,goods > road > transport > enterprises > by > number > of > vehicles,0,1,1,False,Goods road transport enterprises by number of vehicles
376,5,0,1,transport by,goods > transport > by,3,0,3,True,Goods transport by inland waterways | Goods transport by rail | Goods transport by road
376,6,5,2,inland waterways,goods > transport > by > inland > waterways,0,1,1,False,Goods transport by inland waterways
376,7,5,2,rail,goods > transport > by > rail,0,1,1,False,Goods transport by rail
376,8,5,2,road,goods > transport > by > road,0,1,1,False,Goods transport by road
376,9,0,1,transported,goods > transported,2,1,3,True,Goods transported | Goods transported (detailed reporting only ) - Quarterly data | Goods transported by type of consignment
377,0,-1,0,passenger train traffic performance,goods > and > passenger > train > traffic > performance,0,1,1,False,Goods and passenger train traffic performance
378,0,-1,0,services imports and exports,goods > and > services > imports > and > exports,0,1,1,False,"Goods and services, imports and exports"
379,0,-1,0,detailed reporting only quarterly data,goods > transported > detailed > reporting > only > quarterly > data,0,1,1,False,Goods transported (detailed reporting only ) - Quarterly data
380,0,-1,0,by type of consignment,goods > transported > by > type > of > consignment,0,1,1,False,Goods transported by type of consignment
381,0,-1,0,government,government,4,0,7,True,"Government bond yields - 10 years' maturity | Government bond yields, 10 years' maturity - annual data | Government bond yields, 10 years' maturity - monthly data"
382,0,-1,0,bond yields 10 years maturity,government > bond > yields > 10 > years > maturity,2,1,3,True,"Government bond yields - 10 years' maturity | Government bond yields, 10 years' maturity - annual data | Government bond yields, 10 years' maturity - monthly data"
382,1,0,1,annual data,government > bond > yields > 10 > years > maturity > annual > data,0,1,1,False,"Government bond yields, 10 years' maturity - annual data"
382,2,0,1,monthly data,government > bond > yields > 10 > years > maturity > monthly > data,0,1,1,False,"Government bond yields, 10 years' maturity - monthly data"
383,0,-1,0,deficit surplus and debt,government > deficit > surplus > and > debt,0,1,1,False,Government deficit/surplus and debt
384,0,-1,0,final consumption expenditure,government > final > consumption > expenditure,2,0,2,True,"Government final consumption expenditure, current prices | Government final consumption expenditure, volumes"
384,1,0,1,current prices,government > final > consumption > expenditure > current > prices,0,1,1,False,"Government final consumption expenditure, current prices"
384,2,0,1,volumes,government > final > consumption > expenditure > volumes,0,1,1,False,"Government final consumption expenditure, volumes"
385,0,-1,0,support to agricultural research and development,government > support > to > agricultural > research > and > development,0,1,1,False,Government support to agricultural research and development
386,0,-1,0,graduates,graduates,2,0,3,True,"Graduates at doctoral level by sex and age groups - per 1000 of population aged 25-34 | Graduates at doctoral level, in science, math., computing, engineering, manufacturing, construction, by sex - per 1000 of population aged 25-34 | Graduates in tertiary education by education level – women per 100 men"
386,1,0,1,at doctoral level,graduates > at > doctoral > level,2,0,2,True,"Graduates at doctoral level by sex and age groups - per 1000 of population aged 25-34 | Graduates at doctoral level, in science, math., computing, engineering, manufacturing, construction, by sex - per 1000 of population aged 25-34"
386,2,1,2,by sex and age groups per 1000 of population aged 25 34,graduates > at > doctoral > level > by > sex > and > age > groups > per > 1000 > of > population > aged > 25 > 34,0,1,1,False,Graduates at doctoral level by sex and age groups - per 1000 of population aged 25-34
386,3,1,2,in science math computing engineering manufacturing construction by sex per 1000 of population aged 25 34,graduates > at > doctoral > level > in > science > math > computing > engineering > manufacturing > construction > by > sex > per > 1000 > of > population > aged > 25 > 34,0,1,1,False,"Graduates at doctoral level, in science, math., computing, engineering, manufacturing, construction, by sex - per 1000 of population aged 25-34"
386,4,0,1,in tertiary education by education level women per 100 men,graduates > in > tertiary > education > by > education > level > women > per > 100 > men,0,1,1,False,Graduates in tertiary education by education level – women per 100 men
387,0,-1,0,grain,grain,1,0,1,False,"Grain maize and corn-cob-mix by area, production and humidity"
387,1,0,1,maize and corn cob mix by area production and humidity,grain > maize > and > corn > cob > mix > by > area > production > and > humidity,0,1,1,False,"Grain maize and corn-cob-mix by area, production and humidity"
388,0,-1,0,grapes,grapes,1,0,1,False,Grapes by production
388,1,0,1,by production,grapes > by > production,0,1,1,False,Grapes by production
389,0,-1,0,grassland,grassland,1,0,1,False,Grassland butterfly index - aggregate
389,1,0,1,butterfly index aggregate,grassland > butterfly > index > aggregate,0,1,1,False,Grassland butterfly index - aggregate
390,0,-1,0,green,green,2,0,3,True,"Green bond issuance by corporates and governments | Green bond issuance by type of issuer | Green maize by area, production and humidity"
391,0,-1,0,bond issuance by,green > bond > issuance > by,2,0,2,True,Green bond issuance by corporates and governments | Green bond issuance by type of issuer
391,1,0,1,corporates and governments,green > bond > issuance > by > corporates > and > governments,0,1,1,False,Green bond issuance by corporates and governments
391,2,0,1,type of issuer,green > bond > issuance > by > type > of > issuer,0,1,1,False,Green bond issuance by type of issuer
392,0,-1,0,maize by area production and humidity,green > maize > by > area > production > and > humidity,0,1,1,False,"Green maize by area, production and humidity"
393,0,-1,0,greenhouse,greenhouse,2,0,2,True,Greenhouse gas emissions from agriculture | Greenhouse gases emissions from production activities
393,1,0,1,gas emissions from agriculture,greenhouse > gas > emissions > from > agriculture,0,1,1,False,Greenhouse gas emissions from agriculture
393,2,0,1,gases emissions from production activities,greenhouse > gases > emissions > from > production > activities,0,1,1,False,Greenhouse gases emissions from production activities
394,0,-1,0,gross,gross,11,0,57,True,Gross capital formation | Gross debt-to-income ratio of households | Gross disposable income
394,1,0,1,domestic,gross > domestic,2,0,9,True,Gross domestic expenditure on R&D (GERD) | Gross domestic expenditure on research and development (R&D) | Gross domestic product
394,2,0,1,national income,gross > national > income,0,1,1,False,Gross national income
394,3,0,1,value added,gross > value > added,5,1,29,True,Gross value added | Gross value added - NACE Rev. 2: - current prices | Gross value added - NACE Rev. 2: - volumes
394,4,3,2,nace rev 2,gross > value > added > nace > rev > 2,13,0,24,True,Gross value added - NACE Rev. 2: - current prices | Gross value added - NACE Rev. 2: - volumes | Gross value added - NACE Rev. 2: A - current prices
394,5,4,3,current prices,gross > value > added > nace > rev > 2 > current > prices,0,1,1,False,Gross value added - NACE Rev. 2: - current prices
394,6,4,3,volumes,gross > value > added > nace > rev > 2 > volumes,0,1,1,False,Gross value added - NACE Rev. 2: - volumes
394,7,4,3,a,gross > value > added > nace > rev > 2 > a,2,0,2,True,Gross value added - NACE Rev. 2: A - current prices | Gross value added - NACE Rev. 2: A - volumes
394,8,7,4,current prices,gross > value > added > nace > rev > 2 > a > current > prices,0,1,1,False,Gross value added - NACE Rev. 2: A - current prices
394,9,7,4,volumes,gross > value > added > nace > rev > 2 > a > volumes,0,1,1,False,Gross value added - NACE Rev. 2: A - volumes
394,10,4,3,b e,gross > value > added > nace > rev > 2 > b > e,2,0,2,True,Gross value added - NACE Rev. 2: B-E - current prices | Gross value added - NACE Rev. 2: B-E - volumes
394,11,10,4,current prices,gross > value > added > nace > rev > 2 > b > e > current > prices,0,1,1,False,Gross value added - NACE Rev. 2: B-E - current prices
394,12,10,4,volumes,gross > value > added > nace > rev > 2 > b > e > volumes,0,1,1,False,Gross value added - NACE Rev. 2: B-E - volumes
394,13,4,3,c,gross > value > added > nace > rev > 2 > c,2,0,2,True,Gross value added - NACE Rev. 2: C - current prices | Gross value added - NACE Rev. 2: C - volumes
394,14,13,4,current prices,gross > value > added > nace > rev > 2 > c > current > prices,0,1,1,False,Gross value added - NACE Rev. 2: C - current prices
394,15,13,4,volumes,gross > value > added > nace > rev > 2 > c > volumes,0,1,1,False,Gross value added - NACE Rev. 2: C - volumes
394,16,4,3,f,gross > value > added > nace > rev > 2 > f,2,0,2,True,Gross value added - NACE Rev. 2: F - current prices | Gross value added - NACE Rev. 2: F - volumes
394,17,16,4,current prices,gross > value > added > nace > rev > 2 > f > current > prices,0,1,1,False,Gross value added - NACE Rev. 2: F - current prices
394,18,16,4,volumes,gross > value > added > nace > rev > 2 > f > volumes,0,1,1,False,Gross value added - NACE Rev. 2: F - volumes
394,19,4,3,g i,gross > value > added > nace > rev > 2 > g > i,2,0,2,True,Gross value added - NACE Rev. 2: G-I - current prices | Gross value added - NACE Rev. 2: G-I - volumes
394,20,19,4,current prices,gross > value > added > nace > rev > 2 > g > i > current > prices,0,1,1,False,Gross value added - NACE Rev. 2: G-I - current prices
394,21,19,4,volumes,gross > value > added > nace > rev > 2 > g > i > volumes,0,1,1,False,Gross value added - NACE Rev. 2: G-I - volumes
394,22,4,3,j,gross > value > added > nace > rev > 2 > j,2,0,2,True,Gross value added - NACE Rev. 2: J - current prices | Gross value added - NACE Rev. 2: J - volumes
394,23,22,4,current prices,gross > value > added > nace > rev > 2 > j > current > prices,0,1,1,False,Gross value added - NACE Rev. 2: J - current prices
394,24,22,4,volumes,gross > value > added > nace > rev > 2 > j > volumes,0,1,1,False,Gross value added - NACE Rev. 2: J - volumes
394,25,4,3,k,gross > value > added > nace > rev > 2 > k,2,0,2,True,Gross value added - NACE Rev. 2: K - current prices | Gross value added - NACE Rev. 2: K - volumes
394,26,25,4,current prices,gross > value > added > nace > rev > 2 > k > current > prices,0,1,1,False,Gross value added - NACE Rev. 2: K - current prices
394,27,25,4,volumes,gross > value > added > nace > rev > 2 > k > volumes,0,1,1,False,Gross value added - NACE Rev. 2: K - volumes
394,28,4,3,l,gross > value > added > nace > rev > 2 > l,2,0,2,True,Gross value added - NACE Rev. 2: L - current prices | Gross value added - NACE Rev. 2: L - volumes
394,29,28,4,current prices,gross > value > added > nace > rev > 2 > l > current > prices,0,1,1,False,Gross value added - NACE Rev. 2: L - current prices
394,30,28,4,volumes,gross > value > added > nace > rev > 2 > l > volumes,0,1,1,False,Gross value added - NACE Rev. 2: L - volumes
394,31,4,3,m n,gross > value > added > nace > rev > 2 > m > n,2,0,2,True,Gross value added - NACE Rev. 2: M_N - current prices | Gross value added - NACE Rev. 2: M_N - volumes
394,32,31,4,current prices,gross > value > added > nace > rev > 2 > m > n > current > prices,0,1,1,False,Gross value added - NACE Rev. 2: M_N - current prices
394,33,31,4,volumes,gross > value > added > nace > rev > 2 > m > n > volumes,0,1,1,False,Gross value added - NACE Rev. 2: M_N - volumes
394,34,4,3,o q,gross > value > added > nace > rev > 2 > o > q,2,0,2,True,Gross value added - NACE Rev. 2: O-Q - current prices | Gross value added - NACE Rev. 2: O-Q - volumes
394,35,34,4,current prices,gross > value > added > nace > rev > 2 > o > q > current > prices,0,1,1,False,Gross value added - NACE Rev. 2: O-Q - current prices
394,36,34,4,volumes,gross > value > added > nace > rev > 2 > o > q > volumes,0,1,1,False,Gross value added - NACE Rev. 2: O-Q - volumes
394,37,4,3,r u,gross > value > added > nace > rev > 2 > r > u,2,0,2,True,Gross value added - NACE Rev. 2: R-U - current prices | Gross value added - NACE Rev. 2: R-U - volumes
394,38,37,4,current prices,gross > value > added > nace > rev > 2 > r > u > current > prices,0,1,1,False,Gross value added - NACE Rev. 2: R-U - current prices
394,39,37,4,volumes,gross > value > added > nace > rev > 2 > r > u > volumes,0,1,1,False,Gross value added - NACE Rev. 2: R-U - volumes
394,40,3,2,by industry,gross > value > added > by > industry,0,1,1,False,Gross value added by industry
395,0,-1,0,capital formation,gross > capital > formation,0,1,1,False,Gross capital formation
396,0,-1,0,debt to income ratio of households,gross > debt > to > income > ratio > of > households,0,1,1,False,Gross debt-to-income ratio of households
397,0,-1,0,disposable income,gross > disposable > income,0,1,1,False,Gross disposable income
398,0,-1,0,expenditure on,gross > domestic > expenditure > on,2,0,2,True,Gross domestic expenditure on R&D (GERD) | Gross domestic expenditure on research and development (R&D)
398,1,0,1,r d gerd,gross > domestic > expenditure > on > r > d > gerd,0,1,1,False,Gross domestic expenditure on R&D (GERD)
398,2,0,1,research and development r d,gross > domestic > expenditure > on > research > and > development > r > d,0,1,1,False,Gross domestic expenditure on research and development (R&D)
399,0,-1,0,product,gross > domestic > product,4,1,7,True,Gross domestic product | Gross domestic product (GDP) at current market prices by NUTS 3 regions | Gross domestic product (GDP) at current market prices by other typologies
399,1,0,1,gdp at current market prices by,gross > domestic > product > gdp > at > current > market > prices > by,2,0,2,True,Gross domestic product (GDP) at current market prices by NUTS 3 regions | Gross domestic product (GDP) at current market prices by other typologies
399,2,1,2,nuts 3 regions,gross > domestic > product > gdp > at > current > market > prices > by > nuts > 3 > regions,0,1,1,False,Gross domestic product (GDP) at current market prices by NUTS 3 regions
399,3,1,2,other typologies,gross > domestic > product > gdp > at > current > market > prices > by > other > typologies,0,1,1,False,Gross domestic product (GDP) at current market prices by other typologies
399,4,0,1,at market prices,gross > domestic > product > at > market > prices,1,1,2,False,Gross domestic product at market prices | Gross domestic product at market prices by expenditure
399,5,4,2,by expenditure,gross > domestic > product > at > market > prices > by > expenditure,0,1,1,False,Gross domestic product at market prices by expenditure
399,6,0,1,current prices,gross > domestic > product > current > prices,0,1,1,False,"Gross domestic product, current prices"
399,7,0,1,volumes,gross > domestic > product > volumes,0,1,1,False,"Gross domestic product, volumes"
400,0,-1,0,external debt of the whole economy,gross > external > debt > of > the > whole > economy,1,1,2,False,"Gross external debt of the whole economy | Gross external debt of the whole economy, relative to exports of goods and services"
400,1,0,1,relative to exports of goods and services,gross > external > debt > of > the > whole > economy > relative > to > exports > of > goods > and > services,0,1,1,False,"Gross external debt of the whole economy, relative to exports of goods and services"
401,0,-1,0,fixed capital formation,gross > fixed > capital > formation,4,0,4,True,"Gross fixed capital formation (investments) | Gross fixed capital formation at current prices | Gross fixed capital formation, current prices"
401,1,0,1,investments,gross > fixed > capital > formation > investments,0,1,1,False,Gross fixed capital formation (investments)
401,2,0,1,at current prices,gross > fixed > capital > formation > at > current > prices,0,1,1,False,Gross fixed capital formation at current prices
401,3,0,1,current prices,gross > fixed > capital > formation > current > prices,0,1,1,False,"Gross fixed capital formation, current prices"
401,4,0,1,volumes,gross > fixed > capital > formation > volumes,0,1,1,False,"Gross fixed capital formation, volumes"
402,0,-1,0,non performing loans domestic and foreign entities of gross loans,gross > non > performing > loans > domestic > and > foreign > entities > of > gross > loans,0,1,1,False,"Gross non-performing loans, domestic and foreign entities - % of gross loans"
403,0,-1,0,saving,gross > saving,0,1,1,False,Gross saving
404,0,-1,0,at basic prices by nuts 3 regions,gross > value > added > at > basic > prices > by > nuts > 3 > regions,0,1,1,False,Gross value added at basic prices by NUTS 3 regions
405,0,-1,0,in environmental goods and services sector,gross > value > added > in > environmental > goods > and > services > sector,0,1,1,False,Gross value added in environmental goods and services sector
406,0,-1,0,of the agricultural industry basic and producer prices,gross > value > added > of > the > agricultural > industry > basic > and > producer > prices,0,1,1,False,Gross value added of the agricultural industry - basic and producer prices
407,0,-1,0,weight of,gross > weight > of,3,0,7,True,Gross weight of dry bulk goods transported in short sea shipping from/to the top 5 ports for dry bulk goods | Gross weight of goods handled | Gross weight of goods handled in all ports by direction
407,1,0,1,dry bulk goods transported in short sea shipping from to the top 5 ports for dry bulk goods,gross > weight > of > dry > bulk > goods > transported > in > short > sea > shipping > from > to > the > top > 5 > ports > for > dry > bulk > goods,0,1,1,False,Gross weight of dry bulk goods transported in short sea shipping from/to the top 5 ports for dry bulk goods
407,2,0,1,goods,gross > weight > of > goods,2,0,5,True,Gross weight of goods handled | Gross weight of goods handled in all ports by direction | Gross weight of goods handled in the top 20 ports by direction
407,3,2,2,handled,gross > weight > of > goods > handled,1,1,3,False,Gross weight of goods handled | Gross weight of goods handled in all ports by direction | Gross weight of goods handled in the top 20 ports by direction
407,4,3,3,in,gross > weight > of > goods > handled > in,2,0,2,True,Gross weight of goods handled in all ports by direction | Gross weight of goods handled in the top 20 ports by direction
407,5,4,4,all ports by direction,gross > weight > of > goods > handled > in > all > ports > by > direction,0,1,1,False,Gross weight of goods handled in all ports by direction
407,6,4,4,the top 20 ports by direction,gross > weight > of > goods > handled > in > the > top > 20 > ports > by > direction,0,1,1,False,Gross weight of goods handled in the top 20 ports by direction
407,7,2,2,in,gross > weight > of > goods > in,2,0,2,True,Gross weight of goods in Ro-ro units transported in short sea shipping from/to the top 5 ports for goods in Ro-ro units | Gross weight of goods in containers transported in short sea shipping from/to the top 5 ports for goods in containers
407,8,7,3,ro ro units transported in short sea shipping from to the top 5 ports for goods in ro ro units,gross > weight > of > goods > in > ro > ro > units > transported > in > short > sea > shipping > from > to > the > top > 5 > ports > for > goods > in > ro > ro > units,0,1,1,False,Gross weight of goods in Ro-ro units transported in short sea shipping from/to the top 5 ports for goods in Ro-ro units
407,9,7,3,containers transported in short sea shipping from to the top 5 ports for goods in containers,gross > weight > of > goods > in > containers > transported > in > short > sea > shipping > from > to > the > top > 5 > ports > for > goods > in > containers,0,1,1,False,Gross weight of goods in containers transported in short sea shipping from/to the top 5 ports for goods in containers
407,10,0,1,liquid bulk goods transported in short sea shipping from to the top 5 ports for liquid bulk goods,gross > weight > of > liquid > bulk > goods > transported > in > short > sea > shipping > from > to > the > top > 5 > ports > for > liquid > bulk > goods,0,1,1,False,Gross weight of liquid bulk goods transported in short sea shipping from/to the top 5 ports for liquid bulk goods
408,0,-1,0,guest,guest,1,0,2,False,Guest nights spent at short-stay accommodation offered via collaborative economy platforms by mode of accommodation - experimental statistics | Guest nights spent at short-stay accommodation offered via collaborative economy platforms by size class of accommodation - experimental statistics
408,1,0,1,nights spent at short stay accommodation offered via collaborative economy platforms by,guest > nights > spent > at > short > stay > accommodation > offered > via > collaborative > economy > platforms > by,2,0,2,True,Guest nights spent at short-stay accommodation offered via collaborative economy platforms by mode of accommodation - experimental statistics | Guest nights spent at short-stay accommodation offered via collaborative economy platforms by size class of accommodation - experimental statistics
408,2,1,2,mode of accommodation experimental statistics,guest > nights > spent > at > short > stay > accommodation > offered > via > collaborative > economy > platforms > by > mode > of > accommodation > experimental > statistics,0,1,1,False,Guest nights spent at short-stay accommodation offered via collaborative economy platforms by mode of accommodation - experimental statistics
408,3,1,2,size class of accommodation experimental statistics,guest > nights > spent > at > short > stay > accommodation > offered > via > collaborative > economy > platforms > by > size > class > of > accommodation > experimental > statistics,0,1,1,False,Guest nights spent at short-stay accommodation offered via collaborative economy platforms by size class of accommodation - experimental statistics
409,0,-1,0,hicp,hicp,18,0,25,True,HICP - alcohol and tobacco | HICP - all items | HICP - all items - annual average indices
409,1,0,1,all items,hicp > all > items,2,1,7,True,HICP - all items | HICP - all items - annual average indices | HICP - all items excluding energy
409,2,0,1,clothing,hicp > clothing,0,1,1,False,HICP - clothing
409,3,0,1,communications,hicp > communications,0,1,1,False,HICP - communications
409,4,0,1,education,hicp > education,0,1,1,False,HICP - education
409,5,0,1,energy,hicp > energy,0,1,1,False,HICP - energy
409,6,0,1,food,hicp > food,1,1,2,False,"HICP - food | HICP - food, alcohol and tobacco"
409,7,6,2,alcohol and tobacco,hicp > food > alcohol > and > tobacco,0,1,1,False,"HICP - food, alcohol and tobacco"
409,8,0,1,health,hicp > health,0,1,1,False,HICP - health
409,9,0,1,hotels and restaurants,hicp > hotels > and > restaurants,0,1,1,False,HICP - hotels and restaurants
409,10,0,1,household equipment,hicp > household > equipment,0,1,1,False,HICP - household equipment
409,11,0,1,housing,hicp > housing,0,1,1,False,HICP - housing
409,12,0,1,miscellaneous goods and services,hicp > miscellaneous > goods > and > services,0,1,1,False,HICP - miscellaneous goods and services
409,13,0,1,non energy industrial goods,hicp > non > energy > industrial > goods,0,1,1,False,HICP - non-energy industrial goods
409,14,0,1,services,hicp > services,0,1,1,False,HICP - services
409,15,0,1,transport,hicp > transport,0,1,1,False,HICP - transport
410,0,-1,0,alcohol and tobacco,hicp > alcohol > and > tobacco,0,1,1,False,HICP - alcohol and tobacco
411,0,-1,0,annual average indices,hicp > all > items > annual > average > indices,0,1,1,False,HICP - all items - annual average indices
412,0,-1,0,excluding,hicp > all > items > excluding,2,0,5,True,HICP - all items excluding energy | HICP - all items excluding energy and seasonal food | HICP - all items excluding energy and unprocessed food
412,1,0,1,energy,hicp > all > items > excluding > energy,2,1,4,True,HICP - all items excluding energy | HICP - all items excluding energy and seasonal food | HICP - all items excluding energy and unprocessed food
412,2,1,2,and,hicp > all > items > excluding > energy > and,2,0,2,True,HICP - all items excluding energy and seasonal food | HICP - all items excluding energy and unprocessed food
412,3,2,3,seasonal food,hicp > all > items > excluding > energy > and > seasonal > food,0,1,1,False,HICP - all items excluding energy and seasonal food
412,4,2,3,unprocessed food,hicp > all > items > excluding > energy > and > unprocessed > food,0,1,1,False,HICP - all items excluding energy and unprocessed food
412,5,1,2,food alcohol and tobacco,hicp > all > items > excluding > energy > food > alcohol > and > tobacco,0,1,1,False,"HICP - all items excluding energy, food, alcohol and tobacco"
412,6,0,1,tobacco,hicp > all > items > excluding > tobacco,0,1,1,False,HICP - all items excluding tobacco
413,0,-1,0,country weights,hicp > country > weights,0,1,1,False,HICP - country weights
414,0,-1,0,inflation rate,hicp > inflation > rate,0,1,1,False,HICP - inflation rate
415,0,-1,0,recreation and culture,hicp > recreation > and > culture,0,1,1,False,HICP - recreation and culture
416,0,-1,0,hauled,hauled,2,0,2,True,Hauled passenger railway vehicle traffic performance by type of railway vehicle speed - seat km (until | Hauled vehicle traffic performance - tkm (until
417,0,-1,0,passenger railway vehicle traffic performance by type of railway vehicle speed seat km until,hauled > passenger > railway > vehicle > traffic > performance > by > type > of > railway > vehicle > speed > seat > km > until,0,1,1,False,Hauled passenger railway vehicle traffic performance by type of railway vehicle speed - seat km (until
418,0,-1,0,vehicle traffic performance tkm until,hauled > vehicle > traffic > performance > tkm > until,0,1,1,False,Hauled vehicle traffic performance - tkm (until
419,0,-1,0,health,health,4,0,6,True,Health care expenditure as a share of GDP | Health care expenditure by financing scheme | Health care expenditure by function
420,0,-1,0,care expenditure,health > care > expenditure,2,0,3,True,Health care expenditure as a share of GDP | Health care expenditure by financing scheme | Health care expenditure by function
420,1,0,1,as a share of gdp,health > care > expenditure > as > a > share > of > gdp,0,1,1,False,Health care expenditure as a share of GDP
420,2,0,1,by,health > care > expenditure > by,2,0,2,True,Health care expenditure by financing scheme | Health care expenditure by function
420,3,2,2,financing scheme,health > care > expenditure > by > financing > scheme,0,1,1,False,Health care expenditure by financing scheme
420,4,2,2,function,health > care > expenditure > by > function,0,1,1,False,Health care expenditure by function
421,0,-1,0,graduates,health > graduates,0,1,1,False,Health graduates
422,0,-1,0,impacts of air pollution,health > impacts > of > air > pollution,0,1,1,False,Health impacts of air pollution
423,0,-1,0,personnel,health > personnel,0,1,1,False,Health personnel
424,0,-1,0,healthy,healthy,1,0,6,False,Healthy life years - | Healthy life years at 65 - females | Healthy life years at 65 - males
424,1,0,1,life years,healthy > life > years,2,1,6,True,Healthy life years - | Healthy life years at 65 - females | Healthy life years at 65 - males
424,2,1,2,at,healthy > life > years > at,3,0,4,True,Healthy life years at 65 - females | Healthy life years at 65 - males | Healthy life years at age 65 by sex
424,3,2,3,65,healthy > life > years > at > 65,2,0,2,True,Healthy life years at 65 - females | Healthy life years at 65 - males
424,4,3,4,females,healthy > life > years > at > 65 > females,0,1,1,False,Healthy life years at 65 - females
424,5,3,4,males,healthy > life > years > at > 65 > males,0,1,1,False,Healthy life years at 65 - males
424,6,2,3,age 65 by sex,healthy > life > years > at > age > 65 > by > sex,0,1,1,False,Healthy life years at age 65 by sex
424,7,2,3,birth by sex,healthy > life > years > at > birth > by > sex,0,1,1,False,Healthy life years at birth by sex
424,8,1,2,by sex from onwards,healthy > life > years > by > sex > from > onwards,0,1,1,False,Healthy life years by sex (from onwards)
425,0,-1,0,high,high,2,0,3,True,"High-speed internet coverage, by type of area | High-tech exports | High-tech exports - Exports of high technology products as a share of total exports (from SITC Rev. 4)"
426,0,-1,0,speed internet coverage by type of area,high > speed > internet > coverage > by > type > of > area,0,1,1,False,"High-speed internet coverage, by type of area"
427,0,-1,0,tech exports,high > tech > exports,1,1,2,False,High-tech exports | High-tech exports - Exports of high technology products as a share of total exports (from SITC Rev. 4)
427,1,0,1,exports of high technology products as a share of total exports from sitc rev 4,high > tech > exports > exports > of > high > technology > products > as > a > share > of > total > exports > from > sitc > rev > 4,0,1,1,False,High-tech exports - Exports of high technology products as a share of total exports (from SITC Rev. 4)
428,0,-1,0,higher,higher,1,0,1,False,Higher education
428,1,0,1,education,higher > education,0,1,1,False,Higher education
429,0,-1,0,hospital,hospital,1,0,1,False,Hospital beds
429,1,0,1,beds,hospital > beds,0,1,1,False,Hospital beds
430,0,-1,0,hours,hours,2,0,17,True,Hours spent in CVT courses by NACE Rev. 1.1 activity - hours per 1000 hours worked in all enterprises | Hours spent in CVT courses by NACE Rev. 1.1 activity - hours per 1000 hours worked in enterprises providing CVT courses | Hours spent in CVT courses by NACE Rev. 1.1 activity - hours per participant
431,0,-1,0,spent in cvt courses by,hours > spent > in > cvt > courses > by,3,0,16,True,Hours spent in CVT courses by NACE Rev. 1.1 activity - hours per 1000 hours worked in all enterprises | Hours spent in CVT courses by NACE Rev. 1.1 activity - hours per 1000 hours worked in enterprises providing CVT courses | Hours spent in CVT courses by NACE Rev. 1.1 activity - hours per participant
431,1,0,1,nace rev,hours > spent > in > cvt > courses > by > nace > rev,2,0,10,True,Hours spent in CVT courses by NACE Rev. 1.1 activity - hours per 1000 hours worked in all enterprises | Hours spent in CVT courses by NACE Rev. 1.1 activity - hours per 1000 hours worked in enterprises providing CVT courses | Hours spent in CVT courses by NACE Rev. 1.1 activity - hours per participant
431,2,1,2,1 1 activity hours per,hours > spent > in > cvt > courses > by > nace > rev > 1 > 1 > activity > hours > per,3,0,5,True,Hours spent in CVT courses by NACE Rev. 1.1 activity - hours per 1000 hours worked in all enterprises | Hours spent in CVT courses by NACE Rev. 1.1 activity - hours per 1000 hours worked in enterprises providing CVT courses | Hours spent in CVT courses by NACE Rev. 1.1 activity - hours per participant
431,3,2,3,1000 hours worked in,hours > spent > in > cvt > courses > by > nace > rev > 1 > 1 > activity > hours > per > 1000 > hours > worked > in,2,0,2,True,Hours spent in CVT courses by NACE Rev. 1.1 activity - hours per 1000 hours worked in all enterprises | Hours spent in CVT courses by NACE Rev. 1.1 activity - hours per 1000 hours worked in enterprises providing CVT courses
431,4,3,4,all enterprises,hours > spent > in > cvt > courses > by > nace > rev > 1 > 1 > activity > hours > per > 1000 > hours > worked > in > all > enterprises,0,1,1,False,Hours spent in CVT courses by NACE Rev. 1.1 activity - hours per 1000 hours worked in all enterprises
431,5,3,4,enterprises providing cvt courses,hours > spent > in > cvt > courses > by > nace > rev > 1 > 1 > activity > hours > per > 1000 > hours > worked > in > enterprises > providing > cvt > courses,0,1,1,False,Hours spent in CVT courses by NACE Rev. 1.1 activity - hours per 1000 hours worked in enterprises providing CVT courses
431,6,2,3,participant,hours > spent > in > cvt > courses > by > nace > rev > 1 > 1 > activity > hours > per > participant,0,1,1,False,Hours spent in CVT courses by NACE Rev. 1.1 activity - hours per participant
431,7,2,3,person employed in,hours > spent > in > cvt > courses > by > nace > rev > 1 > 1 > activity > hours > per > person > employed > in,2,0,2,True,Hours spent in CVT courses by NACE Rev. 1.1 activity - hours per person employed in all enterprises | Hours spent in CVT courses by NACE Rev. 1.1 activity - hours per person employed in enterprises providing CVT courses
431,8,7,4,all enterprises,hours > spent > in > cvt > courses > by > nace > rev > 1 > 1 > activity > hours > per > person > employed > in > all > enterprises,0,1,1,False,Hours spent in CVT courses by NACE Rev. 1.1 activity - hours per person employed in all enterprises
431,9,7,4,enterprises providing cvt courses,hours > spent > in > cvt > courses > by > nace > rev > 1 > 1 > activity > hours > per > person > employed > in > enterprises > providing > cvt > courses,0,1,1,False,Hours spent in CVT courses by NACE Rev. 1.1 activity - hours per person employed in enterprises providing CVT courses
431,10,1,2,2 activity hours per,hours > spent > in > cvt > courses > by > nace > rev > 2 > activity > hours > per,3,0,5,True,Hours spent in CVT courses by NACE Rev. 2 activity - hours per 1000 hours worked in all enterprises | Hours spent in CVT courses by NACE Rev. 2 activity - hours per 1000 hours worked in enterprises providing CVT courses | Hours spent in CVT courses by NACE Rev. 2 activity - hours per participant
431,11,10,3,1000 hours worked in,hours > spent > in > cvt > courses > by > nace > rev > 2 > activity > hours > per > 1000 > hours > worked > in,2,0,2,True,Hours spent in CVT courses by NACE Rev. 2 activity - hours per 1000 hours worked in all enterprises | Hours spent in CVT courses by NACE Rev. 2 activity - hours per 1000 hours worked in enterprises providing CVT courses
431,12,11,4,all enterprises,hours > spent > in > cvt > courses > by > nace > rev > 2 > activity > hours > per > 1000 > hours > worked > in > all > enterprises,0,1,1,False,Hours spent in CVT courses by NACE Rev. 2 activity - hours per 1000 hours worked in all enterprises
431,13,11,4,enterprises providing cvt courses,hours > spent > in > cvt > courses > by > nace > rev > 2 > activity > hours > per > 1000 > hours > worked > in > enterprises > providing > cvt > courses,0,1,1,False,Hours spent in CVT courses by NACE Rev. 2 activity - hours per 1000 hours worked in enterprises providing CVT courses
431,14,10,3,participant,hours > spent > in > cvt > courses > by > nace > rev > 2 > activity > hours > per > participant,0,1,1,False,Hours spent in CVT courses by NACE Rev. 2 activity - hours per participant
431,15,10,3,person employed in,hours > spent > in > cvt > courses > by > nace > rev > 2 > activity > hours > per > person > employed > in,2,0,2,True,Hours spent in CVT courses by NACE Rev. 2 activity - hours per person employed in all enterprises | Hours spent in CVT courses by NACE Rev. 2 activity - hours per person employed in enterprises providing CVT courses
431,16,15,4,all enterprises,hours > spent > in > cvt > courses > by > nace > rev > 2 > activity > hours > per > person > employed > in > all > enterprises,0,1,1,False,Hours spent in CVT courses by NACE Rev. 2 activity - hours per person employed in all enterprises
431,17,15,4,enterprises providing cvt courses,hours > spent > in > cvt > courses > by > nace > rev > 2 > activity > hours > per > person > employed > in > enterprises > providing > cvt > courses,0,1,1,False,Hours spent in CVT courses by NACE Rev. 2 activity - hours per person employed in enterprises providing CVT courses
431,18,0,1,size class hours per,hours > spent > in > cvt > courses > by > size > class > hours > per,3,0,5,True,Hours spent in CVT courses by size class - hours per 1000 hours worked in all enterprises | Hours spent in CVT courses by size class - hours per 1000 hours worked in enterprises providing CVT courses | Hours spent in CVT courses by size class - hours per participant
431,19,18,2,1000 hours worked in,hours > spent > in > cvt > courses > by > size > class > hours > per > 1000 > hours > worked > in,2,0,2,True,Hours spent in CVT courses by size class - hours per 1000 hours worked in all enterprises | Hours spent in CVT courses by size class - hours per 1000 hours worked in enterprises providing CVT courses
431,20,19,3,all enterprises,hours > spent > in > cvt > courses > by > size > class > hours > per > 1000 > hours > worked > in > all > enterprises,0,1,1,False,Hours spent in CVT courses by size class - hours per 1000 hours worked in all enterprises
431,21,19,3,enterprises providing cvt courses,hours > spent > in > cvt > courses > by > size > class > hours > per > 1000 > hours > worked > in > enterprises > providing > cvt > courses,0,1,1,False,Hours spent in CVT courses by size class - hours per 1000 hours worked in enterprises providing CVT courses
431,22,18,2,participant,hours > spent > in > cvt > courses > by > size > class > hours > per > participant,0,1,1,False,Hours spent in CVT courses by size class - hours per participant
431,23,18,2,person employed in,hours > spent > in > cvt > courses > by > size > class > hours > per > person > employed > in,2,0,2,True,Hours spent in CVT courses by size class - hours per person employed in all enterprises | Hours spent in CVT courses by size class - hours per person employed in enterprises providing CVT courses
431,24,23,3,all enterprises,hours > spent > in > cvt > courses > by > size > class > hours > per > person > employed > in > all > enterprises,0,1,1,False,Hours spent in CVT courses by size class - hours per person employed in all enterprises
431,25,23,3,enterprises providing cvt courses,hours > spent > in > cvt > courses > by > size > class > hours > per > person > employed > in > enterprises > providing > cvt > courses,0,1,1,False,Hours spent in CVT courses by size class - hours per person employed in enterprises providing CVT courses
431,26,0,1,type of course and nace rev 1 1 activity of total hours spent in cvt courses,hours > spent > in > cvt > courses > by > type > of > course > and > nace > rev > 1 > 1 > activity > of > total > hours > spent > in > cvt > courses,0,1,1,False,Hours spent in CVT courses by type of course and NACE Rev. 1.1 activity - % of total hours spent in CVT courses
432,0,-1,0,worked per week of full time employment,hours > worked > per > week > of > full > time > employment,0,1,1,False,Hours worked per week of full-time employment
433,0,-1,0,house,house,2,0,8,True,House price index - Item weights | House price index - annual data | House price index - quarterly data
433,1,0,1,price index,house > price > index,5,0,6,True,House price index - Item weights | House price index - annual data | House price index - quarterly data
433,2,1,2,annual data,house > price > index > annual > data,0,1,1,False,House price index - annual data
433,3,1,2,quarterly data,house > price > index > quarterly > data,0,1,1,False,House price index - quarterly data
433,4,1,2,100 quarterly data,house > price > index > 100 > quarterly > data,0,1,1,False,House price index = 100) - quarterly data
433,5,1,2,deflated,house > price > index > deflated,2,0,2,True,"House price index, deflated - annual data | House price index, deflated - quarterly data"
433,6,5,3,annual data,house > price > index > deflated > annual > data,0,1,1,False,"House price index, deflated - annual data"
433,7,5,3,quarterly data,house > price > index > deflated > quarterly > data,0,1,1,False,"House price index, deflated - quarterly data"
433,8,0,1,sales,house > sales,2,0,2,True,House sales - number and index annual data | House sales - value and index annual data
433,9,8,2,number and index annual data,house > sales > number > and > index > annual > data,0,1,1,False,House sales - number and index annual data
433,10,8,2,value and index annual data,house > sales > value > and > index > annual > data,0,1,1,False,House sales - value and index annual data
434,0,-1,0,item weights,house > price > index > item > weights,0,1,1,False,House price index - Item weights
435,0,-1,0,household,household,4,0,5,True,Household composition by size | Household consumption volumes of electricity by consumption bands | Household consumption volumes of gas by consumption bands
436,0,-1,0,composition by size,household > composition > by > size,0,1,1,False,Household composition by size
437,0,-1,0,consumption volumes of,household > consumption > volumes > of,2,0,2,True,Household consumption volumes of electricity by consumption bands | Household consumption volumes of gas by consumption bands
437,1,0,1,electricity by consumption bands,household > consumption > volumes > of > electricity > by > consumption > bands,0,1,1,False,Household consumption volumes of electricity by consumption bands
437,2,0,1,gas by consumption bands,household > consumption > volumes > of > gas > by > consumption > bands,0,1,1,False,Household consumption volumes of gas by consumption bands
438,0,-1,0,debt consolidated including non profit institutions serving households of gdp,household > debt > consolidated > including > non > profit > institutions > serving > households > of > gdp,0,1,1,False,"Household debt, consolidated including Non-profit institutions serving households - % of GDP"
439,0,-1,0,saving rate,household > saving > rate,0,1,1,False,Household saving rate
440,0,-1,0,households,households,7,0,8,True,Households - availability of computers | Households - level of internet access | Households by size (number of persons)
440,1,0,1,availability of computers,households > availability > of > computers,0,1,1,False,Households - availability of computers
440,2,0,1,level of internet access,households > level > of > internet > access,0,1,1,False,Households - level of internet access
441,0,-1,0,by size number of persons,households > by > size > number > of > persons,0,1,1,False,Households by size (number of persons)
442,0,-1,0,investment rate,households > investment > rate,0,1,1,False,Households investment rate
443,0,-1,0,maintaining the same standard of living using savings by duration and risk of poverty threshold,households > maintaining > the > same > standard > of > living > using > savings > by > duration > and > risk > of > poverty > threshold,0,1,1,False,Households maintaining the same standard of living using savings by duration and risk of poverty threshold
444,0,-1,0,that have internet access at home by nuts 2 regions,households > that > have > internet > access > at > home > by > nuts > 2 > regions,0,1,1,False,Households that have internet access at home by NUTS 2 regions
445,0,-1,0,with,households > with,2,0,2,True,Households with access to secure tenure by simplified degree of urbanisation | Households with sustainable access to improved sanitation by simplified degree of urbanisation
446,0,-1,0,access to secure tenure by simplified degree of urbanisation,households > with > access > to > secure > tenure > by > simplified > degree > of > urbanisation,0,1,1,False,Households with access to secure tenure by simplified degree of urbanisation
447,0,-1,0,sustainable access to improved sanitation by simplified degree of urbanisation,households > with > sustainable > access > to > improved > sanitation > by > simplified > degree > of > urbanisation,0,1,1,False,Households with sustainable access to improved sanitation by simplified degree of urbanisation
448,0,-1,0,housing,housing,3,0,13,True,Housing cost overburden rate | Housing cost overburden rate by NUTS regions | Housing cost overburden rate by age group - EU-SILC survey
448,1,0,1,deprivation rate by number of item eu silc survey,housing > deprivation > rate > by > number > of > item > eu > silc > survey,0,1,1,False,Housing deprivation rate by number of item - EU-SILC survey
449,0,-1,0,cost overburden rate,housing > cost > overburden > rate,1,1,10,False,Housing cost overburden rate | Housing cost overburden rate by NUTS regions | Housing cost overburden rate by age group - EU-SILC survey
449,1,0,1,by,housing > cost > overburden > rate > by,8,0,9,True,Housing cost overburden rate by NUTS regions | Housing cost overburden rate by age group - EU-SILC survey | Housing cost overburden rate by degree of urbanisation - EU-SILC survey
449,2,1,2,nuts regions,housing > cost > overburden > rate > by > nuts > regions,0,1,1,False,Housing cost overburden rate by NUTS regions
449,3,1,2,age group eu silc survey,housing > cost > overburden > rate > by > age > group > eu > silc > survey,0,1,1,False,Housing cost overburden rate by age group - EU-SILC survey
449,4,1,2,degree of urbanisation eu silc survey,housing > cost > overburden > rate > by > degree > of > urbanisation > eu > silc > survey,0,1,1,False,Housing cost overburden rate by degree of urbanisation - EU-SILC survey
449,5,1,2,household type eu silc survey,housing > cost > overburden > rate > by > household > type > eu > silc > survey,0,1,1,False,Housing cost overburden rate by household type - EU-SILC survey
449,6,1,2,income quintile eu silc survey,housing > cost > overburden > rate > by > income > quintile > eu > silc > survey,0,1,1,False,Housing cost overburden rate by income quintile - EU-SILC survey
449,7,1,2,poverty status,housing > cost > overburden > rate > by > poverty > status,1,1,2,False,Housing cost overburden rate by poverty status | Housing cost overburden rate by poverty status - EU-SILC survey
449,8,7,3,eu silc survey,housing > cost > overburden > rate > by > poverty > status > eu > silc > survey,0,1,1,False,Housing cost overburden rate by poverty status - EU-SILC survey
449,9,1,2,sex eu silc survey,housing > cost > overburden > rate > by > sex > eu > silc > survey,0,1,1,False,Housing cost overburden rate by sex - EU-SILC survey
449,10,1,2,tenure status eu silc survey,housing > cost > overburden > rate > by > tenure > status > eu > silc > survey,0,1,1,False,Housing cost overburden rate by tenure status - EU-SILC survey
450,0,-1,0,units by type,housing > units > by > type,1,1,2,False,Housing units by type | Housing units by type of building
450,1,0,1,of building,housing > units > by > type > of > building,0,1,1,False,Housing units by type of building
451,0,-1,0,human,human,1,0,1,False,Human resources in science and technology (HRST)
451,1,0,1,resources in science and technology hrst,human > resources > in > science > and > technology > hrst,0,1,1,False,Human resources in science and technology (HRST)
452,0,-1,0,immigration,immigration,1,0,1,False,Immigration by broad group of country of previous residence
452,1,0,1,by broad group of country of previous residence,immigration > by > broad > group > of > country > of > previous > residence,0,1,1,False,Immigration by broad group of country of previous residence
453,0,-1,0,implicit,implicit,1,0,1,False,Implicit tax rate on energy
453,1,0,1,tax rate on energy,implicit > tax > rate > on > energy,0,1,1,False,Implicit tax rate on energy
454,0,-1,0,import,import,2,0,7,True,Import dependency on third countries by fuel type | Import prices - capital goods | Import prices - consumer durables
455,0,-1,0,dependency on third countries by fuel type,import > dependency > on > third > countries > by > fuel > type,0,1,1,False,Import dependency on third countries by fuel type
456,0,-1,0,prices,import > prices,5,0,6,True,Import prices - capital goods | Import prices - consumer durables | Import prices - consumer non-durables
456,1,0,1,capital goods,import > prices > capital > goods,0,1,1,False,Import prices - capital goods
456,2,0,1,consumer,import > prices > consumer,2,0,2,True,Import prices - consumer durables | Import prices - consumer non-durables
456,3,2,2,durables,import > prices > consumer > durables,0,1,1,False,Import prices - consumer durables
456,4,2,2,non durables,import > prices > consumer > non > durables,0,1,1,False,Import prices - consumer non-durables
456,5,0,1,intermediate goods,import > prices > intermediate > goods,0,1,1,False,Import prices - intermediate goods
456,6,0,1,manufacturing,import > prices > manufacturing,0,1,1,False,Import prices - manufacturing
456,7,0,1,total industry,import > prices > total > industry,0,1,1,False,Import prices - total industry
457,0,-1,0,imports,imports,2,0,9,True,"Imports - electricity - monthly data | Imports of goods - chemicals and related products | Imports of goods - food, drinks and tobacco"
458,0,-1,0,electricity monthly data,imports > electricity > monthly > data,0,1,1,False,Imports - electricity - monthly data
459,0,-1,0,of goods,imports > of > goods,8,0,8,True,"Imports of goods - chemicals and related products | Imports of goods - food, drinks and tobacco | Imports of goods - machinery and transport equipment"
459,1,0,1,chemicals and related products,imports > of > goods > chemicals > and > related > products,0,1,1,False,Imports of goods - chemicals and related products
459,2,0,1,food drinks and tobacco,imports > of > goods > food > drinks > and > tobacco,0,1,1,False,"Imports of goods - food, drinks and tobacco"
459,3,0,1,machinery and transport equipment,imports > of > goods > machinery > and > transport > equipment,0,1,1,False,Imports of goods - machinery and transport equipment
459,4,0,1,mineral fuels lubricants and related materials,imports > of > goods > mineral > fuels > lubricants > and > related > materials,0,1,1,False,"Imports of goods - mineral fuels, lubricants and related materials"
459,5,0,1,other manufactured products,imports > of > goods > other > manufactured > products,0,1,1,False,Imports of goods - other manufactured products
459,6,0,1,raw materials,imports > of > goods > raw > materials,0,1,1,False,Imports of goods - raw materials
459,7,0,1,total,imports > of > goods > total,0,1,1,False,Imports of goods - total
459,8,0,1,and services in of gdp,imports > of > goods > and > services > in > of > gdp,0,1,1,False,Imports of goods and services in % of GDP
460,0,-1,0,in,in,1,0,8,False,In work at-risk-of-poverty rate | In-work at-risk-of-poverty rate | In-work at-risk-of-poverty rate by educational attainment level - EU-SILC survey
460,1,0,1,work at risk of poverty rate,in > work > at > risk > of > poverty > rate,1,2,8,False,In work at-risk-of-poverty rate | In-work at-risk-of-poverty rate | In-work at-risk-of-poverty rate by educational attainment level - EU-SILC survey
460,2,1,2,by,in > work > at > risk > of > poverty > rate > by,6,0,6,True,In-work at-risk-of-poverty rate by educational attainment level - EU-SILC survey | In-work at-risk-of-poverty rate by full-/part-time work - EU-SILC survey | In-work at-risk-of-poverty rate by household type - EU-SILC survey
460,3,2,3,educational attainment level eu silc survey,in > work > at > risk > of > poverty > rate > by > educational > attainment > level > eu > silc > survey,0,1,1,False,In-work at-risk-of-poverty rate by educational attainment level - EU-SILC survey
460,4,2,3,full part time work eu silc survey,in > work > at > risk > of > poverty > rate > by > full > part > time > work > eu > silc > survey,0,1,1,False,In-work at-risk-of-poverty rate by full-/part-time work - EU-SILC survey
460,5,2,3,household type eu silc survey,in > work > at > risk > of > poverty > rate > by > household > type > eu > silc > survey,0,1,1,False,In-work at-risk-of-poverty rate by household type - EU-SILC survey
460,6,2,3,months worked eu silc survey,in > work > at > risk > of > poverty > rate > by > months > worked > eu > silc > survey,0,1,1,False,In-work at-risk-of-poverty rate by months worked - EU-SILC survey
460,7,2,3,working time eu silc survey,in > work > at > risk > of > poverty > rate > by > working > time > eu > silc > survey,0,1,1,False,In-work at-risk-of-poverty rate by working time - EU-SILC survey
461,0,-1,0,sex,in > work > at > risk > of > poverty > rate > by > sex,0,1,1,False,In-work at-risk-of-poverty rate by sex
462,0,-1,0,inability,inability,1,0,5,False,"Inability to afford a meal with meat, chicken, fish (or vegetarian equivalent) every second day - EU-SILC survey | Inability to afford a meal with meat, chicken, fish (or vegetarian equivalent) every second day by NUTS regions | Inability to face unexpected financial expenses by NUTS regions"
462,1,0,1,to,inability > to,3,0,5,True,"Inability to afford a meal with meat, chicken, fish (or vegetarian equivalent) every second day - EU-SILC survey | Inability to afford a meal with meat, chicken, fish (or vegetarian equivalent) every second day by NUTS regions | Inability to face unexpected financial expenses by NUTS regions"
463,0,-1,0,afford a meal with meat chicken fish or vegetarian equivalent every second day,inability > to > afford > a > meal > with > meat > chicken > fish > or > vegetarian > equivalent > every > second > day,2,0,2,True,"Inability to afford a meal with meat, chicken, fish (or vegetarian equivalent) every second day - EU-SILC survey | Inability to afford a meal with meat, chicken, fish (or vegetarian equivalent) every second day by NUTS regions"
463,1,0,1,eu silc survey,inability > to > afford > a > meal > with > meat > chicken > fish > or > vegetarian > equivalent > every > second > day > eu > silc > survey,0,1,1,False,"Inability to afford a meal with meat, chicken, fish (or vegetarian equivalent) every second day - EU-SILC survey"
463,2,0,1,by nuts regions,inability > to > afford > a > meal > with > meat > chicken > fish > or > vegetarian > equivalent > every > second > day > by > nuts > regions,0,1,1,False,"Inability to afford a meal with meat, chicken, fish (or vegetarian equivalent) every second day by NUTS regions"
464,0,-1,0,face unexpected financial expenses by nuts regions,inability > to > face > unexpected > financial > expenses > by > nuts > regions,0,1,1,False,Inability to face unexpected financial expenses by NUTS regions
465,0,-1,0,keep home adequately warm by,inability > to > keep > home > adequately > warm > by,2,0,2,True,"Inability to keep home adequately warm by NUTS regions | Inability to keep home adequately warm by level of disability (activity limitation), sex and age"
466,0,-1,0,nuts regions,inability > to > keep > home > adequately > warm > by > nuts > regions,0,1,1,False,Inability to keep home adequately warm by NUTS regions
467,0,-1,0,level of disability activity limitation sex and age,inability > to > keep > home > adequately > warm > by > level > of > disability > activity > limitation > sex > and > age,0,1,1,False,"Inability to keep home adequately warm by level of disability (activity limitation), sex and age"
468,0,-1,0,inactive,inactive,1,0,1,False,"Inactive population as a percentage of the total population, by sex and age (%)"
468,1,0,1,population as a percentage of the total population by sex and age,inactive > population > as > a > percentage > of > the > total > population > by > sex > and > age,0,1,1,False,"Inactive population as a percentage of the total population, by sex and age (%)"
469,0,-1,0,incidence,incidence,1,0,1,False,"Incidence rate of accidents at work by type of workstation, NACE Rev. 1.1 activity, sex, age and severity"
469,1,0,1,rate of accidents at work by type of workstation nace rev 1 1 activity sex age and severity,incidence > rate > of > accidents > at > work > by > type > of > workstation > nace > rev > 1 > 1 > activity > sex > age > and > severity,0,1,1,False,"Incidence rate of accidents at work by type of workstation, NACE Rev. 1.1 activity, sex, age and severity"
470,0,-1,0,income,income,6,0,8,True,Income distribution | Income from intellectual property rights for computer services | Income in real terms SILC=100)
470,1,0,1,in real terms silc 100,income > in > real > terms > silc > 100,0,1,1,False,Income in real terms SILC=100)
471,0,-1,0,distribution,income > distribution,0,1,1,False,Income distribution
472,0,-1,0,from intellectual property rights for computer services,income > from > intellectual > property > rights > for > computer > services,0,1,1,False,Income from intellectual property rights for computer services
473,0,-1,0,inequality for older people eu silc survey,income > inequality > for > older > people > eu > silc > survey,0,1,1,False,Income inequality for older people - EU-SILC survey
474,0,-1,0,quintile share ratio s80 s20,income > quintile > share > ratio > s80 > s20,1,1,3,False,Income quintile share ratio - S80/S20 | Income quintile share ratio (S80/S20) by sex | Income quintile share ratio S80/S20 by NUTS 2 regions - EU-SILC survey
474,1,0,1,by,income > quintile > share > ratio > s80 > s20 > by,2,0,2,True,Income quintile share ratio (S80/S20) by sex | Income quintile share ratio S80/S20 by NUTS 2 regions - EU-SILC survey
474,2,1,2,sex,income > quintile > share > ratio > s80 > s20 > by > sex,0,1,1,False,Income quintile share ratio (S80/S20) by sex
474,3,1,2,nuts 2 regions eu silc survey,income > quintile > share > ratio > s80 > s20 > by > nuts > 2 > regions > eu > silc > survey,0,1,1,False,Income quintile share ratio S80/S20 by NUTS 2 regions - EU-SILC survey
475,0,-1,0,share of the bottom 40 of the population,income > share > of > the > bottom > 40 > of > the > population,0,1,1,False,Income share of the bottom 40 % of the population
476,0,-1,0,indicator,indicator,1,0,1,False,Indicator A of the income from agricultural activity
476,1,0,1,a of the income from agricultural activity,indicator > a > of > the > income > from > agricultural > activity,0,1,1,False,Indicator A of the income from agricultural activity
477,0,-1,0,indicators,indicators,1,0,1,False,Indicators on health and safety at work
477,1,0,1,on health and safety at work,indicators > on > health > and > safety > at > work,0,1,1,False,Indicators on health and safety at work
478,0,-1,0,individuals,individuals,6,0,18,True,Individuals - internet activities | Individuals frequently using the internet | Individuals regularly using the internet
478,1,0,1,internet activities,individuals > internet > activities,0,1,1,False,Individuals - internet activities
478,2,0,1,frequently using the internet,individuals > frequently > using > the > internet,0,1,1,False,Individuals frequently using the internet
478,3,0,1,regularly using the internet,individuals > regularly > using > the > internet,0,1,1,False,Individuals regularly using the internet
478,4,0,1,using the internet for,individuals > using > the > internet > for,9,0,9,True,Individuals using the internet for buying goods or services | Individuals using the internet for doing an online course | Individuals using the internet for finding information about goods and services
478,5,4,2,buying goods or services,individuals > using > the > internet > for > buying > goods > or > services,0,1,1,False,Individuals using the internet for buying goods or services
478,6,4,2,doing an online course,individuals > using > the > internet > for > doing > an > online > course,0,1,1,False,Individuals using the internet for doing an online course
478,7,4,2,finding information about goods and services,individuals > using > the > internet > for > finding > information > about > goods > and > services,0,1,1,False,Individuals using the internet for finding information about goods and services
478,8,4,2,internet banking,individuals > using > the > internet > for > internet > banking,0,1,1,False,Individuals using the internet for internet banking
478,9,4,2,looking for a job or sending a job application,individuals > using > the > internet > for > looking > for > a > job > or > sending > a > job > application,0,1,1,False,Individuals using the internet for looking for a job or sending a job application
478,10,4,2,participating in social networks,individuals > using > the > internet > for > participating > in > social > networks,0,1,1,False,Individuals using the internet for participating in social networks
478,11,4,2,selling goods or services,individuals > using > the > internet > for > selling > goods > or > services,0,1,1,False,Individuals using the internet for selling goods or services
478,12,4,2,sending receiving e mails,individuals > using > the > internet > for > sending > receiving > e > mails,0,1,1,False,Individuals using the internet for sending/receiving e-mails
478,13,0,1,who,individuals > who,2,0,4,True,Individuals who have basic or above basic overall digital skills by sex | Individuals who have never used a computer | Individuals who have never used the internet
479,0,-1,0,seeking health related information,individuals > using > the > internet > for > seeking > health > related > information,0,1,1,False,Individuals using the internet for seeking health-related information
480,0,-1,0,have,individuals > who > have,2,0,3,True,Individuals who have basic or above basic overall digital skills by sex | Individuals who have never used a computer | Individuals who have never used the internet
481,0,-1,0,basic or above basic overall digital skills by sex,individuals > who > have > basic > or > above > basic > overall > digital > skills > by > sex,0,1,1,False,Individuals who have basic or above basic overall digital skills by sex
482,0,-1,0,never used,individuals > who > have > never > used,2,0,2,True,Individuals who have never used a computer | Individuals who have never used the internet
482,1,0,1,a computer,individuals > who > have > never > used > a > computer,0,1,1,False,Individuals who have never used a computer
482,2,0,1,the internet,individuals > who > have > never > used > the > internet,0,1,1,False,Individuals who have never used the internet
483,0,-1,0,ordered goods or services over the internet for private use in the last year by nuts 2 regions,individuals > who > ordered > goods > or > services > over > the > internet > for > private > use > in > the > last > year > by > nuts > 2 > regions,0,1,1,False,Individuals who ordered goods or services over the internet for private use in the last year by NUTS 2 regions
484,0,-1,0,level of,individuals > level > of,2,0,2,True,Individuals' level of computer skills (until | Individuals' level of digital skills (until
484,1,0,1,computer skills until,individuals > level > of > computer > skills > until,0,1,1,False,Individuals' level of computer skills (until
484,2,0,1,digital skills until,individuals > level > of > digital > skills > until,0,1,1,False,Individuals' level of digital skills (until
485,0,-1,0,industrial,industrial,1,0,1,False,"Industrial and construction production volume index, calendar adjusted"
485,1,0,1,and construction production volume index calendar adjusted,industrial > and > construction > production > volume > index > calendar > adjusted,0,1,1,False,"Industrial and construction production volume index, calendar adjusted"
486,0,-1,0,inequality,inequality,1,0,2,False,Inequality of income distribution | Inequality of income distribution S80/S20 income quintile share ratio - EU-SILC and ECHP surveys
486,1,0,1,of income distribution,inequality > of > income > distribution,1,1,2,False,Inequality of income distribution | Inequality of income distribution S80/S20 income quintile share ratio - EU-SILC and ECHP surveys
486,2,1,2,s80 s20 income quintile share ratio eu silc and echp surveys,inequality > of > income > distribution > s80 > s20 > income > quintile > share > ratio > eu > silc > and > echp > surveys,0,1,1,False,Inequality of income distribution S80/S20 income quintile share ratio - EU-SILC and ECHP surveys
487,0,-1,0,infant,infant,1,0,2,False,Infant mortality rate | Infant mortality rate by sex
487,1,0,1,mortality rate,infant > mortality > rate,1,1,2,False,Infant mortality rate | Infant mortality rate by sex
487,2,1,2,by sex,infant > mortality > rate > by > sex,0,1,1,False,Infant mortality rate by sex
488,0,-1,0,inland,inland,1,0,1,False,Inland waterway transport enterprises by number of vessels -
488,1,0,1,waterway transport enterprises by number of vessels,inland > waterway > transport > enterprises > by > number > of > vessels,0,1,1,False,Inland waterway transport enterprises by number of vessels -
489,0,-1,0,inpatient,inpatient,1,0,1,False,Inpatient curative care bed occupancy rate by type of care
489,1,0,1,curative care bed occupancy rate by type of care,inpatient > curative > care > bed > occupancy > rate > by > type > of > care,0,1,1,False,Inpatient curative care bed occupancy rate by type of care
490,0,-1,0,intentional,intentional,1,0,2,False,Intentional homicide offences in largest cities | Intentional homicide victims in largest cities by sex
490,1,0,1,homicide,intentional > homicide,2,0,2,True,Intentional homicide offences in largest cities | Intentional homicide victims in largest cities by sex
490,2,1,2,offences in largest cities,intentional > homicide > offences > in > largest > cities,0,1,1,False,Intentional homicide offences in largest cities
490,3,1,2,victims in largest cities by sex,intentional > homicide > victims > in > largest > cities > by > sex,0,1,1,False,Intentional homicide victims in largest cities by sex
491,0,-1,0,interests,interests,2,0,2,True,Interests payable and similar charges by product | Interests receivable and similar income by product
491,1,0,1,payable and similar charges by product,interests > payable > and > similar > charges > by > product,0,1,1,False,Interests payable and similar charges by product
491,2,0,1,receivable and similar income by product,interests > receivable > and > similar > income > by > product,0,1,1,False,Interests receivable and similar income by product
492,0,-1,0,intermediate,intermediate,2,0,2,True,Intermediate goods trade | Intermediate services trade
492,1,0,1,goods trade,intermediate > goods > trade,0,1,1,False,Intermediate goods trade
492,2,0,1,services trade,intermediate > services > trade,0,1,1,False,Intermediate services trade
493,0,-1,0,international,international,1,0,4,False,"International trade as a share of GDP | International trade in services - market integration indicators - historical data | International trade of and enlargement countries, by reporting country, total product"
493,1,0,1,trade,international > trade,4,0,4,True,"International trade as a share of GDP | International trade in services - market integration indicators - historical data | International trade of and enlargement countries, by reporting country, total product"
493,2,1,2,as a share of gdp,international > trade > as > a > share > of > gdp,0,1,1,False,International trade as a share of GDP
493,3,1,2,of and enlargement countries by reporting country total product,international > trade > of > and > enlargement > countries > by > reporting > country > total > product,0,1,1,False,"International trade of and enlargement countries, by reporting country, total product"
493,4,1,2,by reporting country total product,international > trade > by > reporting > country > total > product,0,1,1,False,"International trade, by reporting country, total product"
494,0,-1,0,in services market integration indicators historical data,international > trade > in > services > market > integration > indicators > historical > data,0,1,1,False,International trade in services - market integration indicators - historical data
495,0,-1,0,internet,internet,1,0,1,False,Internet use by individuals
495,1,0,1,use by individuals,internet > use > by > individuals,0,1,1,False,Internet use by individuals
496,0,-1,0,intra,intra,2,0,2,True,"Intra-EU27 (from trade, by Member State, total product | Intra-mural Business Enterprise R&D Expenditures in Foreign Controlled Enterprises"
497,0,-1,0,eu27 from trade by member state total product,intra > eu27 > from > trade > by > member > state > total > product,0,1,1,False,"Intra-EU27 (from trade, by Member State, total product"
498,0,-1,0,mural business enterprise r d expenditures in foreign controlled enterprises,intra > mural > business > enterprise > r > d > expenditures > in > foreign > controlled > enterprises,0,1,1,False,Intra-mural Business Enterprise R&D Expenditures in Foreign Controlled Enterprises
499,0,-1,0,intramural,intramural,1,0,1,False,Intramural R&D expenditure (GERD) by source of funds
499,1,0,1,r d expenditure gerd by source of funds,intramural > r > d > expenditure > gerd > by > source > of > funds,0,1,1,False,Intramural R&D expenditure (GERD) by source of funds
500,0,-1,0,investment,investment,4,0,4,True,Investment and maintenance in oil pipeline infrastructure | Investment by institutional sectors | Investment rate of non-financial corporations
500,1,0,1,by institutional sectors,investment > by > institutional > sectors,0,1,1,False,Investment by institutional sectors
500,2,0,1,share of gdp by institutional sectors,investment > share > of > gdp > by > institutional > sectors,0,1,1,False,Investment share of GDP by institutional sectors
501,0,-1,0,and maintenance in oil pipeline infrastructure,investment > and > maintenance > in > oil > pipeline > infrastructure,0,1,1,False,Investment and maintenance in oil pipeline infrastructure
502,0,-1,0,rate of non financial corporations,investment > rate > of > non > financial > corporations,0,1,1,False,Investment rate of non-financial corporations
503,0,-1,0,involuntary,involuntary,2,0,2,True,"Involuntary part-time employment as percentage of the total part-time employment, by sex and age (%) | Involuntary temporary employment"
504,0,-1,0,part time employment as percentage of the total part time employment by sex and age,involuntary > part > time > employment > as > percentage > of > the > total > part > time > employment > by > sex > and > age,0,1,1,False,"Involuntary part-time employment as percentage of the total part-time employment, by sex and age (%)"
505,0,-1,0,temporary employment,involuntary > temporary > employment,0,1,1,False,Involuntary temporary employment
506,0,-1,0,inward,inward,1,0,1,False,Inward FDI stocks in % of GDP
506,1,0,1,fdi stocks in of gdp,inward > fdi > stocks > in > of > gdp,0,1,1,False,Inward FDI stocks in % of GDP
507,0,-1,0,job,job,2,0,2,True,"Job mismatches and their labour market effects among school-leavers in Europe | Job vacancies in number and % - NACE Rev. 2, B-S, quarterly data"
508,0,-1,0,mismatches and their labour market effects among school leavers in europe,job > mismatches > and > their > labour > market > effects > among > school > leavers > in > europe,0,1,1,False,Job mismatches and their labour market effects among school-leavers in Europe
509,0,-1,0,vacancies in number and nace rev 2 b s quarterly data,job > vacancies > in > number > and > nace > rev > 2 > b > s > quarterly > data,0,1,1,False,"Job vacancies in number and % - NACE Rev. 2, B-S, quarterly data"
510,0,-1,0,jobless,jobless,1,0,2,False,Jobless households - children | Jobless households by sex
510,1,0,1,households,jobless > households,2,0,2,True,Jobless households - children | Jobless households by sex
510,2,1,2,children,jobless > households > children,0,1,1,False,Jobless households - children
510,3,1,2,by sex,jobless > households > by > sex,0,1,1,False,Jobless households by sex
511,0,-1,0,jobs,jobs,1,0,1,False,Jobs created by NACE Rev.2 activity - experimental statistics
511,1,0,1,created by nace rev 2 activity experimental statistics,jobs > created > by > nace > rev > 2 > activity > experimental > statistics,0,1,1,False,Jobs created by NACE Rev.2 activity - experimental statistics
512,0,-1,0,joint,joint,1,0,1,False,Joint Index
512,1,0,1,index,joint > index,0,1,1,False,Joint Index
513,0,-1,0,labour,labour,7,0,14,True,Labour cost index by NACE Rev. 1.1 activity - country weights | Labour cost index by NACE Rev. 2 | Labour cost index by NACE Rev. 2 activity - country weights
513,1,0,1,cost index by nace rev,labour > cost > index > by > nace > rev,2,0,3,True,Labour cost index by NACE Rev. 1.1 activity - country weights | Labour cost index by NACE Rev. 2 | Labour cost index by NACE Rev. 2 activity - country weights
513,2,1,2,1 1 activity country weights,labour > cost > index > by > nace > rev > 1 > 1 > activity > country > weights,0,1,1,False,Labour cost index by NACE Rev. 1.1 activity - country weights
513,3,1,2,2,labour > cost > index > by > nace > rev > 2,1,1,2,False,Labour cost index by NACE Rev. 2 | Labour cost index by NACE Rev. 2 activity - country weights
513,4,3,3,activity country weights,labour > cost > index > by > nace > rev > 2 > activity > country > weights,0,1,1,False,Labour cost index by NACE Rev. 2 activity - country weights
513,5,0,1,costs annual data nace rev 2,labour > costs > annual > data > nace > rev > 2,0,1,1,False,Labour costs annual data - NACE Rev. 2
513,6,0,1,productivity,labour > productivity,2,0,3,True,Labour productivity in GDP (constant prices) per person employed | Labour productivity per hour worked - annual data | Labour productivity per person employed and hour worked (EU27_2020=100)
513,7,6,2,in gdp constant prices per person employed,labour > productivity > in > gdp > constant > prices > per > person > employed,0,1,1,False,Labour productivity in GDP (constant prices) per person employed
513,8,6,2,per,labour > productivity > per,2,0,2,True,Labour productivity per hour worked - annual data | Labour productivity per person employed and hour worked (EU27_2020=100)
513,9,8,3,hour worked annual data,labour > productivity > per > hour > worked > annual > data,0,1,1,False,Labour productivity per hour worked - annual data
513,10,8,3,person employed and hour worked eu27 2020 100,labour > productivity > per > person > employed > and > hour > worked > eu27 > 2020 > 100,0,1,1,False,Labour productivity per person employed and hour worked (EU27_2020=100)
514,0,-1,0,force participation rate,labour > force > participation > rate,2,0,2,True,"Labour force participation rate - % of total population aged 15-64 | Labour force participation rate, aged 15-64 - annual averages"
514,1,0,1,of total population aged 15 64,labour > force > participation > rate > of > total > population > aged > 15 > 64,0,1,1,False,Labour force participation rate - % of total population aged 15-64
514,2,0,1,aged 15 64 annual averages,labour > force > participation > rate > aged > 15 > 64 > annual > averages,0,1,1,False,"Labour force participation rate, aged 15-64 - annual averages"
515,0,-1,0,input,labour > input,2,0,2,True,Labour input - total industry (excluding construction) | Labour input in construction
515,1,0,1,total industry excluding construction,labour > input > total > industry > excluding > construction,0,1,1,False,Labour input - total industry (excluding construction)
515,2,0,1,in construction,labour > input > in > construction,0,1,1,False,Labour input in construction
516,0,-1,0,market demand for ict specialists in online job advertisements by occupation isco 08 of online job advertisements for ict specialists experimental statistics,labour > market > demand > for > ict > specialists > in > online > job > advertisements > by > occupation > isco > 08 > of > online > job > advertisements > for > ict > specialists > experimental > statistics,0,1,1,False,"Labour market demand for ICT specialists in online job advertisements, by occupation (ISCO-08) - % of online job advertisements for ICT specialists - experimental statistics"
517,0,-1,0,transitions,labour > transitions,2,0,2,True,Labour transitions by employment status | Labour transitions from temporary to permanent contracts by sex -3-year average
518,0,-1,0,by employment status,labour > transitions > by > employment > status,0,1,1,False,Labour transitions by employment status
519,0,-1,0,from temporary to permanent contracts by sex 3 year average,labour > transitions > from > temporary > to > permanent > contracts > by > sex > 3 > year > average,0,1,1,False,Labour transitions from temporary to permanent contracts by sex -3-year average
520,0,-1,0,land,land,2,0,2,True,Land covered by artificial surfaces - index | Land use footprints
521,0,-1,0,covered by artificial surfaces index,land > covered > by > artificial > surfaces > index,0,1,1,False,Land covered by artificial surfaces - index
522,0,-1,0,use footprints,land > use > footprints,0,1,1,False,Land use footprints
523,0,-1,0,landfill,landfill,1,0,1,False,Landfill rate of waste excluding major mineral wastes
523,1,0,1,rate of waste excluding major mineral wastes,landfill > rate > of > waste > excluding > major > mineral > wastes,0,1,1,False,Landfill rate of waste excluding major mineral wastes
524,0,-1,0,laying,laying,1,0,1,False,Laying hens population - annual data
524,1,0,1,hens population annual data,laying > hens > population > annual > data,0,1,1,False,Laying hens population - annual data
525,0,-1,0,length,length,1,0,13,False,Length of lines | length of motorways | Length of motorways and e-roads
525,1,0,1,of,length > of,9,0,13,True,Length of lines | length of motorways | Length of motorways and e-roads
525,2,1,2,lines,length > of > lines,0,1,1,False,Length of lines
525,3,1,2,motorways,length > of > motorways,1,1,2,False,length of motorways | Length of motorways and e-roads
525,4,3,3,and e roads,length > of > motorways > and > e > roads,0,1,1,False,Length of motorways and e-roads
525,5,1,2,other roads within outside built up areas,length > of > other > roads > within > outside > built > up > areas,0,1,1,False,Length of other roads within/outside built-up areas
525,6,1,2,paved and unpaved roads,length > of > paved > and > unpaved > roads,0,1,1,False,Length of paved and unpaved roads
525,7,1,2,railway,length > of > railway,2,0,4,True,length of railway lines | Length of railway lines by maximum permitted speed | Length of railway lines equipped with the railway traffic management system by type of signalling
525,8,7,3,lines,length > of > railway > lines,2,1,3,True,length of railway lines | Length of railway lines by maximum permitted speed | Length of railway lines equipped with the railway traffic management system by type of signalling
525,9,8,4,by maximum permitted speed,length > of > railway > lines > by > maximum > permitted > speed,0,1,1,False,Length of railway lines by maximum permitted speed
525,10,8,4,equipped with the railway traffic management system by type of signalling,length > of > railway > lines > equipped > with > the > railway > traffic > management > system > by > type > of > signalling,0,1,1,False,Length of railway lines equipped with the railway traffic management system by type of signalling
525,11,7,3,tracks by electrification of tracks,length > of > railway > tracks > by > electrification > of > tracks,0,1,1,False,Length of railway tracks by electrification of tracks
525,12,1,2,roads network,length > of > roads > network,0,1,1,False,Length of roads network
526,0,-1,0,navigable inland waterways by waterway type,length > of > navigable > inland > waterways > by > waterway > type,0,1,1,False,Length of navigable inland waterways by waterway type
527,0,-1,0,network,length > of > network,0,1,1,False,Length of network
528,0,-1,0,pipelines operated,length > of > pipelines > operated,0,1,1,False,Length of pipelines operated
529,0,-1,0,level,level,2,0,2,True,Level crossings by type | Level of internet access - households
530,0,-1,0,crossings by type,level > crossings > by > type,0,1,1,False,Level crossings by type
531,0,-1,0,of internet access households,level > of > internet > access > households,0,1,1,False,Level of internet access - households
532,0,-1,0,licensed,licensed,1,0,1,False,Licensed physicians
532,1,0,1,physicians,licensed > physicians,0,1,1,False,Licensed physicians
533,0,-1,0,life,life,2,0,3,True,"Life expectancy at birth by sex | Life expectancy by age and sex | Life satisfaction by sex, age, educational attainment and domain"
534,0,-1,0,expectancy,life > expectancy,2,0,2,True,Life expectancy at birth by sex | Life expectancy by age and sex
534,1,0,1,at birth by sex,life > expectancy > at > birth > by > sex,0,1,1,False,Life expectancy at birth by sex
534,2,0,1,by age and sex,life > expectancy > by > age > and > sex,0,1,1,False,Life expectancy by age and sex
535,0,-1,0,satisfaction by sex age educational attainment and domain,life > satisfaction > by > sex > age > educational > attainment > and > domain,0,1,1,False,"Life satisfaction by sex, age, educational attainment and domain"
536,0,-1,0,literacy,literacy,1,0,1,False,Literacy rate by sex and age group
536,1,0,1,rate by sex and age group,literacy > rate > by > sex > and > age > group,0,1,1,False,Literacy rate by sex and age group
537,0,-1,0,live,live,1,0,2,False,Live births | Live births and crude birth rate
537,1,0,1,births,live > births,1,1,2,False,Live births | Live births and crude birth rate
537,2,1,2,and crude birth rate,live > births > and > crude > birth > rate,0,1,1,False,Live births and crude birth rate
538,0,-1,0,livestock,livestock,2,0,2,True,Livestock density index | Livestock in number of heads
539,0,-1,0,density index,livestock > density > index,0,1,1,False,Livestock density index
540,0,-1,0,in number of heads,livestock > in > number > of > heads,0,1,1,False,Livestock in number of heads
541,0,-1,0,living,living,1,0,1,False,Living quarters by type of housing
541,1,0,1,quarters by type of housing,living > quarters > by > type > of > housing,0,1,1,False,Living quarters by type of housing
542,0,-1,0,load,load,1,0,2,False,"Load capacity of new lorries, semi-trailers and trailers, by type of carriage (until | Load capacity of self-propelled vessels by year of construction"
542,1,0,1,capacity of,load > capacity > of,2,0,2,True,"Load capacity of new lorries, semi-trailers and trailers, by type of carriage (until | Load capacity of self-propelled vessels by year of construction"
543,0,-1,0,new lorries semi trailers and trailers by type of carriage until,load > capacity > of > new > lorries > semi > trailers > and > trailers > by > type > of > carriage > until,0,1,1,False,"Load capacity of new lorries, semi-trailers and trailers, by type of carriage (until"
544,0,-1,0,self propelled vessels by year of construction,load > capacity > of > self > propelled > vessels > by > year > of > construction,0,1,1,False,Load capacity of self-propelled vessels by year of construction
545,0,-1,0,loan,loan,1,0,1,False,Loan and deposit one year interest rate
545,1,0,1,and deposit one year interest rate,loan > and > deposit > one > year > interest > rate,0,1,1,False,Loan and deposit one year interest rate
546,0,-1,0,loans,loans,1,0,2,False,Loans (excluding mortgages on purchase of main residence) by income quintile | Loans (excluding mortgages on purchase of main residence) by risk of poverty threshold
546,1,0,1,excluding mortgages on purchase of main residence by,loans > excluding > mortgages > on > purchase > of > main > residence > by,2,0,2,True,Loans (excluding mortgages on purchase of main residence) by income quintile | Loans (excluding mortgages on purchase of main residence) by risk of poverty threshold
546,2,1,2,income quintile,loans > excluding > mortgages > on > purchase > of > main > residence > by > income > quintile,0,1,1,False,Loans (excluding mortgages on purchase of main residence) by income quintile
546,3,1,2,risk of poverty threshold,loans > excluding > mortgages > on > purchase > of > main > residence > by > risk > of > poverty > threshold,0,1,1,False,Loans (excluding mortgages on purchase of main residence) by risk of poverty threshold
547,0,-1,0,local,local,1,0,1,False,Local pollution
547,1,0,1,pollution,local > pollution,0,1,1,False,Local pollution
548,0,-1,0,long,long,2,0,7,True,"Long term government bond yields | Long-term residence permits issued during the year by age, sex and citizenship | Long-term residents by age, sex and citizenship on 31 December of each year"
549,0,-1,0,term,long > term,4,0,6,True,"Long term government bond yields | Long-term residence permits issued during the year by age, sex and citizenship | Long-term residents by age, sex and citizenship on 31 December of each year"
550,0,-1,0,government bond yields,long > term > government > bond > yields,0,1,1,False,Long term government bond yields
551,0,-1,0,residence permits issued during the year by age sex and citizenship,long > term > residence > permits > issued > during > the > year > by > age > sex > and > citizenship,0,1,1,False,"Long-term residence permits issued during the year by age, sex and citizenship"
552,0,-1,0,residents by age sex and citizenship on 31 december of each year,long > term > residents > by > age > sex > and > citizenship > on > 31 > december > of > each > year,0,1,1,False,"Long-term residents by age, sex and citizenship on 31 December of each year"
553,0,-1,0,unemployment,long > term > unemployment,2,0,3,True,"Long-term unemployment rate by sex | Long-term unemployment rate, % of active population aged 15-74 | Long-term unemployment rates by sex"
553,1,0,1,rate,long > term > unemployment > rate,2,0,2,True,"Long-term unemployment rate by sex | Long-term unemployment rate, % of active population aged 15-74"
553,2,0,1,rates by sex,long > term > unemployment > rates > by > sex,0,1,1,False,Long-term unemployment rates by sex
554,0,-1,0,by sex,long > term > unemployment > rate > by > sex,0,1,1,False,Long-term unemployment rate by sex
555,0,-1,0,of active population aged 15 74,long > term > unemployment > rate > of > active > population > aged > 15 > 74,0,1,1,False,"Long-term unemployment rate, % of active population aged 15-74"
556,0,-1,0,working hours in main job by sex age professional status and occupation,long > working > hours > in > main > job > by > sex > age > professional > status > and > occupation,0,1,1,False,"Long working hours in main job by sex, age, professional status and occupation"
557,0,-1,0,low,low,2,0,6,True,"Low achieving 15-year-olds in reading, mathematics or science | Low achieving 15-year-olds in reading, mathematics or science by sex | Low-wage earners as a proportion of all employees (excluding apprentices) by age"
558,0,-1,0,achieving 15 year olds in reading mathematics or science,low > achieving > 15 > year > olds > in > reading > mathematics > or > science,1,1,2,False,"Low achieving 15-year-olds in reading, mathematics or science | Low achieving 15-year-olds in reading, mathematics or science by sex"
558,1,0,1,by sex,low > achieving > 15 > year > olds > in > reading > mathematics > or > science > by > sex,0,1,1,False,"Low achieving 15-year-olds in reading, mathematics or science by sex"
559,0,-1,0,wage earners as a proportion of all employees excluding apprentices by,low > wage > earners > as > a > proportion > of > all > employees > excluding > apprentices > by,4,0,4,True,Low-wage earners as a proportion of all employees (excluding apprentices) by age | Low-wage earners as a proportion of all employees (excluding apprentices) by educational attainment level | Low-wage earners as a proportion of all employees (excluding apprentices) by employment contract
559,1,0,1,age,low > wage > earners > as > a > proportion > of > all > employees > excluding > apprentices > by > age,0,1,1,False,Low-wage earners as a proportion of all employees (excluding apprentices) by age
559,2,0,1,educational attainment level,low > wage > earners > as > a > proportion > of > all > employees > excluding > apprentices > by > educational > attainment > level,0,1,1,False,Low-wage earners as a proportion of all employees (excluding apprentices) by educational attainment level
559,3,0,1,employment contract,low > wage > earners > as > a > proportion > of > all > employees > excluding > apprentices > by > employment > contract,0,1,1,False,Low-wage earners as a proportion of all employees (excluding apprentices) by employment contract
559,4,0,1,sex,low > wage > earners > as > a > proportion > of > all > employees > excluding > apprentices > by > sex,0,1,1,False,Low-wage earners as a proportion of all employees (excluding apprentices) by sex
560,0,-1,0,main,main,2,0,2,True,Main farm land use | Main flows
561,0,-1,0,farm land use,main > farm > land > use,0,1,1,False,Main farm land use
562,0,-1,0,flows,main > flows,0,1,1,False,Main flows
563,0,-1,0,management,management,1,0,1,False,Management of waste
563,1,0,1,of waste,management > of > waste,0,1,1,False,Management of waste
564,0,-1,0,marine,marine,1,0,1,False,Marine waters affected by eutrophication
564,1,0,1,waters affected by eutrophication,marine > waters > affected > by > eutrophication,0,1,1,False,Marine waters affected by eutrophication
565,0,-1,0,maritime,maritime,6,0,14,True,"Maritime accident victims by sea basin of occurrence and country of registration of vessels | Maritime accident victims by sea basin of occurrence, country of registration of vessels and type of vessels | Maritime equipment - carrying capacity of ships of 1 000 grt and over"
565,1,0,1,goods,maritime > goods,2,0,2,True,Maritime goods short-sea shipping performed in the Exclusive Economic Zone of the countries | Maritime goods transport performed in the Exclusive Economic Zone of the countries
565,2,1,2,short sea shipping performed in the exclusive economic zone of the countries,maritime > goods > short > sea > shipping > performed > in > the > exclusive > economic > zone > of > the > countries,0,1,1,False,Maritime goods short-sea shipping performed in the Exclusive Economic Zone of the countries
565,3,1,2,transport performed in the exclusive economic zone of the countries,maritime > goods > transport > performed > in > the > exclusive > economic > zone > of > the > countries,0,1,1,False,Maritime goods transport performed in the Exclusive Economic Zone of the countries
565,4,0,1,passenger transport performed in the exclusive economic zone of the countries,maritime > passenger > transport > performed > in > the > exclusive > economic > zone > of > the > countries,0,1,1,False,Maritime passenger transport performed in the Exclusive Economic Zone of the countries
565,5,0,1,traffic,maritime > traffic,2,0,2,True,Maritime traffic: passengers and freight | Maritime traffic: ship movements
565,6,5,2,passengers and freight,maritime > traffic > passengers > and > freight,0,1,1,False,Maritime traffic: passengers and freight
565,7,5,2,ship movements,maritime > traffic > ship > movements,0,1,1,False,Maritime traffic: ship movements
565,8,0,1,transport,maritime > transport,2,0,3,True,Maritime transport infrastructure: ports | Maritime transport of freight by NUTS 2 regions | Maritime transport of passengers by NUTS 2 regions
566,0,-1,0,accident victims by sea basin of occurrence,maritime > accident > victims > by > sea > basin > of > occurrence,2,0,2,True,"Maritime accident victims by sea basin of occurrence and country of registration of vessels | Maritime accident victims by sea basin of occurrence, country of registration of vessels and type of vessels"
566,1,0,1,and country of registration of vessels,maritime > accident > victims > by > sea > basin > of > occurrence > and > country > of > registration > of > vessels,0,1,1,False,Maritime accident victims by sea basin of occurrence and country of registration of vessels
566,2,0,1,country of registration of vessels and type of vessels,maritime > accident > victims > by > sea > basin > of > occurrence > country > of > registration > of > vessels > and > type > of > vessels,0,1,1,False,"Maritime accident victims by sea basin of occurrence, country of registration of vessels and type of vessels"
567,0,-1,0,equipment,maritime > equipment,2,0,4,True,Maritime equipment - carrying capacity of ships of 1 000 grt and over | Maritime equipment - carrying capacity of ships of 300 grt and over | Maritime equipment - number of ships of 1 000 grt and over
567,1,0,1,carrying capacity of ships of,maritime > equipment > carrying > capacity > of > ships > of,2,0,2,True,Maritime equipment - carrying capacity of ships of 1 000 grt and over | Maritime equipment - carrying capacity of ships of 300 grt and over
567,2,1,2,1 000 grt and over,maritime > equipment > carrying > capacity > of > ships > of > 1 > 000 > grt > and > over,0,1,1,False,Maritime equipment - carrying capacity of ships of 1 000 grt and over
567,3,1,2,300 grt and over,maritime > equipment > carrying > capacity > of > ships > of > 300 > grt > and > over,0,1,1,False,Maritime equipment - carrying capacity of ships of 300 grt and over
567,4,0,1,number of ships of,maritime > equipment > number > of > ships > of,2,0,2,True,Maritime equipment - number of ships of 1 000 grt and over | Maritime equipment - number of ships of 300 grt and over
567,5,4,2,1 000 grt and over,maritime > equipment > number > of > ships > of > 1 > 000 > grt > and > over,0,1,1,False,Maritime equipment - number of ships of 1 000 grt and over
567,6,4,2,300 grt and over,maritime > equipment > number > of > ships > of > 300 > grt > and > over,0,1,1,False,Maritime equipment - number of ships of 300 grt and over
568,0,-1,0,infrastructure ports,maritime > transport > infrastructure > ports,0,1,1,False,Maritime transport infrastructure: ports
569,0,-1,0,of,maritime > transport > of,2,0,2,True,Maritime transport of freight by NUTS 2 regions | Maritime transport of passengers by NUTS 2 regions
569,1,0,1,freight by nuts 2 regions,maritime > transport > of > freight > by > nuts > 2 > regions,0,1,1,False,Maritime transport of freight by NUTS 2 regions
569,2,0,1,passengers by nuts 2 regions,maritime > transport > of > passengers > by > nuts > 2 > regions,0,1,1,False,Maritime transport of passengers by NUTS 2 regions
570,0,-1,0,market,market,2,0,2,True,Market production - annual data | Market share of the largest generator in the electricity market
571,0,-1,0,production annual data,market > production > annual > data,0,1,1,False,Market production - annual data
572,0,-1,0,share of the largest generator in the electricity market,market > share > of > the > largest > generator > in > the > electricity > market,0,1,1,False,Market share of the largest generator in the electricity market
573,0,-1,0,material,material,4,0,10,True,"Material Deprivation rate by age group - EU-SILC survey | Material Deprivation rate by sex - EU-SILC survey | Material deprivation for the 'Housing' dimension, by age, sex and by number of item of deprivation - EU-SILC survey"
573,1,0,1,deprivation,material > deprivation,2,0,3,True,"Material Deprivation rate by age group - EU-SILC survey | Material Deprivation rate by sex - EU-SILC survey | Material deprivation for the 'Housing' dimension, by age, sex and by number of item of deprivation - EU-SILC survey"
573,2,1,2,rate by,material > deprivation > rate > by,2,0,2,True,Material Deprivation rate by age group - EU-SILC survey | Material Deprivation rate by sex - EU-SILC survey
573,3,2,3,age group eu silc survey,material > deprivation > rate > by > age > group > eu > silc > survey,0,1,1,False,Material Deprivation rate by age group - EU-SILC survey
573,4,2,3,sex eu silc survey,material > deprivation > rate > by > sex > eu > silc > survey,0,1,1,False,Material Deprivation rate by sex - EU-SILC survey
573,5,1,2,for the housing dimension by age sex and by number of item of deprivation eu silc survey,material > deprivation > for > the > housing > dimension > by > age > sex > and > by > number > of > item > of > deprivation > eu > silc > survey,0,1,1,False,"Material deprivation for the 'Housing' dimension, by age, sex and by number of item of deprivation - EU-SILC survey"
573,6,0,1,and social deprivation rate by,material > and > social > deprivation > rate > by,4,0,5,True,"Material and social deprivation rate by NUTS regions | Material and social deprivation rate by age and sex | Material and social deprivation rate by age, sex and educational attainment level"
573,7,6,2,nuts regions,material > and > social > deprivation > rate > by > nuts > regions,0,1,1,False,Material and social deprivation rate by NUTS regions
573,8,6,2,age,material > and > social > deprivation > rate > by > age,2,0,2,True,"Material and social deprivation rate by age and sex | Material and social deprivation rate by age, sex and educational attainment level"
573,9,8,3,and sex,material > and > social > deprivation > rate > by > age > and > sex,0,1,1,False,Material and social deprivation rate by age and sex
573,10,8,3,sex and educational attainment level,material > and > social > deprivation > rate > by > age > sex > and > educational > attainment > level,0,1,1,False,"Material and social deprivation rate by age, sex and educational attainment level"
573,11,6,2,degree of urbanisation,material > and > social > deprivation > rate > by > degree > of > urbanisation,0,1,1,False,Material and social deprivation rate by degree of urbanisation
573,12,6,2,tenure status,material > and > social > deprivation > rate > by > tenure > status,0,1,1,False,Material and social deprivation rate by tenure status
574,0,-1,0,footprint,material > footprint,0,1,1,False,Material footprint
575,0,-1,0,import dependency,material > import > dependency,0,1,1,False,Material import dependency
576,0,-1,0,mean,mean,7,0,17,True,"Mean age at first marriage by sex | Mean age of women at childbirth and at birth of first child | Mean annual earnings by NUTS 1 regions (enterprises with 10 employees or more) - NACE Rev. 1.1, C-O excluding L"
577,0,-1,0,age,mean > age,2,0,2,True,Mean age at first marriage by sex | Mean age of women at childbirth and at birth of first child
578,0,-1,0,at first marriage by sex,mean > age > at > first > marriage > by > sex,0,1,1,False,Mean age at first marriage by sex
579,0,-1,0,of women at childbirth and at birth of first child,mean > age > of > women > at > childbirth > and > at > birth > of > first > child,0,1,1,False,Mean age of women at childbirth and at birth of first child
580,0,-1,0,annual earnings by nuts 1 regions enterprises with 10 employees or more nace rev,mean > annual > earnings > by > nuts > 1 > regions > enterprises > with > 10 > employees > or > more > nace > rev,2,0,2,True,"Mean annual earnings by NUTS 1 regions (enterprises with 10 employees or more) - NACE Rev. 1.1, C-O excluding L | Mean annual earnings by NUTS 1 regions (enterprises with 10 employees or more) - NACE Rev. 2, B-S excluding O"
580,1,0,1,1 1 c o excluding l,mean > annual > earnings > by > nuts > 1 > regions > enterprises > with > 10 > employees > or > more > nace > rev > 1 > 1 > c > o > excluding > l,0,1,1,False,"Mean annual earnings by NUTS 1 regions (enterprises with 10 employees or more) - NACE Rev. 1.1, C-O excluding L"
580,2,0,1,2 b s excluding o,mean > annual > earnings > by > nuts > 1 > regions > enterprises > with > 10 > employees > or > more > nace > rev > 2 > b > s > excluding > o,0,1,1,False,"Mean annual earnings by NUTS 1 regions (enterprises with 10 employees or more) - NACE Rev. 2, B-S excluding O"
581,0,-1,0,consumption expenditure,mean > consumption > expenditure,3,0,4,True,Mean consumption expenditure by number of active persons | Mean consumption expenditure of private households on cultural goods and services by income quintile | Mean consumption expenditure of private households on sporting goods and services by income quintile
581,1,0,1,by number of active persons,mean > consumption > expenditure > by > number > of > active > persons,0,1,1,False,Mean consumption expenditure by number of active persons
581,2,0,1,of private households on,mean > consumption > expenditure > of > private > households > on,2,0,2,True,Mean consumption expenditure of private households on cultural goods and services by income quintile | Mean consumption expenditure of private households on sporting goods and services by income quintile
581,3,2,2,cultural goods and services by income quintile,mean > consumption > expenditure > of > private > households > on > cultural > goods > and > services > by > income > quintile,0,1,1,False,Mean consumption expenditure of private households on cultural goods and services by income quintile
581,4,2,2,sporting goods and services by income quintile,mean > consumption > expenditure > of > private > households > on > sporting > goods > and > services > by > income > quintile,0,1,1,False,Mean consumption expenditure of private households on sporting goods and services by income quintile
581,5,0,1,per household and per adult equivalent,mean > consumption > expenditure > per > household > and > per > adult > equivalent,0,1,1,False,Mean consumption expenditure per household and per adult equivalent
582,0,-1,0,duration of commuting time one way between work and home by sex and age,mean > duration > of > commuting > time > one > way > between > work > and > home > by > sex > and > age,0,1,1,False,Mean duration of commuting time one-way between work and home by sex and age
583,0,-1,0,hourly earnings by nuts 1 regions enterprises with 10 employees or more nace rev,mean > hourly > earnings > by > nuts > 1 > regions > enterprises > with > 10 > employees > or > more > nace > rev,2,0,2,True,"Mean hourly earnings by NUTS 1 regions (enterprises with 10 employees or more) - NACE Rev. 1.1, C-O excluding L | Mean hourly earnings by NUTS 1 regions (enterprises with 10 employees or more) - NACE Rev. 2, B-S excluding O"
583,1,0,1,1 1 c o excluding l,mean > hourly > earnings > by > nuts > 1 > regions > enterprises > with > 10 > employees > or > more > nace > rev > 1 > 1 > c > o > excluding > l,0,1,1,False,"Mean hourly earnings by NUTS 1 regions (enterprises with 10 employees or more) - NACE Rev. 1.1, C-O excluding L"
583,2,0,1,2 b s excluding o,mean > hourly > earnings > by > nuts > 1 > regions > enterprises > with > 10 > employees > or > more > nace > rev > 2 > b > s > excluding > o,0,1,1,False,"Mean hourly earnings by NUTS 1 regions (enterprises with 10 employees or more) - NACE Rev. 2, B-S excluding O"
584,0,-1,0,instruction hours per,mean > instruction > hours > per,2,0,5,True,Mean instruction hours per employed participant in non-formal education and training by sex and NACE Rev. 1.1 activity | Mean instruction hours per employed participant in non-formal education and training by sex and occupation | Mean instruction hours per participant in non-formal education and training by field of learning
584,1,0,1,employed participant in non formal education and training by sex and,mean > instruction > hours > per > employed > participant > in > non > formal > education > and > training > by > sex > and,2,0,2,True,Mean instruction hours per employed participant in non-formal education and training by sex and NACE Rev. 1.1 activity | Mean instruction hours per employed participant in non-formal education and training by sex and occupation
584,2,1,2,nace rev 1 1 activity,mean > instruction > hours > per > employed > participant > in > non > formal > education > and > training > by > sex > and > nace > rev > 1 > 1 > activity,0,1,1,False,Mean instruction hours per employed participant in non-formal education and training by sex and NACE Rev. 1.1 activity
584,3,1,2,occupation,mean > instruction > hours > per > employed > participant > in > non > formal > education > and > training > by > sex > and > occupation,0,1,1,False,Mean instruction hours per employed participant in non-formal education and training by sex and occupation
584,4,0,1,participant in non formal education and training by,mean > instruction > hours > per > participant > in > non > formal > education > and > training > by,2,0,3,True,Mean instruction hours per participant in non-formal education and training by field of learning | Mean instruction hours per participant in non-formal education and training by sex and age | Mean instruction hours per participant in non-formal education and training by sex and labour status
584,5,4,2,field of learning,mean > instruction > hours > per > participant > in > non > formal > education > and > training > by > field > of > learning,0,1,1,False,Mean instruction hours per participant in non-formal education and training by field of learning
584,6,4,2,sex and,mean > instruction > hours > per > participant > in > non > formal > education > and > training > by > sex > and,2,0,2,True,Mean instruction hours per participant in non-formal education and training by sex and age | Mean instruction hours per participant in non-formal education and training by sex and labour status
584,7,6,3,age,mean > instruction > hours > per > participant > in > non > formal > education > and > training > by > sex > and > age,0,1,1,False,Mean instruction hours per participant in non-formal education and training by sex and age
584,8,6,3,labour status,mean > instruction > hours > per > participant > in > non > formal > education > and > training > by > sex > and > labour > status,0,1,1,False,Mean instruction hours per participant in non-formal education and training by sex and labour status
585,0,-1,0,number of deprivation items among the children deprived children aged less than 16 years,mean > number > of > deprivation > items > among > the > children > deprived > children > aged > less > than > 16 > years,0,1,1,False,Mean number of deprivation items among the children deprived (children aged less than 16 years)
586,0,-1,0,meat,meat,2,0,2,True,Meat (total production) | Meat production
586,1,0,1,total production,meat > total > production,0,1,1,False,Meat (total production)
586,2,0,1,production,meat > production,0,1,1,False,Meat production
587,0,-1,0,median,median,6,0,17,True,"Median age by sex | Median age of residents by sex and country of birth | Median hourly earnings, all employees (excluding apprentices) by age"
587,1,0,1,relative income of elderly people,median > relative > income > of > elderly > people,2,0,2,True,Median relative income of elderly people (60+) - EU-SILC survey | Median relative income of elderly people - EU-SILC survey
587,2,1,2,60 eu silc survey,median > relative > income > of > elderly > people > 60 > eu > silc > survey,0,1,1,False,Median relative income of elderly people (60+) - EU-SILC survey
587,3,1,2,eu silc survey,median > relative > income > of > elderly > people > eu > silc > survey,0,1,1,False,Median relative income of elderly people - EU-SILC survey
588,0,-1,0,age,median > age,2,0,2,True,Median age by sex | Median age of residents by sex and country of birth
588,1,0,1,by sex,median > age > by > sex,0,1,1,False,Median age by sex
588,2,0,1,of residents by sex and country of birth,median > age > of > residents > by > sex > and > country > of > birth,0,1,1,False,Median age of residents by sex and country of birth
589,0,-1,0,hourly earnings all employees excluding apprentices by,median > hourly > earnings > all > employees > excluding > apprentices > by,2,0,2,True,"Median hourly earnings, all employees (excluding apprentices) by age | Median hourly earnings, all employees (excluding apprentices) by sex"
589,1,0,1,age,median > hourly > earnings > all > employees > excluding > apprentices > by > age,0,1,1,False,"Median hourly earnings, all employees (excluding apprentices) by age"
589,2,0,1,sex,median > hourly > earnings > all > employees > excluding > apprentices > by > sex,0,1,1,False,"Median hourly earnings, all employees (excluding apprentices) by sex"
590,0,-1,0,number of weekly hours of,median > number > of > weekly > hours > of,2,0,2,True,Median number of weekly hours of formal care by age group - children with at least 1 hour of formal care - EU-SILC survey | Median number of weekly hours of other types of care by age group - children with at least one hour of other types of care - EU-SILC survey
590,1,0,1,formal care by age group children with at least 1 hour of formal care eu silc survey,median > number > of > weekly > hours > of > formal > care > by > age > group > children > with > at > least > 1 > hour > of > formal > care > eu > silc > survey,0,1,1,False,Median number of weekly hours of formal care by age group - children with at least 1 hour of formal care - EU-SILC survey
590,2,0,1,other types of care by age group children with at least one hour of other types of care eu silc survey,median > number > of > weekly > hours > of > other > types > of > care > by > age > group > children > with > at > least > one > hour > of > other > types > of > care > eu > silc > survey,0,1,1,False,Median number of weekly hours of other types of care by age group - children with at least one hour of other types of care - EU-SILC survey
591,0,-1,0,of the housing cost burden distribution by,median > of > the > housing > cost > burden > distribution > by,4,0,4,True,Median of the housing cost burden distribution by age group - EU-SILC survey | Median of the housing cost burden distribution by degree of urbanisation - EU-SILC survey | Median of the housing cost burden distribution by poverty status - EU-SILC survey
591,1,0,1,age group eu silc survey,median > of > the > housing > cost > burden > distribution > by > age > group > eu > silc > survey,0,1,1,False,Median of the housing cost burden distribution by age group - EU-SILC survey
591,2,0,1,degree of urbanisation eu silc survey,median > of > the > housing > cost > burden > distribution > by > degree > of > urbanisation > eu > silc > survey,0,1,1,False,Median of the housing cost burden distribution by degree of urbanisation - EU-SILC survey
591,3,0,1,poverty status eu silc survey,median > of > the > housing > cost > burden > distribution > by > poverty > status > eu > silc > survey,0,1,1,False,Median of the housing cost burden distribution by poverty status - EU-SILC survey
591,4,0,1,sex eu silc survey,median > of > the > housing > cost > burden > distribution > by > sex > eu > silc > survey,0,1,1,False,Median of the housing cost burden distribution by sex - EU-SILC survey
592,0,-1,0,saving rate by,median > saving > rate > by,5,0,5,True,Median saving rate by activity status of the reference person - experimental statistics | Median saving rate by degree of urbanisation - experimental statistics | Median saving rate by household type - experimental statistics
592,1,0,1,activity status of the reference person experimental statistics,median > saving > rate > by > activity > status > of > the > reference > person > experimental > statistics,0,1,1,False,Median saving rate by activity status of the reference person - experimental statistics
592,2,0,1,degree of urbanisation experimental statistics,median > saving > rate > by > degree > of > urbanisation > experimental > statistics,0,1,1,False,Median saving rate by degree of urbanisation - experimental statistics
592,3,0,1,household type experimental statistics,median > saving > rate > by > household > type > experimental > statistics,0,1,1,False,Median saving rate by household type - experimental statistics
592,4,0,1,income quintile experimental statistics,median > saving > rate > by > income > quintile > experimental > statistics,0,1,1,False,Median saving rate by income quintile - experimental statistics
592,5,0,1,the self declared level of difficulty to make ends meet experimental statistics,median > saving > rate > by > the > self > declared > level > of > difficulty > to > make > ends > meet > experimental > statistics,0,1,1,False,Median saving rate by the self-declared level of difficulty to make ends meet - experimental statistics
593,0,-1,0,minimum,minimum,1,0,1,False,Minimum wages
593,1,0,1,wages,minimum > wages,0,1,1,False,Minimum wages
594,0,-1,0,modal,modal,2,0,5,True,"Modal shift potential of long-distance road freight in containers - tonne | Modal shift potential of long-distance road freight in containers - tonne-kilometre | Modal split of air, sea and inland freight transport"
595,0,-1,0,shift potential of long distance road freight in containers tonne,modal > shift > potential > of > long > distance > road > freight > in > containers > tonne,1,1,2,False,Modal shift potential of long-distance road freight in containers - tonne | Modal shift potential of long-distance road freight in containers - tonne-kilometre
595,1,0,1,kilometre,modal > shift > potential > of > long > distance > road > freight > in > containers > tonne > kilometre,0,1,1,False,Modal shift potential of long-distance road freight in containers - tonne-kilometre
596,0,-1,0,split of,modal > split > of,2,0,3,True,"Modal split of air, sea and inland freight transport | Modal split of air, sea and inland passenger transport | Modal split of inland freight transport"
596,1,0,1,air sea and inland,modal > split > of > air > sea > and > inland,2,0,2,True,"Modal split of air, sea and inland freight transport | Modal split of air, sea and inland passenger transport"
596,2,1,2,freight transport,modal > split > of > air > sea > and > inland > freight > transport,0,1,1,False,"Modal split of air, sea and inland freight transport"
596,3,1,2,passenger transport,modal > split > of > air > sea > and > inland > passenger > transport,0,1,1,False,"Modal split of air, sea and inland passenger transport"
596,4,0,1,inland freight transport,modal > split > of > inland > freight > transport,0,1,1,False,Modal split of inland freight transport
597,0,-1,0,money,money,2,0,3,True,Money market interest rates | Money market interest rates - annual data | Money supply and official reserves
598,0,-1,0,market interest rates,money > market > interest > rates,1,1,2,False,Money market interest rates | Money market interest rates - annual data
598,1,0,1,annual data,money > market > interest > rates > annual > data,0,1,1,False,Money market interest rates - annual data
599,0,-1,0,supply and official reserves,money > supply > and > official > reserves,0,1,1,False,Money supply and official reserves
600,0,-1,0,monthly,monthly,2,0,6,True,"Monthly earnings by economic control (enterprises with 10 employed persons or more) - NACE Rev. 1.1, C-O excluding L | Monthly earnings by economic control (enterprises with 10 employed persons or more) - NACE Rev. 2, B-S excluding O | Monthly earnings by quantiles and contractual working time (enterprises with 10 employed persons or more) - NACE Rev. 1.1, C-O excluding L"
601,0,-1,0,earnings by,monthly > earnings > by,2,0,4,True,"Monthly earnings by economic control (enterprises with 10 employed persons or more) - NACE Rev. 1.1, C-O excluding L | Monthly earnings by economic control (enterprises with 10 employed persons or more) - NACE Rev. 2, B-S excluding O | Monthly earnings by quantiles and contractual working time (enterprises with 10 employed persons or more) - NACE Rev. 1.1, C-O excluding L"
601,1,0,1,economic control enterprises with 10 employed persons or more nace rev,monthly > earnings > by > economic > control > enterprises > with > 10 > employed > persons > or > more > nace > rev,2,0,2,True,"Monthly earnings by economic control (enterprises with 10 employed persons or more) - NACE Rev. 1.1, C-O excluding L | Monthly earnings by economic control (enterprises with 10 employed persons or more) - NACE Rev. 2, B-S excluding O"
601,2,1,2,1 1 c o excluding l,monthly > earnings > by > economic > control > enterprises > with > 10 > employed > persons > or > more > nace > rev > 1 > 1 > c > o > excluding > l,0,1,1,False,"Monthly earnings by economic control (enterprises with 10 employed persons or more) - NACE Rev. 1.1, C-O excluding L"
601,3,1,2,2 b s excluding o,monthly > earnings > by > economic > control > enterprises > with > 10 > employed > persons > or > more > nace > rev > 2 > b > s > excluding > o,0,1,1,False,"Monthly earnings by economic control (enterprises with 10 employed persons or more) - NACE Rev. 2, B-S excluding O"
601,4,0,1,quantiles and contractual working time enterprises with 10 employed persons or more nace rev,monthly > earnings > by > quantiles > and > contractual > working > time > enterprises > with > 10 > employed > persons > or > more > nace > rev,2,0,2,True,"Monthly earnings by quantiles and contractual working time (enterprises with 10 employed persons or more) - NACE Rev. 1.1, C-O excluding L | Monthly earnings by quantiles and contractual working time (enterprises with 10 employed persons or more) - NACE Rev. 2, B-S excluding O"
601,5,4,2,1 1 c o excluding l,monthly > earnings > by > quantiles > and > contractual > working > time > enterprises > with > 10 > employed > persons > or > more > nace > rev > 1 > 1 > c > o > excluding > l,0,1,1,False,"Monthly earnings by quantiles and contractual working time (enterprises with 10 employed persons or more) - NACE Rev. 1.1, C-O excluding L"
601,6,4,2,2 b s excluding o,monthly > earnings > by > quantiles > and > contractual > working > time > enterprises > with > 10 > employed > persons > or > more > nace > rev > 2 > b > s > excluding > o,0,1,1,False,"Monthly earnings by quantiles and contractual working time (enterprises with 10 employed persons or more) - NACE Rev. 2, B-S excluding O"
602,0,-1,0,minimum wage as a proportion of average monthly earnings nace rev,monthly > minimum > wage > as > a > proportion > of > average > monthly > earnings > nace > rev,2,0,2,True,Monthly minimum wage as a proportion of average monthly earnings (%) - NACE Rev. 1.1 | Monthly minimum wage as a proportion of average monthly earnings (%) - NACE Rev. 2 (from onwards)
602,1,0,1,1 1,monthly > minimum > wage > as > a > proportion > of > average > monthly > earnings > nace > rev > 1 > 1,0,1,1,False,Monthly minimum wage as a proportion of average monthly earnings (%) - NACE Rev. 1.1
602,2,0,1,2 from onwards,monthly > minimum > wage > as > a > proportion > of > average > monthly > earnings > nace > rev > 2 > from > onwards,0,1,1,False,Monthly minimum wage as a proportion of average monthly earnings (%) - NACE Rev. 2 (from onwards)
603,0,-1,0,motor,motor,1,0,1,False,"Motor coaches, buses and trolley buses, by type of vehicle"
603,1,0,1,coaches buses and trolley buses by type of vehicle,motor > coaches > buses > and > trolley > buses > by > type > of > vehicle,0,1,1,False,"Motor coaches, buses and trolley buses, by type of vehicle"
604,0,-1,0,motorcycles,motorcycles,1,0,1,False,Motorcycles by engine size
604,1,0,1,by engine size,motorcycles > by > engine > size,0,1,1,False,Motorcycles by engine size
605,0,-1,0,multinational,multinational,1,0,2,False,"Multinational enterprise groups in EU-EFTA countries by controlling country - experimental statistics | Multinational enterprise groups in EU-EFTA countries by controlling country, size class and NACE Rev.2 activity - experimental statistics"
605,1,0,1,enterprise groups in eu efta countries by controlling country,multinational > enterprise > groups > in > eu > efta > countries > by > controlling > country,2,0,2,True,"Multinational enterprise groups in EU-EFTA countries by controlling country - experimental statistics | Multinational enterprise groups in EU-EFTA countries by controlling country, size class and NACE Rev.2 activity - experimental statistics"
605,2,1,2,experimental statistics,multinational > enterprise > groups > in > eu > efta > countries > by > controlling > country > experimental > statistics,0,1,1,False,Multinational enterprise groups in EU-EFTA countries by controlling country - experimental statistics
605,3,1,2,size class and nace rev 2 activity experimental statistics,multinational > enterprise > groups > in > eu > efta > countries > by > controlling > country > size > class > and > nace > rev > 2 > activity > experimental > statistics,0,1,1,False,"Multinational enterprise groups in EU-EFTA countries by controlling country, size class and NACE Rev.2 activity - experimental statistics"
606,0,-1,0,municipal,municipal,1,0,3,False,Municipal waste | Municipal waste generated | Municipal waste per inhabitant
606,1,0,1,waste,municipal > waste,2,1,3,True,Municipal waste | Municipal waste generated | Municipal waste per inhabitant
606,2,1,2,generated,municipal > waste > generated,0,1,1,False,Municipal waste generated
606,3,1,2,per inhabitant,municipal > waste > per > inhabitant,0,1,1,False,Municipal waste per inhabitant
607,0,-1,0,national,national,4,0,5,True,National civil servants in central public administration | National expenditure on environmental protection | National passenger road transport performance by type of vehicles registered in the reporting country
608,0,-1,0,civil servants in central public administration,national > civil > servants > in > central > public > administration,0,1,1,False,National civil servants in central public administration
609,0,-1,0,expenditure on environmental protection,national > expenditure > on > environmental > protection,0,1,1,False,National expenditure on environmental protection
610,0,-1,0,passenger road transport performance by type of vehicles registered in the reporting country,national > passenger > road > transport > performance > by > type > of > vehicles > registered > in > the > reporting > country,0,1,1,False,National passenger road transport performance by type of vehicles registered in the reporting country
611,0,-1,0,road freight transport by region of,national > road > freight > transport > by > region > of,2,0,2,True,National road freight transport by region of loading (NUTS 3) and type of goods (t) - annual data (from onwards) | National road freight transport by region of unloading (NUTS 3) and type of goods (t) - annual data (from onwards)
611,1,0,1,loading nuts 3 and type of goods t annual data from onwards,national > road > freight > transport > by > region > of > loading > nuts > 3 > and > type > of > goods > t > annual > data > from > onwards,0,1,1,False,National road freight transport by region of loading (NUTS 3) and type of goods (t) - annual data (from onwards)
611,2,0,1,unloading nuts 3 and type of goods t annual data from onwards,national > road > freight > transport > by > region > of > unloading > nuts > 3 > and > type > of > goods > t > annual > data > from > onwards,0,1,1,False,National road freight transport by region of unloading (NUTS 3) and type of goods (t) - annual data (from onwards)
612,0,-1,0,natura,natura,1,0,1,False,Natura protected areas
612,1,0,1,protected areas,natura > protected > areas,0,1,1,False,Natura protected areas
613,0,-1,0,natural,natural,1,0,1,False,Natural gas import dependency by country of origin
613,1,0,1,gas import dependency by country of origin,natural > gas > import > dependency > by > country > of > origin,0,1,1,False,Natural gas import dependency by country of origin
614,0,-1,0,navigable,navigable,1,0,1,False,"Navigable inland waterways, by horizontal dimensions of vessels and pushed convoys"
614,1,0,1,inland waterways by horizontal dimensions of vessels and pushed convoys,navigable > inland > waterways > by > horizontal > dimensions > of > vessels > and > pushed > convoys,0,1,1,False,"Navigable inland waterways, by horizontal dimensions of vessels and pushed convoys"
615,0,-1,0,net,net,7,0,11,True,"Net Lending/Borrowing (current and capital account) - annual data | Net enrolment rates by sex and education level | Net external debt - annual data, % of GDP"
616,0,-1,0,lending borrowing current and capital account annual data,net > lending > borrowing > current > and > capital > account > annual > data,0,1,1,False,Net Lending/Borrowing (current and capital account) - annual data
617,0,-1,0,enrolment rates by sex and education level,net > enrolment > rates > by > sex > and > education > level,0,1,1,False,Net enrolment rates by sex and education level
618,0,-1,0,external debt,net > external > debt,2,0,2,True,"Net external debt - annual data, % of GDP | Net external debt - quarterly data, % of GDP"
618,1,0,1,annual data of gdp,net > external > debt > annual > data > of > gdp,0,1,1,False,"Net external debt - annual data, % of GDP"
618,2,0,1,quarterly data of gdp,net > external > debt > quarterly > data > of > gdp,0,1,1,False,"Net external debt - quarterly data, % of GDP"
619,0,-1,0,international investment position,net > international > investment > position,3,0,3,True,"Net international investment position - annual data | Net international investment position - quarterly data, % of GDP | Net international investment position excluding non-defaultable instruments - % of GDP"
619,1,0,1,annual data,net > international > investment > position > annual > data,0,1,1,False,Net international investment position - annual data
619,2,0,1,quarterly data of gdp,net > international > investment > position > quarterly > data > of > gdp,0,1,1,False,"Net international investment position - quarterly data, % of GDP"
619,3,0,1,excluding non defaultable instruments of gdp,net > international > investment > position > excluding > non > defaultable > instruments > of > gdp,0,1,1,False,Net international investment position excluding non-defaultable instruments - % of GDP
620,0,-1,0,occupancy rate of bed places and bedrooms in hotels and similar,net > occupancy > rate > of > bed > places > and > bedrooms > in > hotels > and > similar,2,0,2,True,"Net occupancy rate of bed-places and bedrooms in hotels and similar accommodation (NACE Rev. 2, I, 55.1) (from onwards) | Net occupancy rate of bed-places and bedrooms in hotels and similar accommodations (NACE Rev. 2, I, 55.1) - monthly data"
620,1,0,1,accommodation nace rev 2 i 55 1 from onwards,net > occupancy > rate > of > bed > places > and > bedrooms > in > hotels > and > similar > accommodation > nace > rev > 2 > i > 55 > 1 > from > onwards,0,1,1,False,"Net occupancy rate of bed-places and bedrooms in hotels and similar accommodation (NACE Rev. 2, I, 55.1) (from onwards)"
620,2,0,1,accommodations nace rev 2 i 55 1 monthly data,net > occupancy > rate > of > bed > places > and > bedrooms > in > hotels > and > similar > accommodations > nace > rev > 2 > i > 55 > 1 > monthly > data,0,1,1,False,"Net occupancy rate of bed-places and bedrooms in hotels and similar accommodations (NACE Rev. 2, I, 55.1) - monthly data"
621,0,-1,0,social protection benefits,net > social > protection > benefits,0,1,1,False,Net social protection benefits
622,0,-1,0,trade balance of energy products of gdp,net > trade > balance > of > energy > products > of > gdp,0,1,1,False,Net trade balance of energy products - % of GDP
623,0,-1,0,new,new,10,0,12,True,"New lorries by alternative motor energy and load capacity of +/- 1500 kg (until | New mopeds and motorcycles by type of motor energy | New motor coaches, buses and trolley buses , by type of vehicles"
623,1,0,1,lorries by alternative motor energy and load capacity of 1500 kg until,new > lorries > by > alternative > motor > energy > and > load > capacity > of > 1500 > kg > until,0,1,1,False,New lorries by alternative motor energy and load capacity of +/- 1500 kg (until
623,2,0,1,motor coaches buses and trolley buses by type of,new > motor > coaches > buses > and > trolley > buses > by > type > of,2,0,2,True,"New motor coaches, buses and trolley buses , by type of vehicles | New motor coaches, buses and trolley buses by type of motor energy (until"
623,3,2,2,vehicles,new > motor > coaches > buses > and > trolley > buses > by > type > of > vehicles,0,1,1,False,"New motor coaches, buses and trolley buses , by type of vehicles"
623,4,2,2,motor energy until,new > motor > coaches > buses > and > trolley > buses > by > type > of > motor > energy > until,0,1,1,False,"New motor coaches, buses and trolley buses by type of motor energy (until"
623,5,0,1,passenger cars motor coaches buses and trolley buses by alternative motor energy until,new > passenger > cars > motor > coaches > buses > and > trolley > buses > by > alternative > motor > energy > until,0,1,1,False,"New passenger cars, motor coaches, buses and trolley buses by alternative motor energy (until"
623,6,0,1,road tractors by type of motor energy until,new > road > tractors > by > type > of > motor > energy > until,0,1,1,False,New road tractors by type of motor energy (until
624,0,-1,0,mopeds and motorcycles by type of motor energy,new > mopeds > and > motorcycles > by > type > of > motor > energy,0,1,1,False,New mopeds and motorcycles by type of motor energy
625,0,-1,0,motorcycles by engine size,new > motorcycles > by > engine > size,0,1,1,False,New motorcycles by engine size
626,0,-1,0,semi trailers and their load capacity by permissible maximum gross weight,new > semi > trailers > and > their > load > capacity > by > permissible > maximum > gross > weight,0,1,1,False,"New semi-trailers and their load capacity, by permissible maximum gross weight"
627,0,-1,0,special purpose road vehicles,new > special > purpose > road > vehicles,0,1,1,False,New special purpose road vehicles
628,0,-1,0,trailers and their load capacity,new > trailers > and > their > load > capacity,2,0,2,True,"New trailers and their load capacity (until | New trailers and their load capacity, by permissible maximum gross weight"
628,1,0,1,until,new > trailers > and > their > load > capacity > until,0,1,1,False,New trailers and their load capacity (until
628,2,0,1,by permissible maximum gross weight,new > trailers > and > their > load > capacity > by > permissible > maximum > gross > weight,0,1,1,False,"New trailers and their load capacity, by permissible maximum gross weight"
629,0,-1,0,trams,new > trams,0,1,1,False,New trams
630,0,-1,0,newly,newly,1,0,1,False,Newly employed
630,1,0,1,employed,newly > employed,0,1,1,False,Newly employed
631,0,-1,0,nights,nights,1,0,5,False,Nights spent at tourism accommodation establishments | Nights spent at tourist accommodation establishments by country/world region of residence of the tourist | Nights spent at tourist accommodation establishments by residents/non-residents
631,1,0,1,spent,nights > spent,2,0,5,True,Nights spent at tourism accommodation establishments | Nights spent at tourist accommodation establishments by country/world region of residence of the tourist | Nights spent at tourist accommodation establishments by residents/non-residents
631,2,1,2,at,nights > spent > at,2,0,4,True,Nights spent at tourism accommodation establishments | Nights spent at tourist accommodation establishments by country/world region of residence of the tourist | Nights spent at tourist accommodation establishments by residents/non-residents
631,3,2,3,tourism accommodation establishments,nights > spent > at > tourism > accommodation > establishments,0,1,1,False,Nights spent at tourism accommodation establishments
631,4,2,3,tourist accommodation establishments by,nights > spent > at > tourist > accommodation > establishments > by,2,0,3,True,Nights spent at tourist accommodation establishments by country/world region of residence of the tourist | Nights spent at tourist accommodation establishments by residents/non-residents | Nights spent at tourist accommodation establishments by residents/non-residents - monthly data
631,5,4,4,country world region of residence of the tourist,nights > spent > at > tourist > accommodation > establishments > by > country > world > region > of > residence > of > the > tourist,0,1,1,False,Nights spent at tourist accommodation establishments by country/world region of residence of the tourist
631,6,4,4,residents non residents,nights > spent > at > tourist > accommodation > establishments > by > residents > non > residents,1,1,2,False,Nights spent at tourist accommodation establishments by residents/non-residents | Nights spent at tourist accommodation establishments by residents/non-residents - monthly data
631,7,6,5,monthly data,nights > spent > at > tourist > accommodation > establishments > by > residents > non > residents > monthly > data,0,1,1,False,Nights spent at tourist accommodation establishments by residents/non-residents - monthly data
631,8,1,2,by type of accommodation,nights > spent > by > type > of > accommodation,0,1,1,False,Nights spent by type of accommodation
632,0,-1,0,nitrate,nitrate,1,0,1,False,Nitrate in groundwater
632,1,0,1,in groundwater,nitrate > in > groundwater,0,1,1,False,Nitrate in groundwater
633,0,-1,0,nitrogen,nitrogen,1,0,1,False,"Nitrogen dioxide concentrations in European capital cities - monthly averages, experimental statistics"
633,1,0,1,dioxide concentrations in european capital cities monthly averages experimental statistics,nitrogen > dioxide > concentrations > in > european > capital > cities > monthly > averages > experimental > statistics,0,1,1,False,"Nitrogen dioxide concentrations in European capital cities - monthly averages, experimental statistics"
634,0,-1,0,nominal,nominal,3,0,6,True,Nominal effective exchange rate – 42 trading partners | Nominal effective exchange rate – euro area trading partners | Nominal labour productivity per person employed
634,1,0,1,labour productivity per person employed,nominal > labour > productivity > per > person > employed,0,1,1,False,Nominal labour productivity per person employed
635,0,-1,0,effective exchange rate,nominal > effective > exchange > rate,2,0,2,True,Nominal effective exchange rate – 42 trading partners | Nominal effective exchange rate – euro area trading partners
635,1,0,1,42 trading partners,nominal > effective > exchange > rate > 42 > trading > partners,0,1,1,False,Nominal effective exchange rate – 42 trading partners
635,2,0,1,euro area trading partners,nominal > effective > exchange > rate > euro > area > trading > partners,0,1,1,False,Nominal effective exchange rate – euro area trading partners
636,0,-1,0,unit labour cost,nominal > unit > labour > cost,2,0,3,True,"Nominal unit labour cost growth | Nominal unit labour cost per hour worked - 3 years % change | Nominal unit labour cost per hour worked - annual data, % changes and index = 100)"
636,1,0,1,growth,nominal > unit > labour > cost > growth,0,1,1,False,Nominal unit labour cost growth
636,2,0,1,per hour worked,nominal > unit > labour > cost > per > hour > worked,2,0,2,True,"Nominal unit labour cost per hour worked - 3 years % change | Nominal unit labour cost per hour worked - annual data, % changes and index = 100)"
636,3,2,2,3 years change,nominal > unit > labour > cost > per > hour > worked > 3 > years > change,0,1,1,False,Nominal unit labour cost per hour worked - 3 years % change
636,4,2,2,annual data changes and index 100,nominal > unit > labour > cost > per > hour > worked > annual > data > changes > and > index > 100,0,1,1,False,"Nominal unit labour cost per hour worked - annual data, % changes and index = 100)"
637,0,-1,0,non,non,4,0,6,True,"Non-autonomous pension funds | Non-financial accounts for institutions | Non-financial corporations debt - consolidated, % of GDP"
638,0,-1,0,autonomous pension funds,non > autonomous > pension > funds,0,1,1,False,Non-autonomous pension funds
639,0,-1,0,financial,non > financial,2,0,2,True,"Non-financial accounts for institutions | Non-financial corporations debt - consolidated, % of GDP"
640,0,-1,0,accounts for institutions,non > financial > accounts > for > institutions,0,1,1,False,Non-financial accounts for institutions
641,0,-1,0,corporations debt consolidated of gdp,non > financial > corporations > debt > consolidated > of > gdp,0,1,1,False,"Non-financial corporations debt - consolidated, % of GDP"
642,0,-1,0,household consumption volumes of,non > household > consumption > volumes > of,2,0,2,True,Non-household consumption volumes of electricity by consumption bands | Non-household consumption volumes of gas by consumption bands
642,1,0,1,electricity by consumption bands,non > household > consumption > volumes > of > electricity > by > consumption > bands,0,1,1,False,Non-household consumption volumes of electricity by consumption bands
642,2,0,1,gas by consumption bands,non > household > consumption > volumes > of > gas > by > consumption > bands,0,1,1,False,Non-household consumption volumes of gas by consumption bands
643,0,-1,0,residents among all hospital discharges,non > residents > among > all > hospital > discharges,0,1,1,False,"Non-residents among all hospital discharges, %"
644,0,-1,0,number,number,2,0,27,True,Number and length of district networks by type of network and efficiency of network | Number of accidents at work by NACE Rev. 1.1 activity and employment status | Number of accidents at work by NACE Rev. 1.1 activity and severity
645,0,-1,0,and length of district networks by type of network and efficiency of network,number > and > length > of > district > networks > by > type > of > network > and > efficiency > of > network,0,1,1,False,Number and length of district networks by type of network and efficiency of network
646,0,-1,0,of,number > of,18,0,26,True,Number of accidents at work by NACE Rev. 1.1 activity and employment status | Number of accidents at work by NACE Rev. 1.1 activity and severity | Number of accidents at work by NACE Rev. 1.1 activity and size of enterprise
647,0,-1,0,accidents at work by,number > of > accidents > at > work > by,2,0,4,True,Number of accidents at work by NACE Rev. 1.1 activity and employment status | Number of accidents at work by NACE Rev. 1.1 activity and severity | Number of accidents at work by NACE Rev. 1.1 activity and size of enterprise
648,0,-1,0,nace rev 1 1 activity and,number > of > accidents > at > work > by > nace > rev > 1 > 1 > activity > and,3,0,3,True,Number of accidents at work by NACE Rev. 1.1 activity and employment status | Number of accidents at work by NACE Rev. 1.1 activity and severity | Number of accidents at work by NACE Rev. 1.1 activity and size of enterprise
648,1,0,1,employment status,number > of > accidents > at > work > by > nace > rev > 1 > 1 > activity > and > employment > status,0,1,1,False,Number of accidents at work by NACE Rev. 1.1 activity and employment status
648,2,0,1,severity,number > of > accidents > at > work > by > nace > rev > 1 > 1 > activity > and > severity,0,1,1,False,Number of accidents at work by NACE Rev. 1.1 activity and severity
648,3,0,1,size of enterprise,number > of > accidents > at > work > by > nace > rev > 1 > 1 > activity > and > size > of > enterprise,0,1,1,False,Number of accidents at work by NACE Rev. 1.1 activity and size of enterprise
649,0,-1,0,part of body injured and severity,number > of > accidents > at > work > by > part > of > body > injured > and > severity,0,1,1,False,Number of accidents at work by part of body injured and severity
650,0,-1,0,accounts linked to cpa categories,number > of > accounts > linked > to > cpa > categories,0,1,1,False,Number of accounts linked to CPA categories
651,0,-1,0,airports,number > of > airports,0,1,1,False,Number of airports
652,0,-1,0,bed places,number > of > bed > places,1,1,3,False,Number of bed-places | Number of bed places in hotels and similar accommodation | Number of bed places in hotels and similar accomodation
652,1,0,1,in hotels and similar,number > of > bed > places > in > hotels > and > similar,2,0,2,True,Number of bed places in hotels and similar accommodation | Number of bed places in hotels and similar accomodation
652,2,1,2,accommodation,number > of > bed > places > in > hotels > and > similar > accommodation,0,1,1,False,Number of bed places in hotels and similar accommodation
652,3,1,2,accomodation,number > of > bed > places > in > hotels > and > similar > accomodation,0,1,1,False,Number of bed places in hotels and similar accomodation
653,0,-1,0,bovine animals,number > of > bovine > animals,0,1,1,False,Number of bovine animals
654,0,-1,0,branches in non eea countries,number > of > branches > in > non > eea > countries,0,1,1,False,Number of branches in non-EEA countries
655,0,-1,0,compulsory schooling years,number > of > compulsory > schooling > years,0,1,1,False,Number of compulsory schooling years
656,0,-1,0,dairy cows,number > of > dairy > cows,0,1,1,False,Number of dairy cows
657,0,-1,0,enterprises carrying out cross border trade by,number > of > enterprises > carrying > out > cross > border > trade > by,3,0,3,True,Number of enterprises carrying out cross border trade by employment size class | Number of enterprises carrying out cross border trade by reasons for cross border trade and employment size class | Number of enterprises carrying out cross border trade by type of cross border trade and employment size class
657,1,0,1,employment size class,number > of > enterprises > carrying > out > cross > border > trade > by > employment > size > class,0,1,1,False,Number of enterprises carrying out cross border trade by employment size class
657,2,0,1,reasons for cross border trade and employment size class,number > of > enterprises > carrying > out > cross > border > trade > by > reasons > for > cross > border > trade > and > employment > size > class,0,1,1,False,Number of enterprises carrying out cross border trade by reasons for cross border trade and employment size class
657,3,0,1,type of cross border trade and employment size class,number > of > enterprises > carrying > out > cross > border > trade > by > type > of > cross > border > trade > and > employment > size > class,0,1,1,False,Number of enterprises carrying out cross border trade by type of cross border trade and employment size class
658,0,-1,0,establishments and bed places,number > of > establishments > and > bed > places,0,1,1,False,Number of establishments and bed-places
659,0,-1,0,known species,number > of > known > species,0,1,1,False,Number of known species
660,0,-1,0,loans and advances to customers linked to cpa categories,number > of > loans > and > advances > to > customers > linked > to > cpa > categories,0,1,1,False,Number of loans and advances to customers linked to CPA categories
661,0,-1,0,pigs,number > of > pigs,0,1,1,False,Number of pigs
662,0,-1,0,principal ports,number > of > principal > ports,0,1,1,False,Number of principal ports
663,0,-1,0,railway vehicles per type,number > of > railway > vehicles > per > type,0,1,1,False,Number of railway vehicles per type
664,0,-1,0,sheep,number > of > sheep,0,1,1,False,Number of sheep
665,0,-1,0,ships of,number > of > ships > of,2,0,2,True,Number of ships of 1000 grt and over by type | Number of ships of 300 grt and over
665,1,0,1,1000 grt and over by type,number > of > ships > of > 1000 > grt > and > over > by > type,0,1,1,False,Number of ships of 1000 grt and over by type
665,2,0,1,300 grt and over,number > of > ships > of > 300 > grt > and > over,0,1,1,False,Number of ships of 300 grt and over
666,0,-1,0,work related health problems by diagnosis group sex and number of complaints per victim,number > of > work > related > health > problems > by > diagnosis > group > sex > and > number > of > complaints > per > victim,0,1,1,False,"Number of work-related health problems by diagnosis group, sex and number of complaints per victim"
667,0,-1,0,oats,oats,1,0,1,False,"Oats and spring cereal mixtures by area, production and humidity"
667,1,0,1,and spring cereal mixtures by area production and humidity,oats > and > spring > cereal > mixtures > by > area > production > and > humidity,0,1,1,False,"Oats and spring cereal mixtures by area, production and humidity"
668,0,-1,0,obesity,obesity,1,0,1,False,Obesity rate by body mass index (BMI)
668,1,0,1,rate by body mass index bmi,obesity > rate > by > body > mass > index > bmi,0,1,1,False,Obesity rate by body mass index (BMI)
669,0,-1,0,occupants,occupants,1,0,1,False,Occupants by type of housing
669,1,0,1,by type of housing,occupants > by > type > of > housing,0,1,1,False,Occupants by type of housing
670,0,-1,0,occupied,occupied,1,0,5,False,"Occupied conventional dwellings by households, by number of rooms | Occupied conventional dwellings by number of rooms | Occupied conventional dwellings by presence of comfort characteristics"
670,1,0,1,conventional dwellings by,occupied > conventional > dwellings > by,4,0,5,True,"Occupied conventional dwellings by households, by number of rooms | Occupied conventional dwellings by number of rooms | Occupied conventional dwellings by presence of comfort characteristics"
670,2,1,2,households by number of rooms,occupied > conventional > dwellings > by > households > by > number > of > rooms,0,1,1,False,"Occupied conventional dwellings by households, by number of rooms"
670,3,1,2,number of rooms,occupied > conventional > dwellings > by > number > of > rooms,0,1,1,False,Occupied conventional dwellings by number of rooms
670,4,1,2,presence of comfort characteristics,occupied > conventional > dwellings > by > presence > of > comfort > characteristics,0,1,1,False,Occupied conventional dwellings by presence of comfort characteristics
670,5,1,2,tenure status and,occupied > conventional > dwellings > by > tenure > status > and,2,0,2,True,Occupied conventional dwellings by tenure status and amenities | Occupied conventional dwellings by tenure status and period of construction
670,6,5,3,amenities,occupied > conventional > dwellings > by > tenure > status > and > amenities,0,1,1,False,Occupied conventional dwellings by tenure status and amenities
670,7,5,3,period of construction,occupied > conventional > dwellings > by > tenure > status > and > period > of > construction,0,1,1,False,Occupied conventional dwellings by tenure status and period of construction
671,0,-1,0,official,official,1,0,1,False,Official development assistance as share of gross national income
671,1,0,1,development assistance as share of gross national income,official > development > assistance > as > share > of > gross > national > income,0,1,1,False,Official development assistance as share of gross national income
672,0,-1,0,oil,oil,1,0,1,False,Oil pipeline enterprises
672,1,0,1,pipeline enterprises,oil > pipeline > enterprises,0,1,1,False,Oil pipeline enterprises
673,0,-1,0,old,old,1,0,1,False,Old-age-dependency ratio
673,1,0,1,age dependency ratio,old > age > dependency > ratio,0,1,1,False,Old-age-dependency ratio
674,0,-1,0,olive,olive,1,0,3,False,Olive trees - Area by age and density classes (area in ha) | Olive trees - Area by age classes (area in ha) | Olive trees - Area by density classes (area in ha)
674,1,0,1,trees area by,olive > trees > area > by,2,0,3,True,Olive trees - Area by age and density classes (area in ha) | Olive trees - Area by age classes (area in ha) | Olive trees - Area by density classes (area in ha)
674,2,1,2,age,olive > trees > area > by > age,2,0,2,True,Olive trees - Area by age and density classes (area in ha) | Olive trees - Area by age classes (area in ha)
674,3,2,3,and density classes area in ha,olive > trees > area > by > age > and > density > classes > area > in > ha,0,1,1,False,Olive trees - Area by age and density classes (area in ha)
674,4,2,3,classes area in ha,olive > trees > area > by > age > classes > area > in > ha,0,1,1,False,Olive trees - Area by age classes (area in ha)
674,5,1,2,density classes area in ha,olive > trees > area > by > density > classes > area > in > ha,0,1,1,False,Olive trees - Area by density classes (area in ha)
675,0,-1,0,olives,olives,1,0,1,False,Olives by production
675,1,0,1,by production,olives > by > production,0,1,1,False,Olives by production
676,0,-1,0,organic,organic,1,0,2,False,Organic production of animal products (until | Organic production of aquaculture products
676,1,0,1,production of,organic > production > of,2,0,2,True,Organic production of animal products (until | Organic production of aquaculture products
676,2,1,2,animal products until,organic > production > of > animal > products > until,0,1,1,False,Organic production of animal products (until
676,3,1,2,aquaculture products,organic > production > of > aquaculture > products,0,1,1,False,Organic production of aquaculture products
677,0,-1,0,other,other,2,0,2,True,"Other expenditure on social protection | Other investment - annual data, million units of national currency"
678,0,-1,0,expenditure on social protection,other > expenditure > on > social > protection,0,1,1,False,Other expenditure on social protection
679,0,-1,0,investment annual data million units of national currency,other > investment > annual > data > million > units > of > national > currency,0,1,1,False,"Other investment - annual data, million units of national currency"
680,0,-1,0,out,out,1,0,4,False,"Out-of-pocket expenditure on healthcare | Out-of-school rate by sex and age - as % of the population of the corresponding age | Out-of-school rate in population of lower secondary school age, by sex"
680,1,0,1,of,out > of,2,0,4,True,"Out-of-pocket expenditure on healthcare | Out-of-school rate by sex and age - as % of the population of the corresponding age | Out-of-school rate in population of lower secondary school age, by sex"
681,0,-1,0,pocket expenditure on healthcare,out > of > pocket > expenditure > on > healthcare,0,1,1,False,Out-of-pocket expenditure on healthcare
682,0,-1,0,school rate,out > of > school > rate,2,0,3,True,"Out-of-school rate by sex and age - as % of the population of the corresponding age | Out-of-school rate in population of lower secondary school age, by sex | Out-of-school rate in population of upper secondary school age, by sex"
682,1,0,1,by sex and age as of the population of the corresponding age,out > of > school > rate > by > sex > and > age > as > of > the > population > of > the > corresponding > age,0,1,1,False,Out-of-school rate by sex and age - as % of the population of the corresponding age
682,2,0,1,in population of,out > of > school > rate > in > population > of,2,0,2,True,"Out-of-school rate in population of lower secondary school age, by sex | Out-of-school rate in population of upper secondary school age, by sex"
682,3,2,2,lower secondary school age by sex,out > of > school > rate > in > population > of > lower > secondary > school > age > by > sex,0,1,1,False,"Out-of-school rate in population of lower secondary school age, by sex"
682,4,2,2,upper secondary school age by sex,out > of > school > rate > in > population > of > upper > secondary > school > age > by > sex,0,1,1,False,"Out-of-school rate in population of upper secondary school age, by sex"
683,0,-1,0,output,output,1,0,1,False,Output of the agricultural industry - basic and producer prices
683,1,0,1,of the agricultural industry basic and producer prices,output > of > the > agricultural > industry > basic > and > producer > prices,0,1,1,False,Output of the agricultural industry - basic and producer prices
684,0,-1,0,outward,outward,1,0,1,False,Outward FDI stocks in % of GDP
684,1,0,1,fdi stocks in of gdp,outward > fdi > stocks > in > of > gdp,0,1,1,False,Outward FDI stocks in % of GDP
685,0,-1,0,overall,overall,2,0,2,True,"Overall employment growth | Overall life satisfaction by sex, age and educational attainment"
686,0,-1,0,employment growth,overall > employment > growth,0,1,1,False,Overall employment growth
687,0,-1,0,life satisfaction by sex age and educational attainment,overall > life > satisfaction > by > sex > age > and > educational > attainment,0,1,1,False,"Overall life satisfaction by sex, age and educational attainment"
688,0,-1,0,overcrowding,overcrowding,1,0,12,False,"Overcrowding rate by age group - EU-SILC survey | Overcrowding rate by age group - population without single-person households - EU-SILC survey | Overcrowding rate by age, sex and poverty status - total population - EU-SILC survey"
688,1,0,1,rate by,overcrowding > rate > by,6,0,12,True,"Overcrowding rate by age group - EU-SILC survey | Overcrowding rate by age group - population without single-person households - EU-SILC survey | Overcrowding rate by age, sex and poverty status - total population - EU-SILC survey"
688,2,1,2,age,overcrowding > rate > by > age,2,0,3,True,"Overcrowding rate by age group - EU-SILC survey | Overcrowding rate by age group - population without single-person households - EU-SILC survey | Overcrowding rate by age, sex and poverty status - total population - EU-SILC survey"
688,3,2,3,group,overcrowding > rate > by > age > group,2,0,2,True,Overcrowding rate by age group - EU-SILC survey | Overcrowding rate by age group - population without single-person households - EU-SILC survey
688,4,3,4,eu silc survey,overcrowding > rate > by > age > group > eu > silc > survey,0,1,1,False,Overcrowding rate by age group - EU-SILC survey
688,5,3,4,population without single person households eu silc survey,overcrowding > rate > by > age > group > population > without > single > person > households > eu > silc > survey,0,1,1,False,Overcrowding rate by age group - population without single-person households - EU-SILC survey
688,6,2,3,sex and poverty status total population eu silc survey,overcrowding > rate > by > age > sex > and > poverty > status > total > population > eu > silc > survey,0,1,1,False,"Overcrowding rate by age, sex and poverty status - total population - EU-SILC survey"
688,7,1,2,degree of urbanisation,overcrowding > rate > by > degree > of > urbanisation,2,0,2,True,Overcrowding rate by degree of urbanisation - EU-SILC survey | Overcrowding rate by degree of urbanisation - total population - EU-SILC survey
688,8,7,3,eu silc survey,overcrowding > rate > by > degree > of > urbanisation > eu > silc > survey,0,1,1,False,Overcrowding rate by degree of urbanisation - EU-SILC survey
688,9,7,3,total population eu silc survey,overcrowding > rate > by > degree > of > urbanisation > total > population > eu > silc > survey,0,1,1,False,Overcrowding rate by degree of urbanisation - total population - EU-SILC survey
688,10,1,2,household type eu silc survey,overcrowding > rate > by > household > type > eu > silc > survey,0,1,1,False,Overcrowding rate by household type - EU-SILC survey
688,11,1,2,poverty status,overcrowding > rate > by > poverty > status,2,0,2,True,Overcrowding rate by poverty status - EU-SILC survey | Overcrowding rate by poverty status - population without single-person households - EU-SILC survey
688,12,11,3,eu silc survey,overcrowding > rate > by > poverty > status > eu > silc > survey,0,1,1,False,Overcrowding rate by poverty status - EU-SILC survey
688,13,11,3,population without single person households eu silc survey,overcrowding > rate > by > poverty > status > population > without > single > person > households > eu > silc > survey,0,1,1,False,Overcrowding rate by poverty status - population without single-person households - EU-SILC survey
688,14,1,2,sex,overcrowding > rate > by > sex,2,0,2,True,Overcrowding rate by sex - EU-SILC survey | Overcrowding rate by sex - population without single-person households - EU-SILC survey
688,15,14,3,eu silc survey,overcrowding > rate > by > sex > eu > silc > survey,0,1,1,False,Overcrowding rate by sex - EU-SILC survey
688,16,14,3,population without single person households eu silc survey,overcrowding > rate > by > sex > population > without > single > person > households > eu > silc > survey,0,1,1,False,Overcrowding rate by sex - population without single-person households - EU-SILC survey
688,17,1,2,tenure status,overcrowding > rate > by > tenure > status,2,0,2,True,Overcrowding rate by tenure status - EU-SILC survey | Overcrowding rate by tenure status - total population - EU-SILC survey
688,18,17,3,eu silc survey,overcrowding > rate > by > tenure > status > eu > silc > survey,0,1,1,False,Overcrowding rate by tenure status - EU-SILC survey
688,19,17,3,total population eu silc survey,overcrowding > rate > by > tenure > status > total > population > eu > silc > survey,0,1,1,False,Overcrowding rate by tenure status - total population - EU-SILC survey
689,0,-1,0,parents,parents,2,0,2,True,Parents educational attainment level | Parents spending enough time with children living with them
690,0,-1,0,educational attainment level,parents > educational > attainment > level,0,1,1,False,Parents educational attainment level
691,0,-1,0,spending enough time with children living with them,parents > spending > enough > time > with > children > living > with > them,0,1,1,False,Parents spending enough time with children living with them
692,0,-1,0,part,part,1,0,1,False,Part-time employment rate
692,1,0,1,time employment rate,part > time > employment > rate,0,1,1,False,Part-time employment rate
693,0,-1,0,participants,participants,1,0,2,False,Participants in CVT courses by sex and size class - % of persons employed in all enterprises | Participants in CVT courses by sex and size class - % of persons employed in enterprises providing CVT courses
693,1,0,1,in cvt courses by sex and size class of persons employed in,participants > in > cvt > courses > by > sex > and > size > class > of > persons > employed > in,2,0,2,True,Participants in CVT courses by sex and size class - % of persons employed in all enterprises | Participants in CVT courses by sex and size class - % of persons employed in enterprises providing CVT courses
693,2,1,2,all enterprises,participants > in > cvt > courses > by > sex > and > size > class > of > persons > employed > in > all > enterprises,0,1,1,False,Participants in CVT courses by sex and size class - % of persons employed in all enterprises
693,3,1,2,enterprises providing cvt courses,participants > in > cvt > courses > by > sex > and > size > class > of > persons > employed > in > enterprises > providing > cvt > courses,0,1,1,False,Participants in CVT courses by sex and size class - % of persons employed in enterprises providing CVT courses
694,0,-1,0,participation,participation,3,0,13,True,Participation in any learning activities by NACE Rev. 1.1 activity | Participation in any learning activities by degree of urbanisation | Participation in any learning activities by size of the local unit
694,1,0,1,in,participation > in,6,0,11,True,Participation in any learning activities by NACE Rev. 1.1 activity | Participation in any learning activities by degree of urbanisation | Participation in any learning activities by size of the local unit
694,2,1,2,any learning activities by,participation > in > any > learning > activities > by,3,0,3,True,Participation in any learning activities by NACE Rev. 1.1 activity | Participation in any learning activities by degree of urbanisation | Participation in any learning activities by size of the local unit
694,3,2,3,degree of urbanisation,participation > in > any > learning > activities > by > degree > of > urbanisation,0,1,1,False,Participation in any learning activities by degree of urbanisation
694,4,2,3,size of the local unit,participation > in > any > learning > activities > by > size > of > the > local > unit,0,1,1,False,Participation in any learning activities by size of the local unit
694,5,1,2,formal education by degree of urbanisation,participation > in > formal > education > by > degree > of > urbanisation,0,1,1,False,Participation in formal education by degree of urbanisation
694,6,1,2,informal learning by degree of urbanisation,participation > in > informal > learning > by > degree > of > urbanisation,0,1,1,False,Participation in informal learning by degree of urbanisation
694,7,1,2,job related non formal education and training by size of the local unit,participation > in > job > related > non > formal > education > and > training > by > size > of > the > local > unit,0,1,1,False,Participation in job-related non-formal education and training by size of the local unit
694,8,1,2,non formal education and training,participation > in > non > formal > education > and > training,2,0,4,True,Participation in non-formal education and training by degree of urbanisation | Participation in non-formal education and training by main reason for participating in the taught activity | Participation in non-formal education and training by number of activities
694,9,8,3,by,participation > in > non > formal > education > and > training > by,3,0,3,True,Participation in non-formal education and training by degree of urbanisation | Participation in non-formal education and training by main reason for participating in the taught activity | Participation in non-formal education and training by number of activities
694,10,9,4,degree of urbanisation,participation > in > non > formal > education > and > training > by > degree > of > urbanisation,0,1,1,False,Participation in non-formal education and training by degree of urbanisation
694,11,9,4,main reason for participating in the taught activity,participation > in > non > formal > education > and > training > by > main > reason > for > participating > in > the > taught > activity,0,1,1,False,Participation in non-formal education and training by main reason for participating in the taught activity
694,12,9,4,number of activities,participation > in > non > formal > education > and > training > by > number > of > activities,0,1,1,False,Participation in non-formal education and training by number of activities
694,13,8,3,within or not paid working hours,participation > in > non > formal > education > and > training > within > or > not > paid > working > hours,0,1,1,False,Participation in non-formal education and training within (or not) paid working hours
694,14,0,1,enrolment in education isced 0 4,participation > enrolment > in > education > isced > 0 > 4,0,1,1,False,Participation/ enrolment in education (ISCED 0-4)
695,0,-1,0,nace rev 1 1 activity,participation > in > any > learning > activities > by > nace > rev > 1 > 1 > activity,0,1,1,False,Participation in any learning activities by NACE Rev. 1.1 activity
696,0,-1,0,tourism for personal purposes of total population,participation > in > tourism > for > personal > purposes > of > total > population,0,1,1,False,Participation in tourism for personal purposes - % of total population
697,0,-1,0,rate in education and training last 4 weeks by sex age and educational attainment level,participation > rate > in > education > and > training > last > 4 > weeks > by > sex > age > and > educational > attainment > level,0,1,1,False,"Participation rate in education and training (last 4 weeks) by sex, age and educational attainment level"
698,0,-1,0,passenger,passenger,5,0,11,True,Passenger air transport over national territory (including territorial sea) - million passenger-km | Passenger cars | Passenger cars - per thousand inhabitants
698,1,0,1,cars,passenger > cars,3,1,6,True,Passenger cars | Passenger cars - per thousand inhabitants | Passenger cars by age
698,2,1,2,per thousand inhabitants,passenger > cars > per > thousand > inhabitants,0,1,1,False,Passenger cars - per thousand inhabitants
698,3,1,2,by,passenger > cars > by,3,0,3,True,Passenger cars by age | Passenger cars by alternative motor energy (until | Passenger cars by unloaded weight
698,4,1,2,in accompanied passenger car railway transport by type of transport,passenger > cars > in > accompanied > passenger > car > railway > transport > by > type > of > transport,0,1,1,False,"Passenger cars in accompanied passenger car railway transport, by type of transport"
698,5,0,1,railway vehicles by,passenger > railway > vehicles > by,2,0,2,True,"Passenger railway vehicles by category of vehicle (until | Passenger railway vehicles, by type of vehicle"
698,6,5,2,category of vehicle until,passenger > railway > vehicles > by > category > of > vehicle > until,0,1,1,False,Passenger railway vehicles by category of vehicle (until
698,7,5,2,type of vehicle,passenger > railway > vehicles > by > type > of > vehicle,0,1,1,False,"Passenger railway vehicles, by type of vehicle"
698,8,0,1,road transport,passenger > road > transport,0,1,1,False,Passenger road transport
699,0,-1,0,air transport over national territory including territorial sea million passenger km,passenger > air > transport > over > national > territory > including > territorial > sea > million > passenger > km,0,1,1,False,Passenger air transport over national territory (including territorial sea) - million passenger-km
700,0,-1,0,age,passenger > cars > by > age,0,1,1,False,Passenger cars by age
701,0,-1,0,alternative motor energy until,passenger > cars > by > alternative > motor > energy > until,0,1,1,False,Passenger cars by alternative motor energy (until
702,0,-1,0,unloaded weight,passenger > cars > by > unloaded > weight,0,1,1,False,Passenger cars by unloaded weight
703,0,-1,0,train traffic performance by type of train speed,passenger > train > traffic > performance > by > type > of > train > speed,0,1,1,False,Passenger train traffic performance by type of train speed
704,0,-1,0,passengers,passengers,4,0,7,True,Passengers (excluding cruise passengers) transported from/to the main ports | Passengers (excluding cruise passengers) transported from/to the main ports - - quarterly data | Passengers embarked and disembarked (excluding cruises) in all ports by direction
704,1,0,1,excluding cruise passengers transported from to the main ports,passengers > excluding > cruise > passengers > transported > from > to > the > main > ports,1,1,2,False,Passengers (excluding cruise passengers) transported from/to the main ports | Passengers (excluding cruise passengers) transported from/to the main ports - - quarterly data
704,2,1,2,quarterly data,passengers > excluding > cruise > passengers > transported > from > to > the > main > ports > quarterly > data,0,1,1,False,Passengers (excluding cruise passengers) transported from/to the main ports - - quarterly data
704,3,0,1,embarked and disembarked,passengers > embarked > and > disembarked,2,0,2,True,Passengers embarked and disembarked (excluding cruises) in all ports by direction | Passengers embarked and disembarked in the top 20 ports
704,4,3,2,excluding cruises in all ports by direction,passengers > embarked > and > disembarked > excluding > cruises > in > all > ports > by > direction,0,1,1,False,Passengers embarked and disembarked (excluding cruises) in all ports by direction
704,5,3,2,in the top 20 ports,passengers > embarked > and > disembarked > in > the > top > 20 > ports,0,1,1,False,Passengers embarked and disembarked in the top 20 ports
704,6,0,1,in accompanied passenger car railway transport by type of transport,passengers > in > accompanied > passenger > car > railway > transport > by > type > of > transport,0,1,1,False,"Passengers in accompanied passenger car railway transport, by type of transport"
704,7,0,1,transported,passengers > transported,1,1,2,False,Passengers transported | Passengers transported by type of train speed
704,8,7,2,by type of train speed,passengers > transported > by > type > of > train > speed,0,1,1,False,Passengers transported by type of train speed
705,0,-1,0,patent,patent,1,0,1,False,Patent applications to the European Patent Office by applicants' / inventors' country of residence
705,1,0,1,applications to the european patent office by applicants inventors country of residence,patent > applications > to > the > european > patent > office > by > applicants > inventors > country > of > residence,0,1,1,False,Patent applications to the European Patent Office by applicants' / inventors' country of residence
706,0,-1,0,patents,patents,1,0,1,False,Patents related to recycling and secondary raw materials
706,1,0,1,related to recycling and secondary raw materials,patents > related > to > recycling > and > secondary > raw > materials,0,1,1,False,Patents related to recycling and secondary raw materials
707,0,-1,0,people,people,3,0,9,True,People at risk of poverty after social transfer | People at risk of poverty or social exclusion | People at risk of poverty or social exclusion by NUTS 2 regions
707,1,0,1,at risk of poverty,people > at > risk > of > poverty,2,0,5,True,People at risk of poverty after social transfer | People at risk of poverty or social exclusion | People at risk of poverty or social exclusion by NUTS 2 regions
707,2,1,2,after social transfer,people > at > risk > of > poverty > after > social > transfer,0,1,1,False,People at risk of poverty after social transfer
707,3,1,2,or social exclusion,people > at > risk > of > poverty > or > social > exclusion,1,1,4,False,People at risk of poverty or social exclusion | People at risk of poverty or social exclusion by NUTS 2 regions | People at risk of poverty or social exclusion by age
707,4,3,3,by,people > at > risk > of > poverty > or > social > exclusion > by,3,0,3,True,People at risk of poverty or social exclusion by NUTS 2 regions | People at risk of poverty or social exclusion by age | People at risk of poverty or social exclusion by sex
707,5,4,4,age,people > at > risk > of > poverty > or > social > exclusion > by > age,0,1,1,False,People at risk of poverty or social exclusion by age
707,6,4,4,sex,people > at > risk > of > poverty > or > social > exclusion > by > sex,0,1,1,False,People at risk of poverty or social exclusion by sex
708,0,-1,0,nuts 2 regions,people > at > risk > of > poverty > or > social > exclusion > by > nuts > 2 > regions,0,1,1,False,People at risk of poverty or social exclusion by NUTS 2 regions
709,0,-1,0,having a long standing illness or health problem by sex age and income quintile,people > having > a > long > standing > illness > or > health > problem > by > sex > age > and > income > quintile,0,1,1,False,"People having a long-standing illness or health problem, by sex, age and income quintile"
710,0,-1,0,living in households with very low work intensity,people > living > in > households > with > very > low > work > intensity,1,1,3,False,People living in households with very low work intensity | People living in households with very low work intensity by NUTS 2 regions (population aged 0 to 59 years) | People living in households with very low work intensity by sex
710,1,0,1,by,people > living > in > households > with > very > low > work > intensity > by,2,0,2,True,People living in households with very low work intensity by NUTS 2 regions (population aged 0 to 59 years) | People living in households with very low work intensity by sex
711,0,-1,0,nuts 2 regions population aged 0 to 59 years,people > living > in > households > with > very > low > work > intensity > by > nuts > 2 > regions > population > aged > 0 > to > 59 > years,0,1,1,False,People living in households with very low work intensity by NUTS 2 regions (population aged 0 to 59 years)
712,0,-1,0,sex,people > living > in > households > with > very > low > work > intensity > by > sex,0,1,1,False,People living in households with very low work intensity by sex
713,0,-1,0,perceived,perceived,1,0,1,False,Perceived independence of the justice system
713,1,0,1,independence of the justice system,perceived > independence > of > the > justice > system,0,1,1,False,Perceived independence of the justice system
714,0,-1,0,percentage,percentage,3,0,13,True,Percentage change (compared to corresponding period of the previous year) in nights spent at tourist accommodation establishments by residents/non-residents - monthly data | Percentage change of value added by ICT sector at current prices | Percentage distribution of assistance needed by not employed disabled people by sex
715,0,-1,0,change,percentage > change,2,0,2,True,Percentage change (compared to corresponding period of the previous year) in nights spent at tourist accommodation establishments by residents/non-residents - monthly data | Percentage change of value added by ICT sector at current prices
716,0,-1,0,compared to corresponding period of the previous year in nights spent at tourist accommodation establishments by residents non residents monthly data,percentage > change > compared > to > corresponding > period > of > the > previous > year > in > nights > spent > at > tourist > accommodation > establishments > by > residents > non > residents > monthly > data,0,1,1,False,Percentage change (compared to corresponding period of the previous year) in nights spent at tourist accommodation establishments by residents/non-residents - monthly data
717,0,-1,0,of value added by ict sector at current prices,percentage > change > of > value > added > by > ict > sector > at > current > prices,0,1,1,False,Percentage change of value added by ICT sector at current prices
718,0,-1,0,distribution of,percentage > distribution > of,2,0,4,True,Percentage distribution of assistance needed by not employed disabled people by sex | Percentage distribution of assistance provided to employed disabled people by sex | Percentage distribution of types of assistance needed by not employed disabled people by sex
718,1,0,1,assistance,percentage > distribution > of > assistance,2,0,2,True,Percentage distribution of assistance needed by not employed disabled people by sex | Percentage distribution of assistance provided to employed disabled people by sex
718,2,1,2,needed by not employed disabled people by sex,percentage > distribution > of > assistance > needed > by > not > employed > disabled > people > by > sex,0,1,1,False,Percentage distribution of assistance needed by not employed disabled people by sex
718,3,1,2,provided to employed disabled people by sex,percentage > distribution > of > assistance > provided > to > employed > disabled > people > by > sex,0,1,1,False,Percentage distribution of assistance provided to employed disabled people by sex
718,4,0,1,types of assistance,percentage > distribution > of > types > of > assistance,2,0,2,True,Percentage distribution of types of assistance needed by not employed disabled people by sex | Percentage distribution of types of assistance provided to employed disabled people by sex
718,5,4,2,needed by not employed disabled people by sex,percentage > distribution > of > types > of > assistance > needed > by > not > employed > disabled > people > by > sex,0,1,1,False,Percentage distribution of types of assistance needed by not employed disabled people by sex
718,6,4,2,provided to employed disabled people by sex,percentage > distribution > of > types > of > assistance > provided > to > employed > disabled > people > by > sex,0,1,1,False,Percentage distribution of types of assistance provided to employed disabled people by sex
719,0,-1,0,of,percentage > of,4,0,7,True,"Percentage of employed adults working at home by sex, age groups, number of children and age of youngest child | Percentage of households having internet access at home | Percentage of the ICT personnel in total employment"
720,0,-1,0,employed adults working at home by sex age groups number of children and age of youngest child,percentage > of > employed > adults > working > at > home > by > sex > age > groups > number > of > children > and > age > of > youngest > child,0,1,1,False,"Percentage of employed adults working at home by sex, age groups, number of children and age of youngest child"
721,0,-1,0,households having internet access at home,percentage > of > households > having > internet > access > at > home,0,1,1,False,Percentage of households having internet access at home
722,0,-1,0,the,percentage > of > the,2,0,4,True,Percentage of the ICT personnel in total employment | Percentage of the ICT personnel on total employment | Percentage of the ICT sector in Gross value added
723,0,-1,0,ict,percentage > of > the > ict,2,0,3,True,Percentage of the ICT personnel in total employment | Percentage of the ICT personnel on total employment | Percentage of the ICT sector in Gross value added
723,1,0,1,personnel,percentage > of > the > ict > personnel,2,0,2,True,Percentage of the ICT personnel in total employment | Percentage of the ICT personnel on total employment
723,2,1,2,in total employment,percentage > of > the > ict > personnel > in > total > employment,0,1,1,False,Percentage of the ICT personnel in total employment
723,3,1,2,on total employment,percentage > of > the > ict > personnel > on > total > employment,0,1,1,False,Percentage of the ICT personnel on total employment
723,4,0,1,sector in gross value added,percentage > of > the > ict > sector > in > gross > value > added,0,1,1,False,Percentage of the ICT sector in Gross value added
724,0,-1,0,population with at least upper secondary educational attainment age group 25 64,percentage > of > the > population > with > at > least > upper > secondary > educational > attainment > age > group > 25 > 64,0,1,1,False,"Percentage of the population with at least upper secondary educational attainment, age group 25-64"
725,0,-1,0,threatened species,percentage > of > threatened > species,0,1,1,False,Percentage of threatened species
726,0,-1,0,perception,perception,1,0,2,False,Perception of ever-working women as victims/non-victims of sexual harassment at work by commonness of harassment | Perception of women as victims/non-victims of intimate partner violence by commonness of this violence against women
726,1,0,1,of,perception > of,2,0,2,True,Perception of ever-working women as victims/non-victims of sexual harassment at work by commonness of harassment | Perception of women as victims/non-victims of intimate partner violence by commonness of this violence against women
726,2,1,2,ever working women as victims non victims of sexual harassment at work by commonness of harassment,perception > of > ever > working > women > as > victims > non > victims > of > sexual > harassment > at > work > by > commonness > of > harassment,0,1,1,False,Perception of ever-working women as victims/non-victims of sexual harassment at work by commonness of harassment
726,3,1,2,women as victims non victims of intimate partner violence by commonness of this violence against women,perception > of > women > as > victims > non > victims > of > intimate > partner > violence > by > commonness > of > this > violence > against > women,0,1,1,False,Perception of women as victims/non-victims of intimate partner violence by commonness of this violence against women
727,0,-1,0,performing,performing,1,0,1,False,"Performing (non-work-related) physical activities by sex, age and educational attainment level"
727,1,0,1,non work related physical activities by sex age and educational attainment level,performing > non > work > related > physical > activities > by > sex > age > and > educational > attainment > level,0,1,1,False,"Performing (non-work-related) physical activities by sex, age and educational attainment level"
728,0,-1,0,permanent,permanent,1,0,1,False,Permanent crops for human consumption by area
728,1,0,1,crops for human consumption by area,permanent > crops > for > human > consumption > by > area,0,1,1,False,Permanent crops for human consumption by area
729,0,-1,0,persistent,persistent,1,0,3,False,Persistent at-risk-of poverty rate by age group - EU-SILC survey | Persistent at-risk-of poverty rate by sex - EU-SILC survey | Persistent at-risk-of-poverty rate by sex and age - EU-SILC and ECHP surveys
729,1,0,1,at risk of poverty rate by,persistent > at > risk > of > poverty > rate > by,2,0,3,True,Persistent at-risk-of poverty rate by age group - EU-SILC survey | Persistent at-risk-of poverty rate by sex - EU-SILC survey | Persistent at-risk-of-poverty rate by sex and age - EU-SILC and ECHP surveys
729,2,1,2,age group eu silc survey,persistent > at > risk > of > poverty > rate > by > age > group > eu > silc > survey,0,1,1,False,Persistent at-risk-of poverty rate by age group - EU-SILC survey
729,3,1,2,sex,persistent > at > risk > of > poverty > rate > by > sex,2,0,2,True,Persistent at-risk-of poverty rate by sex - EU-SILC survey | Persistent at-risk-of-poverty rate by sex and age - EU-SILC and ECHP surveys
729,4,3,3,eu silc survey,persistent > at > risk > of > poverty > rate > by > sex > eu > silc > survey,0,1,1,False,Persistent at-risk-of poverty rate by sex - EU-SILC survey
729,5,3,3,and age eu silc and echp surveys,persistent > at > risk > of > poverty > rate > by > sex > and > age > eu > silc > and > echp > surveys,0,1,1,False,Persistent at-risk-of-poverty rate by sex and age - EU-SILC and ECHP surveys
730,0,-1,0,persons,persons,24,0,79,True,Persons at risk of monetary poverty after social transfers - EU-SILC and ECHP surveys | Persons at risk of monetary poverty after social transfers by citizenship | Persons at risk of poverty or social exclusion
730,1,0,1,at risk of,persons > at > risk > of,2,0,10,True,Persons at risk of monetary poverty after social transfers - EU-SILC and ECHP surveys | Persons at risk of monetary poverty after social transfers by citizenship | Persons at risk of poverty or social exclusion
730,2,0,1,having,persons > having,4,0,8,True,"Persons having contacts with family and relatives or friends by income quintile, household composition, degree of urbanisation and frequency | Persons having experienced housing difficulties in their life by sex and current risk of poverty or social exclusion situation | Persons having experienced housing difficulties in their life by sex and group of country of birth"
730,3,2,2,experienced housing difficulties in their life by sex and,persons > having > experienced > housing > difficulties > in > their > life > by > sex > and,3,0,4,True,Persons having experienced housing difficulties in their life by sex and current risk of poverty or social exclusion situation | Persons having experienced housing difficulties in their life by sex and group of country of birth | Persons having experienced housing difficulties in their life by sex and group of current country of citizenship
730,4,3,3,current risk of poverty or social exclusion situation,persons > having > experienced > housing > difficulties > in > their > life > by > sex > and > current > risk > of > poverty > or > social > exclusion > situation,0,1,1,False,Persons having experienced housing difficulties in their life by sex and current risk of poverty or social exclusion situation
730,5,3,3,group of,persons > having > experienced > housing > difficulties > in > their > life > by > sex > and > group > of,2,0,2,True,Persons having experienced housing difficulties in their life by sex and group of country of birth | Persons having experienced housing difficulties in their life by sex and group of current country of citizenship
730,6,5,4,country of birth,persons > having > experienced > housing > difficulties > in > their > life > by > sex > and > group > of > country > of > birth,0,1,1,False,Persons having experienced housing difficulties in their life by sex and group of country of birth
730,7,5,4,current country of citizenship,persons > having > experienced > housing > difficulties > in > their > life > by > sex > and > group > of > current > country > of > citizenship,0,1,1,False,Persons having experienced housing difficulties in their life by sex and group of current country of citizenship
730,8,3,3,type of temporary solution effect,persons > having > experienced > housing > difficulties > in > their > life > by > sex > and > type > of > temporary > solution > effect,0,1,1,False,Persons having experienced housing difficulties in their life by sex and type of temporary solution (effect)
730,9,2,2,overcome housing difficulties experienced in their life by sex and reason,persons > having > overcome > housing > difficulties > experienced > in > their > life > by > sex > and > reason,0,1,1,False,Persons having overcome housing difficulties experienced in their life by sex and reason
730,10,0,1,living,persons > living,2,0,5,True,"Persons living in households with very low work intensity by NUTS regions (population aged 0 to 64 years) | Persons living in households with very low work intensity by age and sex (population aged 0 to 64 years) | Persons living in households with very low work intensity, by age group"
730,11,0,1,not,persons > not,2,0,6,True,"Persons not participating in active citizenship by sex, age and level of disability (activity limitation) | Persons not participating in cultural or sport activities in the last 12 months by income quintile, household composition, degree of urbanisation, activity type and reasons | Persons not participating in cultural or sport activities in the last 12 months by sex, age, level of disability (activity limitation), activity type and reasons"
730,12,0,1,participating in,persons > participating > in,4,0,7,True,"Persons participating in any cultural or sport activities in the last 12 months by sex, age and educational attainment | Persons participating in cultural or sport activities by sex, age, level of disability (activity limitation), activity type and frequency | Persons participating in cultural or sport activities in the last 12 months by sex, age, educational attainment, activity type and frequency"
730,13,12,2,any cultural or sport activities in the last 12 months by sex age and educational attainment,persons > participating > in > any > cultural > or > sport > activities > in > the > last > 12 > months > by > sex > age > and > educational > attainment,0,1,1,False,"Persons participating in any cultural or sport activities in the last 12 months by sex, age and educational attainment"
730,14,12,2,cultural or sport activities,persons > participating > in > cultural > or > sport > activities,2,0,2,True,"Persons participating in cultural or sport activities by sex, age, level of disability (activity limitation), activity type and frequency | Persons participating in cultural or sport activities in the last 12 months by sex, age, educational attainment, activity type and frequency"
730,15,14,3,by sex age level of disability activity limitation activity type and frequency,persons > participating > in > cultural > or > sport > activities > by > sex > age > level > of > disability > activity > limitation > activity > type > and > frequency,0,1,1,False,"Persons participating in cultural or sport activities by sex, age, level of disability (activity limitation), activity type and frequency"
730,16,14,3,in the last 12 months by sex age educational attainment activity type and frequency,persons > participating > in > cultural > or > sport > activities > in > the > last > 12 > months > by > sex > age > educational > attainment > activity > type > and > frequency,0,1,1,False,"Persons participating in cultural or sport activities in the last 12 months by sex, age, educational attainment, activity type and frequency"
730,17,12,2,formal informal voluntary activities or active citizenship by,persons > participating > in > formal > informal > voluntary > activities > or > active > citizenship > by,2,0,3,True,"Persons participating in formal/informal voluntary activities or active citizenship by income quintile, household composition and degree of urbanisation | Persons participating in formal/informal voluntary activities or active citizenship by sex, age and educational attainment | Persons participating in formal/informal voluntary activities or active citizenship by sex, age, level of disability (activity limitation) and activity type"
730,18,17,3,income quintile household composition and degree of urbanisation,persons > participating > in > formal > informal > voluntary > activities > or > active > citizenship > by > income > quintile > household > composition > and > degree > of > urbanisation,0,1,1,False,"Persons participating in formal/informal voluntary activities or active citizenship by income quintile, household composition and degree of urbanisation"
730,19,17,3,sex age,persons > participating > in > formal > informal > voluntary > activities > or > active > citizenship > by > sex > age,2,0,2,True,"Persons participating in formal/informal voluntary activities or active citizenship by sex, age and educational attainment | Persons participating in formal/informal voluntary activities or active citizenship by sex, age, level of disability (activity limitation) and activity type"
730,20,19,4,and educational attainment,persons > participating > in > formal > informal > voluntary > activities > or > active > citizenship > by > sex > age > and > educational > attainment,0,1,1,False,"Persons participating in formal/informal voluntary activities or active citizenship by sex, age and educational attainment"
730,21,19,4,level of disability activity limitation and activity type,persons > participating > in > formal > informal > voluntary > activities > or > active > citizenship > by > sex > age > level > of > disability > activity > limitation > and > activity > type,0,1,1,False,"Persons participating in formal/informal voluntary activities or active citizenship by sex, age, level of disability (activity limitation) and activity type"
730,22,0,1,reporting,persons > reporting,3,0,6,True,"Persons reporting a road traffic accident | Persons reporting an accident at work by sex, age and professional status | Persons reporting basic activity difficulty by sex, age, level of difficulty and degree of urbanization"
731,0,-1,0,monetary poverty after social transfers,persons > at > risk > of > monetary > poverty > after > social > transfers,2,0,2,True,Persons at risk of monetary poverty after social transfers - EU-SILC and ECHP surveys | Persons at risk of monetary poverty after social transfers by citizenship
731,1,0,1,eu silc and echp surveys,persons > at > risk > of > monetary > poverty > after > social > transfers > eu > silc > and > echp > surveys,0,1,1,False,Persons at risk of monetary poverty after social transfers - EU-SILC and ECHP surveys
731,2,0,1,by citizenship,persons > at > risk > of > monetary > poverty > after > social > transfers > by > citizenship,0,1,1,False,Persons at risk of monetary poverty after social transfers by citizenship
732,0,-1,0,poverty or social exclusion,persons > at > risk > of > poverty > or > social > exclusion,2,1,8,True,Persons at risk of poverty or social exclusion | Persons at risk of poverty or social exclusion - EU2030 target | Persons at risk of poverty or social exclusion by NUTS regions
732,1,0,1,eu2030 target,persons > at > risk > of > poverty > or > social > exclusion > eu2030 > target,0,1,1,False,Persons at risk of poverty or social exclusion - EU2030 target
732,2,0,1,by,persons > at > risk > of > poverty > or > social > exclusion > by,4,0,6,True,Persons at risk of poverty or social exclusion by NUTS regions | Persons at risk of poverty or social exclusion by NUTS regions - strategy | Persons at risk of poverty or social exclusion by age and sex
732,3,2,2,nuts regions,persons > at > risk > of > poverty > or > social > exclusion > by > nuts > regions,1,1,2,False,Persons at risk of poverty or social exclusion by NUTS regions | Persons at risk of poverty or social exclusion by NUTS regions - strategy
732,4,3,3,strategy,persons > at > risk > of > poverty > or > social > exclusion > by > nuts > regions > strategy,0,1,1,False,Persons at risk of poverty or social exclusion by NUTS regions - strategy
732,5,2,2,age and sex,persons > at > risk > of > poverty > or > social > exclusion > by > age > and > sex,0,1,1,False,Persons at risk of poverty or social exclusion by age and sex
732,6,2,2,degree of urbanisation,persons > at > risk > of > poverty > or > social > exclusion > by > degree > of > urbanisation,0,1,1,False,Persons at risk of poverty or social exclusion by degree of urbanisation
732,7,2,2,tenure status,persons > at > risk > of > poverty > or > social > exclusion > by > tenure > status,1,1,2,False,Persons at risk of poverty or social exclusion by tenure status | Persons at risk of poverty or social exclusion by tenure status - strategy
732,8,7,3,strategy,persons > at > risk > of > poverty > or > social > exclusion > by > tenure > status > strategy,0,1,1,False,Persons at risk of poverty or social exclusion by tenure status - strategy
733,0,-1,0,being happy in the last 4 weeks by sex age educational attainment and frequency,persons > being > happy > in > the > last > 4 > weeks > by > sex > age > educational > attainment > and > frequency,0,1,1,False,"Persons being happy in the last 4 weeks by sex, age, educational attainment and frequency"
734,0,-1,0,brought before criminal courts by legal status of the court process,persons > brought > before > criminal > courts > by > legal > status > of > the > court > process,0,1,1,False,Persons brought before criminal courts by legal status of the court process
735,0,-1,0,eligible to vote in the european parliament elections by category of voters dedicated data collection,persons > eligible > to > vote > in > the > european > parliament > elections > by > category > of > voters > dedicated > data > collection,0,1,1,False,Persons eligible to vote in the European Parliament elections by category of voters - dedicated data collection
736,0,-1,0,employed,persons > employed,2,0,9,True,Persons employed in aviation and airport enterprises by sex | Persons employed in circular economy sectors | Persons employed in goods road transport enterprises by employment size classes
737,0,-1,0,in,persons > employed > in,7,0,8,True,Persons employed in aviation and airport enterprises by sex | Persons employed in circular economy sectors | Persons employed in goods road transport enterprises by employment size classes
737,1,0,1,aviation and airport enterprises by sex,persons > employed > in > aviation > and > airport > enterprises > by > sex,0,1,1,False,Persons employed in aviation and airport enterprises by sex
737,2,0,1,goods road transport enterprises by,persons > employed > in > goods > road > transport > enterprises > by,2,0,2,True,Persons employed in goods road transport enterprises by employment size classes | Persons employed in goods road transport enterprises by sex
737,3,2,2,employment size classes,persons > employed > in > goods > road > transport > enterprises > by > employment > size > classes,0,1,1,False,Persons employed in goods road transport enterprises by employment size classes
737,4,2,2,sex,persons > employed > in > goods > road > transport > enterprises > by > sex,0,1,1,False,Persons employed in goods road transport enterprises by sex
737,5,0,1,main airports by sex,persons > employed > in > main > airports > by > sex,0,1,1,False,Persons employed in main airports by sex
737,6,0,1,oil pipeline enterprises by sex,persons > employed > in > oil > pipeline > enterprises > by > sex,0,1,1,False,Persons employed in oil pipeline enterprises by sex
737,7,0,1,principal railway enterprises by sex until,persons > employed > in > principal > railway > enterprises > by > sex > until,0,1,1,False,Persons employed in principal railway enterprises by sex (until
738,0,-1,0,circular economy sectors,persons > employed > in > circular > economy > sectors,0,1,1,False,Persons employed in circular economy sectors
739,0,-1,0,multinational enterprise groups by size class experimental statistics,persons > employed > in > multinational > enterprise > groups > by > size > class > experimental > statistics,0,1,1,False,Persons employed in multinational enterprise groups by size class - experimental statistics
740,0,-1,0,part time,persons > employed > part > time,0,1,1,False,Persons employed part-time -
741,0,-1,0,feeling left out from society by sex age and level of disability activity limitation,persons > feeling > left > out > from > society > by > sex > age > and > level > of > disability > activity > limitation,0,1,1,False,"Persons feeling left out from society by sex, age and level of disability (activity limitation)"
742,0,-1,0,getting together with family and relatives or friends by income quintile household composition degree of urbanisation and frequency,persons > getting > together > with > family > and > relatives > or > friends > by > income > quintile > household > composition > degree > of > urbanisation > and > frequency,0,1,1,False,"Persons getting together with family and relatives or friends by income quintile, household composition, degree of urbanisation and frequency"
743,0,-1,0,contacts with family and relatives or friends by income quintile household composition degree of urbanisation and frequency,persons > having > contacts > with > family > and > relatives > or > friends > by > income > quintile > household > composition > degree > of > urbanisation > and > frequency,0,1,1,False,"Persons having contacts with family and relatives or friends by income quintile, household composition, degree of urbanisation and frequency"
744,0,-1,0,someone to,persons > having > someone > to,2,0,2,True,"Persons having someone to ask for help by sex, age and educational attainment | Persons having someone to discuss personal matters by sex, age and educational attainment"
744,1,0,1,ask for help by sex age and educational attainment,persons > having > someone > to > ask > for > help > by > sex > age > and > educational > attainment,0,1,1,False,"Persons having someone to ask for help by sex, age and educational attainment"
744,2,0,1,discuss personal matters by sex age and educational attainment,persons > having > someone > to > discuss > personal > matters > by > sex > age > and > educational > attainment,0,1,1,False,"Persons having someone to discuss personal matters by sex, age and educational attainment"
745,0,-1,0,involved in trafficking in human beings by legal status and sex,persons > involved > in > trafficking > in > human > beings > by > legal > status > and > sex,0,1,1,False,Persons involved in trafficking in human beings by legal status and sex
746,0,-1,0,killed in road accidents,persons > killed > in > road > accidents,1,1,2,False,Persons killed in road accidents | Persons killed in road accidents by type of road
746,1,0,1,by type of road,persons > killed > in > road > accidents > by > type > of > road,0,1,1,False,Persons killed in road accidents by type of road
747,0,-1,0,in households with very low work intensity by,persons > living > in > households > with > very > low > work > intensity > by,3,0,4,True,"Persons living in households with very low work intensity by NUTS regions (population aged 0 to 64 years) | Persons living in households with very low work intensity by age and sex (population aged 0 to 64 years) | Persons living in households with very low work intensity, by age group"
747,1,0,1,nuts regions population aged 0 to 64 years,persons > living > in > households > with > very > low > work > intensity > by > nuts > regions > population > aged > 0 > to > 64 > years,0,1,1,False,Persons living in households with very low work intensity by NUTS regions (population aged 0 to 64 years)
747,2,0,1,age,persons > living > in > households > with > very > low > work > intensity > by > age,2,0,2,True,"Persons living in households with very low work intensity by age and sex (population aged 0 to 64 years) | Persons living in households with very low work intensity, by age group"
747,3,2,2,and sex population aged 0 to 64 years,persons > living > in > households > with > very > low > work > intensity > by > age > and > sex > population > aged > 0 > to > 64 > years,0,1,1,False,Persons living in households with very low work intensity by age and sex (population aged 0 to 64 years)
747,4,2,2,group,persons > living > in > households > with > very > low > work > intensity > by > age > group,0,1,1,False,"Persons living in households with very low work intensity, by age group"
747,5,0,1,degree of urbanisation population aged 0 to 64 years strategy,persons > living > in > households > with > very > low > work > intensity > by > degree > of > urbanisation > population > aged > 0 > to > 64 > years > strategy,0,1,1,False,Persons living in households with very low work intensity by degree of urbanisation (population aged 0 to 64 years) - strategy
748,0,-1,0,with their parents or contributing benefiting from the household income population aged 18 to 34 years,persons > living > with > their > parents > or > contributing > benefiting > from > the > household > income > population > aged > 18 > to > 34 > years,0,1,1,False,Persons living with their parents or contributing/benefiting from the household income (population aged 18 to 34 years)
749,0,-1,0,participating in,persons > not > participating > in,3,0,5,True,"Persons not participating in active citizenship by sex, age and level of disability (activity limitation) | Persons not participating in cultural or sport activities in the last 12 months by income quintile, household composition, degree of urbanisation, activity type and reasons | Persons not participating in cultural or sport activities in the last 12 months by sex, age, level of disability (activity limitation), activity type and reasons"
749,1,0,1,active citizenship by sex age and level of disability activity limitation,persons > not > participating > in > active > citizenship > by > sex > age > and > level > of > disability > activity > limitation,0,1,1,False,"Persons not participating in active citizenship by sex, age and level of disability (activity limitation)"
749,2,0,1,cultural or sport activities in the last 12 months by,persons > not > participating > in > cultural > or > sport > activities > in > the > last > 12 > months > by,2,0,2,True,"Persons not participating in cultural or sport activities in the last 12 months by income quintile, household composition, degree of urbanisation, activity type and reasons | Persons not participating in cultural or sport activities in the last 12 months by sex, age, level of disability (activity limitation), activity type and reasons"
749,3,2,2,income quintile household composition degree of urbanisation activity type and reasons,persons > not > participating > in > cultural > or > sport > activities > in > the > last > 12 > months > by > income > quintile > household > composition > degree > of > urbanisation > activity > type > and > reasons,0,1,1,False,"Persons not participating in cultural or sport activities in the last 12 months by income quintile, household composition, degree of urbanisation, activity type and reasons"
749,4,2,2,sex age level of disability activity limitation activity type and reasons,persons > not > participating > in > cultural > or > sport > activities > in > the > last > 12 > months > by > sex > age > level > of > disability > activity > limitation > activity > type > and > reasons,0,1,1,False,"Persons not participating in cultural or sport activities in the last 12 months by sex, age, level of disability (activity limitation), activity type and reasons"
749,5,0,1,formal informal voluntary activities or active citizenship in the last 12 months by,persons > not > participating > in > formal > informal > voluntary > activities > or > active > citizenship > in > the > last > 12 > months > by,2,0,2,True,"Persons not participating in formal/informal voluntary activities or active citizenship in the last 12 months by income quintile, household composition, degree of urbanisation and reasons | Persons not participating in formal/informal voluntary activities or active citizenship in the last 12 months by sex, age, educational attainment and reasons"
749,6,5,2,income quintile household composition degree of urbanisation and reasons,persons > not > participating > in > formal > informal > voluntary > activities > or > active > citizenship > in > the > last > 12 > months > by > income > quintile > household > composition > degree > of > urbanisation > and > reasons,0,1,1,False,"Persons not participating in formal/informal voluntary activities or active citizenship in the last 12 months by income quintile, household composition, degree of urbanisation and reasons"
749,7,5,2,sex age educational attainment and reasons,persons > not > participating > in > formal > informal > voluntary > activities > or > active > citizenship > in > the > last > 12 > months > by > sex > age > educational > attainment > and > reasons,0,1,1,False,"Persons not participating in formal/informal voluntary activities or active citizenship in the last 12 months by sex, age, educational attainment and reasons"
750,0,-1,0,reading books in the last 12 months by sex age level of disability activity limitation and reasons,persons > not > reading > books > in > the > last > 12 > months > by > sex > age > level > of > disability > activity > limitation > and > reasons,0,1,1,False,"Persons not reading books in the last 12 months by sex, age, level of disability (activity limitation) and reasons"
751,0,-1,0,outside the labour force due to caring responsibilities by sex,persons > outside > the > labour > force > due > to > caring > responsibilities > by > sex,0,1,1,False,Persons outside the labour force due to caring responsibilities by sex
752,0,-1,0,owning real estate other than main residence by,persons > owning > real > estate > other > than > main > residence > by,2,0,2,True,Persons owning real estate other than main residence by income quantile | Persons owning real estate other than main residence by risk of poverty threshold
752,1,0,1,income quantile,persons > owning > real > estate > other > than > main > residence > by > income > quantile,0,1,1,False,Persons owning real estate other than main residence by income quantile
752,2,0,1,risk of poverty threshold,persons > owning > real > estate > other > than > main > residence > by > risk > of > poverty > threshold,0,1,1,False,Persons owning real estate other than main residence by risk of poverty threshold
753,0,-1,0,tourism for personal purposes number of tourists,persons > participating > in > tourism > for > personal > purposes > number > of > tourists,0,1,1,False,Persons participating in tourism for personal purposes - number of tourists
754,0,-1,0,practicing artistic activities by sex age educational attainment and frequency,persons > practicing > artistic > activities > by > sex > age > educational > attainment > and > frequency,0,1,1,False,"Persons practicing artistic activities by sex, age, educational attainment and frequency"
755,0,-1,0,rating their life satisfaction as high medium or low by sex age educational attainment and domain,persons > rating > their > life > satisfaction > as > high > medium > or > low > by > sex > age > educational > attainment > and > domain,0,1,1,False,"Persons rating their life satisfaction as high, medium or low by sex, age, educational attainment and domain"
756,0,-1,0,reading,persons > reading,2,0,3,True,"Persons reading books in the last 12 months by sex, age, level of disability (activity limitation) and number of books | Persons reading books in the last 12 months by sex, age, risk of poverty or social exclusion situation and number of books | Persons reading newspapers in the last 12 months by sex"
757,0,-1,0,books in the last 12 months by sex age,persons > reading > books > in > the > last > 12 > months > by > sex > age,2,0,2,True,"Persons reading books in the last 12 months by sex, age, level of disability (activity limitation) and number of books | Persons reading books in the last 12 months by sex, age, risk of poverty or social exclusion situation and number of books"
757,1,0,1,level of disability activity limitation and number of books,persons > reading > books > in > the > last > 12 > months > by > sex > age > level > of > disability > activity > limitation > and > number > of > books,0,1,1,False,"Persons reading books in the last 12 months by sex, age, level of disability (activity limitation) and number of books"
757,2,0,1,risk of poverty or social exclusion situation and number of books,persons > reading > books > in > the > last > 12 > months > by > sex > age > risk > of > poverty > or > social > exclusion > situation > and > number > of > books,0,1,1,False,"Persons reading books in the last 12 months by sex, age, risk of poverty or social exclusion situation and number of books"
758,0,-1,0,newspapers in the last 12 months by sex,persons > reading > newspapers > in > the > last > 12 > months > by > sex,0,1,1,False,Persons reading newspapers in the last 12 months by sex
759,0,-1,0,receiving benefits other than old age benefits by risk of poverty and work intensity of the household population aged 18 64,persons > receiving > benefits > other > than > old > age > benefits > by > risk > of > poverty > and > work > intensity > of > the > household > population > aged > 18 > 64,0,1,1,False,Persons receiving benefits (other than old age benefits) by risk of poverty and work intensity of the household (population aged 18-64)
760,0,-1,0,a road traffic accident,persons > reporting > a > road > traffic > accident,0,1,1,False,Persons reporting a road traffic accident
761,0,-1,0,an accident at work by sex age and professional status,persons > reporting > an > accident > at > work > by > sex > age > and > professional > status,0,1,1,False,"Persons reporting an accident at work by sex, age and professional status"
762,0,-1,0,basic activity difficulty by sex age level of difficulty,persons > reporting > basic > activity > difficulty > by > sex > age > level > of > difficulty,2,0,4,True,"Persons reporting basic activity difficulty by sex, age, level of difficulty and degree of urbanization | Persons reporting basic activity difficulty by sex, age, level of difficulty and educational attainment level | Persons reporting basic activity difficulty by sex, age, level of difficulty and income quintile"
762,1,0,1,and,persons > reporting > basic > activity > difficulty > by > sex > age > level > of > difficulty > and,3,0,3,True,"Persons reporting basic activity difficulty by sex, age, level of difficulty and degree of urbanization | Persons reporting basic activity difficulty by sex, age, level of difficulty and educational attainment level | Persons reporting basic activity difficulty by sex, age, level of difficulty and income quintile"
762,2,1,2,degree of urbanization,persons > reporting > basic > activity > difficulty > by > sex > age > level > of > difficulty > and > degree > of > urbanization,0,1,1,False,"Persons reporting basic activity difficulty by sex, age, level of difficulty and degree of urbanization"
762,3,1,2,educational attainment level,persons > reporting > basic > activity > difficulty > by > sex > age > level > of > difficulty > and > educational > attainment > level,0,1,1,False,"Persons reporting basic activity difficulty by sex, age, level of difficulty and educational attainment level"
762,4,1,2,income quintile,persons > reporting > basic > activity > difficulty > by > sex > age > level > of > difficulty > and > income > quintile,0,1,1,False,"Persons reporting basic activity difficulty by sex, age, level of difficulty and income quintile"
762,5,0,1,type of basic action and risk of poverty threshold,persons > reporting > basic > activity > difficulty > by > sex > age > level > of > difficulty > type > of > basic > action > and > risk > of > poverty > threshold,0,1,1,False,"Persons reporting basic activity difficulty by sex, age, level of difficulty, type of basic action and risk of poverty threshold"
763,0,-1,0,subject,persons > subject,2,0,3,True,"Persons subject of asylum applications pending at the end of the month - monthly data | Persons subject of asylum applications pending at the end of the month by citizenship, age and sex - monthly data | Persons subject to immigration law enforcement - per thousand persons"
764,0,-1,0,of asylum applications pending at the end of the month,persons > subject > of > asylum > applications > pending > at > the > end > of > the > month,2,0,2,True,"Persons subject of asylum applications pending at the end of the month - monthly data | Persons subject of asylum applications pending at the end of the month by citizenship, age and sex - monthly data"
764,1,0,1,monthly data,persons > subject > of > asylum > applications > pending > at > the > end > of > the > month > monthly > data,0,1,1,False,Persons subject of asylum applications pending at the end of the month - monthly data
764,2,0,1,by citizenship age and sex monthly data,persons > subject > of > asylum > applications > pending > at > the > end > of > the > month > by > citizenship > age > and > sex > monthly > data,0,1,1,False,"Persons subject of asylum applications pending at the end of the month by citizenship, age and sex - monthly data"
765,0,-1,0,to immigration law enforcement per thousand persons,persons > subject > to > immigration > law > enforcement > per > thousand > persons,0,1,1,False,Persons subject to immigration law enforcement - per thousand persons
766,0,-1,0,who,persons > who,2,0,2,True,"Persons who receive a pension, by type of pension (%) | Persons who reduced their working hours in a move towards retirement (%)"
767,0,-1,0,receive a pension by type of pension,persons > who > receive > a > pension > by > type > of > pension,0,1,1,False,"Persons who receive a pension, by type of pension (%)"
768,0,-1,0,reduced their working hours in a move towards retirement,persons > who > reduced > their > working > hours > in > a > move > towards > retirement,0,1,1,False,Persons who reduced their working hours in a move towards retirement (%)
769,0,-1,0,with loans,persons > with > loans,2,0,5,True,"Persons with loans for education purposes by risk of poverty threshold | Persons with loans for property purposes by risk of poverty threshold | Persons with loans for purposes other than property, transport, education and daily living expenses by risk of poverty threshold"
769,1,0,1,for,persons > with > loans > for,4,0,4,True,"Persons with loans for education purposes by risk of poverty threshold | Persons with loans for property purposes by risk of poverty threshold | Persons with loans for purposes other than property, transport, education and daily living expenses by risk of poverty threshold"
769,2,1,2,education purposes by risk of poverty threshold,persons > with > loans > for > education > purposes > by > risk > of > poverty > threshold,0,1,1,False,Persons with loans for education purposes by risk of poverty threshold
769,3,1,2,property purposes by risk of poverty threshold,persons > with > loans > for > property > purposes > by > risk > of > poverty > threshold,0,1,1,False,Persons with loans for property purposes by risk of poverty threshold
769,4,1,2,purposes other than property transport education and daily living expenses by risk of poverty threshold,persons > with > loans > for > purposes > other > than > property > transport > education > and > daily > living > expenses > by > risk > of > poverty > threshold,0,1,1,False,"Persons with loans for purposes other than property, transport, education and daily living expenses by risk of poverty threshold"
769,5,1,2,transport purposes by risk of poverty threshold,persons > with > loans > for > transport > purposes > by > risk > of > poverty > threshold,0,1,1,False,Persons with loans for transport purposes by risk of poverty threshold
769,6,0,1,to cover daily living expenses by risk of poverty threshold,persons > with > loans > to > cover > daily > living > expenses > by > risk > of > poverty > threshold,0,1,1,False,Persons with loans to cover daily living expenses by risk of poverty threshold
770,0,-1,0,working as creative and performing artists authors journalists and linguists,persons > working > as > creative > and > performing > artists > authors > journalists > and > linguists,0,1,1,False,"Persons working as creative and performing artists, authors, journalists and linguists"
771,0,-1,0,pesticide,pesticide,1,0,1,False,Pesticide sales by categorisation of active substances
771,1,0,1,sales by categorisation of active substances,pesticide > sales > by > categorisation > of > active > substances,0,1,1,False,Pesticide sales by categorisation of active substances
772,0,-1,0,phosphate,phosphate,1,0,1,False,Phosphate in rivers
772,1,0,1,in rivers,phosphate > in > rivers,0,1,1,False,Phosphate in rivers
773,0,-1,0,physical,physical,1,0,1,False,Physical and sexual violence to women by age group data)
773,1,0,1,and sexual violence to women by age group data,physical > and > sexual > violence > to > women > by > age > group > data,0,1,1,False,Physical and sexual violence to women by age group data)
774,0,-1,0,police,police,2,0,2,True,Police officers | Police-recorded offences by offence category
775,0,-1,0,officers,police > officers,0,1,1,False,Police officers
776,0,-1,0,recorded offences by offence category,police > recorded > offences > by > offence > category,0,1,1,False,Police-recorded offences by offence category
777,0,-1,0,population,population,18,0,30,True,Population aged 20-24 who completed at least an upper secondary educational attainment level (ISCED level 3) by sex | Population aged 25 and over by sex and educational attainment level | Population aged 30-34 who completed tertiary or equivalent education
777,1,0,1,by educational attainment level sex and age main indicators,population > by > educational > attainment > level > sex > and > age > main > indicators,0,1,1,False,"Population by educational attainment level, sex and age (%) - main indicators"
777,2,0,1,density,population > density,1,1,2,False,Population density | Population density by metropolitan regions
777,3,2,2,by metropolitan regions,population > density > by > metropolitan > regions,0,1,1,False,Population density by metropolitan regions
777,4,0,1,structure,population > structure,2,0,3,True,Population structure by detailed age group | Population structure by sex | Population structure indicators by NUTS 3 region
778,0,-1,0,aged,population > aged,4,0,5,True,Population aged 20-24 who completed at least an upper secondary educational attainment level (ISCED level 3) by sex | Population aged 25 and over by sex and educational attainment level | Population aged 30-34 who completed tertiary or equivalent education
778,1,0,1,20 24 who completed at least an upper secondary educational attainment level isced level 3 by sex,population > aged > 20 > 24 > who > completed > at > least > an > upper > secondary > educational > attainment > level > isced > level > 3 > by > sex,0,1,1,False,Population aged 20-24 who completed at least an upper secondary educational attainment level (ISCED level 3) by sex
778,2,0,1,25 and over by sex and educational attainment level,population > aged > 25 > and > over > by > sex > and > educational > attainment > level,0,1,1,False,Population aged 25 and over by sex and educational attainment level
778,3,0,1,30 34,population > aged > 30 > 34,2,0,2,True,Population aged 30-34 who completed tertiary or equivalent education | Population aged 30-34 with tertiary educational attainment level by sex
778,4,3,2,who completed tertiary or equivalent education,population > aged > 30 > 34 > who > completed > tertiary > or > equivalent > education,0,1,1,False,Population aged 30-34 who completed tertiary or equivalent education
778,5,3,2,with tertiary educational attainment level by sex,population > aged > 30 > 34 > with > tertiary > educational > attainment > level > by > sex,0,1,1,False,Population aged 30-34 with tertiary educational attainment level by sex
779,0,-1,0,15 74 labour force survey,population > aged > 15 > 74 > labour > force > survey,0,1,1,False,"Population, aged 15-74 - labour force survey"
780,0,-1,0,as a percentage of eu27 from population,population > as > a > percentage > of > eu27 > from > population,0,1,1,False,Population as a percentage of EU27 (from population
781,0,-1,0,change,population > change,2,0,2,True,"Population change - Demographic balance and crude rates at regional level (NUTS 3) | Population change - crude rates of total change, natural change and net migration plus adjustment"
781,1,0,1,demographic balance and crude rates at regional level nuts 3,population > change > demographic > balance > and > crude > rates > at > regional > level > nuts > 3,0,1,1,False,Population change - Demographic balance and crude rates at regional level (NUTS 3)
781,2,0,1,crude rates of total change natural change and net migration plus adjustment,population > change > crude > rates > of > total > change > natural > change > and > net > migration > plus > adjustment,0,1,1,False,"Population change - crude rates of total change, natural change and net migration plus adjustment"
782,0,-1,0,connected to,population > connected > to,3,0,4,True,Population connected to Wastewater Treatment | Population connected to wastewater collection and treatment systems | Population connected to at least secondary wastewater treatment
782,1,0,1,wastewater,population > connected > to > wastewater,2,0,2,True,Population connected to Wastewater Treatment | Population connected to wastewater collection and treatment systems
782,2,1,2,treatment,population > connected > to > wastewater > treatment,0,1,1,False,Population connected to Wastewater Treatment
782,3,1,2,collection and treatment systems,population > connected > to > wastewater > collection > and > treatment > systems,0,1,1,False,Population connected to wastewater collection and treatment systems
782,4,0,1,at least secondary wastewater treatment,population > connected > to > at > least > secondary > wastewater > treatment,0,1,1,False,Population connected to at least secondary wastewater treatment
782,5,0,1,public water supply,population > connected > to > public > water > supply,0,1,1,False,Population connected to public water supply
783,0,-1,0,covered by the covenant of mayors for climate energy signatories,population > covered > by > the > covenant > of > mayors > for > climate > energy > signatories,0,1,1,False,Population covered by the Covenant of Mayors for Climate & Energy signatories
784,0,-1,0,having neither a bath nor a shower nor indoor flushing toilet in their household by poverty status,population > having > neither > a > bath > nor > a > shower > nor > indoor > flushing > toilet > in > their > household > by > poverty > status,0,1,1,False,"Population having neither a bath, nor a shower, nor indoor flushing toilet in their household by poverty status"
785,0,-1,0,in jobless households,population > in > jobless > households,0,1,1,False,Population in jobless households
786,0,-1,0,living in households considering that they suffer from noise by poverty status,population > living > in > households > considering > that > they > suffer > from > noise > by > poverty > status,0,1,1,False,"Population living in households considering that they suffer from noise, by poverty status"
787,0,-1,0,on 1 january,population > on > 1 > january,1,1,2,False,Population on 1 January | Population on 1 January by sex and by age group
787,1,0,1,by sex and by age group,population > on > 1 > january > by > sex > and > by > age > group,0,1,1,False,Population on 1 January by sex and by age group
788,0,-1,0,reporting occurrence of crime violence or vandalism in their area by poverty status,population > reporting > occurrence > of > crime > violence > or > vandalism > in > their > area > by > poverty > status,0,1,1,False,"Population reporting occurrence of crime, violence or vandalism in their area by poverty status"
789,0,-1,0,served by municipal waste,population > served > by > municipal > waste,0,1,1,False,Population served by municipal waste
790,0,-1,0,by,population > structure > by,2,0,2,True,Population structure by detailed age group | Population structure by sex
790,1,0,1,detailed age group,population > structure > by > detailed > age > group,0,1,1,False,Population structure by detailed age group
790,2,0,1,sex,population > structure > by > sex,0,1,1,False,Population structure by sex
791,0,-1,0,indicators by nuts 3 region,population > structure > indicators > by > nuts > 3 > region,0,1,1,False,Population structure indicators by NUTS 3 region
792,0,-1,0,unable to keep home adequately warm by poverty status,population > unable > to > keep > home > adequately > warm > by > poverty > status,0,1,1,False,Population unable to keep home adequately warm by poverty status
793,0,-1,0,with confidence in institutions by institution,population > with > confidence > in > institutions > by > institution,0,1,1,False,Population with confidence in institutions by institution
794,0,-1,0,without the citizenship of the reporting country,population > without > the > citizenship > of > the > reporting > country,0,1,1,False,Population without the citizenship of the reporting country
795,0,-1,0,candidate countries and potential candidates,population > candidate > countries > and > potential > candidates,0,1,1,False,"population, Candidate countries and potential candidates"
796,0,-1,0,portfolio,portfolio,1,0,1,False,"Portfolio investement - annual data, million units of national currency"
796,1,0,1,investement annual data million units of national currency,portfolio > investement > annual > data > million > units > of > national > currency,0,1,1,False,"Portfolio investement - annual data, million units of national currency"
797,0,-1,0,positions,positions,1,0,1,False,Positions held by women in senior management positions
797,1,0,1,held by women in senior management positions,positions > held > by > women > in > senior > management > positions,0,1,1,False,Positions held by women in senior management positions
798,0,-1,0,positive,positive,1,0,1,False,Positive first instance decisions - per thousand persons
798,1,0,1,first instance decisions per thousand persons,positive > first > instance > decisions > per > thousand > persons,0,1,1,False,Positive first instance decisions - per thousand persons
799,0,-1,0,poultry,poultry,1,0,1,False,Poultry farming
799,1,0,1,farming,poultry > farming,0,1,1,False,Poultry farming
800,0,-1,0,poverty,poverty,3,0,3,True,Poverty headcount ratio by sex: proportion of persons below the national poverty line | Poverty lines | Poverty ratio
800,1,0,1,headcount ratio by sex proportion of persons below the national poverty line,poverty > headcount > ratio > by > sex > proportion > of > persons > below > the > national > poverty > line,0,1,1,False,Poverty headcount ratio by sex: proportion of persons below the national poverty line
800,2,0,1,ratio,poverty > ratio,0,1,1,False,Poverty ratio
801,0,-1,0,lines,poverty > lines,0,1,1,False,Poverty lines
802,0,-1,0,power,power,1,0,1,False,Power of self-propelled vessels by load capacity
802,1,0,1,of self propelled vessels by load capacity,power > of > self > propelled > vessels > by > load > capacity,0,1,1,False,Power of self-propelled vessels by load capacity
803,0,-1,0,practising,practising,2,0,2,True,Practising dentists | Practising physicians
804,0,-1,0,dentists,practising > dentists,0,1,1,False,Practising dentists
805,0,-1,0,physicians,practising > physicians,0,1,1,False,Practising physicians
806,0,-1,0,premature,premature,1,0,1,False,Premature deaths due to exposure to fine particulate matter (PM2.5)
806,1,0,1,deaths due to exposure to fine particulate matter pm2 5,premature > deaths > due > to > exposure > to > fine > particulate > matter > pm2 > 5,0,1,1,False,Premature deaths due to exposure to fine particulate matter (PM2.5)
807,0,-1,0,preventive,preventive,1,0,1,False,Preventive cancer screenings - programme data
807,1,0,1,cancer screenings programme data,preventive > cancer > screenings > programme > data,0,1,1,False,Preventive cancer screenings - programme data
808,0,-1,0,price,price,2,0,2,True,Price and volume convergence between Member States | Price indices of agricultural input/output at nominal value = 100)
809,0,-1,0,and volume convergence between member states,price > and > volume > convergence > between > member > states,0,1,1,False,Price and volume convergence between Member States
810,0,-1,0,indices of agricultural input output at nominal value 100,price > indices > of > agricultural > input > output > at > nominal > value > 100,0,1,1,False,Price indices of agricultural input/output at nominal value = 100)
811,0,-1,0,prices,prices,1,0,1,False,Prices (annual series)
811,1,0,1,annual series,prices > annual > series,0,1,1,False,Prices (annual series)
812,0,-1,0,primary,primary,1,0,2,False,Primary energy consumption | Primary energy production
812,1,0,1,energy,primary > energy,2,0,2,True,Primary energy consumption | Primary energy production
812,2,1,2,consumption,primary > energy > consumption,0,1,1,False,Primary energy consumption
812,3,1,2,production,primary > energy > production,0,1,1,False,Primary energy production
813,0,-1,0,prison,prison,2,0,2,True,Prison capacity and number of persons held | Prison population
813,1,0,1,capacity and number of persons held,prison > capacity > and > number > of > persons > held,0,1,1,False,Prison capacity and number of persons held
813,2,0,1,population,prison > population,0,1,1,False,Prison population
814,0,-1,0,prisoners,prisoners,1,0,2,False,Prisoners by citizenship | Prisoners by legal status of the trial process
814,1,0,1,by,prisoners > by,2,0,2,True,Prisoners by citizenship | Prisoners by legal status of the trial process
815,0,-1,0,citizenship,prisoners > by > citizenship,0,1,1,False,Prisoners by citizenship
816,0,-1,0,legal status of the trial process,prisoners > by > legal > status > of > the > trial > process,0,1,1,False,Prisoners by legal status of the trial process
817,0,-1,0,private,private,3,0,22,True,"Private households by type of housing | Private investment and gross added value related to circular economy sectors | Private sector credit flow, consolidated - % GDP"
818,0,-1,0,households by type of housing,private > households > by > type > of > housing,0,1,1,False,Private households by type of housing
819,0,-1,0,investment and gross added value related to circular economy sectors,private > investment > and > gross > added > value > related > to > circular > economy > sectors,0,1,1,False,Private investment and gross added value related to circular economy sectors
820,0,-1,0,sector,private > sector,2,0,20,True,"Private sector credit flow, consolidated - % GDP | Private sector credit flow, non-consolidated | Private sector credit flow: debt securities by sectors, consolidated - % of GDP"
820,1,0,1,credit flow,private > sector > credit > flow,4,0,10,True,"Private sector credit flow, consolidated - % GDP | Private sector credit flow, non-consolidated | Private sector credit flow: debt securities by sectors, consolidated - % of GDP"
820,2,1,2,consolidated gdp,private > sector > credit > flow > consolidated > gdp,0,1,1,False,"Private sector credit flow, consolidated - % GDP"
820,3,1,2,non consolidated,private > sector > credit > flow > non > consolidated,0,1,1,False,"Private sector credit flow, non-consolidated"
820,4,1,2,debt securities by sectors,private > sector > credit > flow > debt > securities > by > sectors,2,0,4,True,"Private sector credit flow: debt securities by sectors, consolidated - % of GDP | Private sector credit flow: debt securities by sectors, consolidated - million units of national currency | Private sector credit flow: debt securities by sectors, non-consolidated - % of GDP"
820,5,4,3,consolidated,private > sector > credit > flow > debt > securities > by > sectors > consolidated,2,0,2,True,"Private sector credit flow: debt securities by sectors, consolidated - % of GDP | Private sector credit flow: debt securities by sectors, consolidated - million units of national currency"
820,6,5,4,of gdp,private > sector > credit > flow > debt > securities > by > sectors > consolidated > of > gdp,0,1,1,False,"Private sector credit flow: debt securities by sectors, consolidated - % of GDP"
820,7,5,4,million units of national currency,private > sector > credit > flow > debt > securities > by > sectors > consolidated > million > units > of > national > currency,0,1,1,False,"Private sector credit flow: debt securities by sectors, consolidated - million units of national currency"
820,8,4,3,non consolidated,private > sector > credit > flow > debt > securities > by > sectors > non > consolidated,2,0,2,True,"Private sector credit flow: debt securities by sectors, non-consolidated - % of GDP | Private sector credit flow: debt securities by sectors, non-consolidated - million units of national currency"
820,9,8,4,of gdp,private > sector > credit > flow > debt > securities > by > sectors > non > consolidated > of > gdp,0,1,1,False,"Private sector credit flow: debt securities by sectors, non-consolidated - % of GDP"
820,10,8,4,million units of national currency,private > sector > credit > flow > debt > securities > by > sectors > non > consolidated > million > units > of > national > currency,0,1,1,False,"Private sector credit flow: debt securities by sectors, non-consolidated - million units of national currency"
820,11,1,2,loans by sectors,private > sector > credit > flow > loans > by > sectors,2,0,4,True,"Private sector credit flow: loans by sectors, consolidated - % of GDP | Private sector credit flow: loans by sectors, consolidated - million units of national currency | Private sector credit flow: loans by sectors, non-consolidated - % of GDP"
820,12,11,3,consolidated,private > sector > credit > flow > loans > by > sectors > consolidated,2,0,2,True,"Private sector credit flow: loans by sectors, consolidated - % of GDP | Private sector credit flow: loans by sectors, consolidated - million units of national currency"
820,13,12,4,of gdp,private > sector > credit > flow > loans > by > sectors > consolidated > of > gdp,0,1,1,False,"Private sector credit flow: loans by sectors, consolidated - % of GDP"
820,14,12,4,million units of national currency,private > sector > credit > flow > loans > by > sectors > consolidated > million > units > of > national > currency,0,1,1,False,"Private sector credit flow: loans by sectors, consolidated - million units of national currency"
820,15,11,3,non consolidated,private > sector > credit > flow > loans > by > sectors > non > consolidated,2,0,2,True,"Private sector credit flow: loans by sectors, non-consolidated - % of GDP | Private sector credit flow: loans by sectors, non-consolidated - million units of national currency"
820,16,15,4,of gdp,private > sector > credit > flow > loans > by > sectors > non > consolidated > of > gdp,0,1,1,False,"Private sector credit flow: loans by sectors, non-consolidated - % of GDP"
820,17,15,4,million units of national currency,private > sector > credit > flow > loans > by > sectors > non > consolidated > million > units > of > national > currency,0,1,1,False,"Private sector credit flow: loans by sectors, non-consolidated - million units of national currency"
820,18,0,1,debt,private > sector > debt,4,0,10,True,"Private sector debt, consolidated - % of GDP | Private sector debt, non-consolidated | Private sector debt: debt securities by sectors, non-consolidated - % of GDP"
820,19,18,2,consolidated of gdp,private > sector > debt > consolidated > of > gdp,0,1,1,False,"Private sector debt, consolidated - % of GDP"
820,20,18,2,non consolidated,private > sector > debt > non > consolidated,0,1,1,False,"Private sector debt, non-consolidated"
820,21,18,2,debt securities by sectors,private > sector > debt > debt > securities > by > sectors,2,0,4,True,"Private sector debt: debt securities by sectors, non-consolidated - % of GDP | Private sector debt: debt securities by sectors, non-consolidated - million units of national currency | Private sector debt: debt securities, by sectors, consolidated - % of GDP"
820,22,21,3,non consolidated,private > sector > debt > debt > securities > by > sectors > non > consolidated,2,0,2,True,"Private sector debt: debt securities by sectors, non-consolidated - % of GDP | Private sector debt: debt securities by sectors, non-consolidated - million units of national currency"
820,23,22,4,of gdp,private > sector > debt > debt > securities > by > sectors > non > consolidated > of > gdp,0,1,1,False,"Private sector debt: debt securities by sectors, non-consolidated - % of GDP"
820,24,22,4,million units of national currency,private > sector > debt > debt > securities > by > sectors > non > consolidated > million > units > of > national > currency,0,1,1,False,"Private sector debt: debt securities by sectors, non-consolidated - million units of national currency"
820,25,21,3,consolidated,private > sector > debt > debt > securities > by > sectors > consolidated,2,0,2,True,"Private sector debt: debt securities, by sectors, consolidated - % of GDP | Private sector debt: debt securities, by sectors, consolidated - million units of national currency"
820,26,25,4,of gdp,private > sector > debt > debt > securities > by > sectors > consolidated > of > gdp,0,1,1,False,"Private sector debt: debt securities, by sectors, consolidated - % of GDP"
820,27,25,4,million units of national currency,private > sector > debt > debt > securities > by > sectors > consolidated > million > units > of > national > currency,0,1,1,False,"Private sector debt: debt securities, by sectors, consolidated - million units of national currency"
820,28,18,2,loans by sectors,private > sector > debt > loans > by > sectors,2,0,4,True,"Private sector debt: loans by sectors, non-consolidated - million units of national currency | Private sector debt: loans, by sectors, non-consolidated - % of GDP | Private sector debt: loans, by sectors, consolidated - % of GDP"
820,29,28,3,non consolidated,private > sector > debt > loans > by > sectors > non > consolidated,2,0,2,True,"Private sector debt: loans by sectors, non-consolidated - million units of national currency | Private sector debt: loans, by sectors, non-consolidated - % of GDP"
820,30,29,4,million units of national currency,private > sector > debt > loans > by > sectors > non > consolidated > million > units > of > national > currency,0,1,1,False,"Private sector debt: loans by sectors, non-consolidated - million units of national currency"
820,31,29,4,of gdp,private > sector > debt > loans > by > sectors > non > consolidated > of > gdp,0,1,1,False,"Private sector debt: loans, by sectors, non-consolidated - % of GDP"
820,32,28,3,consolidated,private > sector > debt > loans > by > sectors > consolidated,2,0,2,True,"Private sector debt: loans, by sectors, consolidated - % of GDP | Private sector debt: loans, by sectors, consolidated - million units of national currency"
820,33,32,4,of gdp,private > sector > debt > loans > by > sectors > consolidated > of > gdp,0,1,1,False,"Private sector debt: loans, by sectors, consolidated - % of GDP"
820,34,32,4,million units of national currency,private > sector > debt > loans > by > sectors > consolidated > million > units > of > national > currency,0,1,1,False,"Private sector debt: loans, by sectors, consolidated - million units of national currency"
821,0,-1,0,processors,processors,1,0,1,False,Processors of organic products by NACE Rev. 2 activity (C)
821,1,0,1,of organic products by nace rev 2 activity c,processors > of > organic > products > by > nace > rev > 2 > activity > c,0,1,1,False,Processors of organic products by NACE Rev. 2 activity (C)
822,0,-1,0,producer,producer,1,0,3,False,"Producer price indices, animals and animal products | Producer price indices, crop products | Producer price indices, total agricultural production"
822,1,0,1,price indices,producer > price > indices,3,0,3,True,"Producer price indices, animals and animal products | Producer price indices, crop products | Producer price indices, total agricultural production"
822,2,1,2,animals and animal products,producer > price > indices > animals > and > animal > products,0,1,1,False,"Producer price indices, animals and animal products"
822,3,1,2,crop products,producer > price > indices > crop > products,0,1,1,False,"Producer price indices, crop products"
822,4,1,2,total agricultural production,producer > price > indices > total > agricultural > production,0,1,1,False,"Producer price indices, total agricultural production"
823,0,-1,0,production,production,5,0,20,True,Production and consumption of chemicals by hazard class | Production forecasts for pigs – thousand heads – quarterly data | Production in construction
824,0,-1,0,and consumption of chemicals by hazard class,production > and > consumption > of > chemicals > by > hazard > class,0,1,1,False,Production and consumption of chemicals by hazard class
825,0,-1,0,forecasts for pigs thousand heads quarterly data,production > forecasts > for > pigs > thousand > heads > quarterly > data,0,1,1,False,Production forecasts for pigs – thousand heads – quarterly data
826,0,-1,0,in,production > in,2,0,8,True,Production in construction | Production in industry - capital goods | Production in industry - consumer durables
826,1,0,1,construction,production > in > construction,0,1,1,False,Production in construction
826,2,0,1,industry,production > in > industry,6,0,7,True,Production in industry - capital goods | Production in industry - consumer durables | Production in industry - consumer non-durables
826,3,2,2,capital goods,production > in > industry > capital > goods,0,1,1,False,Production in industry - capital goods
826,4,2,2,consumer,production > in > industry > consumer,2,0,2,True,Production in industry - consumer durables | Production in industry - consumer non-durables
826,5,4,3,durables,production > in > industry > consumer > durables,0,1,1,False,Production in industry - consumer durables
826,6,4,3,non durables,production > in > industry > consumer > non > durables,0,1,1,False,Production in industry - consumer non-durables
826,7,2,2,energy,production > in > industry > energy,0,1,1,False,Production in industry - energy
826,8,2,2,intermediate goods,production > in > industry > intermediate > goods,0,1,1,False,Production in industry - intermediate goods
826,9,2,2,manufacturing,production > in > industry > manufacturing,0,1,1,False,Production in industry - manufacturing
826,10,2,2,total excluding construction,production > in > industry > total > excluding > construction,0,1,1,False,Production in industry - total (excluding construction)
827,0,-1,0,of,production > of,8,0,9,True,Production of bovine meat in slaughterhouses | Production of butter | Production of cheese
827,1,0,1,bovine meat in slaughterhouses,production > of > bovine > meat > in > slaughterhouses,0,1,1,False,Production of bovine meat in slaughterhouses
827,2,0,1,milk,production > of > milk,2,0,2,True,Production of milk on farms | Production of milk powder
827,3,2,2,on farms,production > of > milk > on > farms,0,1,1,False,Production of milk on farms
827,4,2,2,powder,production > of > milk > powder,0,1,1,False,Production of milk powder
827,5,0,1,pigmeat in slaughterhouses,production > of > pigmeat > in > slaughterhouses,0,1,1,False,Production of pigmeat in slaughterhouses
827,6,0,1,poultry meat in slaughterhouses,production > of > poultry > meat > in > slaughterhouses,0,1,1,False,Production of poultry meat in slaughterhouses
827,7,0,1,sheepmeat and goat meat in slaughterhouses,production > of > sheepmeat > and > goat > meat > in > slaughterhouses,0,1,1,False,Production of sheepmeat and goat meat in slaughterhouses
828,0,-1,0,butter,production > of > butter,0,1,1,False,Production of butter
829,0,-1,0,cheese,production > of > cheese,0,1,1,False,Production of cheese
830,0,-1,0,eggs for consumption and number of laying hens,production > of > eggs > for > consumption > and > number > of > laying > hens,0,1,1,False,Production of eggs for consumption and number of laying hens
831,0,-1,0,value added and employment by industry groups in the environmental goods and services sector,production > value > added > and > employment > by > industry > groups > in > the > environmental > goods > and > services > sector,0,1,1,False,"Production, value added and employment by industry groups in the environmental goods and services sector"
832,0,-1,0,profit,profit,1,0,1,False,Profit share of non-financial corporations
832,1,0,1,share of non financial corporations,profit > share > of > non > financial > corporations,0,1,1,False,Profit share of non-financial corporations
833,0,-1,0,proportion,proportion,1,0,5,False,"Proportion of dissaving households - experimental statistics | Proportion of fish stocks sustainably exploited | Proportion of persons at risk of relative poverty, before social transfers by sex"
833,1,0,1,of,proportion > of,4,0,5,True,"Proportion of dissaving households - experimental statistics | Proportion of fish stocks sustainably exploited | Proportion of persons at risk of relative poverty, before social transfers by sex"
833,2,1,2,dissaving households experimental statistics,proportion > of > dissaving > households > experimental > statistics,0,1,1,False,Proportion of dissaving households - experimental statistics
834,0,-1,0,fish stocks sustainably exploited,proportion > of > fish > stocks > sustainably > exploited,0,1,1,False,Proportion of fish stocks sustainably exploited
835,0,-1,0,persons,proportion > of > persons,2,0,2,True,"Proportion of persons at risk of relative poverty, before social transfers by sex | Proportion of persons living in jobless households"
836,0,-1,0,at risk of relative poverty before social transfers by sex,proportion > of > persons > at > risk > of > relative > poverty > before > social > transfers > by > sex,0,1,1,False,"Proportion of persons at risk of relative poverty, before social transfers by sex"
837,0,-1,0,living in jobless households,proportion > of > persons > living > in > jobless > households,0,1,1,False,Proportion of persons living in jobless households
838,0,-1,0,population aged 65 and over,proportion > of > population > aged > 65 > and > over,0,1,1,False,Proportion of population aged 65 and over
839,0,-1,0,protected,protected,2,0,2,True,Protected areas | Protected forests
839,1,0,1,areas,protected > areas,0,1,1,False,Protected areas
839,2,0,1,forests,protected > forests,0,1,1,False,Protected forests
840,0,-1,0,protective,protective,1,0,1,False,Protective functions of forests
840,1,0,1,functions of forests,protective > functions > of > forests,0,1,1,False,Protective functions of forests
841,0,-1,0,public,public,1,0,1,False,Public expenditure on education
841,1,0,1,expenditure on education,public > expenditure > on > education,0,1,1,False,Public expenditure on education
842,0,-1,0,pupil,pupil,1,0,1,False,Pupil/ student - teacher ratio and average class size (ISCED 1-3)
842,1,0,1,student teacher ratio and average class size isced 1 3,pupil > student > teacher > ratio > and > average > class > size > isced > 1 > 3,0,1,1,False,Pupil/ student - teacher ratio and average class size (ISCED 1-3)
843,0,-1,0,pupils,pupils,4,0,12,True,"Pupils aged 3 years old, by sex - as % of the population of the corresponding age group | Pupils aged 4 years old, by sex - as % of the population of the corresponding age group | Pupils and students enrolled by education level"
843,1,0,1,aged,pupils > aged,2,0,2,True,"Pupils aged 3 years old, by sex - as % of the population of the corresponding age group | Pupils aged 4 years old, by sex - as % of the population of the corresponding age group"
843,2,1,2,3 years old by sex as of the population of the corresponding age group,pupils > aged > 3 > years > old > by > sex > as > of > the > population > of > the > corresponding > age > group,0,1,1,False,"Pupils aged 3 years old, by sex - as % of the population of the corresponding age group"
843,3,1,2,4 years old by sex as of the population of the corresponding age group,pupils > aged > 4 > years > old > by > sex > as > of > the > population > of > the > corresponding > age > group,0,1,1,False,"Pupils aged 4 years old, by sex - as % of the population of the corresponding age group"
843,4,0,1,and students,pupils > and > students,2,0,3,True,Pupils and students enrolled by education level | Pupils and students in education aged 30 and over - per 1000 of corresponding age population | Pupils and students in education by age groups - as % of corresponding age population
843,5,4,2,enrolled by education level,pupils > and > students > enrolled > by > education > level,0,1,1,False,Pupils and students enrolled by education level
843,6,4,2,in education,pupils > and > students > in > education,2,0,2,True,Pupils and students in education aged 30 and over - per 1000 of corresponding age population | Pupils and students in education by age groups - as % of corresponding age population
843,7,6,3,aged 30 and over per 1000 of corresponding age population,pupils > and > students > in > education > aged > 30 > and > over > per > 1000 > of > corresponding > age > population,0,1,1,False,Pupils and students in education aged 30 and over - per 1000 of corresponding age population
843,8,6,3,by age groups as of corresponding age population,pupils > and > students > in > education > by > age > groups > as > of > corresponding > age > population,0,1,1,False,Pupils and students in education by age groups - as % of corresponding age population
843,9,0,1,from age,pupils > from > age,4,0,6,True,Pupils from age 0 to the starting age of compulsory education at primary level by sex - % of the population of the corresponding age | Pupils from age 3 to the starting age of compulsory education at primary level by NUTS2 regions - % of the population of the corresponding age | Pupils from age 3 to the starting age of compulsory education at primary level by sex - % of the population of the corresponding age
843,10,9,2,0 to the starting age of compulsory education at primary level by sex of the population of the corresponding age,pupils > from > age > 0 > to > the > starting > age > of > compulsory > education > at > primary > level > by > sex > of > the > population > of > the > corresponding > age,0,1,1,False,Pupils from age 0 to the starting age of compulsory education at primary level by sex - % of the population of the corresponding age
843,11,9,2,3 to the starting age of compulsory education at primary level by,pupils > from > age > 3 > to > the > starting > age > of > compulsory > education > at > primary > level > by,2,0,2,True,Pupils from age 3 to the starting age of compulsory education at primary level by NUTS2 regions - % of the population of the corresponding age | Pupils from age 3 to the starting age of compulsory education at primary level by sex - % of the population of the corresponding age
843,12,11,3,nuts2 regions of the population of the corresponding age,pupils > from > age > 3 > to > the > starting > age > of > compulsory > education > at > primary > level > by > nuts2 > regions > of > the > population > of > the > corresponding > age,0,1,1,False,Pupils from age 3 to the starting age of compulsory education at primary level by NUTS2 regions - % of the population of the corresponding age
843,13,11,3,sex of the population of the corresponding age,pupils > from > age > 3 > to > the > starting > age > of > compulsory > education > at > primary > level > by > sex > of > the > population > of > the > corresponding > age,0,1,1,False,Pupils from age 3 to the starting age of compulsory education at primary level by sex - % of the population of the corresponding age
843,14,9,2,4 to the starting age of compulsory education at primary level by,pupils > from > age > 4 > to > the > starting > age > of > compulsory > education > at > primary > level > by,2,0,2,True,"Pupils from age 4 to the starting age of compulsory education at primary level by NUTS2 regions - % of the population of the corresponding age | Pupils from age 4 to the starting age of compulsory education at primary level, by sex - as % of the population of the corresponding age group"
843,15,14,3,nuts2 regions of the population of the corresponding age,pupils > from > age > 4 > to > the > starting > age > of > compulsory > education > at > primary > level > by > nuts2 > regions > of > the > population > of > the > corresponding > age,0,1,1,False,Pupils from age 4 to the starting age of compulsory education at primary level by NUTS2 regions - % of the population of the corresponding age
843,16,14,3,sex as of the population of the corresponding age group,pupils > from > age > 4 > to > the > starting > age > of > compulsory > education > at > primary > level > by > sex > as > of > the > population > of > the > corresponding > age > group,0,1,1,False,"Pupils from age 4 to the starting age of compulsory education at primary level, by sex - as % of the population of the corresponding age group"
843,17,9,2,5 to the starting age of compulsory education at primary level by sex of the population of the corresponding age,pupils > from > age > 5 > to > the > starting > age > of > compulsory > education > at > primary > level > by > sex > of > the > population > of > the > corresponding > age,0,1,1,False,Pupils from age 5 to the starting age of compulsory education at primary level by sex - % of the population of the corresponding age
843,18,0,1,under the age of 3 by sex as of the population of the corresponding age,pupils > under > the > age > of > 3 > by > sex > as > of > the > population > of > the > corresponding > age,0,1,1,False,Pupils under the age of 3 by sex - as % of the population of the corresponding age
844,0,-1,0,purchase,purchase,1,0,1,False,"Purchase price indices, total means of agricultural production"
844,1,0,1,price indices total means of agricultural production,purchase > price > indices > total > means > of > agricultural > production,0,1,1,False,"Purchase price indices, total means of agricultural production"
845,0,-1,0,purchases,purchases,1,0,1,False,Purchases of advertising space or time for resale
845,1,0,1,of advertising space or time for resale,purchases > of > advertising > space > or > time > for > resale,0,1,1,False,Purchases of advertising space or time for resale
846,0,-1,0,purchasing,purchasing,1,0,3,False,Purchasing Power Parities in the European Union (Countries) - index = 1) | Purchasing Power Parities in the European Union (Duty stations) - index (Brussels = 1) | Purchasing power adjusted GDP per capita
846,1,0,1,power,purchasing > power,2,0,3,True,Purchasing Power Parities in the European Union (Countries) - index = 1) | Purchasing Power Parities in the European Union (Duty stations) - index (Brussels = 1) | Purchasing power adjusted GDP per capita
847,0,-1,0,parities in the european union,purchasing > power > parities > in > the > european > union,2,0,2,True,Purchasing Power Parities in the European Union (Countries) - index = 1) | Purchasing Power Parities in the European Union (Duty stations) - index (Brussels = 1)
847,1,0,1,countries index 1,purchasing > power > parities > in > the > european > union > countries > index > 1,0,1,1,False,Purchasing Power Parities in the European Union (Countries) - index = 1)
847,2,0,1,duty stations index brussels 1,purchasing > power > parities > in > the > european > union > duty > stations > index > brussels > 1,0,1,1,False,Purchasing Power Parities in the European Union (Duty stations) - index (Brussels = 1)
848,0,-1,0,adjusted gdp per capita,purchasing > power > adjusted > gdp > per > capita,0,1,1,False,Purchasing power adjusted GDP per capita
849,0,-1,0,quality,quality,1,0,1,False,Quality of education
849,1,0,1,of education,quality > of > education,0,1,1,False,Quality of education
850,0,-1,0,r,r,1,0,1,False,R&D personnel and researchers in the business enterprise sector by concentration of personnel (ranking)
850,1,0,1,d personnel and researchers in the business enterprise sector by concentration of personnel ranking,r > d > personnel > and > researchers > in > the > business > enterprise > sector > by > concentration > of > personnel > ranking,0,1,1,False,R&D personnel and researchers in the business enterprise sector by concentration of personnel (ranking)
851,0,-1,0,rail,rail,6,0,10,True,Rail accidents by type of accident | Rail accidents involving the transport of dangerous goods | Rail equipment: number and capacity of railways vehicles
851,1,0,1,accidents,rail > accidents,2,0,2,True,Rail accidents by type of accident | Rail accidents involving the transport of dangerous goods
851,2,1,2,by type of accident,rail > accidents > by > type > of > accident,0,1,1,False,Rail accidents by type of accident
851,3,1,2,involving the transport of dangerous goods,rail > accidents > involving > the > transport > of > dangerous > goods,0,1,1,False,Rail accidents involving the transport of dangerous goods
851,4,0,1,equipment number,rail > equipment > number,2,0,3,True,Rail equipment: number and capacity of railways vehicles | Rail equipment: number and load capacity of goods transport wagons | Rail equipment: number of locomotives and passenger railways vehicles
851,5,4,2,and,rail > equipment > number > and,2,0,2,True,Rail equipment: number and capacity of railways vehicles | Rail equipment: number and load capacity of goods transport wagons
851,6,5,3,capacity of railways vehicles,rail > equipment > number > and > capacity > of > railways > vehicles,0,1,1,False,Rail equipment: number and capacity of railways vehicles
851,7,5,3,load capacity of goods transport wagons,rail > equipment > number > and > load > capacity > of > goods > transport > wagons,0,1,1,False,Rail equipment: number and load capacity of goods transport wagons
851,8,4,2,of locomotives and passenger railways vehicles,rail > equipment > number > of > locomotives > and > passenger > railways > vehicles,0,1,1,False,Rail equipment: number of locomotives and passenger railways vehicles
851,9,0,1,freight traffic,rail > freight > traffic,0,1,1,False,Rail freight traffic
851,10,0,1,infrastructure length of network,rail > infrastructure > length > of > network,0,1,1,False,Rail infrastructure: length of network
851,11,0,1,passenger,rail > passenger,2,0,2,True,Rail passenger and freight traffic | Rail passenger traffic
851,12,11,2,and freight traffic,rail > passenger > and > freight > traffic,0,1,1,False,Rail passenger and freight traffic
851,13,11,2,traffic,rail > passenger > traffic,0,1,1,False,Rail passenger traffic
851,14,0,1,transport of passengers,rail > transport > of > passengers,0,1,1,False,Rail transport of passengers
852,0,-1,0,railway,railway,3,0,3,True,Railway accidents by type of accident - annual data | Railway enterprises by type of enterprise | Railway transport vans
853,0,-1,0,accidents by type of accident annual data,railway > accidents > by > type > of > accident > annual > data,0,1,1,False,Railway accidents by type of accident - annual data
854,0,-1,0,enterprises by type of enterprise,railway > enterprises > by > type > of > enterprise,0,1,1,False,Railway enterprises by type of enterprise
855,0,-1,0,transport vans,railway > transport > vans,0,1,1,False,Railway transport vans
856,0,-1,0,rape,rape,1,0,1,False,"Rape, turnip rape, sunflower seeds and soya by area"
856,1,0,1,turnip rape sunflower seeds and soya by area,rape > turnip > rape > sunflower > seeds > and > soya > by > area,0,1,1,False,"Rape, turnip rape, sunflower seeds and soya by area"
857,0,-1,0,ratio,ratio,1,0,3,False,"Ratio of annual expenditure per student at the tertiary level and primary level of education, in public educational institutions | Ratio of pupils to teachers and teacher aides by education level and programme orientation | Ratio of the proportion of tertiary students over the proportion of the population by NUTS1 and NUTS2 regions"
857,1,0,1,of,ratio > of,3,0,3,True,"Ratio of annual expenditure per student at the tertiary level and primary level of education, in public educational institutions | Ratio of pupils to teachers and teacher aides by education level and programme orientation | Ratio of the proportion of tertiary students over the proportion of the population by NUTS1 and NUTS2 regions"
858,0,-1,0,annual expenditure per student at the tertiary level and primary level of education in public educational institutions,ratio > of > annual > expenditure > per > student > at > the > tertiary > level > and > primary > level > of > education > in > public > educational > institutions,0,1,1,False,"Ratio of annual expenditure per student at the tertiary level and primary level of education, in public educational institutions"
859,0,-1,0,pupils to teachers and teacher aides by education level and programme orientation,ratio > of > pupils > to > teachers > and > teacher > aides > by > education > level > and > programme > orientation,0,1,1,False,Ratio of pupils to teachers and teacher aides by education level and programme orientation
860,0,-1,0,the proportion of tertiary students over the proportion of the population by nuts1 and nuts2 regions,ratio > of > the > proportion > of > tertiary > students > over > the > proportion > of > the > population > by > nuts1 > and > nuts2 > regions,0,1,1,False,Ratio of the proportion of tertiary students over the proportion of the population by NUTS1 and NUTS2 regions
861,0,-1,0,raw,raw,1,0,1,False,Raw material consumption (RMC)
861,1,0,1,material consumption rmc,raw > material > consumption > rmc,0,1,1,False,Raw material consumption (RMC)
862,0,-1,0,real,real,2,0,6,True,Real GDP growth rate - volume | Real GDP per capita | Real effective exchange rate - 42 trading partners
863,0,-1,0,gdp,real > gdp,2,0,2,True,Real GDP growth rate - volume | Real GDP per capita
863,1,0,1,growth rate volume,real > gdp > growth > rate > volume,0,1,1,False,Real GDP growth rate - volume
863,2,0,1,per capita,real > gdp > per > capita,0,1,1,False,Real GDP per capita
864,0,-1,0,effective exchange rate,real > effective > exchange > rate,4,0,4,True,"Real effective exchange rate - 42 trading partners | Real effective exchange rate – euro area trading partners | Real effective exchange rate – index, 42 trading partners"
864,1,0,1,42 trading partners,real > effective > exchange > rate > 42 > trading > partners,0,1,1,False,Real effective exchange rate - 42 trading partners
864,2,0,1,euro area trading partners,real > effective > exchange > rate > euro > area > trading > partners,0,1,1,False,Real effective exchange rate – euro area trading partners
864,3,0,1,index 42 trading partners,real > effective > exchange > rate > index > 42 > trading > partners,0,1,1,False,"Real effective exchange rate – index, 42 trading partners"
864,4,0,1,percentage changes 42 trading partners,real > effective > exchange > rate > percentage > changes > 42 > trading > partners,0,1,1,False,"Real effective exchange rate – percentage changes, 42 trading partners"
865,0,-1,0,recognised,recognised,1,0,1,False,Recognised cases of occupational cancers - experimental statistics
865,1,0,1,cases of occupational cancers experimental statistics,recognised > cases > of > occupational > cancers > experimental > statistics,0,1,1,False,Recognised cases of occupational cancers - experimental statistics
866,0,-1,0,recovery,recovery,1,0,1,False,Recovery rates for packaging waste
866,1,0,1,rates for packaging waste,recovery > rates > for > packaging > waste,0,1,1,False,Recovery rates for packaging waste
867,0,-1,0,recycling,recycling,2,0,5,True,Recycling rate of all waste excluding major mineral waste | Recycling rate of municipal waste | Recycling rate of packaging waste by type of packaging
867,1,0,1,rate of,recycling > rate > of,4,0,4,True,Recycling rate of all waste excluding major mineral waste | Recycling rate of municipal waste | Recycling rate of packaging waste by type of packaging
867,2,1,2,all waste excluding major mineral waste,recycling > rate > of > all > waste > excluding > major > mineral > waste,0,1,1,False,Recycling rate of all waste excluding major mineral waste
867,3,1,2,municipal waste,recycling > rate > of > municipal > waste,0,1,1,False,Recycling rate of municipal waste
867,4,1,2,packaging waste by type of packaging,recycling > rate > of > packaging > waste > by > type > of > packaging,0,1,1,False,Recycling rate of packaging waste by type of packaging
867,5,1,2,waste of electrical and electronic equipment weee separately collected,recycling > rate > of > waste > of > electrical > and > electronic > equipment > weee > separately > collected,0,1,1,False,Recycling rate of waste of electrical and electronic equipment (WEEE) separately collected
867,6,0,1,rates for packaging waste,recycling > rates > for > packaging > waste,0,1,1,False,Recycling rates for packaging waste
868,0,-1,0,regional,regional,1,0,4,False,Regional disparities in gender employment gap (NUTS level 2) | Regional disparities in long-term unemployment rates (NUTS level 2) | Regional disparities in the rate of early leavers from education and training (NUTS level 2)
868,1,0,1,disparities in,regional > disparities > in,3,0,4,True,Regional disparities in gender employment gap (NUTS level 2) | Regional disparities in long-term unemployment rates (NUTS level 2) | Regional disparities in the rate of early leavers from education and training (NUTS level 2)
868,2,1,2,gender employment gap nuts level 2,regional > disparities > in > gender > employment > gap > nuts > level > 2,0,1,1,False,Regional disparities in gender employment gap (NUTS level 2)
868,3,1,2,long term unemployment rates nuts level 2,regional > disparities > in > long > term > unemployment > rates > nuts > level > 2,0,1,1,False,Regional disparities in long-term unemployment rates (NUTS level 2)
868,4,1,2,the rate of,regional > disparities > in > the > rate > of,2,0,2,True,Regional disparities in the rate of early leavers from education and training (NUTS level 2) | Regional disparities in the rate of young people neither in employment nor in education and training (NEET) (NUTS level 2)
868,5,4,3,early leavers from education and training nuts level 2,regional > disparities > in > the > rate > of > early > leavers > from > education > and > training > nuts > level > 2,0,1,1,False,Regional disparities in the rate of early leavers from education and training (NUTS level 2)
868,6,4,3,young people neither in employment nor in education and training neet nuts level 2,regional > disparities > in > the > rate > of > young > people > neither > in > employment > nor > in > education > and > training > neet > nuts > level > 2,0,1,1,False,Regional disparities in the rate of young people neither in employment nor in education and training (NEET) (NUTS level 2)
869,0,-1,0,registered,registered,1,0,3,False,Registered Community designs (RCD) | Registered Community designs (RCD) by metropolitan regions | Registered Community designs (RCD) by other typologies
869,1,0,1,community designs rcd,registered > community > designs > rcd,1,1,3,False,Registered Community designs (RCD) | Registered Community designs (RCD) by metropolitan regions | Registered Community designs (RCD) by other typologies
869,2,1,2,by,registered > community > designs > rcd > by,2,0,2,True,Registered Community designs (RCD) by metropolitan regions | Registered Community designs (RCD) by other typologies
869,3,2,3,metropolitan regions,registered > community > designs > rcd > by > metropolitan > regions,0,1,1,False,Registered Community designs (RCD) by metropolitan regions
869,4,2,3,other typologies,registered > community > designs > rcd > by > other > typologies,0,1,1,False,Registered Community designs (RCD) by other typologies
870,0,-1,0,relative,relative,5,0,15,True,"Relative at risk of poverty gap by poverty threshold - EU-SILC and ECHP surveys | Relative incidence rate of accidental injuries at work by occupation and NACE Rev. 1.1 activity mean rate = 100) | Relative incidence rate of accidental injuries at work by severity, frequency of night work and age mean rate = 100 for each severity)"
870,1,0,1,at risk of poverty gap by poverty threshold eu silc and echp surveys,relative > at > risk > of > poverty > gap > by > poverty > threshold > eu > silc > and > echp > surveys,0,1,1,False,Relative at risk of poverty gap by poverty threshold - EU-SILC and ECHP surveys
871,0,-1,0,incidence rate of accidental injuries at work by,relative > incidence > rate > of > accidental > injuries > at > work > by,2,0,4,True,"Relative incidence rate of accidental injuries at work by occupation and NACE Rev. 1.1 activity mean rate = 100) | Relative incidence rate of accidental injuries at work by severity, frequency of night work and age mean rate = 100 for each severity) | Relative incidence rate of accidental injuries at work by severity, frequency of shift work and age mean rate = 100 for each severity)"
871,1,0,1,occupation and nace rev 1 1 activity mean rate 100,relative > incidence > rate > of > accidental > injuries > at > work > by > occupation > and > nace > rev > 1 > 1 > activity > mean > rate > 100,0,1,1,False,Relative incidence rate of accidental injuries at work by occupation and NACE Rev. 1.1 activity mean rate = 100)
871,2,0,1,severity,relative > incidence > rate > of > accidental > injuries > at > work > by > severity,2,0,3,True,"Relative incidence rate of accidental injuries at work by severity, frequency of night work and age mean rate = 100 for each severity) | Relative incidence rate of accidental injuries at work by severity, frequency of shift work and age mean rate = 100 for each severity) | Relative incidence rate of accidental injuries at work by severity, working hours and sex mean rate = 100 for each severity)"
871,3,2,2,frequency of,relative > incidence > rate > of > accidental > injuries > at > work > by > severity > frequency > of,2,0,2,True,"Relative incidence rate of accidental injuries at work by severity, frequency of night work and age mean rate = 100 for each severity) | Relative incidence rate of accidental injuries at work by severity, frequency of shift work and age mean rate = 100 for each severity)"
871,4,3,3,night work and age mean rate 100 for each severity,relative > incidence > rate > of > accidental > injuries > at > work > by > severity > frequency > of > night > work > and > age > mean > rate > 100 > for > each > severity,0,1,1,False,"Relative incidence rate of accidental injuries at work by severity, frequency of night work and age mean rate = 100 for each severity)"
871,5,3,3,shift work and age mean rate 100 for each severity,relative > incidence > rate > of > accidental > injuries > at > work > by > severity > frequency > of > shift > work > and > age > mean > rate > 100 > for > each > severity,0,1,1,False,"Relative incidence rate of accidental injuries at work by severity, frequency of shift work and age mean rate = 100 for each severity)"
871,6,2,2,working hours and sex mean rate 100 for each severity,relative > incidence > rate > of > accidental > injuries > at > work > by > severity > working > hours > and > sex > mean > rate > 100 > for > each > severity,0,1,1,False,"Relative incidence rate of accidental injuries at work by severity, working hours and sex mean rate = 100 for each severity)"
872,0,-1,0,median,relative > median,3,0,6,True,Relative median at-risk-of-poverty gap | Relative median at-risk-of-poverty gap of elderly people - EU-SILC and ECHP surveys | Relative median income ratio (60+) - EU-SILC survey
872,1,0,1,at risk of poverty gap,relative > median > at > risk > of > poverty > gap,1,1,2,False,Relative median at-risk-of-poverty gap | Relative median at-risk-of-poverty gap of elderly people - EU-SILC and ECHP surveys
872,2,1,2,of elderly people eu silc and echp surveys,relative > median > at > risk > of > poverty > gap > of > elderly > people > eu > silc > and > echp > surveys,0,1,1,False,Relative median at-risk-of-poverty gap of elderly people - EU-SILC and ECHP surveys
872,3,0,1,income ratio,relative > median > income > ratio,2,0,2,True,Relative median income ratio (60+) - EU-SILC survey | Relative median income ratio (65+) - EU-SILC and ECHP surveys
872,4,3,2,60 eu silc survey,relative > median > income > ratio > 60 > eu > silc > survey,0,1,1,False,Relative median income ratio (60+) - EU-SILC survey
872,5,3,2,65 eu silc and echp surveys,relative > median > income > ratio > 65 > eu > silc > and > echp > surveys,0,1,1,False,Relative median income ratio (65+) - EU-SILC and ECHP surveys
872,6,0,1,poverty risk gap,relative > median > poverty > risk > gap,2,0,2,True,Relative median poverty risk gap by age group - EU-SILC survey | Relative median poverty risk gap of elderly people - EU-SILC survey
872,7,6,2,by age group eu silc survey,relative > median > poverty > risk > gap > by > age > group > eu > silc > survey,0,1,1,False,Relative median poverty risk gap by age group - EU-SILC survey
872,8,6,2,of elderly people eu silc survey,relative > median > poverty > risk > gap > of > elderly > people > eu > silc > survey,0,1,1,False,Relative median poverty risk gap of elderly people - EU-SILC survey
873,0,-1,0,poverty,relative > poverty,2,0,3,True,"Relative poverty gap by risk of poverty and work intensity of the household | Relative poverty gap by risk of poverty and work intensity of the households with income from benefits | Relative poverty threshold after social transfers, income per month"
874,0,-1,0,gap by risk of poverty and work intensity of the,relative > poverty > gap > by > risk > of > poverty > and > work > intensity > of > the,2,0,2,True,Relative poverty gap by risk of poverty and work intensity of the household | Relative poverty gap by risk of poverty and work intensity of the households with income from benefits
874,1,0,1,household,relative > poverty > gap > by > risk > of > poverty > and > work > intensity > of > the > household,0,1,1,False,Relative poverty gap by risk of poverty and work intensity of the household
874,2,0,1,households with income from benefits,relative > poverty > gap > by > risk > of > poverty > and > work > intensity > of > the > households > with > income > from > benefits,0,1,1,False,Relative poverty gap by risk of poverty and work intensity of the households with income from benefits
875,0,-1,0,threshold after social transfers income per month,relative > poverty > threshold > after > social > transfers > income > per > month,0,1,1,False,"Relative poverty threshold after social transfers, income per month"
876,0,-1,0,standardised incidence rate of accidental injuries at work by educational attainment level and sex mean rate for each member state 100,relative > standardised > incidence > rate > of > accidental > injuries > at > work > by > educational > attainment > level > and > sex > mean > rate > for > each > member > state > 100,0,1,1,False,Relative standardised incidence rate of accidental injuries at work by educational attainment level and sex (mean rate for each Member State = 100)
877,0,-1,0,remuneration,remuneration,1,0,1,False,Remuneration indexes of national civil servants in central public administration
877,1,0,1,indexes of national civil servants in central public administration,remuneration > indexes > of > national > civil > servants > in > central > public > administration,0,1,1,False,Remuneration indexes of national civil servants in central public administration
878,0,-1,0,renewable,renewable,1,0,1,False,Renewable freshwater resources
878,1,0,1,freshwater resources,renewable > freshwater > resources,0,1,1,False,Renewable freshwater resources
879,0,-1,0,research,research,1,0,1,False,"Research and development expenditure, by sectors of performance"
879,1,0,1,and development expenditure by sectors of performance,research > and > development > expenditure > by > sectors > of > performance,0,1,1,False,"Research and development expenditure, by sectors of performance"
880,0,-1,0,researchers,researchers,2,0,2,True,Researchers in the higher education sector by seniority category | researchers by sectors of performance - head count
881,0,-1,0,in the higher education sector by seniority category,researchers > in > the > higher > education > sector > by > seniority > category,0,1,1,False,Researchers in the higher education sector by seniority category
882,0,-1,0,by sectors of performance head count,researchers > by > sectors > of > performance > head > count,0,1,1,False,researchers by sectors of performance - head count
883,0,-1,0,resettled,resettled,1,0,2,False,"Resettled persons - annual data | Resettled persons by age, sex and citizenship - annual data"
883,1,0,1,persons,resettled > persons,2,0,2,True,"Resettled persons - annual data | Resettled persons by age, sex and citizenship - annual data"
883,2,1,2,annual data,resettled > persons > annual > data,0,1,1,False,Resettled persons - annual data
883,3,1,2,by age sex and citizenship annual data,resettled > persons > by > age > sex > and > citizenship > annual > data,0,1,1,False,"Resettled persons by age, sex and citizenship - annual data"
884,0,-1,0,residential,residential,1,0,1,False,"Residential construction - annual data, % of GDP"
884,1,0,1,construction annual data of gdp,residential > construction > annual > data > of > gdp,0,1,1,False,"Residential construction - annual data, % of GDP"
885,0,-1,0,resource,resource,1,0,1,False,Resource productivity
885,1,0,1,productivity,resource > productivity,0,1,1,False,Resource productivity
886,0,-1,0,retail,retail,1,0,9,False,"Retail trade turnover - automotive fuel | Retail trade turnover - food, beverages and tobacco | Retail trade turnover - non food"
886,1,0,1,trade,retail > trade,2,0,9,True,"Retail trade turnover - automotive fuel | Retail trade turnover - food, beverages and tobacco | Retail trade turnover - non food"
886,2,1,2,turnover,retail > trade > turnover,4,0,4,True,"Retail trade turnover - automotive fuel | Retail trade turnover - food, beverages and tobacco | Retail trade turnover - non food"
886,3,2,3,automotive fuel,retail > trade > turnover > automotive > fuel,0,1,1,False,Retail trade turnover - automotive fuel
886,4,2,3,food beverages and tobacco,retail > trade > turnover > food > beverages > and > tobacco,0,1,1,False,"Retail trade turnover - food, beverages and tobacco"
886,5,2,3,non food,retail > trade > turnover > non > food,0,1,1,False,Retail trade turnover - non food
886,6,2,3,total,retail > trade > turnover > total,0,1,1,False,Retail trade turnover - total
886,7,1,2,volume of sales,retail > trade > volume > of > sales,5,0,5,True,"Retail trade volume of sales - automotive fuel | Retail trade volume of sales - food, beverages and tobacco | Retail trade volume of sales - non food"
886,8,7,3,automotive fuel,retail > trade > volume > of > sales > automotive > fuel,0,1,1,False,Retail trade volume of sales - automotive fuel
886,9,7,3,food beverages and tobacco,retail > trade > volume > of > sales > food > beverages > and > tobacco,0,1,1,False,"Retail trade volume of sales - food, beverages and tobacco"
886,10,7,3,non food,retail > trade > volume > of > sales > non > food,0,1,1,False,Retail trade volume of sales - non food
886,11,7,3,total,retail > trade > volume > of > sales > total,0,1,1,False,Retail trade volume of sales - total
886,12,7,3,index deflated turnover,retail > trade > volume > of > sales > index > deflated > turnover,0,1,1,False,Retail trade volume of sales index (deflated turnover)
887,0,-1,0,return,return,1,0,1,False,Return on equity of banks
887,1,0,1,on equity of banks,return > on > equity > of > banks,0,1,1,False,Return on equity of banks
888,0,-1,0,returns,returns,1,0,1,False,Returns by type of return - % of total returns
888,1,0,1,by type of return of total returns,returns > by > type > of > return > of > total > returns,0,1,1,False,Returns by type of return - % of total returns
889,0,-1,0,road,road,7,0,12,True,"Road accidents: persons killed | Road cabotage transport by country in which cabotage takes place (t, tkm) - (from onwards) | Road cabotage transport by country in which cabotage takes place (tkm) -"
889,1,0,1,equipment,road > equipment,3,0,4,True,Road equipment: load capacity of lorries | Road equipment: new registrations by categories | Road equipment: number of road vehicles by age
889,2,1,2,number of road vehicles by,road > equipment > number > of > road > vehicles > by,2,0,2,True,Road equipment: number of road vehicles by age | Road equipment: number of road vehicles by categories
889,3,2,3,age,road > equipment > number > of > road > vehicles > by > age,0,1,1,False,Road equipment: number of road vehicles by age
889,4,2,3,categories,road > equipment > number > of > road > vehicles > by > categories,0,1,1,False,Road equipment: number of road vehicles by categories
889,5,0,1,freight transport,road > freight > transport,0,1,1,False,Road freight transport
889,6,0,1,traffic road freight transport in volume,road > traffic > road > freight > transport > in > volume,0,1,1,False,Road traffic: road freight transport in volume
890,0,-1,0,accidents persons killed,road > accidents > persons > killed,0,1,1,False,Road accidents: persons killed
891,0,-1,0,cabotage transport,road > cabotage > transport,2,0,3,True,"Road cabotage transport by country in which cabotage takes place (t, tkm) - (from onwards) | Road cabotage transport by country in which cabotage takes place (tkm) - | Road cabotage transport performed by each reporting country (tkm) -"
891,1,0,1,by country in which cabotage takes place,road > cabotage > transport > by > country > in > which > cabotage > takes > place,2,0,2,True,"Road cabotage transport by country in which cabotage takes place (t, tkm) - (from onwards) | Road cabotage transport by country in which cabotage takes place (tkm) -"
891,2,1,2,t tkm from onwards,road > cabotage > transport > by > country > in > which > cabotage > takes > place > t > tkm > from > onwards,0,1,1,False,"Road cabotage transport by country in which cabotage takes place (t, tkm) - (from onwards)"
891,3,1,2,tkm,road > cabotage > transport > by > country > in > which > cabotage > takes > place > tkm,0,1,1,False,Road cabotage transport by country in which cabotage takes place (tkm) -
891,4,0,1,performed by each reporting country tkm,road > cabotage > transport > performed > by > each > reporting > country > tkm,0,1,1,False,Road cabotage transport performed by each reporting country (tkm) -
892,0,-1,0,load capacity of lorries,road > equipment > load > capacity > of > lorries,0,1,1,False,Road equipment: load capacity of lorries
893,0,-1,0,new registrations by categories,road > equipment > new > registrations > by > categories,0,1,1,False,Road equipment: new registrations by categories
894,0,-1,0,infrastructure lenght of road network,road > infrastructure > lenght > of > road > network,0,1,1,False,Road infrastructure: lenght of road network
895,0,-1,0,tractors by type of motor energy until,road > tractors > by > type > of > motor > energy > until,0,1,1,False,Road tractors by type of motor energy (until
896,0,-1,0,root,root,1,0,1,False,Root crops and plants harvested green from arable land by area
896,1,0,1,crops and plants harvested green from arable land by area,root > crops > and > plants > harvested > green > from > arable > land > by > area,0,1,1,False,Root crops and plants harvested green from arable land by area
897,0,-1,0,rye,rye,1,0,1,False,"Rye and winter cereal mixtures by area, production and humidity"
897,1,0,1,and winter cereal mixtures by area production and humidity,rye > and > winter > cereal > mixtures > by > area > production > and > humidity,0,1,1,False,"Rye and winter cereal mixtures by area, production and humidity"
898,0,-1,0,safety,safety,1,0,1,False,Safety copies and back up files
898,1,0,1,copies and back up files,safety > copies > and > back > up > files,0,1,1,False,Safety copies and back up files
899,0,-1,0,sales,sales,1,0,1,False,Sales and collection of portable batteries and accumulators
899,1,0,1,and collection of portable batteries and accumulators,sales > and > collection > of > portable > batteries > and > accumulators,0,1,1,False,Sales and collection of portable batteries and accumulators
900,0,-1,0,satisfaction,satisfaction,1,0,2,False,"Satisfaction with the job by risk of poverty threshold and level of disability (activity limitation) | Satisfaction with the job by sex, age and educational attainment"
900,1,0,1,with the job by,satisfaction > with > the > job > by,2,0,2,True,"Satisfaction with the job by risk of poverty threshold and level of disability (activity limitation) | Satisfaction with the job by sex, age and educational attainment"
901,0,-1,0,risk of poverty threshold and level of disability activity limitation,satisfaction > with > the > job > by > risk > of > poverty > threshold > and > level > of > disability > activity > limitation,0,1,1,False,Satisfaction with the job by risk of poverty threshold and level of disability (activity limitation)
902,0,-1,0,sex age and educational attainment,satisfaction > with > the > job > by > sex > age > and > educational > attainment,0,1,1,False,"Satisfaction with the job by sex, age and educational attainment"
903,0,-1,0,school,school,1,0,1,False,School completion rate at ISCED 1 level by sex
903,1,0,1,completion rate at isced 1 level by sex,school > completion > rate > at > isced > 1 > level > by > sex,0,1,1,False,School completion rate at ISCED 1 level by sex
904,0,-1,0,sea,sea,1,0,1,False,Sea transport of goods
904,1,0,1,transport of goods,sea > transport > of > goods,0,1,1,False,Sea transport of goods
905,0,-1,0,seat,seat,2,0,3,True,"Seat capacity of new motor coaches, buses and trolley buses | Seat capacity of passenger railway vehicles by type of vehicles | Seat/berth capacity of passenger railway vehicles"
905,1,0,1,capacity of,seat > capacity > of,2,0,2,True,"Seat capacity of new motor coaches, buses and trolley buses | Seat capacity of passenger railway vehicles by type of vehicles"
905,2,1,2,new motor coaches buses and trolley buses,seat > capacity > of > new > motor > coaches > buses > and > trolley > buses,0,1,1,False,"Seat capacity of new motor coaches, buses and trolley buses"
905,3,1,2,passenger railway vehicles by type of vehicles,seat > capacity > of > passenger > railway > vehicles > by > type > of > vehicles,0,1,1,False,Seat capacity of passenger railway vehicles by type of vehicles
905,4,0,1,berth capacity of passenger railway vehicles,seat > berth > capacity > of > passenger > railway > vehicles,0,1,1,False,Seat/berth capacity of passenger railway vehicles
906,0,-1,0,seats,seats,2,0,2,True,"Seats /berths in motor coaches, buses and trolley buses | Seats held by women in national parliaments and governments"
907,0,-1,0,berths in motor coaches buses and trolley buses,seats > berths > in > motor > coaches > buses > and > trolley > buses,0,1,1,False,"Seats /berths in motor coaches, buses and trolley buses"
908,0,-1,0,held by women in national parliaments and governments,seats > held > by > women > in > national > parliaments > and > governments,0,1,1,False,Seats held by women in national parliaments and governments
909,0,-1,0,secondary,secondary,2,0,2,True,"Secondary energy production (transformation) | Secondary wood products, production"
910,0,-1,0,energy production transformation,secondary > energy > production > transformation,0,1,1,False,Secondary energy production (transformation)
911,0,-1,0,wood products production,secondary > wood > products > production,0,1,1,False,"Secondary wood products, production"
912,0,-1,0,self,self,5,0,12,True,"Self defined health status by age and income quantile - ECHP survey | Self-declared over-qualified employees as percentage of the total employees by sex, age, migration status and educational attainment level | Self-employed persons having at least one client in the last 12 months by control over working time, and sex"
913,0,-1,0,defined health status by age and income quantile echp survey,self > defined > health > status > by > age > and > income > quantile > echp > survey,0,1,1,False,Self defined health status by age and income quantile - ECHP survey
914,0,-1,0,declared over qualified employees as percentage of the total employees by sex age migration status and educational attainment level,self > declared > over > qualified > employees > as > percentage > of > the > total > employees > by > sex > age > migration > status > and > educational > attainment > level,0,1,1,False,"Self-declared over-qualified employees as percentage of the total employees by sex, age, migration status and educational attainment level"
915,0,-1,0,employed persons having at least one client in the last 12 months by control over working time and sex,self > employed > persons > having > at > least > one > client > in > the > last > 12 > months > by > control > over > working > time > and > sex,0,1,1,False,"Self-employed persons having at least one client in the last 12 months by control over working time, and sex"
916,0,-1,0,reported,self > reported,4,0,8,True,Self-reported breast examination by X-ray by educational attainment level among women aged 50-69 (%) | Self-reported cervical smear test by educational attainment level among women aged 20-69 (%) | Self-reported unmet need for medical care by sex
916,1,0,1,unmet,self > reported > unmet,2,0,4,True,"Self-reported unmet need for medical care by sex | Self-reported unmet need for medical examination and care by sex | Self-reported unmet needs for medical examination by sex, age, main reason declared and income quintile"
916,2,1,2,need for medical,self > reported > unmet > need > for > medical,2,0,2,True,Self-reported unmet need for medical care by sex | Self-reported unmet need for medical examination and care by sex
916,3,2,3,care by sex,self > reported > unmet > need > for > medical > care > by > sex,0,1,1,False,Self-reported unmet need for medical care by sex
916,4,2,3,examination and care by sex,self > reported > unmet > need > for > medical > examination > and > care > by > sex,0,1,1,False,Self-reported unmet need for medical examination and care by sex
916,5,1,2,needs for medical examination,self > reported > unmet > needs > for > medical > examination,2,0,2,True,"Self-reported unmet needs for medical examination by sex, age, main reason declared and income quintile | Self-reported unmet needs for medical examination due to financial reasons, long waiting list or distance by NUTS regions - % of the persons having the same needs"
916,6,5,3,by sex age main reason declared and income quintile,self > reported > unmet > needs > for > medical > examination > by > sex > age > main > reason > declared > and > income > quintile,0,1,1,False,"Self-reported unmet needs for medical examination by sex, age, main reason declared and income quintile"
916,7,5,3,due to financial reasons long waiting list or distance by nuts regions of the persons having the same needs,self > reported > unmet > needs > for > medical > examination > due > to > financial > reasons > long > waiting > list > or > distance > by > nuts > regions > of > the > persons > having > the > same > needs,0,1,1,False,"Self-reported unmet needs for medical examination due to financial reasons, long waiting list or distance by NUTS regions - % of the persons having the same needs"
917,0,-1,0,breast examination by x ray by educational attainment level among women aged 50 69,self > reported > breast > examination > by > x > ray > by > educational > attainment > level > among > women > aged > 50 > 69,0,1,1,False,Self-reported breast examination by X-ray by educational attainment level among women aged 50-69 (%)
918,0,-1,0,cervical smear test by educational attainment level among women aged 20 69,self > reported > cervical > smear > test > by > educational > attainment > level > among > women > aged > 20 > 69,0,1,1,False,Self-reported cervical smear test by educational attainment level among women aged 20-69 (%)
919,0,-1,0,use of home care services by people with severe difficulty in personal care activities by,self > reported > use > of > home > care > services > by > people > with > severe > difficulty > in > personal > care > activities > by,2,0,2,True,Self-reported use of home care services by people with severe difficulty in personal care activities by age and household type | Self-reported use of home care services by people with severe difficulty in personal care activities by sex and age
919,1,0,1,age and household type,self > reported > use > of > home > care > services > by > people > with > severe > difficulty > in > personal > care > activities > by > age > and > household > type,0,1,1,False,Self-reported use of home care services by people with severe difficulty in personal care activities by age and household type
919,2,0,1,sex and age,self > reported > use > of > home > care > services > by > people > with > severe > difficulty > in > personal > care > activities > by > sex > and > age,0,1,1,False,Self-reported use of home care services by people with severe difficulty in personal care activities by sex and age
920,0,-1,0,sufficiency for raw materials,self > sufficiency > for > raw > materials,0,1,1,False,self-sufficiency for raw materials
921,0,-1,0,selling,selling,1,0,13,False,Selling prices of barley | Selling prices of calves | Selling prices of chickens (live 1st choice)
921,1,0,1,prices of,selling > prices > of,13,0,13,True,Selling prices of barley | Selling prices of calves | Selling prices of chickens (live 1st choice)
921,2,1,2,barley,selling > prices > of > barley,0,1,1,False,Selling prices of barley
921,3,1,2,calves,selling > prices > of > calves,0,1,1,False,Selling prices of calves
921,4,1,2,chickens live 1st choice,selling > prices > of > chickens > live > 1st > choice,0,1,1,False,Selling prices of chickens (live 1st choice)
921,5,1,2,fresh eggs,selling > prices > of > fresh > eggs,0,1,1,False,Selling prices of fresh eggs
921,6,1,2,main crop potatoes,selling > prices > of > main > crop > potatoes,0,1,1,False,Selling prices of main crop potatoes
921,7,1,2,maize,selling > prices > of > maize,0,1,1,False,Selling prices of maize
921,8,1,2,oats,selling > prices > of > oats,0,1,1,False,Selling prices of oats
921,9,1,2,piglets,selling > prices > of > piglets,0,1,1,False,Selling prices of piglets
921,10,1,2,pigs light,selling > prices > of > pigs > light,0,1,1,False,Selling prices of pigs (light)
921,11,1,2,raw cow s milk,selling > prices > of > raw > cow > s > milk,0,1,1,False,Selling prices of raw cow's milk
921,12,1,2,sheep,selling > prices > of > sheep,0,1,1,False,Selling prices of sheep
921,13,1,2,soft wheat,selling > prices > of > soft > wheat,0,1,1,False,Selling prices of soft wheat
921,14,1,2,sugar beet unit value,selling > prices > of > sugar > beet > unit > value,0,1,1,False,Selling prices of sugar beet (unit value)
922,0,-1,0,semi,semi,1,0,2,False,"Semi-trailers and their load capacity, by permissible maximum gross weight | Semi-trailers by load capacity (until"
922,1,0,1,trailers,semi > trailers,2,0,2,True,"Semi-trailers and their load capacity, by permissible maximum gross weight | Semi-trailers by load capacity (until"
922,2,1,2,and their load capacity by permissible maximum gross weight,semi > trailers > and > their > load > capacity > by > permissible > maximum > gross > weight,0,1,1,False,"Semi-trailers and their load capacity, by permissible maximum gross weight"
922,3,1,2,by load capacity until,semi > trailers > by > load > capacity > until,0,1,1,False,Semi-trailers by load capacity (until
923,0,-1,0,services,services,2,0,2,True,"Services trade by broad economic categories (BEC Rev.5) | Services turnover index, calendar adjusted"
924,0,-1,0,trade by broad economic categories bec rev 5,services > trade > by > broad > economic > categories > bec > rev > 5,0,1,1,False,Services trade by broad economic categories (BEC Rev.5)
925,0,-1,0,turnover index calendar adjusted,services > turnover > index > calendar > adjusted,0,1,1,False,"Services turnover index, calendar adjusted"
926,0,-1,0,settlement,settlement,1,0,2,False,Settlement area | Settlement area per capita
926,1,0,1,area,settlement > area,1,1,2,False,Settlement area | Settlement area per capita
926,2,1,2,per capita,settlement > area > per > capita,0,1,1,False,Settlement area per capita
927,0,-1,0,severe,severe,2,0,14,True,"Severe housing deprivation rate by age, sex and poverty status - EU-SILC survey | Severe housing deprivation rate by degree of urbanisation - EU-SILC survey | Severe housing deprivation rate by income quintile - EU-SILC survey"
928,0,-1,0,housing deprivation rate by,severe > housing > deprivation > rate > by,5,0,5,True,"Severe housing deprivation rate by age, sex and poverty status - EU-SILC survey | Severe housing deprivation rate by degree of urbanisation - EU-SILC survey | Severe housing deprivation rate by income quintile - EU-SILC survey"
928,1,0,1,age sex and poverty status eu silc survey,severe > housing > deprivation > rate > by > age > sex > and > poverty > status > eu > silc > survey,0,1,1,False,"Severe housing deprivation rate by age, sex and poverty status - EU-SILC survey"
928,2,0,1,degree of urbanisation eu silc survey,severe > housing > deprivation > rate > by > degree > of > urbanisation > eu > silc > survey,0,1,1,False,Severe housing deprivation rate by degree of urbanisation - EU-SILC survey
928,3,0,1,income quintile eu silc survey,severe > housing > deprivation > rate > by > income > quintile > eu > silc > survey,0,1,1,False,Severe housing deprivation rate by income quintile - EU-SILC survey
928,4,0,1,poverty status,severe > housing > deprivation > rate > by > poverty > status,0,1,1,False,Severe housing deprivation rate by poverty status
928,5,0,1,tenure status,severe > housing > deprivation > rate > by > tenure > status,0,1,1,False,Severe housing deprivation rate by tenure status
929,0,-1,0,material,severe > material,2,0,9,True,Severe material and social deprivation by NUTS region | Severe material and social deprivation rate | Severe material and social deprivation rate by age group and sex
929,1,0,1,and social deprivation,severe > material > and > social > deprivation,2,0,5,True,Severe material and social deprivation by NUTS region | Severe material and social deprivation rate | Severe material and social deprivation rate by age group and sex
929,2,0,1,deprivation rate by,severe > material > deprivation > rate > by,3,0,4,True,Severe material deprivation rate by NUTS 2 regions | Severe material deprivation rate by NUTS regions | Severe material deprivation rate by age and sex
929,3,2,2,age and sex,severe > material > deprivation > rate > by > age > and > sex,0,1,1,False,Severe material deprivation rate by age and sex
930,0,-1,0,by nuts region,severe > material > and > social > deprivation > by > nuts > region,0,1,1,False,Severe material and social deprivation by NUTS region
931,0,-1,0,rate,severe > material > and > social > deprivation > rate,2,1,4,True,Severe material and social deprivation rate | Severe material and social deprivation rate by age group and sex | Severe material and social deprivation rate by sex
931,1,0,1,by,severe > material > and > social > deprivation > rate > by,2,0,2,True,Severe material and social deprivation rate by age group and sex | Severe material and social deprivation rate by sex
931,2,1,2,age group and sex,severe > material > and > social > deprivation > rate > by > age > group > and > sex,0,1,1,False,Severe material and social deprivation rate by age group and sex
931,3,1,2,sex,severe > material > and > social > deprivation > rate > by > sex,0,1,1,False,Severe material and social deprivation rate by sex
931,4,0,1,for children aged less than 18 by sex,severe > material > and > social > deprivation > rate > for > children > aged > less > than > 18 > by > sex,0,1,1,False,Severe material and social deprivation rate for children (aged less than 18) by sex
932,0,-1,0,nuts,severe > material > deprivation > rate > by > nuts,2,0,2,True,Severe material deprivation rate by NUTS 2 regions | Severe material deprivation rate by NUTS regions
932,1,0,1,2 regions,severe > material > deprivation > rate > by > nuts > 2 > regions,0,1,1,False,Severe material deprivation rate by NUTS 2 regions
932,2,0,1,regions,severe > material > deprivation > rate > by > nuts > regions,0,1,1,False,Severe material deprivation rate by NUTS regions
933,0,-1,0,tenure status,severe > material > deprivation > rate > by > tenure > status,0,1,1,False,Severe material deprivation rate by tenure status
934,0,-1,0,severely,severely,1,0,1,False,Severely materially and socially deprived people
934,1,0,1,materially and socially deprived people,severely > materially > and > socially > deprived > people,0,1,1,False,Severely materially and socially deprived people
935,0,-1,0,sewage,sewage,1,0,1,False,Sewage sludge production and disposal from urban wastewater (in dry substance (d.s))
935,1,0,1,sludge production and disposal from urban wastewater in dry substance d s,sewage > sludge > production > and > disposal > from > urban > wastewater > in > dry > substance > d > s,0,1,1,False,Sewage sludge production and disposal from urban wastewater (in dry substance (d.s))
936,0,-1,0,share,share,2,0,31,True,Share for transmission and distribution in the network cost for gas and electricity - annual data | Share of European Neighbourhood Policy East Countries in European Union 27 trade | Share of GBAORD allocated to defence and total civil socio-economic objectives
937,0,-1,0,for transmission and distribution in the network cost for gas and electricity annual data,share > for > transmission > and > distribution > in > the > network > cost > for > gas > and > electricity > annual > data,0,1,1,False,Share for transmission and distribution in the network cost for gas and electricity - annual data
938,0,-1,0,of,share > of,23,0,30,True,Share of European Neighbourhood Policy East Countries in European Union 27 trade | Share of GBAORD allocated to defence and total civil socio-economic objectives | Share of GBARD in total general government expenditure
939,0,-1,0,european neighbourhood policy east countries in european union 27 trade,share > of > european > neighbourhood > policy > east > countries > in > european > union > 27 > trade,0,1,1,False,Share of European Neighbourhood Policy East Countries in European Union 27 trade
940,0,-1,0,gbaord allocated to defence and total civil socio economic objectives,share > of > gbaord > allocated > to > defence > and > total > civil > socio > economic > objectives,0,1,1,False,Share of GBAORD allocated to defence and total civil socio-economic objectives
941,0,-1,0,gbard in total general government expenditure,share > of > gbard > in > total > general > government > expenditure,0,1,1,False,Share of GBARD in total general government expenditure
942,0,-1,0,buses and trains in inland passenger transport,share > of > buses > and > trains > in > inland > passenger > transport,0,1,1,False,Share of buses and trains in inland passenger transport
943,0,-1,0,children aged less than 18 living with their parents by type of household eu silc survey,share > of > children > aged > less > than > 18 > living > with > their > parents > by > type > of > household > eu > silc > survey,0,1,1,False,Share of children (aged less than 18) living with their parents by type of household - EU-SILC survey
944,0,-1,0,digital platform workers in the last 12 months by,share > of > digital > platform > workers > in > the > last > 12 > months > by,2,0,2,True,Share of digital platform workers (in the last 12 months) by educational attainment level - experimental statistics | Share of digital platform workers (in the last 12 months) by type of task or service - experimental statistics
944,1,0,1,educational attainment level experimental statistics,share > of > digital > platform > workers > in > the > last > 12 > months > by > educational > attainment > level > experimental > statistics,0,1,1,False,Share of digital platform workers (in the last 12 months) by educational attainment level - experimental statistics
944,2,0,1,type of task or service experimental statistics,share > of > digital > platform > workers > in > the > last > 12 > months > by > type > of > task > or > service > experimental > statistics,0,1,1,False,Share of digital platform workers (in the last 12 months) by type of task or service - experimental statistics
945,0,-1,0,employment in member states supported by exports figaro application,share > of > employment > in > member > states > supported > by > exports > figaro > application,0,1,1,False,Share of employment in Member States supported by exports (FIGARO application)
946,0,-1,0,energy from renewable sources,share > of > energy > from > renewable > sources,0,1,1,False,Share of energy from renewable sources
947,0,-1,0,enterprises turnover on e commerce,share > of > enterprises > turnover > on > e > commerce,0,1,1,False,Share of enterprises' turnover on e-commerce - %
948,0,-1,0,environmental taxes in total tax revenues,share > of > environmental > taxes > in > total > tax > revenues,0,1,1,False,Share of environmental taxes in total tax revenues
949,0,-1,0,forest area,share > of > forest > area,0,1,1,False,Share of forest area
950,0,-1,0,fossil fuels in gross available energy,share > of > fossil > fuels > in > gross > available > energy,0,1,1,False,Share of fossil fuels in gross available energy
951,0,-1,0,government budget appropriations or outlays on research and development,share > of > government > budget > appropriations > or > outlays > on > research > and > development,0,1,1,False,Share of government budget appropriations or outlays on research and development
952,0,-1,0,landcover types affected by severe erosion,share > of > landcover > types > affected > by > severe > erosion,0,1,1,False,Share of landcover types affected by severe erosion
953,0,-1,0,mobile students from abroad enrolled by education level sex and country of origin,share > of > mobile > students > from > abroad > enrolled > by > education > level > sex > and > country > of > origin,0,1,1,False,"Share of mobile students from abroad enrolled by education level, sex and country of origin"
954,0,-1,0,organic crop area out of the total utilised agricultural area uaa until,share > of > organic > crop > area > out > of > the > total > utilised > agricultural > area > uaa > until,0,1,1,False,Share of organic crop area out of the total utilised agricultural area (UAA) (until
955,0,-1,0,people,share > of > people,2,0,3,True,Share of people living in under-occupied dwellings by degree of urbanisation - total population - EU-SILC survey | Share of people living in under-occupied dwellings by tenure status - total population - EU-SILC survey | Share of people with good or very good perceived health by sex
956,0,-1,0,living in under occupied dwellings by,share > of > people > living > in > under > occupied > dwellings > by,2,0,2,True,Share of people living in under-occupied dwellings by degree of urbanisation - total population - EU-SILC survey | Share of people living in under-occupied dwellings by tenure status - total population - EU-SILC survey
956,1,0,1,degree of urbanisation total population eu silc survey,share > of > people > living > in > under > occupied > dwellings > by > degree > of > urbanisation > total > population > eu > silc > survey,0,1,1,False,Share of people living in under-occupied dwellings by degree of urbanisation - total population - EU-SILC survey
956,2,0,1,tenure status total population eu silc survey,share > of > people > living > in > under > occupied > dwellings > by > tenure > status > total > population > eu > silc > survey,0,1,1,False,Share of people living in under-occupied dwellings by tenure status - total population - EU-SILC survey
957,0,-1,0,with good or very good perceived health by sex,share > of > people > with > good > or > very > good > perceived > health > by > sex,0,1,1,False,Share of people with good or very good perceived health by sex
958,0,-1,0,rail and inland waterways in inland freight transport,share > of > rail > and > inland > waterways > in > inland > freight > transport,0,1,1,False,Share of rail and inland waterways in inland freight transport
959,0,-1,0,renewable energy in gross final energy consumption by sector,share > of > renewable > energy > in > gross > final > energy > consumption > by > sector,0,1,1,False,Share of renewable energy in gross final energy consumption by sector
960,0,-1,0,total population,share > of > total > population,4,0,4,True,"Share of total population considering their dwelling as too dark - EU-SILC survey | Share of total population having neither a bath, nor a shower in their dwelling - EU-SILC survey | Share of total population living in a dwelling with a leaking roof, damp walls, floors or foundation, or rot in window frames of floor - EU-SILC survey"
960,1,0,1,considering their dwelling as too dark eu silc survey,share > of > total > population > considering > their > dwelling > as > too > dark > eu > silc > survey,0,1,1,False,Share of total population considering their dwelling as too dark - EU-SILC survey
960,2,0,1,having neither a bath nor a shower in their dwelling eu silc survey,share > of > total > population > having > neither > a > bath > nor > a > shower > in > their > dwelling > eu > silc > survey,0,1,1,False,"Share of total population having neither a bath, nor a shower in their dwelling - EU-SILC survey"
960,3,0,1,living in a dwelling with a leaking roof damp walls floors or foundation or rot in window frames of floor eu silc survey,share > of > total > population > living > in > a > dwelling > with > a > leaking > roof > damp > walls > floors > or > foundation > or > rot > in > window > frames > of > floor > eu > silc > survey,0,1,1,False,"Share of total population living in a dwelling with a leaking roof, damp walls, floors or foundation, or rot in window frames of floor - EU-SILC survey"
960,4,0,1,not having indoor flushing toilet for the sole use of their household eu silc survey,share > of > total > population > not > having > indoor > flushing > toilet > for > the > sole > use > of > their > household > eu > silc > survey,0,1,1,False,Share of total population not having indoor flushing toilet for the sole use of their household - EU-SILC survey
961,0,-1,0,trade with the eu27 from,share > of > trade > with > the > eu27 > from,0,1,1,False,Share of trade with the EU27 (from
962,0,-1,0,value added in member states supported by exports figaro application,share > of > value > added > in > member > states > supported > by > exports > figaro > application,0,1,1,False,Share of value added in Member States supported by exports (FIGARO application)
963,0,-1,0,women researchers,share > of > women > researchers,2,0,2,True,"Share of women researchers, all sectors | Share of women researchers, by sectors of performance"
963,1,0,1,all sectors,share > of > women > researchers > all > sectors,0,1,1,False,"Share of women researchers, all sectors"
963,2,0,1,by sectors of performance,share > of > women > researchers > by > sectors > of > performance,0,1,1,False,"Share of women researchers, by sectors of performance"
964,0,-1,0,short,short,1,0,3,False,"Short sea shipping - country level - gross weight of goods transported to/from main ports, by direction | Short sea shipping - country level - volume (in TEU's) of containers transported to/from main ports, by loading status | Short sea shipping - level - gross weight of goods transported to/from main ports, by type of cargo for each sea region of partner ports"
964,1,0,1,sea shipping,short > sea > shipping,2,0,3,True,"Short sea shipping - country level - gross weight of goods transported to/from main ports, by direction | Short sea shipping - country level - volume (in TEU's) of containers transported to/from main ports, by loading status | Short sea shipping - level - gross weight of goods transported to/from main ports, by type of cargo for each sea region of partner ports"
964,2,1,2,country level,short > sea > shipping > country > level,2,0,2,True,"Short sea shipping - country level - gross weight of goods transported to/from main ports, by direction | Short sea shipping - country level - volume (in TEU's) of containers transported to/from main ports, by loading status"
964,3,2,3,gross weight of goods transported to from main ports by direction,short > sea > shipping > country > level > gross > weight > of > goods > transported > to > from > main > ports > by > direction,0,1,1,False,"Short sea shipping - country level - gross weight of goods transported to/from main ports, by direction"
964,4,2,3,volume in teu s of containers transported to from main ports by loading status,short > sea > shipping > country > level > volume > in > teu > s > of > containers > transported > to > from > main > ports > by > loading > status,0,1,1,False,"Short sea shipping - country level - volume (in TEU's) of containers transported to/from main ports, by loading status"
964,5,1,2,level gross weight of goods transported to from main ports by type of cargo for each sea region of partner ports,short > sea > shipping > level > gross > weight > of > goods > transported > to > from > main > ports > by > type > of > cargo > for > each > sea > region > of > partner > ports,0,1,1,False,"Short sea shipping - level - gross weight of goods transported to/from main ports, by type of cargo for each sea region of partner ports"
965,0,-1,0,simplified,simplified,1,0,1,False,Simplified energy balances
965,1,0,1,energy balances,simplified > energy > balances,0,1,1,False,Simplified energy balances
966,0,-1,0,smoking,smoking,1,0,1,False,Smoking prevalence by sex
966,1,0,1,prevalence by sex,smoking > prevalence > by > sex,0,1,1,False,Smoking prevalence by sex
967,0,-1,0,social,social,1,0,2,False,Social protection expenditure excluding administrative costs (including health expenditure) as a share of GDP | Social protection receipts by type
967,1,0,1,protection,social > protection,2,0,2,True,Social protection expenditure excluding administrative costs (including health expenditure) as a share of GDP | Social protection receipts by type
968,0,-1,0,expenditure excluding administrative costs including health expenditure as a share of gdp,social > protection > expenditure > excluding > administrative > costs > including > health > expenditure > as > a > share > of > gdp,0,1,1,False,Social protection expenditure excluding administrative costs (including health expenditure) as a share of GDP
969,0,-1,0,receipts by type,social > protection > receipts > by > type,0,1,1,False,Social protection receipts by type
970,0,-1,0,soil,soil,1,0,1,False,Soil sealing index
970,1,0,1,sealing index,soil > sealing > index,0,1,1,False,Soil sealing index
971,0,-1,0,solar,solar,1,0,1,False,Solar thermal collectors' surface
971,1,0,1,thermal collectors surface,solar > thermal > collectors > surface,0,1,1,False,Solar thermal collectors' surface
972,0,-1,0,sources,sources,1,0,1,False,Sources of information used for getting information on learning possibilities
972,1,0,1,of information used for getting information on learning possibilities,sources > of > information > used > for > getting > information > on > learning > possibilities,0,1,1,False,Sources of information used for getting information on learning possibilities
973,0,-1,0,special,special,1,0,1,False,Special purpose road vehicles
973,1,0,1,purpose road vehicles,special > purpose > road > vehicles,0,1,1,False,Special purpose road vehicles
974,0,-1,0,standardised,standardised,3,0,5,True,"Standardised death rate due to homicide by sex | Standardised death rate due to tuberculosis, HIV and hepatitis by type of disease | Standardised incidence rate of accidents at work by NACE Rev. 1.1 activity and employment status"
975,0,-1,0,death rate due to,standardised > death > rate > due > to,2,0,2,True,"Standardised death rate due to homicide by sex | Standardised death rate due to tuberculosis, HIV and hepatitis by type of disease"
976,0,-1,0,homicide by sex,standardised > death > rate > due > to > homicide > by > sex,0,1,1,False,Standardised death rate due to homicide by sex
977,0,-1,0,tuberculosis hiv and hepatitis by type of disease,standardised > death > rate > due > to > tuberculosis > hiv > and > hepatitis > by > type > of > disease,0,1,1,False,"Standardised death rate due to tuberculosis, HIV and hepatitis by type of disease"
978,0,-1,0,incidence rate of accidents at work by nace rev 1 1 activity and,standardised > incidence > rate > of > accidents > at > work > by > nace > rev > 1 > 1 > activity > and,2,0,2,True,Standardised incidence rate of accidents at work by NACE Rev. 1.1 activity and employment status | Standardised incidence rate of accidents at work by NACE Rev. 1.1 activity and size of enterprise
978,1,0,1,employment status,standardised > incidence > rate > of > accidents > at > work > by > nace > rev > 1 > 1 > activity > and > employment > status,0,1,1,False,Standardised incidence rate of accidents at work by NACE Rev. 1.1 activity and employment status
978,2,0,1,size of enterprise,standardised > incidence > rate > of > accidents > at > work > by > nace > rev > 1 > 1 > activity > and > size > of > enterprise,0,1,1,False,Standardised incidence rate of accidents at work by NACE Rev. 1.1 activity and size of enterprise
979,0,-1,0,preventable and treatable mortality,standardised > preventable > and > treatable > mortality,0,1,1,False,Standardised preventable and treatable mortality
980,0,-1,0,stock,stock,1,0,2,False,"Stock of general government debt security liabilities issued as 'green bonds' - one-off data collection, experimental statistics | Stock of vehicles by category"
980,1,0,1,of,stock > of,2,0,2,True,"Stock of general government debt security liabilities issued as 'green bonds' - one-off data collection, experimental statistics | Stock of vehicles by category"
981,0,-1,0,general government debt security liabilities issued as green bonds one off data collection experimental statistics,stock > of > general > government > debt > security > liabilities > issued > as > green > bonds > one > off > data > collection > experimental > statistics,0,1,1,False,"Stock of general government debt security liabilities issued as 'green bonds' - one-off data collection, experimental statistics"
982,0,-1,0,vehicles by category,stock > of > vehicles > by > category,0,1,1,False,Stock of vehicles by category
983,0,-1,0,structural,structural,1,0,1,False,Structural information
983,1,0,1,information,structural > information,0,1,1,False,Structural information
984,0,-1,0,students,students,1,0,2,False,Students in post-compulsory education - as % of the total population of post-compulsory school age | Students in tertiary education - as % of 20-24 years old in the population
984,1,0,1,in,students > in,2,0,2,True,Students in post-compulsory education - as % of the total population of post-compulsory school age | Students in tertiary education - as % of 20-24 years old in the population
985,0,-1,0,post compulsory education as of the total population of post compulsory school age,students > in > post > compulsory > education > as > of > the > total > population > of > post > compulsory > school > age,0,1,1,False,Students in post-compulsory education - as % of the total population of post-compulsory school age
986,0,-1,0,tertiary education as of 20 24 years old in the population,students > in > tertiary > education > as > of > 20 > 24 > years > old > in > the > population,0,1,1,False,Students in tertiary education - as % of 20-24 years old in the population
987,0,-1,0,subjective,subjective,1,0,3,False,Subjective poverty by degree of urbanization | Subjective poverty by educational attainment level (population aged 18 and over) | Subjective poverty by tenure status
987,1,0,1,poverty by,subjective > poverty > by,3,0,3,True,Subjective poverty by degree of urbanization | Subjective poverty by educational attainment level (population aged 18 and over) | Subjective poverty by tenure status
987,2,1,2,degree of urbanization,subjective > poverty > by > degree > of > urbanization,0,1,1,False,Subjective poverty by degree of urbanization
987,3,1,2,educational attainment level population aged 18 and over,subjective > poverty > by > educational > attainment > level > population > aged > 18 > and > over,0,1,1,False,Subjective poverty by educational attainment level (population aged 18 and over)
987,4,1,2,tenure status,subjective > poverty > by > tenure > status,0,1,1,False,Subjective poverty by tenure status
988,0,-1,0,suicide,suicide,1,0,1,False,Suicide death rate by age group
988,1,0,1,death rate by age group,suicide > death > rate > by > age > group,0,1,1,False,Suicide death rate by age group
989,0,-1,0,suicides,suicides,1,0,1,False,Suicides involving railways
989,1,0,1,involving railways,suicides > involving > railways,0,1,1,False,Suicides involving railways
990,0,-1,0,surface,surface,1,0,2,False,Surface of the marine protected areas | Surface of the terrestrial protected areas
990,1,0,1,of the,surface > of > the,2,0,2,True,Surface of the marine protected areas | Surface of the terrestrial protected areas
990,2,1,2,marine protected areas,surface > of > the > marine > protected > areas,0,1,1,False,Surface of the marine protected areas
990,3,1,2,terrestrial protected areas,surface > of > the > terrestrial > protected > areas,0,1,1,False,Surface of the terrestrial protected areas
991,0,-1,0,suspects,suspects,1,0,1,False,Suspects of migrant smuggling by citizenship
991,1,0,1,of migrant smuggling by citizenship,suspects > of > migrant > smuggling > by > citizenship,0,1,1,False,Suspects of migrant smuggling by citizenship
992,0,-1,0,table,table,1,0,1,False,Table grape vines - Area by age and density classes (area in ha)
992,1,0,1,grape vines area by age and density classes area in ha,table > grape > vines > area > by > age > and > density > classes > area > in > ha,0,1,1,False,Table grape vines - Area by age and density classes (area in ha)
993,0,-1,0,tax,tax,1,0,3,False,Tax rate on low wage earners - Low wage trap | Tax rate on low wage earners - Unemployment trap | Tax rate on low wage earners: Tax wedge on labour costs
993,1,0,1,rate on low wage earners,tax > rate > on > low > wage > earners,3,0,3,True,Tax rate on low wage earners - Low wage trap | Tax rate on low wage earners - Unemployment trap | Tax rate on low wage earners: Tax wedge on labour costs
993,2,1,2,low wage trap,tax > rate > on > low > wage > earners > low > wage > trap,0,1,1,False,Tax rate on low wage earners - Low wage trap
993,3,1,2,unemployment trap,tax > rate > on > low > wage > earners > unemployment > trap,0,1,1,False,Tax rate on low wage earners - Unemployment trap
993,4,1,2,tax wedge on labour costs,tax > rate > on > low > wage > earners > tax > wedge > on > labour > costs,0,1,1,False,Tax rate on low wage earners: Tax wedge on labour costs
994,0,-1,0,teachers,teachers,1,0,1,False,"Teachers working part-time - as % of all teachers, by education level"
994,1,0,1,working part time as of all teachers by education level,teachers > working > part > time > as > of > all > teachers > by > education > level,0,1,1,False,"Teachers working part-time - as % of all teachers, by education level"
995,0,-1,0,technical,technical,1,0,1,False,Technical and vocational education training (TVET)
995,1,0,1,and vocational education training tvet,technical > and > vocational > education > training > tvet,0,1,1,False,Technical and vocational education training (TVET)
996,0,-1,0,terms,terms,1,0,1,False,Terms of trade by items - 5 years % change
996,1,0,1,of trade by items 5 years change,terms > of > trade > by > items > 5 > years > change,0,1,1,False,Terms of trade by items - 5 years % change
997,0,-1,0,territorialised,territorialised,1,0,1,False,"Territorialised road freight transport, by transport coverage – annual data"
997,1,0,1,road freight transport by transport coverage annual data,territorialised > road > freight > transport > by > transport > coverage > annual > data,0,1,1,False,"Territorialised road freight transport, by transport coverage – annual data"
998,0,-1,0,tertiary,tertiary,1,0,2,False,"Tertiary educational attainment by sex | Tertiary educational attainment, age group 30-34"
998,1,0,1,educational attainment,tertiary > educational > attainment,2,0,2,True,"Tertiary educational attainment by sex | Tertiary educational attainment, age group 30-34"
999,0,-1,0,by sex,tertiary > educational > attainment > by > sex,0,1,1,False,Tertiary educational attainment by sex
1000,0,-1,0,age group 30 34,tertiary > educational > attainment > age > group > 30 > 34,0,1,1,False,"Tertiary educational attainment, age group 30-34"
1001,0,-1,0,the,the,1,0,1,False,The real gross disposable income of households per capita (index =
1001,1,0,1,real gross disposable income of households per capita index,the > real > gross > disposable > income > of > households > per > capita > index,0,1,1,False,The real gross disposable income of households per capita (index =
1002,0,-1,0,third,third,1,0,2,False,Third country nationals ordered to leave - annual data (rounded) | Third country nationals returned following an order to leave - annual data (rounded)
1002,1,0,1,country nationals,third > country > nationals,2,0,2,True,Third country nationals ordered to leave - annual data (rounded) | Third country nationals returned following an order to leave - annual data (rounded)
1002,2,1,2,ordered to leave annual data rounded,third > country > nationals > ordered > to > leave > annual > data > rounded,0,1,1,False,Third country nationals ordered to leave - annual data (rounded)
1002,3,1,2,returned following an order to leave annual data rounded,third > country > nationals > returned > following > an > order > to > leave > annual > data > rounded,0,1,1,False,Third country nationals returned following an order to leave - annual data (rounded)
1003,0,-1,0,tier,tier,1,0,1,False,Tier-1 capital ratio banking sector
1003,1,0,1,1 capital ratio banking sector,tier > 1 > capital > ratio > banking > sector,0,1,1,False,Tier-1 capital ratio banking sector
1004,0,-1,0,time,time,1,0,10,False,Time spent alone | Time spent doing more than one activity simultaneously | Time spent in total work (paid and unpaid work as main or secondary activity) by sex and by form of work
1004,1,0,1,spent,time > spent,7,0,10,True,Time spent alone | Time spent doing more than one activity simultaneously | Time spent in total work (paid and unpaid work as main or secondary activity) by sex and by form of work
1004,2,1,2,doing more than one activity simultaneously,time > spent > doing > more > than > one > activity > simultaneously,0,1,1,False,Time spent doing more than one activity simultaneously
1004,3,1,2,on,time > spent > on,3,0,3,True,"Time spent on eating at home (as main or secondary activity) | Time spent on health-enhancing (non-work-related) aerobic physical activity by sex, age and educational attainment level | Time spent on travelling by mode of transport"
1004,4,1,2,watching or other media playing computer games and any similar screen activities as main or secondary activity,time > spent > watching > or > other > media > playing > computer > games > and > any > similar > screen > activities > as > main > or > secondary > activity,0,1,1,False,"Time spent watching or other media, playing computer games and any similar screen activities (as main or secondary activity)"
1004,5,1,2,participation time and participation rate in the main activity by sex and educational attainment level,time > spent > participation > time > and > participation > rate > in > the > main > activity > by > sex > and > educational > attainment > level,0,1,1,False,"Time spent, participation time and participation rate in the main activity by sex and educational attainment level"
1005,0,-1,0,alone,time > spent > alone,0,1,1,False,Time spent alone
1006,0,-1,0,in,time > spent > in,2,0,2,True,Time spent in total work (paid and unpaid work as main or secondary activity) by sex and by form of work | Time spent in unpaid forms of work (as main or secondary activity) by sex and by form of work
1006,1,0,1,total work paid and unpaid work as main or secondary activity by sex and by form of work,time > spent > in > total > work > paid > and > unpaid > work > as > main > or > secondary > activity > by > sex > and > by > form > of > work,0,1,1,False,Time spent in total work (paid and unpaid work as main or secondary activity) by sex and by form of work
1006,2,0,1,unpaid forms of work as main or secondary activity by sex and by form of work,time > spent > in > unpaid > forms > of > work > as > main > or > secondary > activity > by > sex > and > by > form > of > work,0,1,1,False,Time spent in unpaid forms of work (as main or secondary activity) by sex and by form of work
1007,0,-1,0,eating at home as main or secondary activity,time > spent > on > eating > at > home > as > main > or > secondary > activity,0,1,1,False,Time spent on eating at home (as main or secondary activity)
1008,0,-1,0,health enhancing non work related aerobic physical activity by sex age and educational attainment level,time > spent > on > health > enhancing > non > work > related > aerobic > physical > activity > by > sex > age > and > educational > attainment > level,0,1,1,False,"Time spent on health-enhancing (non-work-related) aerobic physical activity by sex, age and educational attainment level"
1009,0,-1,0,travelling by mode of transport,time > spent > on > travelling > by > mode > of > transport,0,1,1,False,Time spent on travelling by mode of transport
1010,0,-1,0,providing childcare as main or secondary activity,time > spent > providing > childcare > as > main > or > secondary > activity,0,1,1,False,Time spent providing childcare (as main or secondary activity)
1011,0,-1,0,top,top,1,0,5,False,Top 5 ports - gross weight of goods handled in each port | Top 5 ports for Ro-ro units - gross weight of goods in Ro-Ro units handled in each port | Top 5 ports for containers - gross weight of goods in containers handled in each port
1011,1,0,1,5 ports,top > 5 > ports,2,0,5,True,Top 5 ports - gross weight of goods handled in each port | Top 5 ports for Ro-ro units - gross weight of goods in Ro-Ro units handled in each port | Top 5 ports for containers - gross weight of goods in containers handled in each port
1011,2,1,2,gross weight of goods handled in each port,top > 5 > ports > gross > weight > of > goods > handled > in > each > port,0,1,1,False,Top 5 ports - gross weight of goods handled in each port
1011,3,1,2,for,top > 5 > ports > for,4,0,4,True,Top 5 ports for Ro-ro units - gross weight of goods in Ro-Ro units handled in each port | Top 5 ports for containers - gross weight of goods in containers handled in each port | Top 5 ports for liquid bulk - gross weight of liquid bulk goods handled in each port
1011,4,3,3,ro ro units gross weight of goods in ro ro units handled in each port,top > 5 > ports > for > ro > ro > units > gross > weight > of > goods > in > ro > ro > units > handled > in > each > port,0,1,1,False,Top 5 ports for Ro-ro units - gross weight of goods in Ro-Ro units handled in each port
1011,5,3,3,containers gross weight of goods in containers handled in each port,top > 5 > ports > for > containers > gross > weight > of > goods > in > containers > handled > in > each > port,0,1,1,False,Top 5 ports for containers - gross weight of goods in containers handled in each port
1011,6,3,3,liquid bulk gross weight of liquid bulk goods handled in each port,top > 5 > ports > for > liquid > bulk > gross > weight > of > liquid > bulk > goods > handled > in > each > port,0,1,1,False,Top 5 ports for liquid bulk - gross weight of liquid bulk goods handled in each port
1011,7,3,3,volume of containers volume in teus of containers handled in each port,top > 5 > ports > for > volume > of > containers > volume > in > teus > of > containers > handled > in > each > port,0,1,1,False,Top 5 ports for volume of containers - volume (in TEUs) of containers handled in each port
1012,0,-1,0,tourism,tourism,1,0,1,False,Tourism infrastructure
1012,1,0,1,infrastructure,tourism > infrastructure,0,1,1,False,Tourism infrastructure
1013,0,-1,0,trade,trade,4,0,6,True,"Trade balance | Trade in goods with the top 5 partners | Trade in goods, by main world traders - EU27 (from"
1013,1,0,1,balance,trade > balance,0,1,1,False,Trade balance
1013,2,0,1,volume indices by reporting country,trade > volume > indices > by > reporting > country,0,1,1,False,"Trade volume indices, by reporting country"
1014,0,-1,0,in,trade > in,2,0,3,True,"Trade in goods with the top 5 partners | Trade in goods, by main world traders - EU27 (from | Trade in services with the top 5 partners"
1014,1,0,1,goods,trade > in > goods,2,0,2,True,"Trade in goods with the top 5 partners | Trade in goods, by main world traders - EU27 (from"
1014,2,0,1,services with the top 5 partners,trade > in > services > with > the > top > 5 > partners,0,1,1,False,Trade in services with the top 5 partners
1015,0,-1,0,with the top 5 partners,trade > in > goods > with > the > top > 5 > partners,0,1,1,False,Trade in goods with the top 5 partners
1016,0,-1,0,by main world traders eu27 from,trade > in > goods > by > main > world > traders > eu27 > from,0,1,1,False,"Trade in goods, by main world traders - EU27 (from"
1017,0,-1,0,unit value indices by reporting country,trade > unit > value > indices > by > reporting > country,0,1,1,False,"Trade unit value indices, by reporting country"
1018,0,-1,0,trailers,trailers,2,0,2,True,"Trailers and their load capacity, by permissible maximum gross weight | Trailers by load capacity (until"
1018,1,0,1,and their load capacity by permissible maximum gross weight,trailers > and > their > load > capacity > by > permissible > maximum > gross > weight,0,1,1,False,"Trailers and their load capacity, by permissible maximum gross weight"
1018,2,0,1,by load capacity until,trailers > by > load > capacity > until,0,1,1,False,Trailers by load capacity (until
1019,0,-1,0,train,train,1,0,5,False,Train traffic on the rail network - | Train traffic on the rail network - Czech Republic | Train traffic on the rail network - Hungaria
1019,1,0,1,traffic on the rail network,train > traffic > on > the > rail > network,4,1,5,True,Train traffic on the rail network - | Train traffic on the rail network - Czech Republic | Train traffic on the rail network - Hungaria
1019,2,1,2,czech republic,train > traffic > on > the > rail > network > czech > republic,0,1,1,False,Train traffic on the rail network - Czech Republic
1019,3,1,2,hungaria,train > traffic > on > the > rail > network > hungaria,0,1,1,False,Train traffic on the rail network - Hungaria
1019,4,1,2,north macedonia,train > traffic > on > the > rail > network > north > macedonia,0,1,1,False,Train traffic on the rail network - North Macedonia
1019,5,1,2,the former yugoslav republic of macedonia,train > traffic > on > the > rail > network > the > former > yugoslav > republic > of > macedonia,0,1,1,False,Train traffic on the rail network - the Former Yugoslav Republic of Macedonia
1020,0,-1,0,trainsets,trainsets,1,0,1,False,Trainsets and capacity by type of speed
1020,1,0,1,and capacity by type of speed,trainsets > and > capacity > by > type > of > speed,0,1,1,False,Trainsets and capacity by type of speed
1021,0,-1,0,transition,transition,1,0,2,False,"Transition from fixed term contracts to permanent contracts by sex and age (annual averages of quarterly transitions, estimated probabilities) - experimental statistics | Transition from part-time work to full-time work by sex and age (annual averages of quarterly transitions, estimated probabilities) - experimental statistics"
1021,1,0,1,from,transition > from,2,0,2,True,"Transition from fixed term contracts to permanent contracts by sex and age (annual averages of quarterly transitions, estimated probabilities) - experimental statistics | Transition from part-time work to full-time work by sex and age (annual averages of quarterly transitions, estimated probabilities) - experimental statistics"
1021,2,1,2,fixed term contracts to permanent contracts by sex and age annual averages of quarterly transitions estimated probabilities experimental statistics,transition > from > fixed > term > contracts > to > permanent > contracts > by > sex > and > age > annual > averages > of > quarterly > transitions > estimated > probabilities > experimental > statistics,0,1,1,False,"Transition from fixed term contracts to permanent contracts by sex and age (annual averages of quarterly transitions, estimated probabilities) - experimental statistics"
1021,3,1,2,part time work to full time work by sex and age annual averages of quarterly transitions estimated probabilities experimental statistics,transition > from > part > time > work > to > full > time > work > by > sex > and > age > annual > averages > of > quarterly > transitions > estimated > probabilities > experimental > statistics,0,1,1,False,"Transition from part-time work to full-time work by sex and age (annual averages of quarterly transitions, estimated probabilities) - experimental statistics"
1022,0,-1,0,treatment,treatment,2,0,2,True,Treatment and disposal facilities | Treatment of municipal waste
1022,1,0,1,and disposal facilities,treatment > and > disposal > facilities,0,1,1,False,Treatment and disposal facilities
1022,2,0,1,of municipal waste,treatment > of > municipal > waste,0,1,1,False,Treatment of municipal waste
1023,0,-1,0,trust,trust,1,0,1,False,"Trust in others by sex, age and educational attainment"
1023,1,0,1,in others by sex age and educational attainment,trust > in > others > by > sex > age > and > educational > attainment,0,1,1,False,"Trust in others by sex, age and educational attainment"
1024,0,-1,0,turnover,turnover,2,0,16,True,Turnover by client specialisation and NACE Rev.1 at 3-digit level | Turnover by client specialisation and employment size class | Turnover by client specialisation and product specialisation
1024,1,0,1,by,turnover > by,5,0,11,True,Turnover by client specialisation and NACE Rev.1 at 3-digit level | Turnover by client specialisation and employment size class | Turnover by client specialisation and product specialisation
1024,2,1,2,client specialisation and,turnover > by > client > specialisation > and,3,0,3,True,Turnover by client specialisation and NACE Rev.1 at 3-digit level | Turnover by client specialisation and employment size class | Turnover by client specialisation and product specialisation
1024,3,2,3,nace rev 1 at 3 digit level,turnover > by > client > specialisation > and > nace > rev > 1 > at > 3 > digit > level,0,1,1,False,Turnover by client specialisation and NACE Rev.1 at 3-digit level
1024,4,2,3,employment size class,turnover > by > client > specialisation > and > employment > size > class,0,1,1,False,Turnover by client specialisation and employment size class
1024,5,2,3,product specialisation,turnover > by > client > specialisation > and > product > specialisation,0,1,1,False,Turnover by client specialisation and product specialisation
1024,6,1,2,nationality of client and,turnover > by > nationality > of > client > and,2,0,2,True,Turnover by nationality of client and NACE Rev.1 at 3-digit level | Turnover by nationality of client and employment size class
1024,7,6,3,nace rev 1 at 3 digit level,turnover > by > nationality > of > client > and > nace > rev > 1 > at > 3 > digit > level,0,1,1,False,Turnover by nationality of client and NACE Rev.1 at 3-digit level
1024,8,6,3,employment size class,turnover > by > nationality > of > client > and > employment > size > class,0,1,1,False,Turnover by nationality of client and employment size class
1024,9,1,2,product specialisation,turnover > by > product > specialisation,2,0,2,True,Turnover by product specialisation and employment size class for group 72.2 | Turnover by product specialisation for div. 72
1024,10,9,3,and employment size class for group 72 2,turnover > by > product > specialisation > and > employment > size > class > for > group > 72 > 2,0,1,1,False,Turnover by product specialisation and employment size class for group 72.2
1024,11,9,3,for div 72,turnover > by > product > specialisation > for > div > 72,0,1,1,False,Turnover by product specialisation for div. 72
1024,12,1,2,residence of client and economic activity,turnover > by > residence > of > client > and > economic > activity,0,1,1,False,Turnover by residence of client and economic activity
1024,13,1,2,type of,turnover > by > type > of,2,0,3,True,Turnover by type of client and NACE Rev.1 at 3-digit level | Turnover by type of client and employment size class | Turnover by type of media for advertising services
1024,14,0,1,in industry,turnover > in > industry,4,0,5,True,Turnover in industry - capital goods | Turnover in industry - consumer durables | Turnover in industry - consumer non-durables
1024,15,14,2,capital goods,turnover > in > industry > capital > goods,0,1,1,False,Turnover in industry - capital goods
1024,16,14,2,consumer,turnover > in > industry > consumer,2,0,2,True,Turnover in industry - consumer durables | Turnover in industry - consumer non-durables
1024,17,16,3,durables,turnover > in > industry > consumer > durables,0,1,1,False,Turnover in industry - consumer durables
1024,18,16,3,non durables,turnover > in > industry > consumer > non > durables,0,1,1,False,Turnover in industry - consumer non-durables
1024,19,14,2,intermediate goods,turnover > in > industry > intermediate > goods,0,1,1,False,Turnover in industry - intermediate goods
1024,20,14,2,manufacturing,turnover > in > industry > manufacturing,0,1,1,False,Turnover in industry - manufacturing
1025,0,-1,0,client and,turnover > by > type > of > client > and,2,0,2,True,Turnover by type of client and NACE Rev.1 at 3-digit level | Turnover by type of client and employment size class
1026,0,-1,0,nace rev 1 at 3 digit level,turnover > by > type > of > client > and > nace > rev > 1 > at > 3 > digit > level,0,1,1,False,Turnover by type of client and NACE Rev.1 at 3-digit level
1027,0,-1,0,employment size class,turnover > by > type > of > client > and > employment > size > class,0,1,1,False,Turnover by type of client and employment size class
1028,0,-1,0,media for advertising services,turnover > by > type > of > media > for > advertising > services,0,1,1,False,Turnover by type of media for advertising services
1029,0,-1,0,typical,typical,1,0,1,False,Typical dwelling sizes by type of dwelling in each surveyed city
1029,1,0,1,dwelling sizes by type of dwelling in each surveyed city,typical > dwelling > sizes > by > type > of > dwelling > in > each > surveyed > city,0,1,1,False,Typical dwelling sizes by type of dwelling in each surveyed city
1030,0,-1,0,under,under,1,0,1,False,Under 5 mortality rate by sex
1030,1,0,1,5 mortality rate by sex,under > 5 > mortality > rate > by > sex,0,1,1,False,Under 5 mortality rate by sex
1031,0,-1,0,unemployment,unemployment,3,0,15,True,Unemployment by sex | Unemployment by sex - age group 15-24 | Unemployment by sex - age group 25-74
1031,1,0,1,by sex,unemployment > by > sex,1,1,3,False,Unemployment by sex | Unemployment by sex - age group 15-24 | Unemployment by sex - age group 25-74
1031,2,1,2,age group,unemployment > by > sex > age > group,2,0,2,True,Unemployment by sex - age group 15-24 | Unemployment by sex - age group 25-74
1031,3,2,3,15 24,unemployment > by > sex > age > group > 15 > 24,0,1,1,False,Unemployment by sex - age group 15-24
1031,4,2,3,25 74,unemployment > by > sex > age > group > 25 > 74,0,1,1,False,Unemployment by sex - age group 25-74
1031,5,0,1,rate,unemployment > rate,4,2,9,True,Unemployment rate | unemployment rate | Unemployment rate - 3 year average
1031,6,5,2,3 year average,unemployment > rate > 3 > year > average,0,1,1,False,Unemployment rate - 3 year average
1031,7,5,2,annual data,unemployment > rate > annual > data,0,1,1,False,Unemployment rate - annual data
1031,8,5,2,quarterly data seasonally adjusted,unemployment > rate > quarterly > data > seasonally > adjusted,0,1,1,False,"Unemployment rate - quarterly data, seasonally adjusted"
1031,9,5,2,by,unemployment > rate > by,2,0,4,True,Unemployment rate by education level | Unemployment rate by sex | Unemployment rate by sex - age group 15-24
1031,10,0,1,rates,unemployment > rates,2,0,3,True,"Unemployment rates by sex and age | Unemployment rates by sex, age and educational attainment level (%) | Unemployment rates of the population aged 25-64 by educational attainment level"
1031,11,10,2,by sex,unemployment > rates > by > sex,2,0,2,True,"Unemployment rates by sex and age | Unemployment rates by sex, age and educational attainment level (%)"
1031,12,11,3,and age,unemployment > rates > by > sex > and > age,0,1,1,False,Unemployment rates by sex and age
1031,13,11,3,age and educational attainment level,unemployment > rates > by > sex > age > and > educational > attainment > level,0,1,1,False,"Unemployment rates by sex, age and educational attainment level (%)"
1031,14,10,2,of the population aged 25 64 by educational attainment level,unemployment > rates > of > the > population > aged > 25 > 64 > by > educational > attainment > level,0,1,1,False,Unemployment rates of the population aged 25-64 by educational attainment level
1032,0,-1,0,education level,unemployment > rate > by > education > level,0,1,1,False,Unemployment rate by education level
1033,0,-1,0,sex,unemployment > rate > by > sex,1,1,3,False,Unemployment rate by sex | Unemployment rate by sex - age group 15-24 | Unemployment rate by sex - age group 25-74
1033,1,0,1,age group,unemployment > rate > by > sex > age > group,2,0,2,True,Unemployment rate by sex - age group 15-24 | Unemployment rate by sex - age group 25-74
1033,2,1,2,15 24,unemployment > rate > by > sex > age > group > 15 > 24,0,1,1,False,Unemployment rate by sex - age group 15-24
1033,3,1,2,25 74,unemployment > rate > by > sex > age > group > 25 > 74,0,1,1,False,Unemployment rate by sex - age group 25-74
1034,0,-1,0,unit,unit,2,0,3,True,Unit labour cost performance related to the euro area - annual data | Unit value of exports | Unit value of imports
1035,0,-1,0,labour cost performance related to the euro area annual data,unit > labour > cost > performance > related > to > the > euro > area > annual > data,0,1,1,False,Unit labour cost performance related to the euro area - annual data
1036,0,-1,0,value of,unit > value > of,2,0,2,True,Unit value of exports | Unit value of imports
1036,1,0,1,exports,unit > value > of > exports,0,1,1,False,Unit value of exports
1036,2,0,1,imports,unit > value > of > imports,0,1,1,False,Unit value of imports
1037,0,-1,0,unitisation,unitisation,1,0,5,False,Unitisation in inland waterways freight transport - tonne-kilometre for gross-gross weight of goods | Unitisation in maritime freight transport - tonnes for gross weight of goods | Unitisation in rail freight transport- tonne-kilometre for gross-gross weight of goods
1037,1,0,1,in,unitisation > in,5,0,5,True,Unitisation in inland waterways freight transport - tonne-kilometre for gross-gross weight of goods | Unitisation in maritime freight transport - tonnes for gross weight of goods | Unitisation in rail freight transport- tonne-kilometre for gross-gross weight of goods
1037,2,1,2,inland waterways freight transport tonne kilometre for gross gross weight of goods,unitisation > in > inland > waterways > freight > transport > tonne > kilometre > for > gross > gross > weight > of > goods,0,1,1,False,Unitisation in inland waterways freight transport - tonne-kilometre for gross-gross weight of goods
1037,3,1,2,maritime freight transport tonnes for gross weight of goods,unitisation > in > maritime > freight > transport > tonnes > for > gross > weight > of > goods,0,1,1,False,Unitisation in maritime freight transport - tonnes for gross weight of goods
1037,4,1,2,rail freight transport tonne kilometre for gross gross weight of goods,unitisation > in > rail > freight > transport > tonne > kilometre > for > gross > gross > weight > of > goods,0,1,1,False,Unitisation in rail freight transport- tonne-kilometre for gross-gross weight of goods
1037,5,1,2,road freight transport tonne kilometre for gross weight of goods,unitisation > in > road > freight > transport > tonne > kilometre > for > gross > weight > of > goods,0,1,1,False,Unitisation in road freight transport - tonne-kilometre for gross weight of goods
1037,6,1,2,the different modes of transport tonne kilometre for gross weight of goods,unitisation > in > the > different > modes > of > transport > tonne > kilometre > for > gross > weight > of > goods,0,1,1,False,Unitisation in the different modes of transport - tonne-kilometre for gross weight of goods
1038,0,-1,0,urban,urban,1,0,1,False,Urban wastewater treatment
1038,1,0,1,wastewater treatment,urban > wastewater > treatment,0,1,1,False,Urban wastewater treatment
1039,0,-1,0,use,use,1,0,1,False,Use and risk of chemical pesticides
1039,1,0,1,and risk of chemical pesticides,use > and > risk > of > chemical > pesticides,0,1,1,False,Use and risk of chemical pesticides
1040,0,-1,0,usually,usually,1,0,1,False,Usually resident population on 1 January
1040,1,0,1,resident population on 1 january,usually > resident > population > on > 1 > january,0,1,1,False,Usually resident population on 1 January
1041,0,-1,0,vaccination,vaccination,1,0,1,False,Vaccination against influenza of population aged 65 and over
1041,1,0,1,against influenza of population aged 65 and over,vaccination > against > influenza > of > population > aged > 65 > and > over,0,1,1,False,Vaccination against influenza of population aged 65 and over
1042,0,-1,0,valid,valid,1,0,1,False,Valid permits by reasons - % of total valid permits
1042,1,0,1,permits by reasons of total valid permits,valid > permits > by > reasons > of > total > valid > permits,0,1,1,False,Valid permits by reasons - % of total valid permits
1043,0,-1,0,value,value,1,0,1,False,Value Added in Foreign Controlled Enterprises
1043,1,0,1,added in foreign controlled enterprises,value > added > in > foreign > controlled > enterprises,0,1,1,False,Value Added in Foreign Controlled Enterprises
1044,0,-1,0,vessel,vessel,1,0,1,False,Vessel traffic
1044,1,0,1,traffic,vessel > traffic,0,1,1,False,Vessel traffic
1045,0,-1,0,vessels,vessels,1,0,1,False,Vessels arriving in main ports by type of vessels (estimates) - experimental statistics
1045,1,0,1,arriving in main ports by type of vessels estimates experimental statistics,vessels > arriving > in > main > ports > by > type > of > vessels > estimates > experimental > statistics,0,1,1,False,Vessels arriving in main ports by type of vessels (estimates) - experimental statistics
1046,0,-1,0,victims,victims,1,0,3,False,Victims of trafficking in human beings by all forms of exploitation | Victims of trafficking in human beings by citizenship | Victims of trafficking in human beings by sex
1046,1,0,1,of trafficking in human beings by,victims > of > trafficking > in > human > beings > by,3,0,3,True,Victims of trafficking in human beings by all forms of exploitation | Victims of trafficking in human beings by citizenship | Victims of trafficking in human beings by sex
1046,2,1,2,all forms of exploitation,victims > of > trafficking > in > human > beings > by > all > forms > of > exploitation,0,1,1,False,Victims of trafficking in human beings by all forms of exploitation
1046,3,1,2,citizenship,victims > of > trafficking > in > human > beings > by > citizenship,0,1,1,False,Victims of trafficking in human beings by citizenship
1046,4,1,2,sex,victims > of > trafficking > in > human > beings > by > sex,0,1,1,False,Victims of trafficking in human beings by sex
1047,0,-1,0,volume,volume,1,0,4,False,Volume of containers handled in the top 20 main ports by loading status | Volume of freight transport relative to GDP | Volume of passenger transport relative to GDP
1047,1,0,1,of,volume > of,4,0,4,True,Volume of containers handled in the top 20 main ports by loading status | Volume of freight transport relative to GDP | Volume of passenger transport relative to GDP
1047,2,1,2,freight transport relative to gdp,volume > of > freight > transport > relative > to > gdp,0,1,1,False,Volume of freight transport relative to GDP
1048,0,-1,0,containers handled in the top 20 main ports by loading status,volume > of > containers > handled > in > the > top > 20 > main > ports > by > loading > status,0,1,1,False,Volume of containers handled in the top 20 main ports by loading status
1049,0,-1,0,passenger transport relative to gdp,volume > of > passenger > transport > relative > to > gdp,0,1,1,False,Volume of passenger transport relative to GDP
1050,0,-1,0,timber fe,volume > of > timber > fe,0,1,1,False,Volume of timber FE)
1051,0,-1,0,waste,waste,2,0,2,True,Waste generated by households by year and waste category | Waste generation per capita
1051,1,0,1,generated by households by year and waste category,waste > generated > by > households > by > year > and > waste > category,0,1,1,False,Waste generated by households by year and waste category
1051,2,0,1,generation per capita,waste > generation > per > capita,0,1,1,False,Waste generation per capita
1052,0,-1,0,water,water,5,0,6,True,"Water abstracted by sector of use | Water exploitation index, plus (WEI+) | Water resources: long-term annual average"
1052,1,0,1,abstracted by sector of use,water > abstracted > by > sector > of > use,0,1,1,False,Water abstracted by sector of use
1052,2,0,1,supplied and used by economic sectors,water > supplied > and > used > by > economic > sectors,0,1,1,False,Water supplied and used by economic sectors
1052,3,0,1,use,water > use,2,0,2,True,Water use balance | Water use by economic activity
1053,0,-1,0,exploitation index plus wei,water > exploitation > index > plus > wei,0,1,1,False,"Water exploitation index, plus (WEI+)"
1054,0,-1,0,resources long term annual average,water > resources > long > term > annual > average,0,1,1,False,Water resources: long-term annual average
1055,0,-1,0,balance,water > use > balance,0,1,1,False,Water use balance
1056,0,-1,0,by economic activity,water > use > by > economic > activity,0,1,1,False,Water use by economic activity
1057,0,-1,0,weights,weights,1,0,2,False,Weights of producer prices of agricultural products - survey | Weights of purchase prices of the means of agricultural production - survey
1057,1,0,1,of,weights > of,2,0,2,True,Weights of producer prices of agricultural products - survey | Weights of purchase prices of the means of agricultural production - survey
1057,2,1,2,producer prices of agricultural products survey,weights > of > producer > prices > of > agricultural > products > survey,0,1,1,False,Weights of producer prices of agricultural products - survey
1057,3,1,2,purchase prices of the means of agricultural production survey,weights > of > purchase > prices > of > the > means > of > agricultural > production > survey,0,1,1,False,Weights of purchase prices of the means of agricultural production - survey
1058,0,-1,0,wheat,wheat,1,0,1,False,"Wheat and spelt by area, production and humidity"
1058,1,0,1,and spelt by area production and humidity,wheat > and > spelt > by > area > production > and > humidity,0,1,1,False,"Wheat and spelt by area, production and humidity"
1059,0,-1,0,women,women,2,0,38,True,"Women as victims/non-victims of violence, by awareness of free legal aid | Women as victims/non-victims of violence, by awareness of the existence of support services | Women who have experienced sexual violence during childhood, by age group"
1059,1,0,1,as victims non victims of violence by awareness of,women > as > victims > non > victims > of > violence > by > awareness > of,2,0,2,True,"Women as victims/non-victims of violence, by awareness of free legal aid | Women as victims/non-victims of violence, by awareness of the existence of support services"
1059,2,1,2,free legal aid,women > as > victims > non > victims > of > violence > by > awareness > of > free > legal > aid,0,1,1,False,"Women as victims/non-victims of violence, by awareness of free legal aid"
1059,3,1,2,the existence of support services,women > as > victims > non > victims > of > violence > by > awareness > of > the > existence > of > support > services,0,1,1,False,"Women as victims/non-victims of violence, by awareness of the existence of support services"
1059,4,0,1,who have experienced,women > who > have > experienced,3,0,36,True,"Women who have experienced sexual violence during childhood, by age group | Women who have experienced sexual violence during childhood, by person/support service to whom violence was reported | Women who have experienced sexual violence during childhood, by type of perpetrator"
1059,5,4,2,sexual violence during childhood by,women > who > have > experienced > sexual > violence > during > childhood > by,3,0,3,True,"Women who have experienced sexual violence during childhood, by age group | Women who have experienced sexual violence during childhood, by person/support service to whom violence was reported | Women who have experienced sexual violence during childhood, by type of perpetrator"
1059,6,5,3,age group,women > who > have > experienced > sexual > violence > during > childhood > by > age > group,0,1,1,False,"Women who have experienced sexual violence during childhood, by age group"
1059,7,5,3,person support service to whom violence was reported,women > who > have > experienced > sexual > violence > during > childhood > by > person > support > service > to > whom > violence > was > reported,0,1,1,False,"Women who have experienced sexual violence during childhood, by person/support service to whom violence was reported"
1059,8,5,3,type of perpetrator,women > who > have > experienced > sexual > violence > during > childhood > by > type > of > perpetrator,0,1,1,False,"Women who have experienced sexual violence during childhood, by type of perpetrator"
1059,9,4,2,stalking by,women > who > have > experienced > stalking > by,5,0,5,True,"Women who have experienced stalking, by age group | Women who have experienced stalking, by consequences of violence | Women who have experienced stalking, by occurrence of the last episode"
1059,10,9,3,age group,women > who > have > experienced > stalking > by > age > group,0,1,1,False,"Women who have experienced stalking, by age group"
1059,11,9,3,consequences of violence,women > who > have > experienced > stalking > by > consequences > of > violence,0,1,1,False,"Women who have experienced stalking, by consequences of violence"
1059,12,9,3,occurrence of the last episode,women > who > have > experienced > stalking > by > occurrence > of > the > last > episode,0,1,1,False,"Women who have experienced stalking, by occurrence of the last episode"
1059,13,9,3,person support service to whom violence was reported,women > who > have > experienced > stalking > by > person > support > service > to > whom > violence > was > reported,0,1,1,False,"Women who have experienced stalking, by person/support service to whom violence was reported"
1059,14,9,3,type of perpetrator,women > who > have > experienced > stalking > by > type > of > perpetrator,0,1,1,False,"Women who have experienced stalking, by type of perpetrator"
1059,15,4,2,violence by,women > who > have > experienced > violence > by,2,0,28,True,"Women who have experienced violence by a domestic perpetrator, by age group | Women who have experienced violence by a domestic perpetrator, by country of birth | Women who have experienced violence by a domestic perpetrator, by degree of urbanisation"
1059,16,15,3,a,women > who > have > experienced > violence > by > a,2,0,18,True,"Women who have experienced violence by a domestic perpetrator, by age group | Women who have experienced violence by a domestic perpetrator, by country of birth | Women who have experienced violence by a domestic perpetrator, by degree of urbanisation"
1059,17,16,4,domestic perpetrator by,women > who > have > experienced > violence > by > a > domestic > perpetrator > by,6,0,7,True,"Women who have experienced violence by a domestic perpetrator, by age group | Women who have experienced violence by a domestic perpetrator, by country of birth | Women who have experienced violence by a domestic perpetrator, by degree of urbanisation"
1059,18,17,5,age group,women > who > have > experienced > violence > by > a > domestic > perpetrator > by > age > group,0,1,1,False,"Women who have experienced violence by a domestic perpetrator, by age group"
1059,19,17,5,country of birth,women > who > have > experienced > violence > by > a > domestic > perpetrator > by > country > of > birth,0,1,1,False,"Women who have experienced violence by a domestic perpetrator, by country of birth"
1059,20,17,5,degree of urbanisation,women > who > have > experienced > violence > by > a > domestic > perpetrator > by > degree > of > urbanisation,0,1,1,False,"Women who have experienced violence by a domestic perpetrator, by degree of urbanisation"
1059,21,17,5,level of,women > who > have > experienced > violence > by > a > domestic > perpetrator > by > level > of,2,0,2,True,"Women who have experienced violence by a domestic perpetrator, by level of disability (activity limitation) | Women who have experienced violence by a domestic perpetrator, by level of education"
1059,22,21,6,disability activity limitation,women > who > have > experienced > violence > by > a > domestic > perpetrator > by > level > of > disability > activity > limitation,0,1,1,False,"Women who have experienced violence by a domestic perpetrator, by level of disability (activity limitation)"
1059,23,21,6,education,women > who > have > experienced > violence > by > a > domestic > perpetrator > by > level > of > education,0,1,1,False,"Women who have experienced violence by a domestic perpetrator, by level of education"
1059,24,17,5,occurrence of the last episode,women > who > have > experienced > violence > by > a > domestic > perpetrator > by > occurrence > of > the > last > episode,0,1,1,False,"Women who have experienced violence by a domestic perpetrator, by occurrence of the last episode"
1059,25,17,5,type of violence,women > who > have > experienced > violence > by > a > domestic > perpetrator > by > type > of > violence,0,1,1,False,"Women who have experienced violence by a domestic perpetrator, by type of violence"
1059,26,16,4,non partner,women > who > have > experienced > violence > by > a > non > partner,2,0,11,True,"Women who have experienced violence by a non-partner and consequences of violence | Women who have experienced violence by a non-partner, by age group | Women who have experienced violence by a non-partner, by country of birth"
1059,27,26,5,and consequences of violence,women > who > have > experienced > violence > by > a > non > partner > and > consequences > of > violence,0,1,1,False,Women who have experienced violence by a non-partner and consequences of violence
1059,28,26,5,by,women > who > have > experienced > violence > by > a > non > partner > by,7,0,10,True,"Women who have experienced violence by a non-partner, by age group | Women who have experienced violence by a non-partner, by country of birth | Women who have experienced violence by a non-partner, by degree of urbanisation"
1059,29,28,6,age group,women > who > have > experienced > violence > by > a > non > partner > by > age > group,0,1,1,False,"Women who have experienced violence by a non-partner, by age group"
1059,30,28,6,country of birth,women > who > have > experienced > violence > by > a > non > partner > by > country > of > birth,0,1,1,False,"Women who have experienced violence by a non-partner, by country of birth"
1059,31,28,6,degree of urbanisation,women > who > have > experienced > violence > by > a > non > partner > by > degree > of > urbanisation,0,1,1,False,"Women who have experienced violence by a non-partner, by degree of urbanisation"
1059,32,28,6,level of,women > who > have > experienced > violence > by > a > non > partner > by > level > of,2,0,2,True,"Women who have experienced violence by a non-partner, by level of disability (activity limitation) | Women who have experienced violence by a non-partner, by level of education"
1059,33,32,7,disability activity limitation,women > who > have > experienced > violence > by > a > non > partner > by > level > of > disability > activity > limitation,0,1,1,False,"Women who have experienced violence by a non-partner, by level of disability (activity limitation)"
1059,34,32,7,education,women > who > have > experienced > violence > by > a > non > partner > by > level > of > education,0,1,1,False,"Women who have experienced violence by a non-partner, by level of education"
1059,35,28,6,occurrence of the last episode,women > who > have > experienced > violence > by > a > non > partner > by > occurrence > of > the > last > episode,0,1,1,False,"Women who have experienced violence by a non-partner, by occurrence of the last episode"
1059,36,28,6,person support service to whom violence was reported,women > who > have > experienced > violence > by > a > non > partner > by > person > support > service > to > whom > violence > was > reported,0,1,1,False,"Women who have experienced violence by a non-partner, by person/support service to whom violence was reported"
1059,37,28,6,type,women > who > have > experienced > violence > by > a > non > partner > by > type,2,0,3,True,"Women who have experienced violence by a non-partner, by type and frequency of violence | Women who have experienced violence by a non-partner, by type of perpetrator | Women who have experienced violence by a non-partner, by type of violence"
1059,38,37,7,and frequency of violence,women > who > have > experienced > violence > by > a > non > partner > by > type > and > frequency > of > violence,0,1,1,False,"Women who have experienced violence by a non-partner, by type and frequency of violence"
1059,39,37,7,of,women > who > have > experienced > violence > by > a > non > partner > by > type > of,2,0,2,True,"Women who have experienced violence by a non-partner, by type of perpetrator | Women who have experienced violence by a non-partner, by type of violence"
1059,40,39,8,perpetrator,women > who > have > experienced > violence > by > a > non > partner > by > type > of > perpetrator,0,1,1,False,"Women who have experienced violence by a non-partner, by type of perpetrator"
1059,41,39,8,violence,women > who > have > experienced > violence > by > a > non > partner > by > type > of > violence,0,1,1,False,"Women who have experienced violence by a non-partner, by type of violence"
1059,42,15,3,any perpetrator,women > who > have > experienced > violence > by > any > perpetrator,2,0,10,True,"Women who have experienced violence by any perpetrator and consequences of violence | Women who have experienced violence by any perpetrator, by age group | Women who have experienced violence by any perpetrator, by country of birth"
1059,43,42,4,and consequences of violence,women > who > have > experienced > violence > by > any > perpetrator > and > consequences > of > violence,0,1,1,False,Women who have experienced violence by any perpetrator and consequences of violence
1059,44,42,4,by,women > who > have > experienced > violence > by > any > perpetrator > by,7,0,9,True,"Women who have experienced violence by any perpetrator, by age group | Women who have experienced violence by any perpetrator, by country of birth | Women who have experienced violence by any perpetrator, by degree of urbanisation"
1059,45,44,5,age group,women > who > have > experienced > violence > by > any > perpetrator > by > age > group,0,1,1,False,"Women who have experienced violence by any perpetrator, by age group"
1059,46,44,5,country of birth,women > who > have > experienced > violence > by > any > perpetrator > by > country > of > birth,0,1,1,False,"Women who have experienced violence by any perpetrator, by country of birth"
1059,47,44,5,degree of urbanisation,women > who > have > experienced > violence > by > any > perpetrator > by > degree > of > urbanisation,0,1,1,False,"Women who have experienced violence by any perpetrator, by degree of urbanisation"
1059,48,44,5,level of,women > who > have > experienced > violence > by > any > perpetrator > by > level > of,2,0,2,True,"Women who have experienced violence by any perpetrator, by level of disability (activity limitation) | Women who have experienced violence by any perpetrator, by level of education"
1059,49,48,6,disability activity limitation,women > who > have > experienced > violence > by > any > perpetrator > by > level > of > disability > activity > limitation,0,1,1,False,"Women who have experienced violence by any perpetrator, by level of disability (activity limitation)"
1059,50,48,6,education,women > who > have > experienced > violence > by > any > perpetrator > by > level > of > education,0,1,1,False,"Women who have experienced violence by any perpetrator, by level of education"
1059,51,44,5,occurrence of the last episode,women > who > have > experienced > violence > by > any > perpetrator > by > occurrence > of > the > last > episode,0,1,1,False,"Women who have experienced violence by any perpetrator, by occurrence of the last episode"
1059,52,44,5,person support service to whom violence was reported,women > who > have > experienced > violence > by > any > perpetrator > by > person > support > service > to > whom > violence > was > reported,0,1,1,False,"Women who have experienced violence by any perpetrator, by person/support service to whom violence was reported"
1059,53,44,5,type,women > who > have > experienced > violence > by > any > perpetrator > by > type,2,0,2,True,"Women who have experienced violence by any perpetrator, by type and frequency of violence | Women who have experienced violence by any perpetrator, by type of violence"
1059,54,53,6,and frequency of violence,women > who > have > experienced > violence > by > any > perpetrator > by > type > and > frequency > of > violence,0,1,1,False,"Women who have experienced violence by any perpetrator, by type and frequency of violence"
1059,55,53,6,of violence,women > who > have > experienced > violence > by > any > perpetrator > by > type > of > violence,0,1,1,False,"Women who have experienced violence by any perpetrator, by type of violence"
1060,0,-1,0,work,work,1,0,1,False,Work-related health problems in by sex
1060,1,0,1,related health problems in by sex,work > related > health > problems > in > by > sex,0,1,1,False,Work-related health problems in by sex
1061,0,-1,0,young,young,1,0,5,False,"Young people aged 20-24 with at least upper secondary educational attainment level by sex | Young people neither in employment nor in education and training (15-29 years) - % of the total population in the same age group | Young people neither in employment nor in education and training (NEET), by citizenship"
1061,1,0,1,people,young > people,2,0,5,True,"Young people aged 20-24 with at least upper secondary educational attainment level by sex | Young people neither in employment nor in education and training (15-29 years) - % of the total population in the same age group | Young people neither in employment nor in education and training (NEET), by citizenship"
1062,0,-1,0,aged 20 24 with at least upper secondary educational attainment level by sex,young > people > aged > 20 > 24 > with > at > least > upper > secondary > educational > attainment > level > by > sex,0,1,1,False,Young people aged 20-24 with at least upper secondary educational attainment level by sex
1063,0,-1,0,neither in employment nor in education and training,young > people > neither > in > employment > nor > in > education > and > training,3,0,4,True,"Young people neither in employment nor in education and training (15-29 years) - % of the total population in the same age group | Young people neither in employment nor in education and training (NEET), by citizenship | Young people neither in employment nor in education and training by sex (NEET)"
1063,1,0,1,15 29 years of the total population in the same age group,young > people > neither > in > employment > nor > in > education > and > training > 15 > 29 > years > of > the > total > population > in > the > same > age > group,0,1,1,False,Young people neither in employment nor in education and training (15-29 years) - % of the total population in the same age group
1063,2,0,1,neet by citizenship,young > people > neither > in > employment > nor > in > education > and > training > neet > by > citizenship,0,1,1,False,"Young people neither in employment nor in education and training (NEET), by citizenship"
1063,3,0,1,by sex,young > people > neither > in > employment > nor > in > education > and > training > by > sex,2,0,2,True,"Young people neither in employment nor in education and training by sex (NEET) | Young people neither in employment nor in education and training by sex, age and labour status (NEET rates)"
1063,4,3,2,neet,young > people > neither > in > employment > nor > in > education > and > training > by > sex > neet,0,1,1,False,Young people neither in employment nor in education and training by sex (NEET)
1063,5,3,2,age and labour status neet rates,young > people > neither > in > employment > nor > in > education > and > training > by > sex > age > and > labour > status > neet > rates,0,1,1,False,"Young people neither in employment nor in education and training by sex, age and labour status (NEET rates)"
1064,0,-1,0,youth,youth,2,0,4,True,"Youth employment rate, age group 20-29 | Youth unemployment rate - % of active population aged 15-24 | Youth unemployment rate by sex"
1064,1,0,1,employment rate age group 20 29,youth > employment > rate > age > group > 20 > 29,0,1,1,False,"Youth employment rate, age group 20-29"
1064,2,0,1,unemployment,youth > unemployment,2,0,3,True,Youth unemployment rate - % of active population aged 15-24 | Youth unemployment rate by sex | Youth unemployment ratio (15-24)
1064,3,2,2,rate,youth > unemployment > rate,2,0,2,True,Youth unemployment rate - % of active population aged 15-24 | Youth unemployment rate by sex
1064,4,3,3,of active population aged 15 24,youth > unemployment > rate > of > active > population > aged > 15 > 24,0,1,1,False,Youth unemployment rate - % of active population aged 15-24
1064,5,3,3,by sex,youth > unemployment > rate > by > sex,0,1,1,False,Youth unemployment rate by sex
1064,6,2,2,ratio 15 24,youth > unemployment > ratio > 15 > 24,0,1,1,False,Youth unemployment ratio (15-24)
1065,0,-1,0,economy,economy,1,0,1,False,economy deficit/surplus
1065,1,0,1,deficit surplus,economy > deficit > surplus,0,1,1,False,economy deficit/surplus
1066,0,-1,0,financing,financing,1,0,1,False,financing to developing countries by financing source
1066,1,0,1,to developing countries by financing source,financing > to > developing > countries > by > financing > source,0,1,1,False,financing to developing countries by financing source
1067,0,-1,0,index,index,1,0,1,False,index of occupational diseases – experimental statistics
1067,1,0,1,of occupational diseases experimental statistics,index > of > occupational > diseases > experimental > statistics,0,1,1,False,index of occupational diseases – experimental statistics
