filename,title
aact_ali01.csv,Agricultural labour input statistics: absolute figures (1 000 annual work units)
aact_ali02.csv,Agricultural labour input statistics: indices
aact_eaa01.csv,Economic accounts for agriculture - values at current prices
aact_eaa02.csv,Economic accounts for agriculture - values at n-1 prices
aact_eaa03.csv,Economic accounts for agriculture - values at constant prices (2015 = 100)
aact_eaa04.csv,Economic accounts for agriculture - values at real prices
aact_eaa05.csv,"Economic accounts for agriculture - indices: volume, price, values"
aact_eaa06.csv,Economic accounts for agriculture - agricultural income indicators
aact_eaa07.csv,Economic accounts for agriculture - values at constant prices (2010 = 100)
aact_uv01.csv,Unit values at basic prices
aact_uv02.csv,Unit values at producer prices
aact_uv03.csv,Unit values: quantities (1 000 t)
acf_d_eq.csv,"Success rate in obtaining equity finance, by sources, type of enterprise and NACE Rev. 2 (2007-2010)"
acf_d_eq1.csv,"Reasons for partial success or lack of success in obtaining equity finance, by type of enterprise and NACE Rev. 2 (2007-2010)"
acf_d_lo.csv,"Success rate in obtaining loan finance by sources, type of enterprise and NACE Rev. 2 (2007-2010)"
acf_d_lo1.csv,"Reasons for partial success or lack of success in obtaining loan finance, by type of enterprise and NACE Rev. 2 (2007-2010)"
acf_d_oth.csv,"Success rate in obtaining other types of finance, by sources, type of enterprise and NACE Rev. 2 (2007-2010)"
acf_d_rea.csv,"Reasons for choosing a bank for loan finance, by type of enterprise and NACE Rev. 2 (2007-2010)"
acf_p_ch.csv,"Perception of the changes between 2007 and 2010, by type of enterprise and NACE Rev. 2 (2010)"
acf_p_fa.csv,"Factors, likely limiting business growth between 2011 and 2013, by type of enterprise and NACE Rev. 2 (2010)"
acf_p_fi.csv,"Finance types, likely needed between 2011 and 2013, by type of enterprise and NACE Rev. 2 (2010)"
acf_p_ne.csv,"Enterprises perceiving finance need between 2011 and 2013, by type of enterprise and NACE Rev. 2 activity (2010)"
acf_p_pu.csv,"Potential purpose of the finance between 2011 and 2013, by type of enterprise and NACE Rev. 2 (2010)"
acf_p_so.csv,"Envisaged finance sources between 2011 and 2013, by type of enterprise and NACE Rev. 2 (2010)"
acf_s_inf.csv,"Enterprises seeking finance, by type of enterprise and NACE Rev. 2 activity (2007-2010)"
acf_s_ne.csv,"Enterprises needing guarantee in obtaining loan finance, by type of enterprise and NACE Rev. 2 activity (2007-2010)"
acf_s_own.csv,"Ownership situation, by type of enterprise and NACE Rev. 2 (2004-2010)"
acf_s_ty.csv,"Typical guarantors in obtaining loan finance, by type of enterprise and NACE Rev. 2 (2007-2010)"
aei_ef_ir.csv,Share of irrigable and irrigated areas in utilised agricultural area (UAA) by NUTS 2 regions
aei_ef_ls.csv,Share of main livestock types in total livestock units (LSU) by NUTS 2 regions
aei_ef_lu.csv,Share of main land types in utilised agricultural area (UAA) by NUTS 2 regions
aei_fm_ms.csv,Manure storage facilities by NUTS 3 regions
aei_fm_salpest09.csv,Pesticide sales
aei_fm_usefert.csv,Consumption of inorganic fertilizers
aei_hri.csv,Harmonised risk indicator 1 for pesticides by categorisation of active substances
aei_pestsal_rsk.csv,Pesticide sales by categorisation of active substances
aei_pestuse.csv,Pesticide use in agriculture
aei_pr_gnb.csv,Gross nutrient balance
aei_pr_soiler.csv,"Estimated soil erosion by water, by erosion level, land cover and NUTS 3 regions"
aei_ps_inp.csv,"Utilised agricultural area (UAA) managed by low-, medium- and high-input farms"
agr_r_accts.csv,Economic accounts for agriculture by NUTS 2 regions
agr_r_accts_h.csv,Economic accounts for agriculture by NUTS 2 regions (until 2012)
agr_r_animal.csv,Animal populations by NUTS 2 regions
agr_r_milkpr.csv,Production of cow's milk on farms by NUTS 2 regions
apri_ap_anouta.csv,Selling prices of animal products (absolute prices) - annual price (from 2000 onwards)
apri_ap_crpouta.csv,Selling prices of crop products (absolute prices) - annual price (from 2000 onwards)
apri_ap_haouta.csv,Selling prices of animal products (absolute prices) - annual - old codes - data from 1969 to 2005
apri_ap_haoutm.csv,Selling prices of animal products (absolute prices) - monthly - old code - data from 1969 to 2006
apri_ap_hcouta.csv,Selling prices of crop products (absolute prices) - annual - old codes - data from 1969 to 2005
apri_ap_hcoutm.csv,Selling prices of crop products (absolute prices) - monthly - old codes - data from 1969 to 2006
apri_ap_hia.csv,Purchase prices of the means of agricultural production (absolute prices) - annual - old codes - data from 1969 to 2005
apri_ap_him.csv,Purchase prices of the means of agricultural production (absolute prices) - monthly - old codes - data from 1969 to 2006
apri_ap_ina.csv,Purchase prices of the means of agricultural production (absolute prices) - annual price (from 2000 onwards)
apri_lprc.csv,Agricultural land prices by region
apri_lprc_h.csv,Agricultural land prices by region - historical data (until 2009)
apri_lrnt.csv,Agricultural land renting prices for one year by region
apri_lrnt_h.csv,Agricultural land renting prices for one year by region - historical data (until 2009)
apri_pi00_ina.csv,"Price indices of the means of agricultural production, input (2000 = 100) - annual data"
apri_pi00_inm.csv,"Price indices of the means of agricultural production, input (2000 = 100) - monthly data"
apri_pi00_inq.csv,"Price indices of the means of agricultural production, input (2000 = 100) - quarterly data"
apri_pi00_outa.csv,"Price indices of agricultural products, output (2000 = 100) - annual data"
apri_pi00_outm.csv,"Price indices of agricultural products, output (2000 = 100) - monthly data"
apri_pi00_outq.csv,"Price indices of agricultural products, output (2000 = 100) - quarterly data"
apri_pi05_ina.csv,"Price indices of the means of agricultural production, input (2005 = 100) - annual data"
apri_pi05_inq.csv,"Price indices of the means of agricultural production, input (2005 = 100) - quarterly data"
apri_pi05_outa.csv,"Price indices of agricultural products, output (2005 = 100) - annual data"
apri_pi05_outq.csv,"Price indices of agricultural products, output (2005 = 100) - quarterly data"
apri_pi10_ina.csv,"Price indices of the means of agricultural production, input (2010 = 100) - annual data"
apri_pi10_inq.csv,"Price indices of the means of agricultural production, input (2010 = 100) - quarterly data"
apri_pi10_outa.csv,"Price indices of agricultural products, output (2010 = 100) - annual data"
apri_pi10_outq.csv,"Price indices of agricultural products, output (2010 = 100) - quarterly data"
apri_pi15_ina.csv,"Price indices of the means of agricultural production, input (2015 = 100) - annual data"
apri_pi15_inq.csv,"Price indices of the means of agricultural production, input (2015 = 100) - quarterly data"
apri_pi15_outa.csv,"Price indices of agricultural products, output (2015 = 100) - annual data"
apri_pi15_outq.csv,"Price indices of agricultural products, output (2015 = 100) - quarterly data"
apri_pi20_ina.csv,"Price indices of the means of agricultural production, input (2020 = 100) - annual data"
apri_pi20_inq.csv,"Price indices of the means of agricultural production, input (2020 = 100) - quarterly data"
apri_pi20_outa.csv,"Price indices of agricultural products, output (2020 = 100) - annual data"
apri_pi20_outq.csv,"Price indices of agricultural products, output (2020 = 100) - quarterly data"
apri_pi95_proda.csv,EC index of producer prices of agricultural products (1995 = 100) - annual data
apri_pi95_prodm.csv,"EC index of producer prices of agricultural products (monthly index, monthly weighting) change in quarterly averages of the monthly index"
apri_pi95_purcha.csv,EC indices of purchase prices of the means of agricultural production (1995 = 100) - annual data
apri_pi95_purchm.csv,EC indices of purchase prices of the means of agricultural production (1995 = 100) - monthly data
apri_pi95_vwia.csv,Weights of purchase prices of the means of agricultural production - survey 1995
apri_pi95_vwpa.csv,Weights of producer prices of agricultural products - survey 1995
apro_cbs_cer.csv,Cereal balance items for the main cereals
apro_cbs_oil.csv,Oilseed balance items for the main oilseeds
apro_cpnh1.csv,Crop production in national humidity
apro_cpnh1_h.csv,Crop production - historical data (1955-1999)
apro_cpnhr.csv,Crop production in national humidity by NUTS 2 regions
apro_cpnhr_h.csv,Crop production by NUTS 2 regions - historical data (1975-1999)
apro_cpsh1.csv,Crop production in EU standard humidity
apro_cpshr.csv,Crop production in EU standard humidity by NUTS 2 regions
apro_ec_egghen.csv,Production of eggs for consumption and number of laying hens
apro_ec_lshen.csv,Laying hens population - annual data
apro_ec_poula.csv,Poultry - annual data
apro_ec_poulm.csv,Poultry - monthly data
apro_ec_strhen.csv,"Hatcheries - hens, annual data"
apro_ec_strpoul.csv,Hatcheries - poultry other than hens - annual data
apro_mk_cola.csv,Cows'milk collection and products obtained - annual data
apro_mk_colm.csv,Cows'milk collection and products obtained - monthly data
apro_mk_farm.csv,Production and utilization of milk on the farm - annual data
apro_mk_fatprot.csv,Fat contents and protein contents (cow's milk) - annual data
apro_mk_pobta.csv,Milk collection (all milks) and dairy products obtained - annual data
apro_mk_strbt.csv,Butter - distribution of enterprises by volume of annual production
apro_mk_strcc.csv,Milk collection - distribution of collection centres by volume of annual collection
apro_mk_strch.csv,Cheese - distribution of enterprises by volume of annual production
apro_mk_strdm.csv,Drinking milk - distribution of enterprises by volume of annual production
apro_mk_strfp.csv,Fresh products - distribution of enterprises by volume of annual production
apro_mk_strmk.csv,Milk collection - distribution of enterprises by volume of annual collection
apro_mk_strmt.csv,Milk treated - distribution of enterprises by volume of annual production
apro_mk_strpd.csv,Powdered dairy products - distribution of enterprises by volume of annual production
apro_mt_lscatl.csv,Bovine population - annual data
apro_mt_lsequi.csv,Equidae - annual data
apro_mt_lsgoat.csv,Goats population - annual data
apro_mt_lspig.csv,Pig population - annual data
apro_mt_lssheep.csv,Sheep population - annual data
apro_mt_pann.csv,Slaughtering in slaughterhouses - annual data
apro_mt_pcatlhs.csv,"Production forecasts for bovines, sheep and goats – thousand heads – bi-annual data"
apro_mt_pheadm.csv,Meat production and foreign trade - head - monthly data
apro_mt_ppighq.csv,Production forecasts for pigs – thousand heads – quarterly data
apro_mt_pslothm.csv,"Estimates of slaughtering, other than in slaughterhouses - monthly data"
apro_mt_pwgtm.csv,Slaughtering in slaughterhouses - monthly data
apro_mt_sloth.csv,"Estimates of slaughtering, other than in slaughterhouses - annual data"
apro_mt_strcatl.csv,"Cattles: total, dairy cow and other cows"
apro_mt_strgoat.csv,Goats
apro_mt_strpig.csv,"Pigs: total, fattening pigs and sows"
apro_mt_strshe.csv,Sheep
avia_ec_emp_arp.csv,Persons employed in main airports by sex
avia_ec_emp_ent.csv,Persons employed in aviation and airport enterprises by sex
avia_ec_enterp.csv,Aviation and airport enterprises
avia_eq_arc_age.csv,Commercial aircraft fleet by age of aircraft and country of operator
avia_eq_arc_agereg.csv,Commercial aircraft fleet by age of aircraft and country of registration
avia_eq_arc_typ.csv,Commercial aircraft fleet by aircraft category and country of operator
avia_eq_arc_typreg.csv,Commercial aircraft fleet by aircraft category and country of registration
avia_goexac.csv,International extra-EU freight and mail air transport between main airports and partner world regions and countries
avia_goexcc.csv,International extra-EU freight and mail air transport by reporting country and partner world regions and countries
avia_goinac.csv,International intra-EU freight and mail air transport between main airports and EU partner countries
avia_goincc.csv,International intra-EU freight and mail air transport by reporting country and EU partner country
avia_gona.csv,National freight and mail air transport by main airports
avia_gonc.csv,National freight and mail air transport by reporting country
avia_gooa.csv,"Fright and mail air transport by type of schedule, transport coverage and main airports"
avia_gooac.csv,Freight and mail air transport between main airports and partner reporting countries
avia_gooc.csv,"Freight and mail air transport by type of schedule, transport coverage and country"
avia_goocc.csv,Freight and mail air transport between reporting countries
avia_goodis.csv,"Freight and mail air transport by aircraft model, distance bands and transport coverage"
avia_gor_at.csv,Freight and mail air transport routes between partner airports and main airports in Austria
avia_gor_ba.csv,Freight and mail air transport routes between partner airports and main airports in Bosnia and Herzegovina
avia_gor_be.csv,Freight and mail air transport routes between partner airports and main airports in Belgium
avia_gor_bg.csv,Freight and mail air transport routes between partner airports and main airports in Bulgaria
avia_gor_ch.csv,Freight and mail air transport routes between partner airports and main airports in Switzerland
avia_gor_cy.csv,Freight and mail air transport routes between partner airports and main airports in Cyprus
avia_gor_cz.csv,Freight and mail air transport routes between partner airports and main airports in Czechia
avia_gor_de.csv,Freight and mail air transport routes between partner airports and main airports in Germany
avia_gor_dk.csv,Freight and mail air transport routes between partner airports and main airports in Denmark
avia_gor_ee.csv,Freight and mail air transport routes between partner airports and main airports in Estonia
avia_gor_el.csv,Freight and mail air transport routes between partner airports and main airports in Greece
avia_gor_es.csv,Freight and mail air transport routes between partner airports and main airports in Spain
avia_gor_fi.csv,Freight and mail air transport routes between partner airports and main airports in Finland
avia_gor_fr.csv,Freight and mail air transport routes between partner airports and main airports in France
avia_gor_hr.csv,Freight and mail air transport routes between partner airports and main airports in Croatia
avia_gor_hu.csv,Freight and mail air transport routes between partner airports and main airports in Hungary
avia_gor_ie.csv,Freight and mail air transport routes between partner airports and main airports in Ireland
avia_gor_is.csv,Freight and mail air transport routes between partner airports and main airports in Iceland
avia_gor_it.csv,Freight and mail air transport routes between partner airports and main airports in Italy
avia_gor_lt.csv,Freight and mail air transport routes between partner airports and main airports in Lithuania
avia_gor_lu.csv,Freight and mail air transport routes between partner airports and main airports in Luxembourg
avia_gor_lv.csv,Freight and mail air transport routes between partner airports and main airports in Latvia
avia_gor_me.csv,Freight and mail air transport routes between partner airports and main airports in Montenegro
avia_gor_mk.csv,Freight and mail air transport routes between partner airports and main airports in North Macedonia
avia_gor_mt.csv,Freight and mail air transport routes between partner airports and main airports in Malta
avia_gor_nl.csv,Freight and mail air transport routes between partner airports and main airports in the Netherlands
avia_gor_no.csv,Freight and mail air transport routes between partner airports and main airports in Norway
avia_gor_pl.csv,Freight and mail air transport routes between partner airports and main airports in Poland
avia_gor_pt.csv,Freight and mail air transport routes between partner airports and main airports in Portugal
avia_gor_ro.csv,Freight and mail air transport routes between partner airports and main airports in Romania
avia_gor_rs.csv,Freight and mail air transport routes between partner airports and main airports in Serbia
avia_gor_se.csv,Freight and mail air transport routes between partner airports and main airports in Sweden
avia_gor_si.csv,Freight and mail air transport routes between partner airports and main airports in Slovenia
avia_gor_sk.csv,Freight and mail air transport routes between partner airports and main airports in Slovakia
avia_gor_uk.csv,Freight and mail air transport routes between partner airports and main airports in the United Kingdom
avia_if_arp.csv,Commercial airports by type
avia_if_arp_co.csv,Airport connections to transport infrastructure
avia_if_typ.csv,Airport infrastructures by type
avia_paexac.csv,International extra-EU air passenger transport between main airports and partner world regions and countries
avia_paexcc.csv,International extra-EU air passenger transport by reporting country and partner world regions and countries
avia_painac.csv,International intra-EU air passenger transport between main airports and EU partner countries
avia_paincc.csv,International intra-EU air passenger transport by reporting country and EU partner country
avia_pana.csv,National air passenger transport by main airports
avia_panc.csv,National air passenger transport by reporting country
avia_paoa.csv,"Air passenger transport by type of schedule, transport coverage and main airports"
avia_paoac.csv,Air passenger transport between main airports and partner reporting countries
avia_paoc.csv,"Air passenger transport by type of schedule, transport coverage and country"
avia_paocc.csv,Air passenger transport between reporting countries
avia_paodis.csv,"Air passenger transport by aircraft model, distance bands and transport coverage"
avia_par_at.csv,Air passenger transport routes between partner airports and main airports in Austria
avia_par_ba.csv,Air passenger transport routes between partner airports and main airports in Bosnia and Herzegovina
avia_par_be.csv,Air passenger transport routes between partner airports and main airports in Belgium
avia_par_bg.csv,Air passenger transport routes between partner airports and main airports in Bulgaria
avia_par_ch.csv,Air passenger transport routes between partner airports and main airports in Switzerland
avia_par_cy.csv,Air passenger transport routes between partner airports and main airports in Cyprus
avia_par_cz.csv,Air passenger transport routes between partner airports and main airports in Czechia
avia_par_de.csv,Air passenger transport routes between partner airports and main airports in Germany
avia_par_dk.csv,Air passenger transport routes between partner airports and main airports in Denmark
avia_par_ee.csv,Air passenger transport routes between partner airports and main airports in Estonia
avia_par_el.csv,Air passenger transport routes between partner airports and main airports in Greece
avia_par_es.csv,Air passenger transport routes between partner airports and main airports in Spain
avia_par_fi.csv,Air passenger transport routes between partner airports and main airports in Finland
avia_par_fr.csv,Air passenger transport routes between partner airports and main airports in France
avia_par_hr.csv,Air passenger transport routes between partner airports and main airports in Croatia
avia_par_hu.csv,Air passenger transport routes between partner airports and main airports in Hungary
avia_par_ie.csv,Air passenger transport routes between partner airports and main airports in Ireland
avia_par_is.csv,Air passenger transport routes between partner airports and main airports in Iceland
avia_par_it.csv,Air passenger transport routes between partner airports and main airports in Italy
avia_par_lt.csv,Air passenger transport routes between partner airports and main airports in  Lithuania
avia_par_lu.csv,Air passenger transport routes between partner airports and main airports in Luxembourg
avia_par_lv.csv,Air passenger transport routes between partner airports and main airports in Latvia
avia_par_me.csv,Air passenger transport routes between partner airports and main airports in Montenegro
avia_par_mk.csv,Air passenger transport routes between partner airports and main airports in North Macedonia
avia_par_mt.csv,Air passenger transport routes between partner airports and main airports in Malta
avia_par_nl.csv,Air passenger transport routes between partner airports and main airports in the Netherlands
avia_par_no.csv,Air passenger transport routes between partner airports and main airports in Norway
avia_par_pl.csv,Air passenger transport routes between partner airports and main airports in Poland
avia_par_pt.csv,Air passenger transport routes between partner airports and main airports in Portugal
avia_par_ro.csv,Air passenger transport routes between partner airports and main airports in Romania
avia_par_rs.csv,Air passenger transport routes between partner airports and main airports in Serbia
avia_par_se.csv,Air passenger transport routes between partner airports and main airports in Sweden
avia_par_si.csv,Air passenger transport routes between partner airports and main airports in Slovenia
avia_par_sk.csv,Air passenger transport routes between partner airports and main airports in Slovakia
avia_par_tr.csv,Air passenger transport routes between partner airports and main airports in Türkiye
avia_par_uk.csv,Air passenger transport routes between partner airports and main airports in the United Kingdom
avia_tf_aca.csv,"Air transport by aircraft model, transport coverage and main airports"
avia_tf_acc.csv,Aircraft traffic data by reporting country
avia_tf_airpm.csv,Commercial flights by reporting airport and type of schedule – monthly data (source: Eurocontrol)
avia_tf_ala.csv,"Air transport by airline licence (EU or non-EU), main airports and transport coverage"
avia_tf_apal.csv,Air transport by airline licence (EU or non-EU) and reporting airports
avia_tf_cm.csv,Commercial flights by reporting country and type of schedule – monthly data (source: Eurocontrol)
avia_tpgo.csv,Freight and mail air transport over national territory (including territorial sea) - million tonne-km
avia_tppa.csv,Passenger air transport over national territory (including territorial sea) - million passenger-km
bd_9a_l_form.csv,"Business demography by legal form (until 2007, NACE Rev. 1.1)"
bd_9ac_l_form_r2$dv_343.csv,Business demography by legal form and NACE Rev. 2 activity (2004-2020)
bd_9ac_l_form_r2.csv,Business demography by legal form and NACE Rev. 2 activity (2004-2020)
bd_9b_size_cl.csv,"Business demography by size class (until 2007, NACE Rev. 1.1)"
bd_9bd_sz_cl_r2$dv_585.csv,Business demography by size class and NACE Rev. 2 activity (2004-2020)
bd_9bd_sz_cl_r2$dv_61.csv,Business demography by size class and NACE Rev. 2 activity (2004-2020)
bd_9bd_sz_cl_r2.csv,Business demography by size class and NACE Rev. 2 activity (2004-2020)
bd_9c_l_form.csv,"Preliminary results on enterprise deaths presented by legal form (until 2007, NACE Rev. 1.1)"
bd_9d_size_cl.csv,"Preliminary results on enterprise deaths presented by size class (until 2007, NACE Rev. 1.1)"
bd_9e_l_form.csv,"Employer business demography by legal form (until 2007, NACE Rev. 1.1)"
bd_9eg_l_form_r2$dv_344.csv,Employer business demography by legal form and NACE Rev. 2 activity (2004-2020)
bd_9eg_l_form_r2.csv,Employer business demography by legal form and NACE Rev. 2 activity (2004-2020)
bd_9f_size_cl.csv,"Employer business demography by size class (until 2007, NACE Rev. 1.1)"
bd_9fh_sz_cl_r2$dv_345.csv,Employer business demography by size class and NACE Rev. 2 activity (2004-2020)
bd_9fh_sz_cl_r2.csv,Employer business demography by size class and NACE Rev. 2 activity (2004-2020)
bd_9g_l_form.csv,"Preliminary results on employer enterprise deaths presented by legal form (until 2007, NACE Rev. 1.1)"
bd_9h_size_cl.csv,"Preliminary results on employer enterprise deaths presented by size class (until 2007, NACE Rev. 1.1)"
bd_9n.csv,"Indicators with growth by 20% or more (until 2007, NACE Rev. 1.1)"
bd_9n_r2$dv_346.csv,"Indicators with growth by 20% or more (NACE Rev. 2, 2007-2013)"
bd_9n_r2.csv,"Indicators with growth by 20% or more (NACE Rev. 2, 2007-2013)"
bd_9pm_r2$dv_2421.csv,High growth enterprises (growth by 10% or more) and related employment by NACE Rev. 2 (2008-2020)
bd_9pm_r2.csv,High growth enterprises (growth by 10% or more) and related employment by NACE Rev. 2 (2008-2020)
bd_enace2_r3.csv,Employer business demography by NACE Rev. 2 and NUTS 3 regions (2008-2020)
bd_esize_r3.csv,Employer business demography by size class and NUTS 3 regions (2008-2019)
bd_hg$dv_2307.csv,High growth enterprises and related employment by NACE Rev. 2 activity
bd_hg.csv,High growth enterprises and related employment by NACE Rev. 2 activity
bd_hg_micro$dv_2422.csv,High growth micro enterprises and related employment by NACE Rev. 2 activity
bd_hg_micro.csv,High growth micro enterprises and related employment by NACE Rev. 2 activity
bd_hgnace2_r3.csv,Business demography and high growth enterprise by NACE Rev. 2 and NUTS 3 regions (2008-2020)
bd_hgnace_r.csv,Business demography and high growth enterprises by NACE Rev. 2 activity and NUTS 3 regions
bd_l_form$dv_2303.csv,Business demography by legal form and NACE Rev. 2 activity
bd_l_form.csv,Business demography by legal form and NACE Rev. 2 activity
bd_salge1_l_form$dv_2305.csv,Employer business demography by legal form and NACE Rev. 2 activity
bd_salge1_l_form.csv,Employer business demography by legal form and NACE Rev. 2 activity
bd_salge1_nace_r.csv,Employer business demography by NACE Rev. 2 activity and NUTS 3 regions
bd_salge1_size$dv_2306.csv,Employer business demography by size class and NACE Rev. 2 activity
bd_salge1_size.csv,Employer business demography by size class and NACE Rev. 2 activity
bd_salge1_size_r.csv,Employer business demography by size class and NUTS 3 regions
bd_size$dv_1483.csv,Business demography by size class and NACE Rev. 2 activity
bd_size$dv_1502.csv,Business demography by size class and NACE Rev. 2 activity
bd_size$dv_2304.csv,Business demography by size class and NACE Rev. 2 activity
bd_size.csv,Business demography by size class and NACE Rev. 2 activity
bd_size_r.csv,Business demography by size class and NUTS 3 regions
bd_size_r3.csv,Business demography by size class and NUTS 3 regions (2008-2020)
bop_c6_a.csv,Balance of payments by country - annual data (BPM6)
bop_c6_m.csv,Balance of payments by country - monthly data (BPM6)
bop_c6_q.csv,Balance of payments by country - quarterly data (BPM6)
bop_eu6_m.csv,European Union and euro area balance of payments - monthly data (BPM6)
bop_eu6_q.csv,European Union and euro area balance of payments - quarterly data (BPM6)
bop_euins6_a.csv,Balance of payments of the EU institutions - annual data (BPM6)
bop_euins6_iip.csv,International investment position of the EU institutions (BPM6)
bop_euins6_m.csv,Balance of payments of the EU institutions - monthly data (BPM6)
bop_euins6_q.csv,Balance of payments of the EU institutions - quarterly data (BPM6)
bop_exms6_q.csv,Export market shares (BPM6)
bop_fdi6_flow.csv,"EU direct investment flows, by country and economic activity (BPM6)"
bop_fdi6_geo.csv,"EU direct investment positions, flows and income, by countries (BPM6)"
bop_fdi6_inc.csv,"EU direct investment income, by country and economic activity (BPM6)"
bop_fdi6_ind.csv,"EU direct investments indicators in % of GDP, impact indicators and rate of return on direct investment (BPM6)"
bop_fdi6_pos.csv,"EU direct investment positions by country, ultimate and immediate counterpart and economic activity (BPM6)"
bop_fdi_flow_r2.csv,"EU direct investment flows, by country and economic activity (NACE Rev. 2)"
bop_fdi_inc_r2.csv,"EU direct investment income, by country and economic activity (NACE Rev. 2)"
bop_fdi_pos_r2.csv,"EU direct investment positions, by country and economic activity (NACE Rev. 2)"
bop_gdp6_q.csv,Main Balance of Payments and International Investment Position items as share of GDP (BPM6)
bop_iip6_q.csv,International investment position - quarterly and annual data (BPM6)
bop_its6_det$dv_347.csv,International trade in services (since 2010) (BPM6)
bop_its6_det.csv,International trade in services (since 2010) (BPM6)
bop_its6_tot.csv,"Total services, detailed geographical breakdown by EU Member States (since 2010) (BPM6)"
bop_its_det.csv,International trade in services - historical data (2004-2013)
bop_its_deth.csv,International trade in services - historical data (1985-2003)
bop_its_str.csv,International trade in services - market integration indicators - historical data (1992-2013)
bop_its_tot.csv,"Total services, detailed geographical breakdown by EU Member States - historical data (2002-2012)"
bop_rem6.csv,Personal transfers and compensation of employees
bs_bs10_00.csv,Turnover by client specialisation and employment size class (2000)
bs_bs10_04.csv,Number of enterprises carrying out cross border trade by type of cross border trade and economic activity (2004)
bs_bs11_00.csv,Turnover by client specialisation and product specialisation (2000)
bs_bs11_04.csv,Number of enterprises carrying out cross border trade by reasons for cross border trade and economic activity (2004)
bs_bs12_04.csv,Number of enterprises by importance of barriers met in cross border trade and economic activity (2004)
bs_bs13_04.csv,Turnover by type of media for advertising services (2004)
bs_bs14_04.csv,Income from intellectual property rights for computer services (2004)
bs_bs16_04.csv,Purchases of advertising space or time for resale (2004)
bs_bs1_00.csv,Turnover by product specialisation for div. 72 (2000)
bs_bs1_01.csv,SBS variables by product specialisation and by employment size class for div 72 and 74 (2001)
bs_bs1_03.csv,SBS variables by employment size class for div 72 and 74 (2003)
bs_bs1_04.csv,Main economic variables by employment size class (2004)
bs_bs1_05.csv,Main economic variables (2005)
bs_bs1_06.csv,Main economic variables (2006)
bs_bs1_07.csv,Main economic variables (2007)
bs_bs2_00.csv,Turnover by product specialisation and employment size class for group 72.2 (2000)
bs_bs3_01.csv,Turnover by type of client and by employment size class for div 72 and 74 (2001)
bs_bs3_03.csv,Turnover by type of client and by employment size class for div 72 and 74 (2003)
bs_bs3_04.csv,Turnover by type of client and economic activity (2004)
bs_bs4_01.csv,Turnover by residence of client and by employment size class for div 72 and 74 (2001)
bs_bs4_03.csv,Turnover by residence of client and by employment size class for div 72 and 74 (2003)
bs_bs4_04.csv,"Turnover by residence of client, employment size class and economic activity (2004)"
bs_bs4_05.csv,Turnover by residence of client and economic activity (2005)
bs_bs4_06.csv,Turnover by residence of client and economic activity (2006)
bs_bs4_07.csv,Turnover by residence of client and economic activity (2007)
bs_bs5_00.csv,Turnover by type of client and NACE Rev.1 at 3-digit level (2000)
bs_bs5_01.csv,SBS variables by client specialisation and by employment size class for div 72 and 74 (2001)
bs_bs5_04.csv,Number of enterprises carrying out cross border trade by employment size class (2004)
bs_bs6_00.csv,Turnover by type of client and employment size class (2000)
bs_bs6_01.csv,SBS variables by client specialisation and by product specialisation for div 72 and 74 (2001)
bs_bs6_04.csv,Number of enterprises carrying out cross border trade by type of cross border trade and employment size class (2004)
bs_bs7_00.csv,Turnover by nationality of client and NACE Rev.1 at 3-digit level (2000)
bs_bs7_04.csv,Number of enterprises carrying out cross border trade by reasons for cross border trade and employment size class (2004)
bs_bs8_00.csv,Turnover by nationality of client and employment size class (2000)
bs_bs8_04.csv,Number of enterprises by importance of barriers met in cross border trade and employment size class (2004)
bs_bs8ace_r2.csv,Turnover by product and economic activity (NACE Rev. 2) (2008-2015)
bs_bs8bdf_r2.csv,Turnover by residence of client and economic activity (NACE Rev. 2) (2008-2020)
bs_bs8cpa2_1.csv,Turnover by product and NACE Rev. 2 activity (CPA 2.1) (2015-2020)
bs_bs9_00.csv,Turnover by client specialisation and NACE Rev.1 at 3-digit level (2000)
bs_bs9_04.csv,Number of enterprises carrying out cross border trade by economic activity (2004)
cei_cie011.csv,Persons employed in circular economy sectors
cei_cie012.csv,Private investment and gross added value related to circular economy sectors
cei_cie020.csv,Patents related to recycling and secondary raw materials
cei_gsr010.csv,Consumption footprint
cei_gsr011.csv,Greenhouse gases emissions from production activities
cei_gsr020.csv,EU self-sufficiency for raw materials
cei_gsr030.csv,Material import dependency
cei_pc020.csv,Material footprint
cei_pc030.csv,Resource productivity
cei_pc031.csv,Generation of municipal waste per capita
cei_pc032.csv,Generation of waste excluding major mineral wastes per GDP unit
cei_pc034.csv,Waste generation per capita
cei_pc035.csv,Food waste
cei_pc040.csv,Generation of packaging waste per capita
cei_pc050.csv,Generation of plastic packaging waste per capita
cei_srm010.csv,Contribution of recycled materials to raw materials demand - end-of-life recycling input rates (EOL-RIR)
cei_srm020.csv,Trade in recyclable raw materials
cei_srm030.csv,Circular material use rate
cei_wm010.csv,Recycling rate of all waste excluding major mineral waste
cei_wm011.csv,Recycling rate of municipal waste
cei_wm020.csv,Recycling rate of packaging waste by type of packaging
cei_wm060.csv,Recycling rate of waste of electrical and electronic equipment (WEEE) separately collected
cens_01naagchi.csv,"Female population aged 15 and over by household composition, age group, age of the youngest child and current activity status"
cens_01nactz.csv,"Population by sex, citizenship and current activity status"
cens_01nadisco.csv,"Employed persons aged 15 and over by sex, age group and occupation"
cens_01nadnac.csv,"Employed persons aged 15 and over by sex, age group and economic activity (NACE Rev. 1)"
cens_01naind.csv,Employed persons aged 15 and over by sex and industry indicator
cens_01naisco.csv,"Employed persons aged 15 and over by sex, age group, citizenship and occupation (ISCO-88)"
cens_01nanac.csv,"Employed persons aged 15 and over by sex, age group, citizenship and economic activity (NACE Rev.1)"
cens_01napop.csv,"Population by sex, age and current activity status"
cens_01nawtime.csv,"Employed persons aged 15 and over by sex, economic activity (NACE Rev. 1) and time usually worked"
cens_01ndbuild.csv,"Dwellings by type of ownership, type of building and occupancy status"
cens_01ndcomf.csv,Occupied conventional dwellings by presence of comfort characteristics
cens_01ndhh.csv,Private housholds by composition and type of housing
cens_01ndnbown.csv,Occupied conventional dwellings by number of rooms and occupants
cens_01ndpercons.csv,Owner-occupied dwellings by type and year of construction of the building
cens_01ndquart_hd.csv,Private households by type of housing
cens_01ndquart_lq.csv,Living quarters by type of housing
cens_01ndquart_oc.csv,Occupants by type of housing
cens_01neisco.csv,"Population aged 15-74 by sex, age group, educational attainment level and occupation (ISCO 1988)"
cens_01nelev.csv,"Population by sex, age group, citizenship and educational attainment level"
cens_01news.csv,"Population aged 15-74 by sex, age group, current activity status and educational attainment level"
cens_01nhctzcomp.csv,Private households by composition and citizenship
cens_01nheco.csv,"Private households by size, composition and presence of elderly members"
cens_01nhfst.csv,"Population aged 15 and over, living in private households, by sex, age group, family status and current activity status"
cens_01nhfstctz.csv,"Population by sex, citizenship, family status and type of housing"
cens_01nhhst.csv,"Population by sex, age group and family situation (household status)"
cens_01nhsize.csv,"Population in private households by sex, age group, citizenship and size of household"
cens_01nhtype.csv,"Population by sex, age and household status"
cens_01nscbirth.csv,"Population by sex, age group and country of birth"
cens_01nsctz.csv,"Population by sex, age group and country of citizenship"
cens_01nsres.csv,"Population by sex, age group, citizenship and place of residence one year prior to the census"
cens_01ractz.csv,"Employed persons aged 15 and over by sex, citizenship, economic activity (NACE Rev. 1), status in employment and NUTS 3 regions"
cens_01ramigr.csv,"Total and active population by sex, age, employment status, residence one year prior to the census and NUTS 3 regions"
cens_01rapop.csv,"Population by sex, age group, current activity status and NUTS 3 regions"
cens_01rdbuild.csv,Persons by type of building and NUTS 3 regions
cens_01rdhh.csv,"Dwellings by type of housing, building and NUTS 3 regions"
cens_01reisco.csv,"Employed persons by sex, age group, educational attainment level, occupation (ISCO-88) and NUTS 3 regions"
cens_01rews.csv,"Population by sex, age group, educational attainment level, current activity status and NUTS 3 regions"
cens_01rhagchi.csv,"Private households by composition, age group of children and NUTS 3 regions"
cens_01rheco.csv,"Private households by composition, size and NUTS 3 regions"
cens_01rhsize.csv,"Population by sex, age group, size of household and NUTS 3 regions"
cens_01rhtype.csv,"Population by sex, age group, household status and NUTS 3 regions"
cens_01rsctz.csv,"Population by sex, citizenship and NUTS 3 regions"
cens_11aed_r2.csv,"Population by current activity status, educational attainment level and NUTS 2 region"
cens_11ag_r3.csv,Population by single year of age and NUTS 3 region
cens_11an_r2.csv,"Population by current activity status, NACE Rev. 2 activity and NUTS 2 region"
cens_11ao_r2.csv,"Population by current activity status, occupation and NUTS 2 region"
cens_11arco_r2.csv,"Population by period of arrival in the country, country of birth and NUTS 2 region"
cens_11cob_n.csv,Population by country of birth at national level
cens_11coba_r2.csv,"Population by group of country of birth, current activity status and NUTS 2 region"
cens_11cobe_r2.csv,"Population by group of country of birth, educational attainment level and NUTS 2 region"
cens_11cobo_r2.csv,"Population by group of country of birth, occupation and NUTS 2 region"
cens_11ctz_n.csv,Population by country of citizenship at national level
cens_11ctzo_r2.csv,"Population by group of citizenship, occupation and NUTS 2 region"
cens_11dwob_r3.csv,"Conventional dwellings by occupancy status, type of building and NUTS 3 region"
cens_11empn_r2.csv,"Population by status in employment, NACE Rev. 2 activity and NUTS 2 region"
cens_11empo_r2.csv,"Population by status in employment, occupation and NUTS 2 region"
cens_11fs_r3.csv,Population by family status and NUTS 3 region
cens_11fts_r3.csv,"Families by type, size and NUTS 3 region"
cens_11hou_r2.csv,Population by housing arrangement and NUTS 2 region
cens_11htts_r2.csv,"Private households by type, tenure status and NUTS 2 region"
cens_11ms_r3.csv,Population by marital status and NUTS 3 region
cens_21ag.csv,Population by broad age group
cens_21agr3.csv,Population by broad age group and NUTS 3 regions
cens_21ua_a.csv,Population with Ukrainian citizenship by age
cens_21ua_a5.csv,Population with Ukrainian citizenship by 5-year age group
cens_21ua_a5r3.csv,Population with Ukrainian citizenship by 5-year age group and NUTS3 regions
cens_21ua_ar3.csv,Population with Ukrainian citizenship by age and NUTS 3 regions
cens_21ua_ms.csv,Population with Ukrainian citizenship by 5-year age group and marital status
cens_21ua_msr3.csv,"Population with Ukrainian citizenship by 5-year age group, marital status and NUTS3 regions"
cens_21ua_yae.csv,Population with Ukrainian citizenship by 5-year age group and year of arrival in the country
cens_91aage.csv,Active population by sex and age
cens_91actz.csv,Active population by citizenship and age group
cens_91aenace.csv,Persons in employment by sex and NACE Rev.1
cens_91aepisco.csv,Persons in employment by sex and occupation
cens_91amsta.csv,Female active population by age and marital status
cens_91annwctz.csv,"Non national workers by citizenship, sex and economic activity"
cens_91awsta.csv,"Active population by sex, age groups and working status"
cens_91dame.csv,Occupied conventional dwellings by tenure status and amenities
cens_91down.csv,"Occupied conventional dwellings by households, by number of rooms"
cens_91dper.csv,Occupied conventional dwellings by tenure status and period of construction
cens_91eact.csv,"Active population by sex, by age group and educational attainment level"
cens_91einact.csv,"Inactive population by sex, age group and educational attainment level"
cens_91hnnch.csv,Family nuclei by number of children
cens_91hpnper.csv,Household composition by size
cens_91hpwstan.csv,Households by number of persons and their status of economic activity
cens_91sbirth.csv,Population by sex and year of birth
cens_91sctz.csv,"Population by sex, age group and citizenship"
cens_91smsta.csv,"Population by sex, age and marital status"
cens_91typb.csv,Housing units by type of building
cens_91typl.csv,Housing units by type
cens_hnaisco.csv,Employed population by sex and occupation
cens_hncas.csv,"Population by sex, age and current activity status"
cens_hnctz.csv,"Population by sex, age and citizenship"
cens_hndwnr.csv,Occupied conventional dwellings by number of rooms
cens_hndwsize.csv,Households by size (number of persons)
cens_hnelev.csv,"Population by sex, age and educational attainment level"
cens_hnmga.csv,Population by sex and age
cli_iad_loss.csv,Climate related economic losses by type of event - values at constant 2022 prices
crim_crt_case.csv,Legal cases processed in first instance courts by legal status of the court process (until 2022)
crim_crt_case22.csv,Legal cases processed in first instance courts by legal status of the court process (since 2022)
crim_crt_per.csv,Persons brought before criminal courts by legal status of the court process
crim_gen.csv,Crimes recorded by the police by by offence category
crim_gen_reg.csv,Police-recorded offences by NUTS 3 regions
crim_hist.csv,Crimes recorded by the police (1950-2000)
crim_hom_city.csv,Crimes recorded by the police: homicide in cities
crim_hom_ocit.csv,Intentional homicide offences in largest cities
crim_hom_soff$dv_1941.csv,Intentional homicide and sexual offences by legal status and sex of the person involved
crim_hom_soff.csv,Intentional homicide and sexual offences by legal status and sex of the person involved
crim_hom_vage$dv_2321.csv,Victims of intentional homicide and sexual exploitation by age and sex
crim_hom_vage$dv_2603.csv,Victims of intentional homicide and sexual exploitation by age and sex
crim_hom_vage.csv,Victims of intentional homicide and sexual exploitation by age and sex
crim_hom_vcit.csv,Intentional homicide victims in largest cities by sex
crim_hom_vrel$dv_1645.csv,Intentional homicide victims by victim-offender relationship and sex
crim_hom_vrel.csv,Intentional homicide victims by victim-offender relationship and sex
crim_just_age.csv,Suspects and offenders by age
crim_just_bri.csv,Bribery by legal status and sex of the person involved
crim_just_ctz.csv,Suspects and offenders by citizenship
crim_just_job.csv,Personnel in the criminal justice system by sex
crim_just_sex.csv,Suspects and offenders by sex
crim_off_cat$dv_1401.csv,Police-recorded offences by offence category
crim_off_cat$dv_348.csv,Police-recorded offences by offence category
crim_off_cat.csv,Police-recorded offences by offence category
crim_plce.csv,Police officers
crim_pris_age.csv,Prisoners by age and sex
crim_pris_cap.csv,Prison capacity and number of persons held
crim_pris_ctz.csv,Prisoners by citizenship
crim_pris_off.csv,Prisoners by offence category and sex
crim_pris_pop.csv,Prison population
crim_pris_tri.csv,Prisoners by legal status of the trial process
crim_smu_sctz.csv,Suspects of migrant smuggling by citizenship
crim_smu_sex.csv,Persons involved in migrant smuggling by legal status and sex
crim_thb_sex$dv_1641.csv,Persons involved in trafficking in human beings by legal status and sex
crim_thb_sex.csv,Persons involved in trafficking in human beings by legal status and sex
crim_thb_vctz$dv_1643.csv,Victims of trafficking in human beings by citizenship
crim_thb_vctz.csv,Victims of trafficking in human beings by citizenship
crim_thb_vexp.csv,Victims of trafficking in human beings by all forms of exploitation
cult_emp_age.csv,Cultural employment by age
cult_emp_art.csv,"Persons working as creative and performing artists, authors, journalists and linguists"
cult_emp_artpc.csv,"Persons working as creative and performing artists, authors, journalists and linguists by individual and employment characteristics"
cult_emp_edu.csv,Cultural employment by educational attainment level
cult_emp_n2.csv,Cultural employment by NACE Rev. 2 activity
cult_emp_reg.csv,Cultural employment by NUTS 2 regions
cult_emp_sex.csv,Cultural employment by sex
cult_emp_wsta.csv,Cultural employment by sex and selected labour market characteristics
cult_ent_num.csv,Number and average size of enterprises in the cultural sectors by NACE Rev. 2 activity (2011-2020)
cult_ent_val.csv,Value added and turnover of enterprises in the cultural sectors by NACE Rev. 2 activity (2011-2020)
cult_pcs_bka.csv,Persons reading books in the last 12 months by sex and age
cult_pcs_bke.csv,Persons reading books in the last 12 months by sex and educational attainment level
cult_pcs_caa.csv,Persons participating in cultural activities in the last 12 months by sex and age
cult_pcs_cae.csv,Persons participating in cultural activities in the last 12 months by sex and educational attainment level
cult_pcs_hbs.csv,Mean consumption expenditure of private households on cultural goods and services by COICOP consumption purpose
cult_pcs_nwa.csv,Persons reading newspapers in the last 12 months by age
cult_pcs_nwe.csv,Persons reading newspapers in the last 12 months by educational attainment level
cult_pcs_nws.csv,Persons reading newspapers in the last 12 months by sex
cult_pcs_qnt.csv,Mean consumption expenditure of private households on cultural goods and services by income quintile
cult_trd_prd.csv,Intra and extra-EU trade in cultural goods by product
cult_trd_prt.csv,Intra and extra-EU trade in cultural goods by product and partner
demo_divcb.csv,Divorces by country of birth of wife and husband
demo_divcz.csv,Divorces by citizenship of wife and husband
demo_fabort.csv,Legally induced abortions by mother's age
demo_fabortind.csv,Abortion indicators
demo_fabortord.csv,Legally induced abortions by mother's age and number of previous live births
demo_facbc.csv,Live births by mother's age and country of birth
demo_faczc.csv,Live births by mother's age and citizenship
demo_faeduc.csv,Live births by mother's age and educational attainment level
demo_faemplc.csv,Live births by mother's age and activity status
demo_fagec.csv,Live births by mother's age and legal marital status
demo_fager.csv,Live births by mother's year of birth (age reached) and legal marital status
demo_fasec.csv,Live births by mother's age and newborn's sex
demo_find.csv,Fertility indicators
demo_fmonth.csv,Live births (total) by month
demo_fordagec.csv,Live births by mother's age and birth order
demo_fordager.csv,Live births by mother's year of birth (age reached) and birth order
demo_frate.csv,Fertility rates by age
demo_fweight.csv,Live births by birth weight and duration of gestation
demo_gind.csv,Population change - Demographic balance and crude rates at national level
demo_macbc.csv,"Deaths by age, sex and country of birth"
demo_maczc.csv,"Deaths by age, sex and citizenship"
demo_maeduc.csv,"Deaths by age, sex and educational attainment level"
demo_magec$dv_1942.csv,Deaths by age and sex
demo_magec.csv,Deaths by age and sex
demo_mager.csv,Deaths by year of birth (age reached) and sex
demo_marcb.csv,Marriages by country of birth of bride and groom
demo_marcz.csv,Marriages by citizenship of bride and groom
demo_marstac.csv,"Deaths by age, sex and legal marital status"
demo_mexrt.csv,Excess mortality by month
demo_mfoet.csv,Late foetal deaths by mother's age
demo_minf.csv,Infant mortality
demo_minfedu.csv,Infant mortality by mother's educational attainment level (ISCED11f) and father's educational attainment level (ISCED11)
demo_minfind.csv,Infant mortality rates
demo_minfs.csv,Infant mortality by age and sex
demo_mlexpec$dv_1943.csv,Life expectancy by age and sex
demo_mlexpec$dv_292.csv,Life expectancy by age and sex
demo_mlexpec.csv,Life expectancy by age and sex
demo_mlexpecedu.csv,"Life expectancy by age, sex and educational attainment level"
demo_mlifetable.csv,Life table by age and sex
demo_mmonth.csv,Deaths (total) by month
demo_ndivdur.csv,Divorces by duration of marriage (reached during the year)
demo_ndivind.csv,Divorce indicators
demo_nind.csv,Marriage indicators
demo_nmsta.csv,Marriages by sex and previous marital status
demo_nmsta2.csv,Marriages by previous legal union status of bride and groom
demo_nsinagec.csv,First-time marrying persons by age and sex
demo_nsinrt.csv,First marriage rates by age and sex
demo_pjan.csv,Population on 1 January by age and sex
demo_pjanbroad.csv,Population on 1 January by broad age group and sex
demo_pjanedu.csv,"Population on 1 January by age, sex and educational attainment level"
demo_pjangroup.csv,Population on 1 January by age group and sex
demo_pjanind.csv,Population structure indicators at national level
demo_pjanmarsta.csv,"Population on 1 January by age, sex and legal marital status"
demo_popep.csv,Persons eligible to vote in the 2024 European Parliament elections by category of voters - dedicated data collection
demo_popmdctb.csv,Median age of residents by sex and country of birth
demo_popmdctz.csv,Median age of residents by sex and citizenship
demo_poppcctb.csv,"Proportion of population by age group, sex and country of birth"
demo_poppcctz.csv,"Proportion of population by age group, sex and citizenship"
demo_r_births.csv,Live births (total) by NUTS 3 region
demo_r_d2jan.csv,"Population on 1 January by age, sex and NUTS 2 region"
demo_r_d3area.csv,Area by NUTS 3 region
demo_r_d3dens.csv,Population density by NUTS 3 region
demo_r_deaths.csv,Deaths (total) by NUTS 3 region
demo_r_fagec.csv,Live births by mother's age and NUTS 2 region
demo_r_fagec3.csv,Live births by age group of the mothers and NUTS 3 region
demo_r_find2.csv,Fertility indicators by NUTS 2 region
demo_r_find3$dv_1541.csv,Fertility indicators by NUTS 3 region
demo_r_find3.csv,Fertility indicators by NUTS 3 region
demo_r_frate2.csv,Fertility rates by age and NUTS 2 region
demo_r_gind3$dv_1542.csv,Population change - Demographic balance and crude rates at regional level (NUTS 3)
demo_r_gind3.csv,Population change - Demographic balance and crude rates at regional level (NUTS 3)
demo_r_magec.csv,"Deaths by age, sex and NUTS 2 region"
demo_r_magec3.csv,"Deaths by age group, sex and NUTS 3 region"
demo_r_minf.csv,Infant mortality by NUTS 2 region
demo_r_minfind.csv,Infant mortality rates by NUTS 2 region
demo_r_mlife.csv,"Life table by age, sex and NUTS 2 region"
demo_r_mlifexp.csv,"Life expectancy by age, sex and NUTS 2 region"
demo_r_mweek3.csv,"Deaths by week, sex, 5-year age group and NUTS 3 region"
demo_r_mwk2_05.csv,"Deaths by week, sex, 5-year age group and NUTS 2 region"
demo_r_mwk2_10.csv,"Deaths by week, sex, 10-year age group and NUTS 2 region"
demo_r_mwk2_20.csv,"Deaths by week, sex, 20-year age group and NUTS 2 region"
demo_r_mwk2_ts.csv,"Deaths by week, sex and NUTS 2 region"
demo_r_mwk3_10.csv,"Deaths by week, sex, 10-year age group and NUTS 3 region"
demo_r_mwk3_20.csv,"Deaths by week, sex, 20-year age group and NUTS 3 region"
demo_r_mwk3_t.csv,Deaths by week and NUTS 3 region
demo_r_mwk3_ts.csv,"Deaths by week, sex and NUTS 3 region"
demo_r_mwk_05.csv,"Deaths by week, sex and 5-year age group"
demo_r_mwk_10.csv,"Deaths by week, sex and 10-year age group"
demo_r_mwk_20.csv,"Deaths by week, sex and 20-year age group"
demo_r_mwk_ts.csv,Deaths by week and sex
demo_r_pjanaggr3.csv,"Population on 1 January by broad age group, sex and NUTS 3 region"
demo_r_pjangroup.csv,"Population on 1 January by age group, sex and NUTS 2 region"
demo_r_pjangrp3.csv,"Population on 1 January by age group, sex and NUTS 3 region"
demo_r_pjanind2$dv_2145.csv,Population structure indicators by NUTS 2 region
demo_r_pjanind2.csv,Population structure indicators by NUTS 2 region
demo_r_pjanind3$dv_1561.csv,Population structure indicators by NUTS 3 region
demo_r_pjanind3.csv,Population structure indicators by NUTS 3 region
demo_urespop.csv,Usually resident population on 1 January
dsb_icteg01.csv,Persons using the internet for interaction with public authorities by level of disability (activity limitation)
dsb_icteg02.csv,Persons using the internet to request official documents or certificates by level of disability (activity limitation)
dsb_icteg03.csv,Persons using the internet for making an appointment or a reservation by level of disability (activity limitation)
dsb_icteg04.csv,Persons using a website or app of public authorities by level of disability (activity limitation)
dsb_icteg05.csv,Persons having no issue when using a website or app of public authorities by level of disability (activity limitation)
dsb_ictiu01.csv,Persons using the internet in the past 12 months by level of disability (activity limitation)
dsb_ictiu02.csv,Persons regularly using the internet by level of disability (activity limitation)
dsb_ictiu03.csv,Persons using the internet for learning activities by level of disability (activity limitation)
dsb_ictiu04.csv,Persons using the internet for telephoning or video calls by level of disability (activity limitation)
dsb_ictiu05.csv,Persons using the internet for participating in social networks by level of disability (activity limitation)
dsb_ictiu06.csv,Persons using the internet for finding information about goods and services by level of disability (activity limitation)
dsb_ictiu07.csv,Persons using the internet for internet banking by level of disability (activity limitation)
dsb_ictiu08.csv,Persons using the internet for seeking health information by level of disability (activity limitation)
dsb_ictiu09.csv,Persons using the internet for making an appointment with a practitioner via a website by level of disability (activity limitation)
dsb_sprex01.csv,Social protection expenditure on disability by benefits - % of GDP
dsb_sprex02.csv,Social protection expenditure on disability by benefits - PPS per inhabitant
dsb_sprex03.csv,Social protection expenditure on disability by benefits - million EUR
dsb_sprpb01.csv,Beneficiaries of disability pensions by pension type
dsb_sprpb02.csv,Beneficiaries of disability pensions by sex
dt_cpa_3d50.csv,"Turnover by product in motor trade (NACE Rev. 1.1, G50, 5-yearly statistics) (2000-2005)"
dt_cpa_3d51_03.csv,"Turnover by product in wholesale trade (NACE Rev. 1.1, G51, 5-yearly statistics) (2003)"
dt_cpa_3d51_98.csv,"Turnover by product in wholesale trade (NACE Rev. 1.1, G51) (1998)"
dt_cpa_3d52.csv,"Turnover by product in retail trade (NACE Rev. 1.1, G52, 5-yearly statistics (1997-2007)"
dt_cpa_n45_r2.csv,Multiannual enterprise statistics - Breakdown of turnover by product type for wholesale and retail trade and repair of motor vehicles and motorcycles (NACE Rev. 2 G45) (2010)
dt_cpa_n46_r2.csv,"Turnover by product type for wholesale trade (NACE Rev. 2, G46) (2013-2018)"
dt_cpa_n47_r2.csv,"Multiannual enterprise statistics - Breakdown of turnover by product type for retail trade (NACE Rev. 2, G47) (2012)"
dt_oth_3d51_03.csv,"Wholesale trade - operating costs and types of customer (NACE Rev. 1.1, G51, 5-yearly statistics) (2003)"
dt_oth_3d52_03.csv,"Retail trade - operating costs, forms of trading and types of supplier (NACE Rev. 1.1 G52, 5-yearly statistics) (2002-2007)"
dt_oth_3d52_spa.csv,"Sales area for retail stores in square meters (NACE Rev. 1.1, G52) (2002-2007)"
dt_oth_n47_r2.csv,"Number of retail stores (NACE Rev.2, G47) (2012-2017)"
dt_turn_n45_r2.csv,Multiannual enterprise statistics - Breakdown of turnover by activity type for wholesale and retail trade and repair of motor vehicles and motorcycles (NACE Rev. 2 G45) (2010-2015)
dt_turn_n46_r2.csv,"Turnover by type of activity for wholesale trade (NACE Rev. 2, G46) (2008-2018)"
dt_turn_n47_r2.csv,"Turnover by type of activity for retail trade (NACE Rev.2, G47) (2012-2017)"
earn_gr_empisco.csv,Number of employees by sex and occupation
earn_gr_empnac2.csv,Number of employees by sex and NACE Rev. 2 activity
earn_gr_empnace.csv,Number of employees by sex and NACE Rev. 1.1 activity
earn_gr_goeg.csv,Gender overall earnings gap
earn_gr_gpg.csv,Gender pay gap in unadjusted form by NACE Rev. 1.1 activity - structure of earnings survey methodology
earn_gr_gpgr2.csv,Gender pay gap in unadjusted form by NACE Rev. 2 activity - structure of earnings survey methodology
earn_gr_gpgr2ag.csv,"Gender pay gap in unadjusted form by age - NACE Rev. 2 activity (B-S except O), structure of earnings survey methodology"
earn_gr_gpgr2ct.csv,"Gender pay gap in unadjusted form by type of ownership of the economic activity - NACE Rev. 2 activity (B-S except O), structure of earnings survey methodology"
earn_gr_gpgr2wt.csv,"Gender pay gap in unadjusted form by working time - NACE Rev. 2 activity (B-S except O), structure of earnings survey methodology"
earn_gr_hgpg.csv,Gender pay gap in unadjusted form (1994 - 2006)
earn_gr_isco.csv,Average annual gross earnings by sex and occupation
earn_gr_nace.csv,Average annual gross earnings by sex and NACE Rev. 1.1 activity
earn_gr_nace2.csv,Average annual gross earnings by sex and NACE Rev. 2 activity
earn_mw_avgr1.csv,Monthly minimum wage as a proportion of average monthly earnings (%) - NACE Rev. 1.1 (1999-2009)
earn_mw_avgr2.csv,Monthly minimum wage as a proportion of average monthly earnings (%) - NACE Rev. 2 (from 2008 onwards)
earn_mw_cur.csv,Monthly minimum wages - bi-annual data
earn_nt_lowwtrp.csv,Tax rate on low wage earners - Low wage trap
earn_nt_net.csv,Annual net earnings
earn_nt_netft.csv,Annual net earnings of a full-time single worker without children earning an average wage
earn_nt_taxrate.csv,Tax rate
earn_nt_taxwedge.csv,Tax rate on low wage earners: Tax wedge on labour costs
earn_nt_unemtrp.csv,Tax rate on low wage earners - Unemployment trap
earn_ses06_01.csv,"2006 - Number of employees by economic activity, collective pay agreement, sex"
earn_ses06_02.csv,"Number of employees by economic activity, sex, age"
earn_ses06_03.csv,"Number of employees by sex, age, occupation - NACE Rev. 1.1, C-O excluding L"
earn_ses06_04.csv,"Number of employees by economic activity, sex, educational attainment level"
earn_ses06_05.csv,"Number of employees by economic activity, sex, length of service with the enterprise"
earn_ses06_12.csv,"Mean hourly earnings by economic activity, collective pay agreement, sex"
earn_ses06_13.csv,"Mean hourly earnings by economic activity, sex, age"
earn_ses06_14.csv,"Mean hourly earnings by sex, age, occupation - NACE Rev. 1.1, C-O excluding L"
earn_ses06_15.csv,"Mean hourly earnings by economic activity, sex, employment contract"
earn_ses06_16.csv,"Mean hourly earnings by economic activity, sex, educational attainment level"
earn_ses06_17.csv,"Mean hourly earnings by economic activity, sex, length of service with the enterprise"
earn_ses06_18.csv,"Mean hourly earnings by size class of the enterprise, sex, occupation"
earn_ses06_19.csv,"Mean monthly earnings by economic activity, collective pay agreement, sex"
earn_ses06_20.csv,"Mean monthly earnings by economic activity, sex, age"
earn_ses06_21.csv,"Mean monthly earnings by sex, age, occupation - NACE Rev. 1.1, C-O excluding L"
earn_ses06_22.csv,"Mean monthly earnings by economic activity, sex, employment contract"
earn_ses06_23.csv,"Mean monthly earnings by economic activity, sex, educational attainment level"
earn_ses06_24.csv,"Mean monthly earnings by economic activity, sex, length of service with the enterprise"
earn_ses06_25.csv,"Mean monthly earnings by size class of the enterprise, sex, occupation"
earn_ses06_26.csv,"Mean annual earnings by economic activity, collective pay agreement, sex"
earn_ses06_27.csv,"Mean annual earnings by economic activity, sex, age"
earn_ses06_28.csv,"Mean annual earnings by sex, age, occupation - NACE Rev. 1.1, C-O excluding L"
earn_ses06_29.csv,"Mean annual earnings by economic activity, sex, employment contract"
earn_ses06_30.csv,"Mean annual earnings by economic activity, sex, educational attainment level"
earn_ses06_31.csv,"Mean annual earnings by economic activity, sex, length of service with the enterprise"
earn_ses06_32.csv,"Mean annual earnings by size class of the enterprise, sex, occupation"
earn_ses06_33.csv,"Mean monthly hours paid by economic activity, collective pay agreement, sex"
earn_ses06_34.csv,"Mean monthly hours paid by economic activity, sex, age"
earn_ses06_35.csv,"Mean monthly hours paid by sex, age, occupation - NACE Rev. 1.1, C-O excluding L"
earn_ses06_36.csv,"Mean monthly hours paid by economic activity, sex, employment contract"
earn_ses06_37.csv,"Mean monthly hours paid by economic activity, sex, educational attainment level"
earn_ses06_38.csv,"Mean monthly hours paid by economic activity, sex, length of service with the enterprise"
earn_ses06_39.csv,"Mean monthly hours paid by size class of the enterprise, sex, occupation"
earn_ses06_40.csv,"Mean annual holidays by economic activity, collective pay agreement, sex"
earn_ses06_41.csv,"Mean annual holidays by economic activity, sex, age"
earn_ses06_42.csv,"Mean annual holidays by sex, age, occupation - NACE Rev. 1.1, C-O excluding L"
earn_ses06_43.csv,"Mean annual holidays by economic activity, sex, employment contract"
earn_ses06_44.csv,"Mean annual holidays by economic activity, sex, educational attainment level"
earn_ses06_45.csv,"Mean annual holidays by economic activity, sex, length of service with the enterprise"
earn_ses06_46.csv,"Mean annual holidays by size class of the enterprise, sex, occupation"
earn_ses06_47.csv,"Mean hourly earnings by economic activity, sex, occupation"
earn_ses06_48.csv,"Mean monthly earnings by economic activity, sex, occupation"
earn_ses06_49.csv,"Mean annual earnings by economic activity, sex, occupation"
earn_ses06_50.csv,"Mean monthly hours paid by economic activity, sex, occupation"
earn_ses06_51.csv,"Mean annual holidays by economic activity, sex, occupation"
earn_ses06_52.csv,"Number of employees by economic activity, sex, employment contract"
earn_ses06_53.csv,"Number of employees by size class of the enterprise, sex, occupation"
earn_ses06_54.csv,"Number of employees by economic activity, sex, occupation"
earn_ses06_rann.csv,"Mean annual earnings by NUTS 1 regions (enterprises with 10 employees or more) - NACE Rev. 1.1, C-O excluding L"
earn_ses06_rhr.csv,"Mean hourly earnings by NUTS 1 regions (enterprises with 10 employees or more) - NACE Rev. 1.1, C-O excluding L"
earn_ses10_01.csv,"2010 - Number of employees by sex, economic activity and collective pay agreement"
earn_ses10_02.csv,"Number of employees by sex, age and economic activity"
earn_ses10_03.csv,"Number of employees by sex, age, occupation and size class - NACE Rev. 2, B-S excluding O"
earn_ses10_04.csv,"Number of employees by sex, economic activity and educational attainment level"
earn_ses10_05.csv,"Number of employees by sex, economic activity and length of service with the enterprise"
earn_ses10_12.csv,"Mean hourly earnings by sex, economic activity and collective pay agreement"
earn_ses10_13.csv,"Mean hourly earnings by sex, age and economic activity"
earn_ses10_14.csv,"Mean hourly earnings by sex, age and occupation - NACE Rev. 2, B-S excluding O"
earn_ses10_15.csv,"Mean hourly earnings by sex, economic activity and employment contract"
earn_ses10_16.csv,"Mean hourly earnings by sex, economic activity and educational attainment level"
earn_ses10_17.csv,"Mean hourly earnings by sex, economic activity and length of service with the enterprise"
earn_ses10_18.csv,"Mean hourly earnings by sex, size class of the enterprise and occupation"
earn_ses10_19.csv,"Mean monthly earnings by sex, economic activity and collective pay agreement"
earn_ses10_20.csv,"Mean monthly earnings by sex, age and economic activity"
earn_ses10_21.csv,"Mean monthly earnings by sex, age and occupation - NACE Rev. 2, B-S excluding O"
earn_ses10_22.csv,"Mean monthly earnings by sex, economic activity and employment contract"
earn_ses10_23.csv,"Mean monthly earnings by sex, economic activity and educational attainment level"
earn_ses10_24.csv,"Mean monthly earnings by sex, economic activity and length of service with the enterprise"
earn_ses10_25.csv,"Mean monthly earnings by sex, size class of the enterprise and occupation"
earn_ses10_26.csv,"Mean annual earnings by sex, economic activity and collective pay agreement"
earn_ses10_27.csv,"Mean annual earnings by sex, age and economic activity"
earn_ses10_28.csv,"Mean annual earnings by sex, age and occupation - NACE Rev. 2, B-S excluding O"
earn_ses10_29.csv,"Mean annual earnings by sex, economic activity and employment contract"
earn_ses10_30.csv,"Mean annual earnings by sex, economic activity and educational attainment level"
earn_ses10_31.csv,"Mean annual earnings by sex, economic activity and length of service with the enterprise"
earn_ses10_32.csv,"Mean annual earnings by sex, size class of the enterprise and occupation"
earn_ses10_33.csv,"Mean monthly hours paid by sex, economic activity and collective pay agreement"
earn_ses10_34.csv,"Mean monthly hours paid by sex, age and economic activity"
earn_ses10_35.csv,"Mean monthly hours paid by sex, age and occupation - NACE Rev. 2, B-S excluding O"
earn_ses10_36.csv,"Mean monthly hours paid by sex, economic activity and employment contract"
earn_ses10_37.csv,"Mean monthly hours paid by sex, economic activity and educational attainment level"
earn_ses10_38.csv,"Mean monthly hours paid by sex, economic activity and length of service with the enterprise"
earn_ses10_39.csv,"Mean monthly hours paid by sex, size class of the enterprise and occupation"
earn_ses10_40.csv,"Mean annual holidays by sex, economic activity and collective pay agreement"
earn_ses10_41.csv,"Mean annual holidays by sex, age and economic activity"
earn_ses10_42.csv,"Mean annual holidays by sex, age and occupation - NACE Rev. 2, B-S excluding O"
earn_ses10_43.csv,"Mean annual holidays by sex, economic activity and employment contract"
earn_ses10_44.csv,"Mean annual holidays by sex, economic activity and educational attainment level"
earn_ses10_45.csv,"Mean annual holidays by sex, economic activity and length of service with the enterprise"
earn_ses10_46.csv,"Mean annual holidays by sex, size class of the enterprise and occupation"
earn_ses10_47.csv,"Mean hourly earnings by sex, economic activity and occupation"
earn_ses10_48.csv,"Mean monthly earnings by sex, economic activity and occupation"
earn_ses10_49.csv,"Mean annual earnings by sex, economic activity and occupation"
earn_ses10_50.csv,"Mean monthly hours paid by sex, economic activity and occupation"
earn_ses10_51.csv,"Mean annual holidays by sex, economic activity and occupation"
earn_ses10_52.csv,"Number of employees by sex, economic activity and employment contract"
earn_ses10_53.csv,"Number of employees by sex, size class of the enterprise and occupation"
earn_ses10_54.csv,"Number of employees by sex, economic activity and occupation"
earn_ses10_actrl.csv,"Annual earnings by economic control (enterprises with 10 employed persons or more) - NACE Rev. 2, B-S excluding O"
earn_ses10_adeci.csv,"Annual earnings by quantiles and contractual working time (enterprises with 10 employed persons or more) - NACE Rev. 2, B-S excluding O"
earn_ses10_hftpt.csv,Hourly earnings by economic activity and contractual working time (enterprises with 10 employed persons or more)
earn_ses10_mctrl.csv,"Monthly earnings by economic control (enterprises with 10 employed persons or more) - NACE Rev. 2, B-S excluding O"
earn_ses10_mdeci.csv,"Monthly earnings by quantiles and contractual working time (enterprises with 10 employed persons or more) - NACE Rev. 2, B-S excluding O"
earn_ses10_rann.csv,"Mean annual earnings by NUTS 1 regions (enterprises with 10 employees or more) - NACE Rev. 2, B-S excluding O"
earn_ses10_rhr.csv,"Mean hourly earnings by NUTS 1 regions (enterprises with 10 employees or more) - NACE Rev. 2, B-S excluding O"
earn_ses14_01$dv_351.csv,"2014 - Number of employees by sex, economic activity and collective pay agreement"
earn_ses14_01.csv,"2014 - Number of employees by sex, economic activity and collective pay agreement"
earn_ses14_02.csv,"Number of employees by sex, age and economic activity"
earn_ses14_03.csv,"Number of employees by sex, age, occupation and size class - NACE Rev. 2, B-S excluding O"
earn_ses14_04.csv,"Number of employees by sex, economic activity and educational attainment"
earn_ses14_05.csv,"Number of employees by sex, economic activity and length of service with the enterprise"
earn_ses14_12.csv,"Mean hourly earnings by sex, economic activity and collective pay agreement"
earn_ses14_13.csv,"Mean hourly earnings by sex, age and economic activity"
earn_ses14_14.csv,"Mean hourly earnings by sex, age and occupation - NACE Rev. 2, B-S excluding O"
earn_ses14_15.csv,"Mean hourly earnings by sex, economic activity and employment contract"
earn_ses14_16.csv,"Mean hourly earnings by sex, economic activity and educational attainment"
earn_ses14_17.csv,"Mean hourly earnings by sex, economic activity and length of service with the enterprise"
earn_ses14_18.csv,"Mean hourly earnings by sex, size class of the enterprise and occupation"
earn_ses14_19.csv,"Mean monthly earnings by sex, economic activity and collective pay agreement"
earn_ses14_20.csv,"Mean monthly earnings by sex, age and economic activity"
earn_ses14_21.csv,"Mean monthly earnings by sex, age and occupation - NACE Rev. 2, B-S excluding O"
earn_ses14_22.csv,"Mean monthly earnings by sex, economic activity and employment contract"
earn_ses14_23.csv,"Mean monthly earnings by sex, economic activity and educational attainment"
earn_ses14_24.csv,"Mean monthly earnings by sex, economic activity and length of service with the enterprise"
earn_ses14_25.csv,"Mean monthly earnings by sex, size class of the enterprise and occupation"
earn_ses14_26.csv,"Mean annual earnings by sex, economic activity and collective pay agreement"
earn_ses14_27.csv,"Mean annual earnings by sex, age and economic activity"
earn_ses14_28.csv,"Mean annual earnings by sex, age and occupation - NACE Rev. 2, B-S excluding O"
earn_ses14_29.csv,"Mean annual earnings by sex, economic activity and employment contract"
earn_ses14_30.csv,"Mean annual earnings by sex, economic activity and educational attainment"
earn_ses14_31.csv,"Mean annual earnings by sex, economic activity and length of service with the enterprise"
earn_ses14_32.csv,"Mean annual earnings by sex, size class of the enterprise and occupation"
earn_ses14_33.csv,"Mean monthly hours paid by sex, economic activity and collective pay agreement"
earn_ses14_34.csv,"Mean monthly hours paid by sex, age and economic activity"
earn_ses14_35.csv,"Mean monthly hours paid by sex, age and occupation - NACE Rev. 2, B-S excluding O"
earn_ses14_36.csv,"Mean monthly hours paid by sex, economic activity and employment contract"
earn_ses14_37.csv,"Mean monthly hours paid by sex, economic activity and educational attainment"
earn_ses14_38.csv,"Mean monthly hours paid by sex, economic activity and length of service with the enterprise"
earn_ses14_39.csv,"Mean monthly hours paid by sex, size class of the enterprise and occupation"
earn_ses14_40.csv,"Mean annual holidays by sex, economic activity and collective pay agreement"
earn_ses14_41.csv,"Mean annual holidays by sex, age and economic activity"
earn_ses14_42.csv,"Mean annual holidays by sex, age and occupation - NACE Rev. 2, B-S excluding O"
earn_ses14_43.csv,"Mean annual holidays by sex, economic activity and employment contract"
earn_ses14_44.csv,"Mean annual holidays by sex, economic activity and educational attainment"
earn_ses14_45.csv,"Mean annual holidays by sex, economic activity and length of service with the enterprise"
earn_ses14_46.csv,"Mean annual holidays by sex, size class of the enterprise and occupation"
earn_ses14_47.csv,"Mean hourly earnings by sex, economic activity and occupation"
earn_ses14_48.csv,"Mean monthly earnings by sex, economic activity and occupation"
earn_ses14_49.csv,"Mean annual earnings by sex, economic activity and occupation"
earn_ses14_50.csv,"Mean monthly hours paid by sex, economic activity and occupation"
earn_ses14_51.csv,"Mean annual holidays by sex, economic activity and occupation"
earn_ses14_52.csv,"Number of employees by sex, economic activity and employment contract"
earn_ses14_53.csv,"Number of employees by sex, size class of the enterprise and occupation"
earn_ses14_54.csv,"Number of employees by sex, economic activity and occupation"
earn_ses14_actrl.csv,"Annual earnings by economic control (enterprises with 10 employed persons or more) - NACE Rev. 2, B-S excluding O"
earn_ses14_adeci.csv,"Annual earnings by quantiles and contractual working time (enterprises with 10 employed persons or more) - NACE Rev. 2, B-S excluding O"
earn_ses14_hftpt.csv,Hourly earnings by economic activity and contractual working time (enterprises with 10 employed persons or more)
earn_ses14_mctrl.csv,"Monthly earnings by economic control (enterprises with 10 employed persons or more) - NACE Rev. 2, B-S excluding O"
earn_ses14_mdeci.csv,"Monthly earnings by quantiles and contractual working time (enterprises with 10 employed persons or more) - NACE Rev. 2, B-S excluding O"
earn_ses14_rann.csv,"Mean annual earnings by NUTS 1 regions (enterprises with 10 employees or more) - NACE Rev. 2, B-S excluding O"
earn_ses14_rhr.csv,"Mean hourly earnings by NUTS 1 regions (enterprises with 10 employees or more) - NACE Rev. 2, B-S excluding O"
earn_ses18_01$dv_762.csv,"2018 - Number of employees by sex, economic activity and collective pay agreement"
earn_ses18_01.csv,"2018 - Number of employees by sex, economic activity and collective pay agreement"
earn_ses18_02.csv,"Number of employees by sex, age and economic activity"
earn_ses18_03.csv,"Number of employees by sex, age, occupation and size class - NACE Rev. 2, B-S excluding O"
earn_ses18_04.csv,"Number of employees by sex, economic activity and educational attainment"
earn_ses18_05.csv,"Number of employees by sex, economic activity and length of service with the enterprise"
earn_ses18_12.csv,"Mean hourly earnings by sex, economic activity and collective pay agreement"
earn_ses18_13.csv,"Mean hourly earnings by sex, age and economic activity"
earn_ses18_14.csv,"Mean hourly earnings by sex, age and occupation - NACE Rev. 2, B-S excluding O"
earn_ses18_15.csv,"Mean hourly earnings by sex, economic activity and employment contract"
earn_ses18_16.csv,"Mean hourly earnings by sex, economic activity and educational attainment"
earn_ses18_17.csv,"Mean hourly earnings by sex, economic activity and length of service with the enterprise"
earn_ses18_18.csv,"Mean hourly earnings by sex, size class of the enterprise and occupation"
earn_ses18_19.csv,"Mean monthly earnings by sex, economic activity and collective pay agreement"
earn_ses18_20.csv,"Mean monthly earnings by sex, age and economic activity"
earn_ses18_21.csv,"Mean monthly earnings by sex, age and occupation - NACE Rev. 2, B-S excluding O"
earn_ses18_22.csv,"Mean monthly earnings by sex, economic activity and employment contract"
earn_ses18_23.csv,"Mean monthly earnings by sex, economic activity and educational attainment"
earn_ses18_24.csv,"Mean monthly earnings by sex, economic activity and length of service with the enterprise"
earn_ses18_25.csv,"Mean monthly earnings by sex, size class of the enterprise and occupation"
earn_ses18_26.csv,"Mean annual earnings by sex, economic activity and collective pay agreement"
earn_ses18_27.csv,"Mean annual earnings by sex, age and economic activity"
earn_ses18_28.csv,"Mean annual earnings by sex, age and occupation - NACE Rev. 2, B-S excluding O"
earn_ses18_29.csv,"Mean annual earnings by sex, economic activity and employment contract"
earn_ses18_30.csv,"Mean annual earnings by sex, economic activity and educational attainment"
earn_ses18_31.csv,"Mean annual earnings by sex, economic activity and length of service with the enterprise"
earn_ses18_32.csv,"Mean annual earnings by sex, size class of the enterprise and occupation"
earn_ses18_33.csv,"Mean monthly hours paid by sex, economic activity and collective pay agreement"
earn_ses18_34.csv,"Mean monthly hours paid by sex, age and economic activity"
earn_ses18_35.csv,"Mean monthly hours paid by sex, age and occupation - NACE Rev. 2, B-S excluding O"
earn_ses18_36.csv,"Mean monthly hours paid by sex, economic activity and employment contract"
earn_ses18_37.csv,"Mean monthly hours paid by sex, economic activity and educational attainment"
earn_ses18_38.csv,"Mean monthly hours paid by sex, economic activity and length of service with the enterprise"
earn_ses18_39.csv,"Mean monthly hours paid by sex, size class of the enterprise and occupation"
earn_ses18_40.csv,"Mean annual holidays by sex, economic activity and collective pay agreement"
earn_ses18_41.csv,"Mean annual holidays by sex, age and economic activity"
earn_ses18_42.csv,"Mean annual holidays by sex, age and occupation - NACE Rev. 2, B-S excluding O"
earn_ses18_43.csv,"Mean annual holidays by sex, economic activity and employment contract"
earn_ses18_44.csv,"Mean annual holidays by sex, economic activity and educational attainment"
earn_ses18_45.csv,"Mean annual holidays by sex, economic activity and length of service with the enterprise"
earn_ses18_46.csv,"Mean annual holidays by sex, size class of the enterprise and occupation"
earn_ses18_47.csv,"Mean hourly earnings by sex, economic activity and occupation"
earn_ses18_48.csv,"Mean monthly earnings by sex, economic activity and occupation"
earn_ses18_49.csv,"Mean annual earnings by sex, economic activity and occupation"
earn_ses18_50.csv,"Mean monthly hours paid by sex, economic activity and occupation"
earn_ses18_51.csv,"Mean annual holidays by sex, economic activity and occupation"
earn_ses18_52.csv,"Number of employees by sex, economic activity and employment contract"
earn_ses18_53.csv,"Number of employees by sex, size class of the enterprise and occupation"
earn_ses18_54.csv,"Number of employees by sex, economic activity and occupation"
earn_ses18_actrl.csv,"Annual earnings by economic control (enterprises with 10 employed persons or more) - NACE Rev. 2, B-S excluding O"
earn_ses18_adeci.csv,"Annual earnings by quantiles and contractual working time (enterprises with 10 employed persons or more) - NACE Rev. 2, B-S excluding O"
earn_ses18_hftpt.csv,Hourly earnings by economic activity and contractual working time (enterprises with 10 employed persons or more)
earn_ses18_mctrl.csv,"Monthly earnings by economic control (enterprises with 10 employed persons or more) - NACE Rev. 2, B-S excluding O"
earn_ses18_mdeci.csv,"Monthly earnings by quantiles and contractual working time (enterprises with 10 employed persons or more) - NACE Rev. 2, B-S excluding O"
earn_ses18_rann.csv,"Mean annual earnings by NUTS 1 regions (enterprises with 10 employees or more) - NACE Rev. 2, B-S excluding O"
earn_ses18_rhr.csv,"Mean hourly earnings by NUTS 1 regions (enterprises with 10 employees or more) - NACE Rev. 2, B-S excluding O"
earn_ses_actrl.csv,"Annual earnings by economic control (enterprises with 10 employed persons or more) - NACE Rev. 1.1, C-O excluding L"
earn_ses_adeci.csv,"Annual earnings by quantiles and contractual working time (enterprises with 10 employed persons or more) - NACE Rev. 1.1, C-O excluding L"
earn_ses_agt01.csv,"2002 - Number of employees by economic activity, collective pay agreement, sex, employment contract"
earn_ses_agt02.csv,"Number of employees by economic activity, sex, age"
earn_ses_agt03.csv,"Number of employees by size of the enterprise, sex, occupation"
earn_ses_agt04.csv,"Number of employees by economic activity, sex, educational attainment level"
earn_ses_agt05.csv,"Number of employees by economic activity, sex, length of service in the enterprise"
earn_ses_agt06.csv,"Number of employees by economic activity, economic control, sex"
earn_ses_agt12.csv,"Mean hourly earnings by economic activity, collective pay agreement, sex"
earn_ses_agt13.csv,"Mean hourly earnings by economic activity, sex, age"
earn_ses_agt14.csv,"Mean hourly earnings by sex, age, occupation"
earn_ses_agt15.csv,"Mean hourly earnings by economic activity, sex, employment contract"
earn_ses_agt16.csv,"Mean hourly earnings by economic activity, sex, educational attainment level"
earn_ses_agt17.csv,"Mean hourly earnings by economic activity, sex, length of service in the enterprise"
earn_ses_agt18.csv,"Mean hourly earnings by size of the enterprise, sex, occupation"
earn_ses_agt19.csv,"Mean monthly earnings by economic activity, collective pay agreement, sex"
earn_ses_agt20.csv,"Mean monthly earnings by economic activity, sex, age"
earn_ses_agt21.csv,"Mean monthly earnings by sex, age, occupation"
earn_ses_agt22.csv,"Mean monthly earnings by economic activity, sex, employment contract"
earn_ses_agt23.csv,"Mean monthly earnings by economic activity, sex, educational attainment level"
earn_ses_agt24.csv,"Mean monthly earnings by economic activity, sex, length of service in the enterprise"
earn_ses_agt25.csv,"Mean monthly earnings by size of the enterprise, sex, occupation"
earn_ses_agt26.csv,"Mean annual earnings by economic activity, collective pay agreement, sex"
earn_ses_agt27.csv,"Mean annual earnings by economic activity, sex, age"
earn_ses_agt28.csv,"Mean annual earnings by sex, age, occupation"
earn_ses_agt29.csv,"Mean annual earnings by economic activity, sex, employment contract"
earn_ses_agt30.csv,"Mean annual earnings by economic activity, sex, educational attainment level"
earn_ses_agt31.csv,"Mean annual earnings by economic activity, sex, length of service in the enterprise"
earn_ses_agt32.csv,"Mean annual earnings by size of the enterprise, sex,occupation"
earn_ses_agt33.csv,"Mean monthly hours paid by economic activity, collective pay agreement, sex"
earn_ses_agt34.csv,"Mean monthly hours paid by economic activity, sex, age"
earn_ses_agt35.csv,"Mean monthly hours paid by sex, age,occupation"
earn_ses_agt36.csv,"Mean monthly hours paid by economic activity, sex, employment contract"
earn_ses_agt37.csv,"Mean monthly hours paid by economic activity, sex, educational attainment level"
earn_ses_agt38.csv,"Mean monthly hours paid by economic activity, sex, length of service in the enterprise"
earn_ses_agt39.csv,"Mean monthly hours paid by size of the enterprise, sex, occupation"
earn_ses_agt40.csv,"Mean annual holidays by economic activity, collective pay agreement, sex"
earn_ses_agt41.csv,"Mean annual holidays by economic activity, sex, age"
earn_ses_agt42.csv,"Mean annual holidays by sex, age, occupation"
earn_ses_agt43.csv,"Mean annual holidays by economic activity, sex, employment contract"
earn_ses_agt44.csv,"Mean annual holidays by economic activity, sex, educational attainment level"
earn_ses_agt45.csv,"Mean annual holidays by economic activity, sex, length of service in the enterprise"
earn_ses_agt46.csv,"Mean annual holidays by size of the enterprise, sex, occupation"
earn_ses_annual.csv,Structure of earnings survey: annual earnings
earn_ses_hftpt.csv,Hourly earnings by economic activity and contractual working time (enterprises with 10 employed persons or more)
earn_ses_hourly.csv,Structure of earnings survey: hourly earnings
earn_ses_mctrl.csv,"Monthly earnings by economic control (enterprises with 10 employed persons or more) - NACE Rev. 1.1, C-O excluding L"
earn_ses_mdeci.csv,"Monthly earnings by quantiles and contractual working time (enterprises with 10 employed persons or more) - NACE Rev. 1.1, C-O excluding L"
earn_ses_monthly$dv_221.csv,Structure of earnings survey: monthly earnings
earn_ses_monthly.csv,Structure of earnings survey: monthly earnings
earn_ses_pub1a$dv_1878.csv,Low-wage earners as a proportion of all employees (excluding apprentices) by age
earn_ses_pub1a$dv_352.csv,Low-wage earners as a proportion of all employees (excluding apprentices) by age
earn_ses_pub1a.csv,Low-wage earners as a proportion of all employees (excluding apprentices) by age
earn_ses_pub1i$dv_353.csv,Low-wage earners as a proportion of all employees (excluding apprentices) by educational attainment level
earn_ses_pub1i.csv,Low-wage earners as a proportion of all employees (excluding apprentices) by educational attainment level
earn_ses_pub1n.csv,Low-wage earners as a proportion of all employees (excluding apprentices) by economic activity
earn_ses_pub1s$dv_1877.csv,Low-wage earners as a proportion of all employees (excluding apprentices) by sex
earn_ses_pub1s$dv_354.csv,Low-wage earners as a proportion of all employees (excluding apprentices) by sex
earn_ses_pub1s.csv,Low-wage earners as a proportion of all employees (excluding apprentices) by sex
earn_ses_pub1t.csv,Low-wage earners as a proportion of all employees (excluding apprentices) by employment contract
earn_ses_pub2a$dv_1880.csv,"Median hourly earnings, all employees (excluding apprentices) by age"
earn_ses_pub2a.csv,"Median hourly earnings, all employees (excluding apprentices) by age"
earn_ses_pub2i.csv,"Median hourly earnings, all employees (excluding apprentices) by educational attainment level"
earn_ses_pub2n.csv,"Median hourly earnings, all employees (excluding apprentices) by economic activity"
earn_ses_pub2s$dv_1879.csv,"Median hourly earnings, all employees (excluding apprentices) by sex"
earn_ses_pub2s.csv,"Median hourly earnings, all employees (excluding apprentices) by sex"
earn_ses_pub2t.csv,"Median hourly earnings, all employees (excluding apprentices) by employment contract"
edat_aes_l21$dv_1602.csv,Number of foreign languages known (self-reported) by sex
edat_aes_l21.csv,Number of foreign languages known (self-reported) by sex
edat_aes_l22.csv,Number of foreign languages known (self-reported) by age
edat_aes_l23.csv,Number of foreign languages known (self-reported) by educational attainment level
edat_aes_l24.csv,Number of foreign languages known (self-reported) by labour status
edat_aes_l25.csv,Number of foreign languages known (self-reported) by occupation
edat_aes_l26.csv,Number of foreign languages known (self-reported) by degree of urbanisation
edat_aes_l31.csv,Level of the best-known foreign language (self-reported) by sex
edat_aes_l32.csv,Level of the best-known foreign language (self-reported) by age
edat_aes_l33.csv,Level of the best-known foreign language (self-reported) by educational attainment level
edat_aes_l34.csv,Level of the best-known foreign language (self-reported) by labour status
edat_aes_l35.csv,Level of the best-known foreign language (self-reported) by occupation
edat_aes_l36.csv,Level of the best-known foreign language (self-reported) by degree of urbanisation
edat_aes_l51.csv,Level of the foreign language reported as best-known in the country (self-reported) by sex
edat_aes_l52.csv,Level of the foreign language reported as best-known in the country (self-reported) by age
edat_aes_l53.csv,Level of the foreign language reported as best-known in the country (self-reported) by educational attainment level
edat_aes_l54.csv,Level of the foreign language reported as best-known in the country (self-reported) by labour status
edat_aes_l55.csv,Level of the foreign language reported as best-known in the country (self-reported) by occupation
edat_aes_l56.csv,Level of the foreign language reported as best-known in the country (self-reported) by degree of urbanisation
edat_lfs_9901.csv,"Population by educational attainment level, sex and age (1 000)"
edat_lfs_9902.csv,"Population by educational attainment level, sex, age and labour status (1 000)"
edat_lfs_9903.csv,"Population by educational attainment level, sex and age (%)"
edat_lfs_9904.csv,"Population by educational attainment level, sex, age and labour status (%)"
edat_lfs_9905.csv,"Employees by educational attainment level, sex, age and occupation (%)"
edat_lfs_9906.csv,"Employees by educational attainment level, sex, age and employment contract (%)"
edat_lfs_9907.csv,"Employees by educational attainment level, sex, age and full-time/part-time employment (%)"
edat_lfs_9908.csv,"Employees by educational attainment level, sex, age and size of the local unit (%)"
edat_lfs_9909.csv,"Employees by educational attainment level, sex, age and NACE Rev. 1.1 activity (%)"
edat_lfs_9910.csv,"Employees by educational attainment level, sex, age and NACE Rev. 2 activity (%)"
edat_lfs_9911$dv_1702.csv,"Population by educational attainment level, sex, age and citizenship (%)"
edat_lfs_9911.csv,"Population by educational attainment level, sex, age and citizenship (%)"
edat_lfs_9912$dv_1703.csv,"Population by educational attainment level, sex, age and country of birth (%)"
edat_lfs_9912.csv,"Population by educational attainment level, sex, age and country of birth (%)"
edat_lfs_9913.csv,"Population by educational attainment level, sex, age and degree of urbanisation (%)"
edat_lfs_9914.csv,"Population aged 15-34 by educational attainment level, sex, age and programme orientation (%)"
edat_lfs_9915.csv,"Population by educational attainment level, sex, age, country of birth and degree of urbanisation (%)"
edat_lfs_9916.csv,"Population by educational attainment level, sex, age, citizenship and degree of urbanisation (%)"
edat_lfs_9917.csv,"Population by educational attainment level, sex, age, country of birth and NUTS 2 regions (%)"
edat_lfs_9918.csv,"Population by educational attainment level, sex, age, citizenship and NUTS 2 regions (%)"
edat_lfs_9919.csv,"Population aged 20-34 with work experience while studying by sex, age, educational attainment level and years since completion of highest level of education"
edat_lfs_9920.csv,"Population by educational attainment level, sex, age and level of disability (activity limitation) (%)"
edat_lfse_01$dv_1866.csv,Early leavers from education and training by sex and citizenship
edat_lfse_01.csv,Early leavers from education and training by sex and citizenship
edat_lfse_02$dv_1868.csv,Early leavers from education and training by sex and country of birth
edat_lfse_02.csv,Early leavers from education and training by sex and country of birth
edat_lfse_03$dv_1701.csv,"Population by educational attainment level, sex and age (%) - main indicators"
edat_lfse_03$dv_598.csv,"Population by educational attainment level, sex and age (%) - main indicators"
edat_lfse_03.csv,"Population by educational attainment level, sex and age (%) - main indicators"
edat_lfse_04.csv,"Population by educational attainment level, sex and NUTS 2 regions (%)"
edat_lfse_14$dv_1864.csv,Early leavers from education and training by sex and labour status
edat_lfse_14$dv_356.csv,Early leavers from education and training by sex and labour status
edat_lfse_14.csv,Early leavers from education and training by sex and labour status
edat_lfse_15.csv,Early leavers from formal education by sex and labour status
edat_lfse_16.csv,Early leavers from education and training by sex and NUTS 2 regions
edat_lfse_17.csv,Population aged 15-34 by sex and age (1 000)
edat_lfse_18.csv,"Participation rate of young people in education and training by sex, age and labour status (incl. NEET rates)"
edat_lfse_19.csv,"Participation rate of young people in formal education by sex, age and labour status"
edat_lfse_20$dv_1101.csv,"Young people neither in employment nor in education and training by sex, age and labour status (NEET rates)"
edat_lfse_20$dv_1807.csv,"Young people neither in employment nor in education and training by sex, age and labour status (NEET rates)"
edat_lfse_20.csv,"Young people neither in employment nor in education and training by sex, age and labour status (NEET rates)"
edat_lfse_21.csv,"Young people neither in employment nor in education and training by sex, age and educational attainment level (NEET rates)"
edat_lfse_22.csv,Young people neither in employment nor in education and training by sex and NUTS 2 regions (NEET rates)
edat_lfse_23$dv_1844.csv,"Young people neither in employment nor in education and training by sex, age and citizenship (NEET rates)"
edat_lfse_23.csv,"Young people neither in employment nor in education and training by sex, age and citizenship (NEET rates)"
edat_lfse_24.csv,"Employment rates of young people not in education and training by sex, educational attainment level and years since completion of highest level of education"
edat_lfse_25.csv,"Unemployment rates of young people not in education and training by sex, educational attainment level and years since completion of highest level of education"
edat_lfse_26.csv,"Activity rates of young people not in education and training by sex, educational attainment level and years since completion of highest level of education"
edat_lfse_27.csv,"Inactivity rates of young people not in education and training by sex, educational attainment level and years since completion of highest level of education"
edat_lfse_28$dv_1849.csv,"Young people neither in employment nor in education and training by sex, age and country of birth (NEET rates)"
edat_lfse_28.csv,"Young people neither in employment nor in education and training by sex, age and country of birth (NEET rates)"
edat_lfse_29.csv,"Young people neither in employment nor in education and training by sex, age and degree of urbanisation (NEET rates)"
edat_lfse_30.csv,Early leavers from education and training by sex and degree of urbanisation
edat_lfse_31.csv,"Employment rates of young people not in education and training by sex, educational attainment level, years since completion of highest level of education and citizenship"
edat_lfse_32.csv,"Employment rates of young people not in education and training by sex, educational attainment level, years since completion of highest level of education and country of birth"
edat_lfse_33.csv,"Employment rates of young people not in education and training by sex, educational attainment level, years since completion of highest level of education and NUTS 2 regions"
edat_lfse_34.csv,"Employment rates of young people not in education and training by sex, educational attainment level, years since completion of highest level of education and degree of urbanisation"
edat_lfse_35.csv,"Young people neither in employment nor in education and training by sex, age, country of birth and degree of urbanisation (NEET rates)"
edat_lfse_36.csv,"Young people neither in employment nor in education and training by sex, age, citizenship and degree of urbanisation (NEET rates)"
edat_lfse_37.csv,"Young people neither in employment nor in education and training by sex, age, country of birth and NUTS 2 regions (NEET rates)"
edat_lfse_38.csv,"Young people neither in employment nor in education and training by sex, age, citizenship and NUTS 2 regions (NEET rates)"
edat_lfse_39.csv,"Young people neither in employment nor in education and training by sex, age and level of disability (activity limitation)"
edat_lfse_40.csv,Early leavers from education and training by sex and level of disability (activity limitation)
edat_lfso_00t1.csv,Youth transitions from education to working life in Europe (in number of months)
edat_lfso_00t2.csv,Employed in service sector and occupational status of recent school-leavers
edat_lfso_00t3.csv,"Young people's social origin, educational attainment level and labour outcomes in Europe"
edat_lfso_00t4.csv,Parents educational attainment level
edat_lfso_00t5.csv,Job mismatches and their labour market effects among school-leavers in Europe
edat_lfso_09t1.csv,Average age when leaving formal education by sex and educational attainment level for persons who left within the last 3 or 5 years
edat_lfso_09t2.csv,"Average time between leaving formal education and starting the first job by age, sex and educational attainment level for persons who left within the last 3 or 5 years - (months)"
edat_lfso_09t3.csv,"Employment rates by age, sex, educational attainment level and number of years after leaving formal education"
educ_enrl1ad.csv,"Students by ISCED level, study intensity and sex"
educ_enrl1at.csv,"Students by ISCED level, type of institution and study intensity"
educ_enrl1tl.csv,"Students by ISCED level, age and sex"
educ_enrl5.csv,Tertiary students (ISCED 5-6) by field of education and sex
educ_enrl6.csv,"Tertiary students (ISCED 5-6) non-citizens, non-residents by field of education"
educ_enrl8.csv,Tertiary students (ISCED 5-6) by country of citizenship
educ_enrllng1.csv,Students in ISCED 1-3 by modern foreign language studied
educ_enrllng2.csv,Students in ISCED 1-3 by number of modern foreign languages studied
educ_entr2tl.csv,New entrants to ISCED 3 to 6 by age and sex
educ_fiabs.csv,Expenditure on education in current prices
educ_fiaid.csv,Financial aid to students
educ_fiexpc.csv,Expenditure on education in constant prices
educ_fifunds.csv,Funding of education
educ_figdp.csv,Expenditure on education as % of GDP or public expenditure
educ_fipubin.csv,Expenditure on public educational institutions
educ_fitotin.csv,Expenditure on public and private educational institutions
educ_grad2.csv,Graduates in ISCED 3 and 4 by age and sex
educ_grad4.csv,Graduates in ISCED 5 and 6 by age and sex
educ_grad5.csv,Graduations in ISCED 3 to 6 by field of education and sex
educ_igen.csv,Context
educ_ilang.csv,Language learning
educ_ilev.csv,Distribution of pupils/ students by level
educ_ipart$dv_437.csv,Participation/ enrolment in education (ISCED 0-4)
educ_ipart.csv,Participation/ enrolment in education (ISCED 0-4)
educ_ipart_s.csv,Participation/ enrolment in education by sex
educ_iste.csv,Pupil/ student - teacher ratio and average class size (ISCED 1-3)
educ_iteach.csv,Teaching staff
educ_itertc.csv,Tertiary education graduates
educ_itertp.csv,Tertiary education participation
educ_mofo_dst.csv,Foreign students by level of education and country of destination
educ_mofo_fld.csv,Foreign students by level and field of education
educ_mofo_gen.csv,Foreign students by level of education and sex
educ_mofo_grd.csv,Foreign graduates by level of education and sex
educ_mofo_orig.csv,Foreign students by level of education and country of origin
educ_momo_dst.csv,Students going abroad by level of education and destination
educ_momo_fld.csv,Students from abroad by level and field of education
educ_momo_gen.csv,Students from abroad by level of education and sex
educ_momo_grd.csv,Graduates from abroad by level of education and sex
educ_momo_orig.csv,Students from abroad by level of education and origin
educ_outc_pisa.csv,"Low achieving 15-year-olds in reading, mathematics or science by sex"
educ_pers1d.csv,Teachers (ISCED 0-4) and academic staff (ISCED 5-6) by age and sex
educ_pers1t.csv,Teachers (ISCED 0-4) and academic staff (ISCED 5-6) by employment status and sex
educ_regind.csv,Education indicators by NUTS 2 regions
educ_renrlrg1.csv,"Students by level of education, orientation, sex and NUTS 2 regions"
educ_renrlrg3.csv,"Students by age, sex and NUTS 2 regions"
educ_uoe_enra01.csv,"Pupils and students enrolled by education level, sex, type of institution and intensity of participation"
educ_uoe_enra02.csv,"Pupils and students enrolled by education level, sex and age"
educ_uoe_enra03.csv,"Pupils and students enrolled by education level, sex and field of education"
educ_uoe_enra04.csv,Pupils and students by education level - as % of total age population
educ_uoe_enra05$dv_441.csv,Pupils and students in education by age groups - as % of corresponding age population
educ_uoe_enra05.csv,Pupils and students in education by age groups - as % of corresponding age population
educ_uoe_enra06.csv,Pupils and students in education aged 30 and over - per 1000 of corresponding age population
educ_uoe_enra07.csv,Expected school years of pupils and students by education level
educ_uoe_enra08.csv,Students in post-compulsory education - as % of the total population of post-compulsory school age
educ_uoe_enra09.csv,Students participation at the end of compulsory education - as % of the corresponding age population
educ_uoe_enra10.csv,"Pupils from age 4 to the starting age of compulsory education at primary level, by sex - as % of the population of the corresponding age group"
educ_uoe_enra11.csv,"Pupils and students enrolled by education level, sex and NUTS2 regions"
educ_uoe_enra12.csv,"Pupils and students enrolled by sex, age and NUTS2 regions"
educ_uoe_enra13.csv,Distribution of pupils and students enrolled in general and vocational programmes by education level and NUTS2 regions
educ_uoe_enra14.csv,Participation rates of selected age groups in education at regional level
educ_uoe_enra15.csv,Participation rates in selected education levels at regional level
educ_uoe_enra16.csv,"Pupils and students enrolled by education level, programme orientation, completion and sex"
educ_uoe_enra17.csv,Pupils from age 4 to the starting age of compulsory education at primary level by NUTS2 regions - % of the population of the corresponding age
educ_uoe_enra18.csv,Pupils from age 5 to the starting age of compulsory education at primary level by sex - % of the population of the corresponding age
educ_uoe_enra19.csv,"Pupils aged 4 years old, by sex - as % of the population of the corresponding age group"
educ_uoe_enra20.csv,"Pupils aged 3 years old, by sex - as % of the population of the corresponding age group"
educ_uoe_enra21.csv,Pupils from age 3 to the starting age of compulsory education at primary level by sex - % of the population of the corresponding age
educ_uoe_enra22.csv,Pupils from age 3 to the starting age of compulsory education at primary level by NUTS2 regions - % of the population of the corresponding age
educ_uoe_enra23.csv,Pupils from age 0 to the starting age of compulsory education at primary level by sex - % of the population of the corresponding age
educ_uoe_enra24.csv,"Students enrolled in formal non-tertiary adult education by education level, sex and age group"
educ_uoe_enra25.csv,Pupils under the age of 3 by sex - as % of the population of the corresponding age
educ_uoe_enra27.csv,Out-of-school rate by sex and age - as % of the population of the corresponding age
educ_uoe_enra28.csv,"Out-of-school rate in population of lower secondary school age, by sex"
educ_uoe_enra29.csv,"Out-of-school rate in population of upper secondary school age, by sex"
educ_uoe_enra30.csv,Distribution of students at education level and programme orientation by sex and field of education
educ_uoe_enra31.csv,Students enrolled in STEM education fields - per thousand of population aged 20-29
educ_uoe_enrp01.csv,"Pupils enrolled in early childhood education by sex, type of institution and intensity of participation"
educ_uoe_enrp02.csv,Pupils enrolled in early childhood education by sex and age
educ_uoe_enrp03.csv,Pupils enrolled in early childhood education by sex and NUTS2 regions
educ_uoe_enrp04.csv,"Pupils enrolled in primary education by sex, type of institution and intensity of participation"
educ_uoe_enrp05.csv,Pupils enrolled in primary education by sex and age
educ_uoe_enrp06.csv,Pupils enrolled in primary education by sex and NUTS2 regions
educ_uoe_enrp07.csv,Pupils in early childhood and primary education by education level and age - as % of corresponding age population
educ_uoe_enrs01.csv,"Pupils enrolled in lower-secondary education by programme orientation, sex, type of institution and intensity of participation"
educ_uoe_enrs02.csv,"Pupils enrolled in lower-secondary education by programme orientation, sex and age"
educ_uoe_enrs03.csv,"Pupils enrolled in lower-secondary education by programme orientation, sex and NUTS2 regions"
educ_uoe_enrs04.csv,"Pupils enrolled in upper secondary education by programme orientation, sex, type of institution and intensity of participation"
educ_uoe_enrs05$dv_2144.csv,"Pupils enrolled in upper-secondary education by programme orientation, sex and age"
educ_uoe_enrs05.csv,"Pupils enrolled in upper-secondary education by programme orientation, sex and age"
educ_uoe_enrs06.csv,"Pupils enrolled in upper secondary education by programme orientation, sex and NUTS2 regions"
educ_uoe_enrs07.csv,"Pupils enrolled in post-secondary non-tertiary education by programme orientation, sex, type of institution and intensity of participation"
educ_uoe_enrs08.csv,"Pupils enrolled in post-secondary non-tertiary education by programme orientation, sex and age"
educ_uoe_enrs09.csv,"Pupils enrolled in post-secondary non-tertiary education by programme orientation, sex and NUTS2 regions"
educ_uoe_enrs10.csv,"Pupils enrolled in vocational upper secondary and post-secondary non-tertiary education by education level, sex and field of education"
educ_uoe_enrt01.csv,"Students enrolled in tertiary education by education level, programme orientation, sex, type of institution and intensity of participation"
educ_uoe_enrt02.csv,"Students enrolled in tertiary education by education level, programme orientation, sex and age"
educ_uoe_enrt03$dv_1705.csv,"Students enrolled in tertiary education by education level, programme orientation, sex and field of education"
educ_uoe_enrt03$dv_442.csv,"Students enrolled in tertiary education by education level, programme orientation, sex and field of education"
educ_uoe_enrt03.csv,"Students enrolled in tertiary education by education level, programme orientation, sex and field of education"
educ_uoe_enrt04.csv,Distribution of students enrolled at tertiary education levels by sex and field of education
educ_uoe_enrt05.csv,Ratio of the proportion of tertiary students over the proportion of the population by NUTS1 and NUTS2 regions
educ_uoe_enrt06.csv,"Students enrolled in tertiary education by education level, programme orientation, sex and NUTS2 regions"
educ_uoe_enrt07.csv,Students in tertiary education by age groups - as % of corresponding age population
educ_uoe_enrt08.csv,Students in tertiary education - as % of 20-24 years old in the population
educ_uoe_ent01.csv,"New entrants by education level, programme orientation, sex and age"
educ_uoe_ent02.csv,"New entrants by education level, programme orientation, sex and field of education"
educ_uoe_ent03.csv,Distribution of new entrants at education level and programme orientation by sex and field of education
educ_uoe_fina01.csv,Financial aid to students by education level - as % of total public expenditure
educ_uoe_fine01.csv,"Total educational expenditure by education level, programme orientation and type of source"
educ_uoe_fine02.csv,"Public educational expenditure by education level, programme orientation, type of source and expenditure category"
educ_uoe_fine03.csv,"Private educational expenditure by education level, programme orientation, type of source and expenditure category"
educ_uoe_fine04.csv,"Public expenditure on education in current prices, by education level and programme orientation"
educ_uoe_fine06.csv,Public expenditure on education by education level and programme orientation - as % of GDP
educ_uoe_fine07.csv,Public subsidies to the private sector by education level and programme orientation
educ_uoe_fine08.csv,Public expenditure on education by education level and programme orientation - as % of public expenditure or % of GNI
educ_uoe_fine09.csv,Public expenditure on education per pupil/student based on FTE by education level and programme orientation
educ_uoe_fine10.csv,Pupils and students enrolled by education level and programme orientation with coverage adjusted to statistics on educational finance and aligned to financial year
educ_uoe_finf01.csv,"Funding of education by education level, programme orientation and recipient of funding"
educ_uoe_finf02.csv,"Funding of vocational education by education level, type of source and recipient of funding"
educ_uoe_fini01.csv,"Expenditure of the educational institutions by education level, programme orientation, type of institution and expenditure category"
educ_uoe_fini02.csv,"Expenditure of the educational institutions on vocational education by education level, programme orientation, type of institution and expenditure category"
educ_uoe_fini03.csv,Expenditure on educational institutions by education level and programme orientation
educ_uoe_fini04.csv,"Annual expenditure on educational institutions per pupil/student based on FTE, by education level and programme orientation"
educ_uoe_fini05.csv,Expenditure on public educational institutions - as % of total or current expenditure
educ_uoe_fini06.csv,"Ratio of annual expenditure per student at the tertiary level and primary level of education, in public educational institutions"
educ_uoe_grad01.csv,"Graduates by education level, programme orientation, completion, sex and age"
educ_uoe_grad02$dv_1704.csv,"Graduates by education level, programme orientation, sex and field of education"
educ_uoe_grad02$dv_443.csv,"Graduates by education level, programme orientation, sex and field of education"
educ_uoe_grad02.csv,"Graduates by education level, programme orientation, sex and field of education"
educ_uoe_grad03.csv,Distribution of graduates at education level and programme orientation by sex and field of education
educ_uoe_grad04.csv,"Graduates in tertiary education, in science, math., computing, engineering, manufacturing, construction, by sex - per 1000 of population aged 20-29"
educ_uoe_grad05.csv,Graduates in tertiary education by age groups - per 1000 of population aged 20-29
educ_uoe_grad06.csv,Graduates at doctoral level by sex and age groups - per 1000 of population aged 25-34
educ_uoe_grad07.csv,"Graduates at doctoral level, in science, math., computing, engineering, manufacturing, construction, by sex - per 1000 of population aged 25-34"
educ_uoe_grad08.csv,"First-time graduates by education level, sex and age group"
educ_uoe_grad09.csv,Graduates in tertiary education by education level – women per 100 men
educ_uoe_grad10.csv,"Distribution of male and female graduates in different fields of education, by education level and programme orientation"
educ_uoe_lang01.csv,Pupils by education level and modern foreign language studied - absolute numbers and % of pupils by language studied
educ_uoe_lang02$dv_2181.csv,"Pupils by education level, age and number of modern foreign languages studied - absolute numbers and % of pupils by number of languages studied"
educ_uoe_lang02.csv,"Pupils by education level, age and number of modern foreign languages studied - absolute numbers and % of pupils by number of languages studied"
educ_uoe_lang03.csv,Average number of foreign languages studied per pupil by education level
educ_uoe_mobc01.csv,"Credit mobile graduates (at least 3 months abroad) by education level, type of mobility scheme, type of mobility and sex"
educ_uoe_mobc02.csv,"Credit mobile graduates (at least 3 months abroad) by education level, country of destination, type of mobility and sex"
educ_uoe_mobc03.csv,"Credit mobile graduates (less than 3 months abroad) by education level, country of destination, type of mobility and sex"
educ_uoe_mobg01.csv,"Degree mobile graduates from abroad by education level, sex and field of education"
educ_uoe_mobg02.csv,"Degree mobile graduates from abroad by education level, sex and country of origin"
educ_uoe_mobg03.csv,"Share of degree mobile graduates from abroad by education level, sex and country of origin"
educ_uoe_mobg04.csv,Distribution of degree mobile graduates from abroad at education level by sex and field of education
educ_uoe_mobs01$dv_1805.csv,"Mobile students from abroad enrolled by education level, sex and field of education"
educ_uoe_mobs01$dv_445.csv,"Mobile students from abroad enrolled by education level, sex and field of education"
educ_uoe_mobs01.csv,"Mobile students from abroad enrolled by education level, sex and field of education"
educ_uoe_mobs02.csv,"Mobile students from abroad enrolled by education level, sex and country of origin"
educ_uoe_mobs03$dv_1126.csv,"Share of mobile students from abroad enrolled by education level, sex and country of origin"
educ_uoe_mobs03.csv,"Share of mobile students from abroad enrolled by education level, sex and country of origin"
educ_uoe_mobs04.csv,Distribution of mobile students from abroad enrolled at education level by sex and field of education
educ_uoe_mobs06.csv,Distribution of mobile students from abroad with EU and non-EU country of origin by education level and sex
educ_uoe_perd01.csv,Distribution of teachers at education level and programme orientation by age groups
educ_uoe_perd02.csv,Distribution of academic staff at education level by age groups
educ_uoe_perd03.csv,"Female teachers - as % of all teachers, by education level"
educ_uoe_perd04.csv,"Female school-management personnel - as % of total school-management personnel, by education level"
educ_uoe_perd05.csv,"Teachers working part-time - as % of all teachers, by education level"
educ_uoe_perp01.csv,"Classroom teachers and academic staff by education level, programme orientation, sex and age groups"
educ_uoe_perp02.csv,"Classroom teachers and academic staff by education level, programme orientation, sex, type of institution and employment status"
educ_uoe_perp03.csv,"Classroom teachers working full-time and part-time in primary, lower-secondary and upper-secondary education - as % of total active population"
educ_uoe_perp04.csv,Ratio of pupils and students to teachers and academic staff by education level and programme orientation
educ_uoe_perp05.csv,Ratio of pupils to teachers and teacher aides by education level and programme orientation
ef_ah_bovine.csv,"Animal housing by type of bovine, utilised agricultural area, size classes of livestock units and NUTS 2 regions"
ef_ah_pigs.csv,"Animal housing by type of pigs, utilised agricultural area, size classes of livestock units and NUTS 2 regions"
ef_ah_poultry.csv,"Animal housing by type of poultry, utilised agricultural area, size classes of livestock units and NUTS 2 regions"
ef_alarableaa.csv,Arable crops: number of farms and areas of different arable crops by agricultural size of farm (UAA) and size of arable area
ef_alarableecs.csv,Arable crops: number of farms and areas of different arable crops by economic size of farm (SO in Euro) and size of arable area
ef_albarley.csv,Barley: number of farms and areas by agricultural size of farm (UAA) and size of barley area
ef_alcereal.csv,Cereals: number of farms and areas by agricultural size of farm (UAA) and size of cereal area
ef_alflower.csv,Flowers and ornamental plants: number of farms and areas by agricultural size of farm (UAA)
ef_alindcrop.csv,Industrial crops: number of farms and areas by agricultural size of farm (UAA) and size of industrial crop area
ef_almaize.csv,Grain maize: number of farms and areas by agricultural size of farm (UAA) and size of grain maize area
ef_alpotato.csv,Potatoes: number of farms and area by agricultural size of farm (UAA) and size of potato area
ef_alsbeet.csv,Sugar beet: number of farms and areas by agricultural size of farm (UAA) and size of sugar beet area
ef_alvege.csv,"Vegetables, melons, strawberries: number of farms and areas by agricultural size of farm (UAA) and size of vegetable, melon and strawberry outdoor area"
ef_alwheat.csv,Common wheat: number of farms and areas by agricultural size of farm (UAA) and size of common wheat area
ef_kvaareg.csv,"Key farm variables: area, livestock (LSU), labour force and standard output (SO) by agricultural size of farm (UAA), legal status of holding and NUTS 2 regions"
ef_kvage.csv,"Key farm variables: area, livestock (LSU), labour force and standard output (SO) by agricultural size of farm (UAA) and age of manager"
ef_kvecsleg.csv,"Key variables: area, livestock (LSU), labour force and standard output (SO) by economic size of farm (SO in Euro), legal status of holding and NUTS 2 regions"
ef_kvftaa.csv,"Key variables: area, livestock (LSU), labour force and standard output (SO) by type of farming (2-digit) and agricultural size of farm (UAA)"
ef_kvftecs.csv,"Key variables: area, livestock (LSU), labour force and standard output (SO) by type of farming (2-digit) and economic size of farm (SO in Euro)"
ef_kvftreg.csv,"Key variables: area, livestock (LSU), labour force and standard output (SO) by type of farming (2-digit) and NUTS 2 regions"
ef_lac_cereals.csv,Cereals by NUTS 2 regions
ef_lac_dpuls.csv,Dried crop pulses by NUTS 2 regions
ef_lac_flower.csv,Flowers and ornamental plants by NUTS 2 regions
ef_lac_greenfal.csv,Plants harvested green and fallow land by NUTS 2 regions
ef_lac_indus.csv,Industrial crops by NUTS 2 regions
ef_lac_main.csv,Main crops by NUTS 2 regions
ef_lac_rootcrop.csv,Root crops by NUTS 2 regions
ef_lac_vege.csv,Vegetables by NUTS 2 regions
ef_lf_fam_sh.csv,Share of family farms by NUTS 2 regions
ef_lf_leg.csv,"Agricultural labour force by legal entity, work status, sex of worker, economic size of the agricultural holding and NUTS 2 regions"
ef_lf_main.csv,"Main agricultural labour force by age and sex of the farm manager, farm type of the agricultural holding and NUTS 2 regions"
ef_lf_size.csv,Agricultural labour force by size of the farm and NUTS 2 regions
ef_lflegaa.csv,"Labour force categories: number of persons and farm work (AWU) by sex of worker, legal satus of holding and agricultural size of farm (UAA)"
ef_lflegecs.csv,Labour force categories: number of persons and farm work (AWU) by legal status of holding and economic size of farm (SO in Euro)
ef_lfwtime.csv,Labour force categories: number of persons and farm work (AWU) in the holding by working time (% AWU) and agricultural size of farm (UAA)
ef_lpc_fruit.csv,Fruit and berries
ef_lpc_main.csv,Main permanent crops farm
ef_lpc_olive.csv,Olive plantations
ef_lpc_vineyd.csv,Vineyards
ef_ls_gvbroiler.csv,Poultry: number of farms and heads by size of farm (UAA) and size of broiler flock
ef_ls_gvlayhen.csv,Poultry: number of farms and heads by size of farm (UAA) and size of laying hen flock
ef_ls_gvopig.csv,Pigs: number of farms and heads by size of farm (UAA) and size of other pig herd
ef_ls_gvsows.csv,Pigs: number of farms and heads by size of farm (UAA) and size of breeding sow herd
ef_ls_gzcatl.csv,Cattle: number of farms and heads by size of farm (UAA) and size of cattle herd
ef_ls_gzcatllsu.csv,Cattle: number of farms and heads by size of farm (UAA) and livestock units (LSU) of farm
ef_ls_gzdcow.csv,Dairy cows: number of farms and heads by size of farm (UAA) and size of dairy herd
ef_ls_gzforage.csv,Fodder crops: number of farms and areas by size of farm (UAA) and size of fodder crops area
ef_ls_gzgoat.csv,Goats: number of farms and heads by size of farm (UAA) and size of goat herd
ef_ls_gzocow.csv,Other cows: number of farms and heads by size of farm (UAA) and size of other cow herd
ef_ls_gzsheep.csv,Sheep: number of farms and heads by size of farm (UAA) and size of sheep flock
ef_ls_ovaareg.csv,Livestock: number of farms and heads by size of farm (UAA) and NUTS 2 regions
ef_ls_ovesu.csv,Livestock: number of farms and heads by economic size of farm (ESU) and NUTS 2 regions
ef_ls_ovlsureg.csv,Livestock: number of farms and heads by livestock units (LSU) of farm and NUTS 2 regions
ef_lsbroiaa.csv,Poultry: number of farms and heads by agricultural size of farm (UAA) and size of broiler flock
ef_lsbroiecs.csv,Poultry: number of farms and heads by economic size of farm (SO in Euro) and size of broiler flock
ef_lscatl.csv,Cattle: number of farms and heads and fodder crops by agricultural size of farm (UAA) and size of cattle herd
ef_lscatlaalsu.csv,Cattle: number of farms and heads and fodder crops by agricultural size of farm (UAA) and livestock units (LSU) of farm
ef_lscow.csv,Dairy cows: number of farms and heads and fodder crops by agricultural size of farm (UAA) and size of dairy herd
ef_lsfodderaa.csv,Fodder crops: number of farms and areas by agricultural size of farm (UAA) and size of fodder crops area
ef_lsgoat.csv,Goats: number of farms and heads and fodder crops by agricultural size of farm (UAA) and size of goat herd
ef_lsk_bovine.csv,"Bovine types by utilised agricultural area and share of fodder area, size classes of livestock and NUTS 2 regions"
ef_lsk_goats.csv,"Goat types by utilised agricultural area and share of fodder area, size classes of livestock and NUTS 2 regions"
ef_lsk_main.csv,Main livestock indicators by NUTS 2 regions
ef_lsk_org.csv,"Organic animal farming by utilised agricultural area, livestock unit, economic size of the farm and NUTS 2 regions"
ef_lsk_pigs.csv,"Pig types by utilised agricultural area, size classes of livestock and NUTS 2 regions"
ef_lsk_poultry.csv,"Poultry types by utilised agricultural area, size classes of livestock and NUTS 2 regions"
ef_lsk_sheep.csv,"Sheep types by utilised agricultural area and share of fodder area, size classes of livestock and NUTS 2 regions"
ef_lslayhenaa.csv,Laying hens: number of farms and heads of poultry by agricultural size of farm (UAA) and size of laying hen flock
ef_lslayhenecs.csv,Laying hens: number of farms and heads by economic size of farm (SO in Euro) and size of laying hen flock
ef_lsothercow.csv,Other cows: number of farms and heads and fodder crops by agricultural size of farm (UAA) and size of other cow herd
ef_lspigaa.csv,Pigs: number of farms and heads by agricultural size of farm (UAA) and size of pig herd
ef_lspigecs.csv,Pigs: number of farms and heads by economic size of farm (SO in Euro) and size of pig herd
ef_lssheep.csv,Sheep: number of farms and heads and fodder crops by agricultural size of farm (UAA) and size of sheep flock
ef_lssowsaa.csv,Pigs-sows: number of farms and heads by agricultural size of farm (UAA) and size of breeding sow herd
ef_lssowsecs.csv,Pigs-sows: number of farms and heads by economic size of farm (SO in Euro) and size of breeding sow herd
ef_lu_alarable.csv,Arable crops: number of farms and areas by size of farm (UAA) and size of arable area
ef_lu_albarley.csv,Barley: number of farms and area by size of farm (UAA) and size of barley area
ef_lu_alcereal.csv,"Cereals: number of farms, areas and combine harvestors by size of farm (UAA) and size of cereal area"
ef_lu_alflower.csv,Flowers and ornamental plants: number of farms and areas by size of farm (UAA) and size of flower and ornamental plant area
ef_lu_aliplant.csv,Industrial plants: number of farms and areas by size of farm (UAA) and size of industrial plant area
ef_lu_almaize.csv,Grain maize: number of farms and area by size of farm (UAA) and size of grain maize area
ef_lu_alpotat.csv,Potatoes: number of farms and area by size of farm (UAA) and size of potato area
ef_lu_alsbeet.csv,Sugar beet: number of farms and area by size of farm (UAA) and size of sugar beet area
ef_lu_alvegglas.csv,"Vegetables, melons, strawberries and greenhouses: number of farms and areas by size of farm (UAA) and size of vegetable, melon and strawberry area under glass"
ef_lu_alvegout.csv,"Vegetables, melons, strawberries and greenhouses: number of farms and areas by size of farm (UAA) and size of vegetable, melon and strawberry outdoor area"
ef_lu_alwheat.csv,Common wheat: number of farms and area by size of farm (UAA) and size of common wheat area
ef_lu_ofglass.csv,Crops under glass: number of farms and areas by size of farm (UAA) and size of crops under glass area
ef_lu_ofgrass.csv,Permanent grassland: number of farms and areas by size of farm (UAA) and size of permanent grassland area
ef_lu_ofirrig.csv,"Irrigation: number of farms, areas and equipment by size of farm (UAA) and NUTS 2 regions"
ef_lu_ofsetasid.csv,Fallow land and set-aside land: number of farms and areas by size of farm (UAA) and size of arable area
ef_lu_ofwood.csv,Other land: number of farms and areas by size of farm (UAA) and size of wooded area
ef_lu_ovcropaa.csv,Farmland: number of farms and areas by size of farm (UAA) and NUTS 2 regions
ef_lu_ovcropesu.csv,Farmland: number of farms and areas by economic size of farm (ESU) and NUTS 2 regions
ef_lu_pcfruit.csv,Fruit and berry plantations: number of farms and areas by size of farm (UAA) and size of fruit and berry plantation area
ef_lu_pcgeo.csv,Permanent crops: number of farms and areas by size of farm (UAA) and size of permanent crop area
ef_lu_pcolive.csv,Olive plantations: number of farms and areas by size of farm (UAA) and size of olive plantation area
ef_lu_pcreg.csv,"Permanent crops: number of farms and areas by size of farm (UAA), size of permanent crop area and NUTS 2 regions"
ef_lu_pcvine.csv,Vineyards: number of farms and areas by size of farm (UAA) and size of vineyard area
ef_lus_allcrops.csv,"Farms and hectares by type of crops, utilised agricultural area, economic size and NUTS 2 regions"
ef_lus_main.csv,Main farm land use by NUTS 2 regions
ef_lus_org.csv,"Organic crops by utilised agricultural area, economic size of the farm and NUTS 2 regions"
ef_lus_pegrass.csv,"Permanent grassland by area of the crop, utilised agricultural area, economic size and NUTS 2 regions"
ef_lus_sparea.csv,Special areas and other farmland by NUTS 2 regions
ef_lus_unglass.csv,Under glass by NUTS 2 regions
ef_m_age_sh.csv,Share of holdings by age of farm managers and NUTS 2 regions
ef_m_farmang$dv_1848.csv,"Farm indicators by age and sex of the manager, economic size of the farm, utilised agricultural area and NUTS 2 region"
ef_m_farmang.csv,"Farm indicators by age and sex of the manager, economic size of the farm, utilised agricultural area and NUTS 2 region"
ef_m_farmleg.csv,"Farm indicators by legal status of the holding, utilised agricultural area, type and economic size of the farm and NUTS 2 region"
ef_m_org.csv,"Main farm indicators by organic farming, utilised agricultural area, economic size, farm type of agricultural holding and NUTS 2"
ef_m_sex_sh.csv,Share of holdings by sex of farm managers and NUTS 2 regions
ef_m_so_sh.csv,Share of holdings by economic size classes and NUTS 2 regions
ef_mp_irri.csv,Irrigation of agricultural holdings
ef_mp_manleg.csv,Agricultural holdings by legal form of the management
ef_mp_manorg.csv,"Organic farming by age, sex and training of farm manager"
ef_mp_prac.csv,Agricultural practices
ef_mp_soil.csv,Soil cover by NUTS2 regions
ef_mp_tenure.csv,"Tenure of agricultural holdings by utilised agricultural area, sex and age of farm manager"
ef_mp_training.csv,"Agricultural holdings and utilised agricultural area by training, age and sex of farm managers"
ef_mp_training_sh.csv,Share of holdings by training of farm manager and NUTS 2 regions
ef_mp_voctraining.csv,"Agricultural holding and utilised agricultural area by vocational training, sex and age of farm managers"
ef_mpequip.csv,Farm equipment: agricultural area and number of farms with different type of equipment by agricultural size of farm (UAA)
ef_mpmachine.csv,Farm machinery: number of farms and machines by size of farm (UAA)
ef_mpmanaa.csv,"Holder-manager relationship: area, livestock, labour force and standard output (SO) by agricultural size of farm (UAA)"
ef_mporganic.csv,"Organic farming: number of farms, areas with different crops and heads of different types of animals by agricultural size of farm (UAA) and NUTS 2 regions"
ef_mptenure.csv,Type of tenure: number of farms and areas by agricultural size of farm (UAA) and NUTS 2 regions
ef_mptenurecs.csv,Type of tenure: number of farms and areas by economic size of farm (SO in Euro) and NUTS 2 regions
ef_mptrainecs.csv,"Agricultural training of farm managers: number of farms, agricultural area, labour force, standard output (SO) and livestock (LSU) by economic size of farm (SO in Euro)"
ef_mptrainman.csv,"Agricultural training of farm managers: number of farms, agricultural area, labour force and standard output (SO) by age and sex of the manager"
ef_oga_main.csv,"Farm indicators by other gainful activities related to the holder, utilized agricultural area, type and economic size of the farm and NUTS 2 regions"
ef_oga_rdsex.csv,Support for rural development by sex and age of the holder
ef_oga_rdsize.csv,"Support for rural development by legal status, size and farm typology"
ef_oga_type.csv,"Type of other gainful activities directly related to the agricultural holdings by age of the manager, utilised agricultural area, farm type and economic size by NUTS 2 regions"
ef_ogaaa.csv,"Other gainful activities (OGA) of the farm of sole holder: number of farms, agricultural area, standard output (SO) and livestock (LSU) by agricultural size of farm (UAA)"
ef_ogaage.csv,"Other gainful activities (OGA) of the farm of sole holder: number of farms, agricultural area, standard output (SO) and livestock (LSU) by age of holder"
ef_ogadsexage.csv,"Other gainful activities directly related to the holding: number of farms, agricultural area, standard output (SO) and livestock (LSU) by age and sex of holder"
ef_ogaecs.csv,"Other gainful activities (OGA) of the farm of sole holder: number of farms, agricultural area, standard output (SO) and livestock (LSU) by economic size of farm (SO in Euro)"
ef_ogaft.csv,"Other gainful activities (OGA) of the farm of sole holder: number of farms, agricultural area, standard output (SO) and livestock (LSU) by type of farming (1-digit)"
ef_ogardaa.csv,"Support for rural development: number of farms, agricultural area, standard output (SO) and livestock (LSU) by legal status of holding and agricultural size of farm (UAA)"
ef_ogardlegecs.csv,"Support for rural development: number of farms, agricultural area, standard output (SO) and livestock (LSU) by legal status and economic size of farm (SO in Euro)"
ef_ogardlegft.csv,"Support for rural development: number of farms, agricultural area, standard output (SO) and livestock (LSU) by legal status and type of farming (1-digit)"
ef_ogardsexage.csv,"Support for rural development: number of farms, agricultural area, standard output (SO) and livestock (LSU) by age and sex of holder"
ef_olfaa.csv,Labour force: number of persons and farm work (AWU) by agricultural size of farm (UAA)
ef_olfftecs.csv,Labour force: number of persons and farm work (AWU) by type of farming (2-digit) and economic size of farm (SO in Euro)
ef_olfreg.csv,Labour force: number of persons and farm work (AWU) by sex of workers and NUTS 2 regions
ef_olsaareg.csv,Livestock: number of farms and heads of animals of different types by agricultural size of farm (UAA) and NUTS 2 regions
ef_olsecsreg.csv,Livestock: number of farms and heads of animals by economic size of farm (SO in Euro) and NUTS 2 regions
ef_olslsuft.csv,Livestock: number of farms and heads of animals by type of farming (2-digit)
ef_olslsureg.csv,Livestock: number of farms and heads of animals by livestock units (LSU) of farm and NUTS 2 regions
ef_oluaareg.csv,Land use: number of farms and areas of different crops by agricultural size of farm (UAA) and NUTS 2 regions
ef_oluecsreg.csv,Land use: number of farms and areas of different crops by economic size of farm (SO in Euro) and NUTS 2 regions
ef_oluft.csv,Land use: number of farms and areas of different crops by type of farming (2-digit)
ef_ov_kvaa.csv,"Key variables by legal status of holding, size of farm (UAA) and NUTS 2 regions"
ef_ov_kvaaesu.csv,"Key variables by size of farm (UAA), economic size of farm (ESU) and LFA status"
ef_ov_kvage.csv,"Key variables by age of holder, size of farm (UAA) and LFA status"
ef_ov_kvesuft.csv,"Key variables by type of farming (1-digit), economic size of farm (ESU) and LFA status"
ef_ov_kvftaa.csv,Key variables by type of farming (2-digit) and size of farm (UAA)
ef_ov_kvftesu.csv,Key variables by type of farming (2-digit) and economic size of farm (ESU)
ef_ov_kvftob00.csv,"Key variables by type of farming (1-digit), economic size of farm (ESU) and objective zone 2000"
ef_ov_kvftob99.csv,"Key variables by type of farming (1-digit), economic size of farm (ESU) and objective zone 1999"
ef_ov_kvftreg.csv,Key variables by type of farming (2-digit) and NUTS 2 regions
ef_ov_lfft.csv,Labour force: number of persons and farm work (AWU) by type of farming (2-digit) and economic size of farm (ESU)
ef_ov_lfob00.csv,Labour force: number of persons and farm work (AWU) by size of farm (UAA) and objective zone 2000
ef_ov_lfob99.csv,Labour force: number of persons and farm work (AWU) by size of farm (UAA) and objective zone 1999
ef_ov_lfsum.csv,Labour force: number of persons and farm work (AWU) by size of farm (UAA) and LFA status
ef_ov_lsft.csv,"Livestock: number of farms, heads and LSU by type of farming (2-digit) and economic size of farm (ESU)"
ef_ov_lsob00.csv,Livestock: number of farms and heads by size of farm (UAA) and objective zone 2000
ef_ov_lsob99.csv,Livestock: number of farms and heads by size of farm (UAA) and objective zone 1999
ef_ov_lssum.csv,Livestock: number of farms and heads by size of farm (UAA) and LFA status
ef_ov_luft.csv,Land use: number of farms and areas by type of farming (2-digit) and economic size of farm (ESU)
ef_ov_luob00.csv,Land use: number of farms and areas by size of farm (UAA) and objective zone 2000
ef_ov_luob99.csv,Land use: number of farms and areas by size of farm (UAA) and objective zone 1999
ef_ov_lusum.csv,Land use: number of farms and areas by size of farm (UAA) and LFA status
ef_pofruit.csv,Fruit and berry plantations: number of farms and areas by agricultural size of farm (UAA) and size of fruit and berry plantation area
ef_poglass.csv,Crops under glass: number of farms and areas by agricultural size of farm (UAA) and size of crops under glass area
ef_pograss.csv,Permanent grassland: number of farms and areas by agricultural size of farm (UAA) and size of permanent grassland area
ef_poirrig.csv,"Irrigation: number of farms, areas and equipment by size of irrigated area and NUTS 2 regions"
ef_pomengmo.csv,"Mushrooms, energy crops, GMO: number of farms and areas by size of farm (UAA)"
ef_poolive.csv,Olive plantations: number of farms and areas by agricultural size of farm (UAA) and size of olive plantation area
ef_popermaa.csv,Permanent crops: number of farms and areas by agricultural size of farm (UAA) and size of permanent crop area
ef_popermecs.csv,Permanent crops: number of farms and areas by economic size of farm (SO in Euro) and size of permanent crop area
ef_popermreg.csv,Permanent crops: number of farms and areas by size of permanent crop area and NUTS 2 regions
ef_povine.csv,Vineyards: number of farms and areas by agricultural size of farm (UAA) and size of vineyard area
ef_powood.csv,Other land: number of farms and areas by agricultural size of farm (UAA)
ef_r_farm.csv,"Structure of agricultural holdings by eurofarm region, main indicators"
ef_r_nuts.csv,Structure of agricultural holdings by NUTS 3 regions - main indicators
ef_so_lfaa.csv,"Labour force: number of persons and farm work (AWU) by sex of worker, category of worker, legal status of holding, size of farm (UAA) and NUTS 2 regions"
ef_so_lfage.csv,"Labour force: number of persons and farm work (AWU) by age of worker, category of worker and size of farm (UAA)"
ef_so_lfesu.csv,"Labour force: number of persons and farm work (AWU) by sex of worker, category of worker, legal status of holding, economic size of farm (ESU) and NUTS 2 regions"
ef_so_lfsexage.csv,"Family labour force: number of persons and farm work (AWU) by sex of worker, age of worker and size of farm (UAA)"
ef_so_lfwtime.csv,"Labour force: number of persons and farm work (AWU) by working time (% AWU), category of worker and size of farm (UAA)"
ef_so_mplegper.csv,Holder-manager relationship: selected variables by size of farm (UAA)
ef_so_mpmachin.csv,Farm machinery: number of farms and machines by size of farm (UAA)
ef_so_mporg.csv,Organic farming: selected variables by size of farm (UAA) and NUTS 2 regions
ef_so_mptenure.csv,Type of tenure: number of farms and areas by size of farm (UAA) and NUTS 2 regions
ef_so_mptrain.csv,Agricultural training of farm managers: selected variables by economic size of farm (ESU)
ef_so_rdaa.csv,"Other activities on the holding: number of farms, agricultural area and economic size (ESU) by legal status of holding and size of farm (UAA)"
ef_so_rdft.csv,"Other activities on the holding: number of farms, agricultural area and economic size (ESU) by legal status of holding, type of farming (1-digit) and economic size of farm (ESU)"
ef_so_rdlfoga.csv,Family labour force with other gainful activity: number of persons by size of farm (UAA)
ef_so_rdoga.csv,"Other activities on the holding: number of farms, agricultural area and economic size (ESU) by legal status of holding and other gainful activity of sole-holder"
ef_so_rdsexage.csv,"Other activities on the holding: number of farms, agricultural area and economic size (ESU) by age of holder and sex of holder"
egi_co2_1.csv,EU CO2 emissions from the production and consumption (footprint) perspectives (FIGARO application)
egi_em1.csv,Employment in Foreign Controlled Enterprises
egi_em2.csv,Employment in Foreign Affiliates of Domestic Enterprises
egi_em3.csv,Share of employment in EU Member States supported by EU exports (FIGARO application)
egi_rd1.csv,Intra-mural Business Enterprise R&D Expenditures in Foreign Controlled Enterprises
egi_so1.csv,Enterprises sourcing abroad
egi_tr1.csv,Export to import ratio
egi_tr2.csv,Intermediate goods trade
egi_tr3.csv,Trade in goods with the top 5 partners
egi_tr4.csv,Intermediate services trade
egi_tr5.csv,Trade in services with the top 5 partners
egi_va1.csv,Value Added in Foreign Controlled Enterprises
egi_va2.csv,Share of value added in EU Member States supported by EU exports (FIGARO application)
egr_conc.csv,Concentration of multinational enterprise groups by NACE Rev.2 activity - experimental statistics
egr_emp.csv,Persons employed in multinational enterprise groups by size class - experimental statistics
egr_mne.csv,Multinational enterprise groups in EU-EFTA countries by controlling country - experimental statistics
egr_mne_empw.csv,"Multinational enterprise groups employment by controlling country group size class, NACE Rev. 2 activity and country of work - experimental statistics"
egr_mne_n2sc.csv,"Multinational enterprise groups in EU-EFTA countries by controlling country, size class and NACE Rev.2 activity - experimental statistics"
ei_bpm6ca_m.csv,Current account - monthly data
ei_bpm6ca_q.csv,Current account - quarterly data
ei_bpm6fa_m.csv,Financial account - monthly data
ei_bpm6fa_q.csv,Financial account - quarterly data
ei_bpm6iip_q.csv,International investment position - quarterly data
ei_bsbu_m_r2.csv,Construction - monthly data
ei_bsbu_q_r2.csv,Construction - quarterly data
ei_bsci_m_r2.csv,Euro-zone Business Climate Indicator - monthly data
ei_bsco_m.csv,Consumers - monthly data
ei_bsco_q.csv,Consumers - quarterly data
ei_bsee_m_r2.csv,Employment expectations indicator
ei_bsfs_m.csv,Financial services - monthly data
ei_bsfs_q.csv,Financial services - quarterly data
ei_bsin_m_r2.csv,Industry - monthly data
ei_bsin_q_r2.csv,Industry - quarterly data
ei_bsrt_m_r2.csv,Retail sale - monthly data
ei_bsse_m_r2.csv,Services - monthly data
ei_bsse_q_r2.csv,Services - quarterly data
ei_bssi_m_r2.csv,Sentiment indicators - monthly data
ei_cphi_m.csv,Harmonised index of consumer prices - monthly data
ei_etea_m.csv,Euro area international trade - monthly data
ei_eteu27_2020_m.csv,EU27 (from 2020) international trade - monthly data
ei_hppi_q.csv,House price index (2015 = 100) - quarterly data
ei_is_m_vtg.csv,Industrial production - monthly data - vintages from 2021 onwards
ei_is_m_vtgfix.csv,Industrial production - monthly data - vintages from 2001 to 2020
ei_isbr_m.csv,Construction growth rates by NACE Rev. 2 activity - monthly data
ei_isbu_m.csv,Construction index by NACE Rev. 2 activity - monthly data
ei_isbu_q.csv,Construction index by NACE Rev. 2 activity - quarterly data
ei_isen_m.csv,Energy - monthly data
ei_isin_m.csv,Industry index by NACE Rev. 2 activity - monthly data
ei_isind_q.csv,Industry index by NACE Rev. 2 activity - quarterly data
ei_isir_m.csv,Industry growth rates by NACE Rev. 2 activity - monthly data
ei_isppe_q.csv,Service producer prices growth rates - quarterly data
ei_isppi_q.csv,Service producer prices index - quarterly data
ei_isrr_m.csv,Retail trade growth rates by NACE Rev. 2 activity - monthly data
ei_isrt_m.csv,Retail trade index by NACE Rev. 2 activity - monthly data
ei_isrt_q.csv,Retail trade index by NACE Rev. 2 activity - quarterly data
ei_isse_q.csv,Turnover in services growth rates by NACE Rev. 2 activity - quarterly data
ei_isset_q.csv,Turnover in services index - quarterly data
ei_issp_m.csv,Production in services index by NACE Rev.2 activity - monthly data
ei_issp_q.csv,Production in services index by NACE Rev.2 activity - quarterly data
ei_isspr_m.csv,Production in services growth rates by NACE Rev.2 activity - monthly data
ei_lm_m_vtg.csv,Unemployment - monthly data - vintages from 2021 onwards
ei_lm_m_vtgfix.csv,Unemployment - monthly data - vintages from 2001 to 2020
ei_lmhr_m.csv,Unemployment rate (%) - monthly data
ei_lmhu_m.csv,Unemployment (1 000) - monthly data
ei_lmjv_q_r2.csv,Job vacancy rate - quarterly data
ei_lmlc_q.csv,"Labour cost index, nominal value - quarterly data"
ei_mfef_m.csv,Effective exchange rates indices - monthly data
ei_mfir_m.csv,Interest rates - monthly data
ei_mfrt_m.csv,Euro/Ecu exchange rates - monthly data
ei_na_q_vtg.csv,Gross domestic product (GDP) - quarterly  data - vintages based on ESA 2010
enpe_apro_cpnh1.csv,Crop production
enpe_apro_mt_ls.csv,Livestock
enpe_apro_mt_p.csv,Meat production
enpe_bop_c6_a.csv,Balance of payments
enpe_bop_iip6.csv,Gross external debt of the whole economy
enpe_bop_iip6_serv.csv,"Gross external debt of the whole economy, relative to exports of goods and services"
enpe_cpi.csv,Consumer price index
enpe_edat_lfse_03.csv,Population aged 30-34 who completed tertiary or equivalent education
enpe_edat_lfse_14.csv,Early leavers from education and training aged 18-24 by sex
enpe_educ_figdp.csv,Public expenditure on education
enpe_educ_uoe_enra02.csv,Pupils and students enrolled by education level
enpe_ef_lus_main.csv,Main farm land use
enpe_ext_bal.csv,Trade balance
enpe_ext_intro.csv,Share of European Neighbourhood Policy East Countries in European Union 27 trade
enpe_ext_sitc.csv,European Neighbourhood Policy East Countries trade in goods by SITC product group
enpe_fish_ca_main.csv,Fish catches
enpe_gov_10dd.csv,Government deficit/surplus and debt
enpe_hlth_exp.csv,Health care expenditure as a share of GDP
enpe_ilc_di11.csv,Income quintile share ratio - S80/S20
enpe_ilc_li01.csv,"Relative poverty threshold after social transfers, income per month"
enpe_ilc_li09.csv,"Proportion of persons at risk of relative poverty, before social transfers by sex"
enpe_irt_ld.csv,Loan and deposit one year interest rate
enpe_irt_lt_gby10.csv,Government bond yields - 10 years' maturity
enpe_irt_st.csv,Money market interest rates
enpe_isoc_ci_ifp_fu.csv,Frequency of internet use by individuals aged 16-74
enpe_isoc_ci_in_h.csv,Percentage of households having internet access at home
enpe_lfsa_argaed.csv,Activity rates by sex and age
enpe_lfsa_ergan.csv,Employment and employment rates 20-64 years old by sex
enpe_lfsa_urgan.csv,Unemployment rates by sex and age
enpe_lfsa_urgan2.csv,Long-term unemployment rates by sex
enpe_mar_go.csv,Gross weight of goods handled
enpe_mon_res.csv,Money supply and official reserves
enpe_nama_10_a10.csv,Gross value added by industry
enpe_nama_10_gdp.csv,Gross domestic product at market prices
enpe_nama_10_gdp_ea.csv,Gross domestic product at market prices by expenditure
enpe_nama_10_lp.csv,Labour productivity in GDP (constant prices) per person employed
enpe_nama_10_pe.csv,Employment growth (domestic concept)
enpe_nama_10_ulc.csv,Nominal unit labour cost growth
enpe_rail_go.csv,Goods transported
enpe_rail_if.csv,Length of lines
enpe_rd_e_gerdfund.csv,Gross domestic expenditure on R&D (GERD)
enpe_reg_area3.csv,Total area
enpe_road_eqs_car.csv,Passenger cars
enpe_road_go.csv,Road freight transport
enpe_road_if.csv,Length of roads network
enpe_road_pa.csv,Passenger road transport
enpe_spr_exp.csv,Social protection expenditure excluding administrative costs (including health expenditure) as a share of GDP
enpe_sts_incopr.csv,"Industrial and construction production volume index, calendar adjusted"
enpe_sts_inppd.csv,Domestic industrial production price index
enpe_sts_trtu.csv,"Services turnover index, calendar adjusted"
enpe_sts_trtu1.csv,Retail trade volume of sales index (deflated turnover)
enpe_tour_cap_nat.csv,Number of bed places in hotels and similar accomodation
enpe_tour_dem_tttot.csv,Departures of residents going abroad for all holidays and business
enpe_tour_occ_arnat.csv,Arrivals of non-residents at hotels and similar accomodation establishments
enpe_wg_m.csv,Average nominal monthly wages and salaries
enps_apro_cpnh1.csv,Crop production
enps_apro_mt_ls.csv,Livestock
enps_apro_mt_p.csv,Meat production
enps_avia_fr.csv,Freight and mail air transport (including national transport)
enps_avia_if.csv,Number of airports
enps_avia_pa.csv,Air passenger transport
enps_avia_typ.csv,Commercial aircraft fleet by type of aircraft
enps_bop_c6_a.csv,Balance of payments
enps_bop_iip6.csv,Gross external debt of the whole economy
enps_cpi.csv,Consumer price index
enps_demo_dens.csv,Population density
enps_demo_frate1.csv,Total fertility rate
enps_demo_gind.csv,"Crude rate of birth, of dead and of population change"
enps_demo_infant.csv,Infant mortality rate by sex
enps_demo_mlexpec.csv,Life expectancy at birth by sex
enps_demo_nind.csv,Mean age at first marriage by sex
enps_demo_pjangr.csv,Population on 1 January by sex and age group
enps_demo_pjangry.csv,Average population mid-year by sex and age group
enps_demo_under5.csv,Under 5 mortality rate by sex
enps_edat_lfse3.csv,Population aged 20-24 who completed at least an upper secondary educational attainment level (ISCED 2011 level 3) by sex
enps_edat_lfse4.csv,Population aged 25 and over by sex and educational attainment level
enps_educ_comprate.csv,School completion rate at ISCED 1 level by sex
enps_educ_compyr.csv,Number of compulsory schooling years
enps_educ_enrate.csv,Net enrolment rates by sex and education level
enps_educ_figdp.csv,Public expenditure on education
enps_educ_ltr.csv,Literacy rate by sex and age group
enps_educ_parity.csv,Gender parity index by education level
enps_ef_lus_main.csv,Main farm land use
enps_env_air_emis.csv,Air pollutants
enps_env_wasacc.csv,Population served by municipal waste
enps_env_wasgenh.csv,Generation of waste by households
enps_env_wasgenm.csv,Municipal waste generated
enps_env_wasgenp.csv,Municipal waste per inhabitant
enps_env_wastrt.csv,Treatment of municipal waste
enps_env_wat_abs.csv,Annual freshwater abstraction by source
enps_env_wat_cat.csv,Water use by economic activity
enps_env_wat_cov.csv,Population connected to public water supply
enps_env_ww_con.csv,Population connected to wastewater collection and treatment systems
enps_ext_sitc.csv,Trade value in goods by SITC product group
enps_fish_aq2a.csv,Aquaculture production by aquatic environment
enps_fish_ca_main.csv,Fish catches by fishing areas
enps_gov_10dd.csv,Government deficit/surplus and debt
enps_gov_10dde.csv,Total economy deficit/surplus
enps_ilc_di11.csv,Income quintile share ratio - S80/S20
enps_ilc_natln.csv,Poverty headcount ratio by sex: proportion of persons below the national poverty line
enps_ilc_sanit.csv,Households with sustainable access to improved sanitation by simplified degree of urbanisation
enps_ilc_secure.csv,Households with access to secure tenure by simplified degree of urbanisation
enps_lfsa_argaed.csv,Activity rates 15-64 years old by sex
enps_lfsa_egaps.csv,Employment by professional status
enps_lfsa_ergan.csv,Employment rates 15-64 years old by sex
enps_lfsa_pganws.csv,Total employment by age group
enps_lfsa_urgan.csv,Unemployment rates by sex and age
enps_mar_eq1000.csv,Number of ships of 1000 grt and over by type
enps_mar_eq300.csv,Number of ships of 300 grt and over
enps_mar_eqton.csv,Carrying capacity of merchant ships of 1000 grt and over by vessel type
enps_mar_frdir.csv,Gross weight of goods handled in all ports by direction
enps_mar_padir.csv,Passengers embarked and disembarked (excluding cruises) in all ports by direction
enps_mar_por.csv,Number of principal ports
enps_nama_10_a10.csv,Gross value added by industry
enps_nama_10_gdp.csv,Gross domestic product at market prices
enps_nama_10_gdp_ea.csv,Gross domestic product at market prices by expenditure
enps_nrg_bal_c.csv,Energy balance
enps_nrg_bal_c1.csv,Final energy consumption by sector
enps_rail_eq.csv,Number of railway vehicles per type
enps_rail_fr.csv,Rail freight traffic
enps_rail_if.csv,Length of network
enps_rail_pa.csv,Rail passenger traffic
enps_reg_area3.csv,Total area
enps_road_eqs_car.csv,Stock of vehicles by category
enps_road_go.csv,Road freight transport
enps_road_if.csv,Length of roads network
enps_tour_border.csv,Arrivals of tourists at the border
enps_tour_cap_nat.csv,Tourism infrastructure
enps_tour_cap_natb.csv,Number of bed places in hotels and similar accommodation
enps_tour_dem_tttot.csv,Departures of residents going abroad for all holidays and business
enps_tour_occ_arnat.csv,Arrivals at tourism accommodation establishments by type of accommodation
enps_tour_occ_ninat.csv,Nights spent at tourism accommodation establishments
enps_tran_sf_r.csv,Persons killed in road accidents
env_ac_aeint_r2.csv,Air emissions intensities by NACE Rev. 2 activity
env_ac_aibrid_r2.csv,Air emissions accounts totals bridging to emission inventory totals
env_ac_aibrid_rd.csv,Air emissions accounts related to road transport - totals bridging to emission inventory totals
env_ac_aigg_q.csv,Air emissions accounts for greenhouse gases by NACE Rev. 2 activity - quarterly data
env_ac_ainah_r2.csv,Air emissions accounts by NACE Rev. 2 activity
env_ac_ainah_rd.csv,Air emissions accounts related to road transport by NACE Rev. 2 activity
env_ac_cepsgc.csv,Intermediate consumption of environmental protection services by institutional sector and NACE Rev. 2 activity (2006-2020)
env_ac_cepsgc1.csv,Intermediate consumption of environmental protection services by institutional sector and NACE Rev. 2 activity
env_ac_cepsgh.csv,Final consumption expenditure on environmental protection services by institutional sector (2006-2020)
env_ac_cepsgh1.csv,Final consumption expenditure on environmental protection services by institutional sector
env_ac_ch4fp.csv,"Methane emission footprints (CH4 in CO2 equivalent, FIGARO application)"
env_ac_co2fp.csv,Carbon dioxide emission footprints (FIGARO application)
env_ac_cur.csv,Circular material use rate
env_ac_curm.csv,Circular material use rate by material type
env_ac_egss1.csv,Employment in the environmental goods and services sector
env_ac_egss2.csv,"Production, value added and exports in the environmental goods and services sector"
env_ac_egss3.csv,"Production, value added and employment by industry groups in the environmental goods and services sector"
env_ac_epiap.csv,Environmental protection investments of corporations as ancillary producers by environmental protection activity and NACE Rev. 2 activity (2006-2020)
env_ac_epiap1.csv,Environmental protection investments of corporations as ancillary producers by environmental protection activity and NACE Rev. 2 activity
env_ac_epigg.csv,Environmental protection investments of general government by environmental protection activity (2006-2020)
env_ac_epigg1.csv,Environmental protection investments of general government by environmental protection activity
env_ac_epissp.csv,Environmental protection investments of corporations as specialist and secondary producers by environmental protection activity (2006-2020)
env_ac_epissp1.csv,Environmental protection investments of corporations as specialist and secondary producers by environmental protection activity
env_ac_epite.csv,Environmental protection investments of total economy (2006-2020)
env_ac_epite1.csv,Environmental protection investments of total economy
env_ac_epneis.csv,National expenditure on environmental protection by institutional sector (2006-2021)
env_ac_epneis1.csv,National expenditure on environmental protection by institutional sector
env_ac_eptrf.csv,Environmental protection transfers by environmental protection activity and institutional sector (2006-2021)
env_ac_eptrf1.csv,Environmental protection transfers by environmental protection activity and institutional sector
env_ac_exp1r2.csv,Environmental protection expenditure - million euro and million units of national currency (1996-2013)
env_ac_exp2.csv,Environmental protection expenditure - euro per inhabitant and % of GDP (1996-2013)
env_ac_exp3.csv,"Environmental protection expenditure - % of pollution prevention, % of gross fixed capital formation, % of output (1996-2013)"
env_ac_ghgfp.csv,"Greenhouse gas emission footprints (in CO2 equivalent, FIGARO application)"
env_ac_hfcfp.csv,"Hydrofluorocarbon emission footprints (HFC in CO2 equivalent, FIGARO application)"
env_ac_io10.csv,Air emission footprints (domestic technology assumption)
env_ac_landfp.csv,Land use footprints
env_ac_mfa.csv,Material flow accounts
env_ac_mfabi.csv,Material flow accounts - balancing items
env_ac_mfadpo.csv,Material flow accounts - domestic processed output
env_ac_mfain.csv,Material flow accounts - main indicators
env_ac_mid.csv,Material import dependency
env_ac_n2ofp.csv,"Nitrous oxide emission footprints (N2O in CO2 equivalent, FIGARO application)"
env_ac_nf3sf6fp.csv,"Nitrogen trifluoride and sulphur hexafluoride emission footprints (NF3-SF6 in CO2 equivalent, FIGARO application)"
env_ac_pefa04.csv,Key indicators of physical energy flow accounts by NACE Rev. 2 activity
env_ac_pefa05.csv,Physical energy flow accounts totals bridging to energy balances totals
env_ac_pefafp.csv,Energy footprints (domestic technology assumption)
env_ac_pefasu.csv,Energy supply and use by NACE Rev. 2 activity
env_ac_pepsgg.csv,Production of environmental protection services of general government by economic characteristics (2006-2021)
env_ac_pepsgg1.csv,Production of environmental protection services of general government by economic characteristics
env_ac_pepsns1.csv,Production of environmental protection services of corporations as ancillary producers by economic characteristics and NACE Rev. 2 activity
env_ac_pepsnsp.csv,Production of environmental protection services of corporations as ancillary producers by economic characteristics and NACE Rev. 2 activity (2006-2021)
env_ac_pepssp.csv,Production of environmental protection services of corporations as specialist and secondary producers by economic characteristics (2006-2021)
env_ac_pepssp1.csv,Production of environmental protection services of corporations as specialist and secondary producers by economic characteristics
env_ac_pfcfp.csv,"Perfluorocarbon emission footprints (PFC in CO2 equivalent, FIGARO application)"
env_ac_rme.csv,Material footprints - main indicators
env_ac_rmefd.csv,Material footprints - details by final use of products
env_ac_rp.csv,Resource productivity
env_ac_sd.csv,Material flows for circular economy - Sankey diagram data
env_ac_tax.csv,Environmental tax revenues
env_ac_taxener.csv,Energy taxes by paying sector
env_ac_taxind2.csv,Environmental taxes by economic activity (NACE Rev. 2)
env_air_emis$dv_446.csv,Air pollutants by source sector
env_air_emis.csv,Air pollutants by source sector
env_air_emis_ind.csv,Air pollutants by source sector aggregated for indicator sets
env_air_gge$dv_447.csv,Greenhouse gas emissions by source sector
env_air_gge.csv,Greenhouse gas emissions by source sector
env_air_no2.csv,"Nitrogen dioxide concentrations in European capital cities - monthly averages, experimental statistics"
env_bio1.csv,Natura 2000 protected areas
env_bio2.csv,Common farmland bird index
env_bio3.csv,Common bird indices by type of estimate
env_bio4.csv,Protected areas
env_bio5.csv,Proportion of fish stocks sustainably exploited
env_chmhaz.csv,Production and consumption of chemicals by hazard class
env_esst_gg.csv,"Environmental subsidies and similar transfers from general government, by environmental activity, sector of recipient and ESA category of transfer"
env_esst_ggcp.csv,"Environmental subsidies and similar transfers from general government to corporations, by environmental activity, ESA category of transfer and NACE Rev. 2 activity of recipient"
env_esst_rw.csv,"Environmental subsidies and similar transfers from the Rest of the World to the domestic economy, by environmental activity and ESA category of transfer"
env_trdrrm.csv,Trade in recyclable raw materials by partner
env_wasbat.csv,Recycling of batteries and accumulators
env_waselee.csv,Waste electrical and electronic equipment (WEEE) by waste management operations
env_waseleeos.csv,"Waste electrical and electronic equipment (WEEE) by waste management operations - open scope, 6 product categories (from 2018 onwards)"
env_waselv.csv,End-of-life vehicles by waste management operations - detailed data
env_waselvt.csv,"End-of-life vehicles - reuse, recycling and recovery, totals"
env_wasfac.csv,Number and capacity of recovery and disposal facilities by NUTS 2 regions
env_wasflow.csv,"Management of waste excluding major mineral waste, by waste management operations and waste flow"
env_wasfw.csv,Food waste and food waste prevention by NACE Rev. 2 activity - tonnes of fresh mass
env_wasgen.csv,"Generation of waste by waste category, hazardousness and NACE Rev. 2 activity"
env_wasmun.csv,Municipal waste by waste management operations
env_wasoper.csv,"Management of waste excluding major mineral waste, by waste management operations"
env_waspac.csv,Packaging waste by waste management operations
env_waspacr.csv,"Recycling rates of packaging waste for monitoring compliance with policy targets, by type of packaging"
env_waspb.csv,Sales and collection of portable batteries and accumulators
env_waspcb.csv,Consumption of lightweight plastic carrier bags by their wall thickness
env_wassd.csv,Management of waste by waste management operations and type of material - Sankey diagram data
env_wasship.csv,"Transboundary shipments of notified waste by partner, hazardousness and waste management operations"
env_wastrdmp.csv,Trade in waste by type of material and partner
env_wastrt.csv,"Treatment of waste by waste category, hazardousness and waste management operations"
env_wat_abs.csv,Annual freshwater abstraction by source and sector
env_wat_bal.csv,Water use balance
env_wat_cat.csv,Water use by supply category and economical sector
env_wat_ind.csv,Water use in the manufacturing industry by activity and supply category
env_wat_ltaa.csv,Renewable freshwater resources – long term annual averages
env_wat_pop.csv,Population connected to public water supply
env_wat_res.csv,Renewable freshwater resources
env_wat_use.csv,Water made available for use
env_watabs_rb.csv,Water abstraction by river basin district (RBD)
env_watres_rb.csv,Freshwater resources by river basin district (RBD)
env_watuse_rb.csv,Water use by river basin district (RBD)
env_ww_con.csv,Population connected to wastewater treatment plants
env_ww_genp.csv,Generation and discharge of wastewater by pollutant
env_ww_genv.csv,Generation and discharge of wastewater in volume
env_ww_spd.csv,Sewage sludge production and disposal
eq_dskl07.csv,Individuals' level of digital skills by sex and age
eq_dskl08.csv,Individuals' level of digital skills by country of birth
eq_dskl09.csv,Individuals' level of digital skills by country of citizenship
eq_fer05.csv,Live births
eq_mor06.csv,Deaths by sex
eq_pop02.csv,Population structure by sex
eq_pop03.csv,Population structure by detailed age group
eq_pop04.csv,Median age by sex
eq_wdisc.csv,Perception of discrimination in cities
ert_bil_conv_a.csv,Conversion factors for euro fixed series into euro/ECU - annual data
ert_bil_conv_m.csv,Conversion factors for euro fixed series into euro/ECU - monthly data
ert_bil_conv_q.csv,Conversion factors for euro fixed series into euro/ECU - quarterly data
ert_bil_eur_a$dv_841.csv,Euro/ECU exchange rates - annual data
ert_bil_eur_a$dv_861.csv,Euro/ECU exchange rates - annual data
ert_bil_eur_a.csv,Euro/ECU exchange rates - annual data
ert_bil_eur_d.csv,Euro/ECU exchange rates - daily data
ert_bil_eur_m.csv,Euro/ECU exchange rates - monthly data
ert_bil_eur_q.csv,Euro/ECU exchange rates - quarterly data
ert_eff_ic_a.csv,Industrial countries' effective exchange rates - annual data
ert_eff_ic_m.csv,Industrial countries' effective exchange rates - monthly data
ert_eff_ic_q.csv,Industrial countries' effective exchange rates - quarterly data
ert_h_eur_a.csv,Former euro area national currencies vs. euro/ECU - annual data
ert_h_eur_d.csv,Former euro area national currencies vs. euro/ECU - daily data
ert_h_eur_m.csv,Former euro area national currencies vs. euro/ECU - monthly data
ert_h_eur_q.csv,Former euro area national currencies vs. euro/ECU - quarterly data
ext_lt_intercc.csv,International trade of EFTA and enlargement countries
ext_lt_intertrd.csv,"International trade of EU, the euro area and the Member States by SITC product group"
ext_lt_intratrd.csv,Intra and Extra-EU trade by Member State and by product group
ext_lt_introeu27_2020.csv,Share of European Union EU27 (from 2020) in the World Trade
ext_lt_invcur.csv,Trade shares by invoicing currency (from 2010 onwards)
ext_lt_mainagri.csv,"Extra-EU trade of food, drinks and tobacco (SITC 0+1) by partner"
ext_lt_mainchem.csv,Extra-EU trade of chemicals and related products (SITC 5) by partner
ext_lt_maineu.csv,Extra-EU trade by partner
ext_lt_mainez.csv,Extra-Euro area trade by partner and by SITC product group
ext_lt_mainmach.csv,Extra-EU trade of machinery and transport equipment (SITC 7) by partner
ext_lt_mainmanu.csv,Extra-EU trade of other manufactured goods (SITC 6+8) by partner
ext_lt_mainmine.csv,"Extra-EU trade of mineral fuels, lubricants and related materials (SITC 3) by partner"
ext_lt_mainrawm.csv,"Extra EU trade of raw materials (SITC 2+4), by partner"
ext_ser_bec01.csv,Services trade by broad economic categories (BEC Rev.5)
ext_ser_mos.csv,"International supply of services by modes, type of product (EBOPS 2010) and partner country"
ext_st_27_2020msbec.csv,Member States EU27 (from 2020) trade by BEC product group since 1999
ext_st_eabec.csv,Euro area trade by BEC product group
ext_st_easitc.csv,Euro area trade by SITC product group
ext_st_eftacc.csv,"Macro series for EFTA, enlargement countries and Northern Ireland (raw data and growth rates)"
ext_st_eu27_2020bec.csv,EU27 (from 2020) trade by BEC product group
ext_st_eu27_2020sitc.csv,EU27 (from 2020) trade by SITC product group
ext_stec01.csv,Services trade by enterprise characteristics (STEC) by NACE Rev.2 activities and enterprise size class
ext_stec02.csv,Services trade by enterprise characteristics (STEC) by EBOPS 2010 items and NACE Rev.2 activities
ext_stec03.csv,Services trade by enterprise characteristics (STEC) by NACE Rev.2 activities and type of ownership
ext_tec01.csv,Trade by NACE Rev. 2 activity and enterprise size class
ext_tec02.csv,Concentration of trade by NACE Rev. 2 activity
ext_tec03.csv,Trade by partner country and NACE Rev. 2 activity
ext_tec04.csv,Trade by number of partner countries and NACE Rev. 2 activity
ext_tec05.csv,Trade by commodity and NACE Rev. 2 activity
ext_tec06.csv,Trade by type of trader
ext_tec07.csv,Trade by type of ownership
ext_tec08.csv,Trade by exports intensity
ext_tec09.csv,Trade by NACE Rev. 2 activity sector
ext_tec10.csv,Trade by partner country and enterprise size class
ext_tic02.csv,Trade shares by invoicing currency with additional currency and SITC product group breakdowns (from 2021 onwards)
fats_activ.csv,Foreign controlled EU enterprises by NACE Rev.2 activity and country of control (from 2021 onwards)
fats_activ_rd.csv,Research and development variables in foreign controlled EU enterprises by NACE Rev.2 activity (B-F) and country of control (from 2021 onwards)
fats_ctrl.csv,Foreign controlled EU enterprises by detailed breakdown of countries of control (from 2021 onwards)
fats_ctrl_rd.csv,Research and development variables in foreign controlled EU enterprises by detailed breakdown of country of control (from 2021 onwards)
fats_g1a_03.csv,Foreign control of enterprises by economic activity and a selection of controlling countries (2003-2007)
fats_g1a_08.csv,Foreign control of enterprises by economic activity and a selection of controlling countries (2008-2020)
fats_g1a_rd.csv,"Foreign control of enterprises: research and development characteristics by economic activity (NACE Rev. 2, B-F) and a selection of controlling countries (2009-2019)"
fats_g1b_03.csv,Foreign control of enterprises by controlling countries (2003-2007)
fats_g1b_08.csv,Foreign control of enterprises by controlling countries (2008-2020)
fats_g1b_rd.csv,Foreign control of enterprises: research and development characteristics by controlling countries (2011-2019)
fats_out1.csv,Outward FATS 2004-2006 - experimental data
fats_out2.csv,Outward FATS 2007-2009 - main variables
fats_out2_r2.csv,"Outward FATS, main variables - NACE Rev. 2 (2010-2020)"
fats_out3.csv,Outward FATS 2008-2009 - additional variables
fats_out_activ.csv,Foreign affiliates of the EU enterprises by NACE Rev.2 activity and country of the affiliates (from 2021 onwards)
fats_out_dom.csv,Foreign controlling EU enterprises and domestic affiliates by NACE Rev.2 activity (from 2021 onwards)
fats_out_part.csv,Foreign affiliates of the EU enterprises by detailed breakdown of country of the affiliates (from 2021 onwards)
fish_aq2a.csv,Production from aquaculture excluding hatcheries and nurseries (from 2008 onwards)
fish_aq2b.csv,Production of fish eggs for human consumption from aquaculture (from 2008 onwards)
fish_aq3.csv,Input to capture-based aquaculture (from 2008 onwards)
fish_aq4a.csv,Production of hatcheries and nurseries at eggs stage in life cycle (from 2008 onwards)
fish_aq4b.csv,Production of hatcheries and nurseries at juveniles stage in life cycle (from 2008 onwards)
fish_aq_q.csv,Aquaculture production in quantities (1984-2007) - tonnes live weight
fish_aq_qh.csv,Aquaculture production in quantities (1950-1983) - tonnes live weight
fish_aq_v.csv,Aquaculture production in values (1984-2007) - 1 000 euro
fish_ca_ant48.csv,Catches - Antarctic - Atlantic
fish_ca_ant58.csv,Catches - Antarctic - Indian Ocean
fish_ca_ant88.csv,Catches - Antarctic - Pacific
fish_ca_ant90.csv,Catches - Antarctic - Total
fish_ca_atl21.csv,Catches - north-west Atlantic (from 2000 onwards)
fish_ca_atl21_h.csv,Catches - north-west Atlantic
fish_ca_atl27.csv,Catches - north-east Atlantic (from 2000 onwards)
fish_ca_atl271.csv,Catches - north-east Atlantic (1950-1984)
fish_ca_atl272.csv,Catches - north-east Atlantic (1985-1999)
fish_ca_atl31.csv,Catches - West-central Atlantic
fish_ca_atl34.csv,Catches - east-central Atlantic (from 2000 onwards)
fish_ca_atl34_h.csv,Catches - east-central Atlantic
fish_ca_atl37.csv,Catches - Mediterranean and Black Sea (from 2000 onwards)
fish_ca_atl37_h.csv,Catches - Mediterranean and Black Sea
fish_ca_atl41.csv,Catches - south-west Atlantic (from 2000 onwards)
fish_ca_atl41_h.csv,Catches - south-west Atlantic
fish_ca_atl47.csv,Catches - south-east Atlantic (from 2000 onwards)
fish_ca_atl47_h.csv,Catches - south-east Atlantic
fish_ca_ind51.csv,Catches - west Indian Ocean (from 2000 onwards)
fish_ca_ind51_h.csv,Catches - west Indian Ocean
fish_ca_ind57.csv,Catches - east Indian Ocean
fish_ca_inw09.csv,Catches - inland waters
fish_ca_main.csv,Catches - major fishing areas (from 2000 onwards)
fish_ca_main_h.csv,Catches - major fishing areas
fish_ca_pac61.csv,Catches - north-west Pacific
fish_ca_pac67.csv,Catches - north-east Pacific
fish_ca_pac71.csv,Catches - west-central Pacific
fish_ca_pac77.csv,Catches - east-central Pacific
fish_ca_pac81.csv,Catches - south-west Pacific
fish_ca_pac87.csv,Catches - south-east Pacific
fish_fleet_alt.csv,"Fishing fleet by age, length and gross tonnage"
fish_fleet_gp.csv,Fishing fleet by type of gear and engine power
fish_ld_be.csv,Landings of fishery products in Belgium
fish_ld_bg.csv,Landings of fishery products in Bulgaria
fish_ld_cy.csv,Landings of fishery products in Cyprus
fish_ld_de.csv,Landings of fishery products in Germany
fish_ld_dk.csv,Landings of fishery products in Denmark
fish_ld_ee.csv,Landings of fishery products in Estonia
fish_ld_el.csv,Landings of fishery products in Greece
fish_ld_es.csv,Landings of fishery products in Spain
fish_ld_fi.csv,Landings of fishery products in Finland
fish_ld_fr.csv,Landings of fishery products in France
fish_ld_hr.csv,Landings of fishery products in Croatia
fish_ld_ie.csv,Landings of fishery products in Ireland
fish_ld_is.csv,Landings of fishery products in Iceland
fish_ld_it.csv,Landings of fishery products in Italy
fish_ld_lt.csv,Landings of fishery products in Lithuania
fish_ld_lv.csv,Landings of fishery products in Latvia
fish_ld_main.csv,Landings of fishery products - main data
fish_ld_mt.csv,Landings of fishery products in Malta
fish_ld_nl.csv,Landings of fishery products in the Netherlands
fish_ld_no.csv,Landings of fishery products in Norway
fish_ld_pl.csv,Landings of fishery products in Poland
fish_ld_pt.csv,Landings of fishery products in Portugal
fish_ld_ro.csv,Landings of fishery products in Romania
fish_ld_se.csv,Landings of fishery products in Sweden
fish_ld_si.csv,Landings of fishery products in Slovenia
fish_ld_uk.csv,Landings of fishery products in the United Kingdom
fobs_age.csv,"Enterprises managed by the founder, by entrepreneur age (2005)"
fobs_bra.csv,"Enterprises managed by the founder, by branch experience (2005)"
fobs_edu.csv,"Enterprises managed by the founder, by education attainment level of the entrepreneur (2005)"
fobs_ent.csv,"Enterprises managed by the founder, by experience managing an enterprise (2005)"
fobs_gen.csv,"Enterprises managed by the founder, by sex of the entrepreneur (2005)"
fobs_isc.csv,"Enterprises managed by the founder, by birth size class (number of employees) (2005)"
fobs_ssc.csv,"Enterprises managed by the founder, by survival size class (number of employees) (2005)"
for_area.csv,"Area of wooded land (FAO, FE)"
for_area_efa.csv,Area of wooded land (EFA questionnaire)
for_awu.csv,Annual work units in forestry and logging
for_basic.csv,"Roundwood, fuelwood and other basic products"
for_eco_cp.csv,Economic aggregates of forestry
for_emp_lfs.csv,Employment in forestry and forest-based industry
for_emp_lfs1.csv,Employment in forestry and forest-based industry - Nace Rev.1.1
for_emsuw.csv,Monetary supply and use of wood in the rough
for_eoutput.csv,Output of forestry by type
for_epsuw.csv,Physical supply and use of wood in the rough over bark
for_irass.csv,Industrial roundwood by assortment
for_irspec.csv,Industrial roundwood by species
for_owner.csv,Roundwood removals under bark by type of ownership
for_pp.csv,"Pulp, paper and paperboard"
for_profnc.csv,Protective functions of forests
for_protect.csv,Protected forests
for_remov.csv,Roundwood removals by type of wood and assortment
for_secpp.csv,Secondary paper products
for_secwp.csv,"Secondary wood products, trade"
for_secwpp.csv,"Secondary wood products, production"
for_sup_cp.csv,Supply and use of products within forestry
for_swpan.csv,Sawnwood and panels
for_swspec.csv,Sawnwood trade by species
for_trop.csv,Tropical wood imports to the EU from chapter 44 of the Harmonised System
for_vol.csv,"Volume of timber (FAO, FE)"
for_vol_efa.csv,Volume of timber over bark (EFA questionnaire)
gba_fundmod.csv,GBARD by type of funding
gba_nabsfin07.csv,GBARD by socioeconomic objectives (NABS 2007)
gba_nabsfin92.csv,GBARD by socioeconomic objectives (NABS 1992) (1980-2007)
gba_nabste.csv,Share of GBARD in total general government expenditure
gba_tncoor.csv,National public funding to transnationally coordinated R&D
gbv_any_age.csv,"Women who have experienced violence by any perpetrator, by age group"
gbv_any_cnq.csv,Women who have experienced violence by any perpetrator and consequences of violence
gbv_any_cob.csv,"Women who have experienced violence by any perpetrator, by country of birth"
gbv_any_du.csv,"Women who have experienced violence by any perpetrator, by degree of urbanisation"
gbv_any_ed.csv,"Women who have experienced violence by any perpetrator, by level of education"
gbv_any_frq.csv,"Women who have experienced violence by any perpetrator, by type and frequency of violence"
gbv_any_lim.csv,"Women who have experienced violence by any perpetrator, by level of disability (activity limitation)"
gbv_any_occ.csv,"Women who have experienced violence by any perpetrator, by occurrence of the last episode"
gbv_any_rp.csv,"Women who have experienced violence by any perpetrator, by person/support service to whom violence was reported"
gbv_any_type.csv,"Women who have experienced violence by any perpetrator, by type of violence"
gbv_awr_leg.csv,"Women as victims/non-victims of violence, by awareness of free legal aid"
gbv_awr_serv.csv,"Women as victims/non-victims of violence, by awareness of the existence of support services"
gbv_ch_age.csv,"Women who have experienced sexual violence during childhood, by age group"
gbv_ch_perp.csv,"Women who have experienced sexual violence during childhood, by type of perpetrator"
gbv_ch_rp.csv,"Women who have experienced sexual violence during childhood, by person/support service to whom violence was reported"
gbv_dv_age.csv,"Women who have experienced violence by a domestic perpetrator, by age group"
gbv_dv_cob.csv,"Women who have experienced violence by a domestic perpetrator, by country of birth"
gbv_dv_du.csv,"Women who have experienced violence by a domestic perpetrator, by degree of urbanisation"
gbv_dv_ed.csv,"Women who have experienced violence by a domestic perpetrator, by level of education"
gbv_dv_lim.csv,"Women who have experienced violence by a domestic perpetrator, by level of disability (activity limitation)"
gbv_dv_occ.csv,"Women who have experienced violence by a domestic perpetrator, by occurrence of the last episode"
gbv_dv_type.csv,"Women who have experienced violence by a domestic perpetrator, by type of violence"
gbv_ipv_age.csv,"Ever-partnered women who have experienced violence by an intimate partner, by age group"
gbv_ipv_cnq.csv,Ever-partnered women who have experienced violence by an intimate partner and consequences of violence
gbv_ipv_cob.csv,"Ever-partnered women who have experienced violence by an intimate partner, by country of birth"
gbv_ipv_comm.csv,Perception of women as victims/non-victims of intimate partner violence by commonness of this violence against women
gbv_ipv_du.csv,"Ever-partnered women who have experienced violence by an intimate partner, by degree of urbanisation"
gbv_ipv_ed.csv,"Ever-partnered women who have experienced violence by an intimate partner, by level of education"
gbv_ipv_frq.csv,"Ever-partnered women who have experienced violence by an intimate partner, by type and frequency of violence"
gbv_ipv_lim.csv,"Ever-partnered women who have experienced violence by an intimate partner, by level of disability (activity limitation)"
gbv_ipv_occ.csv,"Ever-partnered women who have experienced violence by an intimate partner, by occurrence of the last episode"
gbv_ipv_rp.csv,"Ever-partnered women who have experienced violence by an intimate partner, by person/support service to whom violence was reported"
gbv_ipv_type.csv,"Ever-partnered women who have experienced violence by an intimate partner, by type of violence"
gbv_npv_age.csv,"Women who have experienced violence by a non-partner, by age group"
gbv_npv_cnq.csv,Women who have experienced violence by a non-partner and consequences of violence
gbv_npv_cob.csv,"Women who have experienced violence by a non-partner, by country of birth"
gbv_npv_du.csv,"Women who have experienced violence by a non-partner, by degree of urbanisation"
gbv_npv_ed.csv,"Women who have experienced violence by a non-partner, by level of education"
gbv_npv_frq.csv,"Women who have experienced violence by a non-partner, by type and frequency of violence"
gbv_npv_lim.csv,"Women who have experienced violence by a non-partner, by level of disability (activity limitation)"
gbv_npv_occ.csv,"Women who have experienced violence by a non-partner, by occurrence of the last episode"
gbv_npv_perp.csv,"Women who have experienced violence by a non-partner, by type of perpetrator"
gbv_npv_rp.csv,"Women who have experienced violence by a non-partner, by person/support service to whom violence was reported"
gbv_npv_type.csv,"Women who have experienced violence by a non-partner, by type of violence"
gbv_shw_age.csv,"Ever-working women who have experienced sexual harassment at work, by age group"
gbv_shw_comm.csv,Perception of ever-working women as victims/non-victims of sexual harassment at work by commonness of harassment
gbv_shw_frq.csv,"Ever-working women who have experienced sexual harassment at work, by frequency"
gbv_shw_occ.csv,"Ever-working women who have experienced sexual harassment at work, by occurrence of the last episode"
gbv_shw_perp.csv,"Ever-working women who have experienced sexual harassment at work, by type of male perpetrator"
gbv_shw_rp.csv,"Ever-working women who have experienced sexual harassment at work, by person/support service to whom violence was reported during last year"
gbv_st_age.csv,"Women who have experienced stalking, by age group"
gbv_st_cnq.csv,"Women who have experienced stalking, by consequences of violence"
gbv_st_occ.csv,"Women who have experienced stalking, by occurrence of the last episode"
gbv_st_perp.csv,"Women who have experienced stalking, by type of perpetrator"
gbv_st_rp.csv,"Women who have experienced stalking, by person/support service to whom violence was reported"
gov_10a_emp.csv,General government employment
gov_10a_exp$dv_578.csv,General government expenditure by function (COFOG)
gov_10a_exp$dv_584.csv,General government expenditure by function (COFOG)
gov_10a_exp.csv,General government expenditure by function (COFOG)
gov_10a_ggfa.csv,Annual financial accounts for general government
gov_10a_main.csv,"Government revenue, expenditure and main aggregates"
gov_10a_nfbs.csv,General government non-financial balance sheets
gov_10a_taxag.csv,Main national accounts tax aggregates
gov_10dd_acd.csv,Apparent cost of general government gross debt
gov_10dd_cgd.csv,Central government debt
gov_10dd_dcur.csv,Debt by currency of issue
gov_10dd_edpt1.csv,"Government deficit/surplus, debt and associated data"
gov_10dd_edpt2.csv,Transition from the working balance to the deficit/surplus
gov_10dd_edpt3.csv,Transition from the deficit/surplus to the change in debt
gov_10dd_ggd.csv,General government debt
gov_10dd_guar.csv,Guarantees (contingent liabilities)
gov_10dd_logd.csv,Local government debt
gov_10dd_mggd.csv,Market value of general government gross debt
gov_10dd_rmd.csv,Average remaining maturity of general government gross debt
gov_10dd_slgd.csv,State government debt
gov_10dd_ssfd.csv,Social security funds debt
gov_10q_ggdebt.csv,Quarterly government debt
gov_10q_ggfa.csv,Quarterly financial accounts for general government
gov_10q_ggnfa.csv,Quarterly non-financial accounts for general government
gov_cl_guar.csv,Government guarantees
gov_cl_liab.csv,Liabilities of government controlled entities classified outside general government
gov_cl_npl.csv,Non-performing loans of government
gov_cl_ppp.csv,Liabilities related to private-public partnerships (PPPs) recorded off-balance sheet of government
gov_eu_debt.csv,Debt of the EU institutions
gov_eu_fa.csv,Financial accounts for EU institutions
gov_eu_nfa.csv,Non-financial accounts for EU institutions
gov_gb.csv,"Stock of general government debt security liabilities issued as 'green bonds' - one-off data collection, experimental statistics"
hbs_car_t311.csv,Household characteristics by activity and employment status of the reference person
hbs_car_t312.csv,Household characteristics by number of active persons
hbs_car_t313.csv,Household characteristics by type of household
hbs_car_t314.csv,Household characteristics by age of the reference person
hbs_car_t315.csv,Household characteristics by degree of urbanisation
hbs_car_t316.csv,Household characteristics by main source of income
hbs_exp_t111.csv,Mean consumption expenditure per household and per adult equivalent
hbs_exp_t121.csv,Mean consumption expenditure per household by COICOP consumption purpose
hbs_exp_t123a.csv,Mean consumption expenditure per household with expenditure greater than zero by COICOP consumption purpose
hbs_exp_t123b.csv,Households with expenditure greater than zero by COICOP consumption purpose
hbs_exp_t131.csv,Mean consumption expenditure by socio-economic category of the reference person
hbs_exp_t132.csv,Mean consumption expenditure by number of active persons
hbs_exp_t133.csv,Mean consumption expenditure by income quintile
hbs_exp_t134.csv,Mean consumption expenditure by type of household
hbs_exp_t135.csv,Mean consumption expenditure by age of the reference person
hbs_exp_t136.csv,Mean consumption expenditure by degree of urbanisation
hbs_exp_t137.csv,Mean consumption expenditure by main source of the household's income
hbs_str_t211.csv,Structure of consumption expenditure by COICOP consumption purpose
hbs_str_t221.csv,Structure of consumption expenditure by activity and employment status of the reference person and COICOP consumption purpose
hbs_str_t222.csv,Structure of consumption expenditure by number of active persons and COICOP consumption purpose
hbs_str_t223.csv,Structure of consumption expenditure by income quintile and COICOP consumption purpose
hbs_str_t224.csv,Structure of consumption expenditure by type of household and COICOP consumption purpose
hbs_str_t225.csv,Structure of consumption expenditure by age of the reference person and COICOP consumption purpose
hbs_str_t226.csv,Structure of consumption expenditure by degree of urbanisation and COICOP consumption purpose
hbs_str_t227.csv,Structure of consumption expenditure by main source of income and COICOP consumption purpose
hlth_cd_acdr.csv,Causes of death by NUTS 2 regions - crude death rate
hlth_cd_acdr2$dv_1145.csv,Causes of death - crude death rate by NUTS 2 region of residence
hlth_cd_acdr2.csv,Causes of death - crude death rate by NUTS 2 region of residence
hlth_cd_ainfo.csv,Causes of death - infant mortality by country of occurrence
hlth_cd_ainfr.csv,Causes of death - infant mortality by country of residence
hlth_cd_anr.csv,Causes of death - absolute number
hlth_cd_aperro.csv,"Peri-neonatal mortality by age of mother, by residence and occurrence"
hlth_cd_aperrto.csv,"Fetal, peri- and neonatal mortality rates by country of occurrence"
hlth_cd_apr$dv_2102.csv,Treatable and preventable mortality of residents by cause and sex
hlth_cd_apr.csv,Treatable and preventable mortality of residents by cause and sex
hlth_cd_apyll.csv,Causes of death - potential years of life lost by residence
hlth_cd_aro$dv_2481.csv,Causes of death - deaths by country of residence and occurrence
hlth_cd_aro$dv_2641.csv,Causes of death - deaths by country of residence and occurrence
hlth_cd_aro.csv,Causes of death - deaths by country of residence and occurrence
hlth_cd_asdr.csv,Causes of death - standardised death rate
hlth_cd_asdr2.csv,Causes of death - standardised death rate by NUTS 2 region of residence
hlth_cd_dar.csv,Deaths of residents related to dementias including Alzheimer
hlth_cd_iap.csv,Health impacts of air pollution
hlth_cd_ido.csv,Deaths related to infectious diseases
hlth_cd_info.csv,Infant deaths occurring in the country by cause
hlth_cd_infoeu.csv,Infant deaths occurring in the EU by cause and age
hlth_cd_mro.csv,"Causes of death – death by country of residence and occurrence, monthly data"
hlth_cd_msdr2.csv,"Causes of death – standardised death rate by country of residence, monthly data"
hlth_cd_tro.csv,Deaths related to transport accidents occurring in the country
hlth_cd_troeu.csv,Detailed deaths related to transport accidents occurring in the EU
hlth_cd_ycdr2.csv,"Causes of death - crude death rate by NUTS 2 regions of residence, 3 year average"
hlth_cd_ycdrf.csv,"Causes of death by NUTS 2 regions - crude death rate, 3 year average - females"
hlth_cd_ycdrm.csv,"Causes of death by NUTS 2 regions - crude death rate, 3 year average - males"
hlth_cd_ycdrt.csv,"Causes of death by NUTS 2 regions - crude death rate, 3 year average - total"
hlth_cd_yinfo.csv,"Causes of death - infant mortality by NUTS 2 region of occurrence, 3 year average"
hlth_cd_yinfr.csv,"Causes of death - infant mortality by NUTS 2 region of residence, 3 year average"
hlth_cd_ynrf.csv,"Causes of death by NUTS 2 regions - absolute number, 3 year average - females"
hlth_cd_ynrm.csv,"Causes of death by NUTS 2 regions - absolute number, 3 year average - males"
hlth_cd_ynrt.csv,"Causes of death by NUTS 2 regions - absolute number, 3 year average - total"
hlth_cd_yperro.csv,"Peri-neonatal mortality by age of mother and parity, by NUTS2 region of residence and occurrence, 3 year average"
hlth_cd_yperrto.csv,"Fetal, peri- and neonatal mortality rates by NUTS 2 region of occurrence, 3 year average"
hlth_cd_ypyll.csv,"Causes of death - years and potential years of life lost by NUTS 2 regions of residence, 3 year average"
hlth_cd_yro.csv,"Causes of death - deaths by NUTS 2 region of residence and occurrence, 3 year average"
hlth_cd_ysdr1.csv,"Causes of death by NUTS 2 regions - standardised death rate, 3 year average"
hlth_cd_ysdr2.csv,"Causes of death - standardised death rate by NUTS 2 region of residence, 3 year average"
hlth_co_bedoc.csv,Inpatient curative care bed occupancy rate by type of care
hlth_co_disch1.csv,"Hospital discharges by diagnosis, in-patients, total number"
hlth_co_disch1f.csv,"Hospital discharges by diagnosis, NUTS 2 regions, in-patients and total number - females"
hlth_co_disch1m.csv,"Hospital discharges by diagnosis and NUTS 2 regions, in-patients, total number - males"
hlth_co_disch1t.csv,"Hospital discharges by diagnosis and NUTS 2 regions, in-patients, total number - total"
hlth_co_disch2.csv,"Hospital discharges by diagnosis, in-patients, per 100 000 inhabitants"
hlth_co_disch2f.csv,"Hospital discharges by diagnosis and NUTS 2 regions, in-patients, per 100 000 inhabitants - females"
hlth_co_disch2m.csv,"Hospital discharges by diagnosis and NUTS 2 regions, in-patients, per 100 000 inhabitants - males"
hlth_co_disch2t.csv,"Hospital discharges by diagnosis and NUTS 2 regions, in-patients, per 100 000 inhabitants - total"
hlth_co_disch3.csv,"Hospital discharges by diagnosis, day cases, total number"
hlth_co_disch3f.csv,"Hospital discharges by diagnosis and NUTS 2 regions, day cases, total number - females"
hlth_co_disch3m.csv,"Hospital discharges by diagnosis and NUTS 2 regions, day cases, total number - males"
hlth_co_disch3t.csv,"Hospital discharges by diagnosis and NUTS 2 regions, day cases, total number - total"
hlth_co_disch4.csv,"Hospital discharges by diagnosis, day cases, per 100 000 inhabitants"
hlth_co_disch4f.csv,"Hospital discharges by diagnosis and NUTS 2 regions, day cases, per 100 000 inhabitants - females"
hlth_co_disch4m.csv,"Hospital discharges by diagnosis and NUTS 2 regions, day cases, per 100 000 inhabitants - males"
hlth_co_disch4t.csv,"Hospital discharges by diagnosis and NUTS 2 regions, day cases, per 100 000 inhabitants - total"
hlth_co_dischls.csv,Hospital discharges and length of stay for inpatient and curative care - historical data (until 2021)
hlth_co_dischnr.csv,"Non-residents among all hospital discharges, %"
hlth_co_exam.csv,"Medical technologies - examinations by medical imaging techniques (CT, MRI and PET)"
hlth_co_hosday.csv,Hospital days of in-patients
hlth_co_hosdayf.csv,Hospital days of in-patients by NUTS 2 regions - females
hlth_co_hosdaym.csv,Hospital days of in-patients by NUTS 2 regions - males
hlth_co_hosdayt.csv,Hospital days of in-patients by NUTS 2 regions - total
hlth_co_inpagg.csv,Hospital discharges and length of stay for inpatient curative care
hlth_co_inpst.csv,In-patient average length of stay (days)
hlth_co_inpstf.csv,In-patient average length of stay (days) by NUTS 2 regions - females
hlth_co_inpstm.csv,In-patient average length of stay (days) by NUTS 2 regions - males
hlth_co_inpstt.csv,In-patient average length of stay (days) by NUTS 2 regions - total
hlth_co_proc2.csv,Surgical operations and procedures performed in hospitals by ICD-9-CM  – historical data (1990-2016)
hlth_co_proc3.csv,Surgical procedures
hlth_co_ren.csv,End-stage renal failure (ESRF) patients – historical data (1980-2014)
hlth_db_emacag.csv,"Prevalence of disability by sex, age and labour status"
hlth_db_emacse.csv,"Percentage distribution of labour status by severity of disability, sex and age"
hlth_db_emasne.csv,Percentage distribution of assistance needed by not employed disabled people by sex
hlth_db_emasnt.csv,Percentage distribution of types of assistance needed by not employed disabled people by sex
hlth_db_emaspr.csv,Percentage distribution of assistance provided to employed disabled people by sex
hlth_db_emaspt.csv,Percentage distribution of types of assistance provided to employed disabled people by sex
hlth_db_emcana.csv,Percentage distribution of causes of disability by sex and economic activity (NACE Rev. 1)
hlth_db_emduca.csv,"Percentage distribution of duration of disability (in years) since onset, by cause of disability and sex"
hlth_db_emedag.csv,"Prevalence of disability by sex, age and educational attainment level"
hlth_db_emmaag.csv,"Prevalence of disability by sex, age and marital status"
hlth_db_emnaag.csv,"Prevalence of disability by sex, age and economic activity (NACE Rev. 1)"
hlth_db_emocag.csv,"Prevalence of disability by sex, age and occupation"
hlth_db_emrena.csv,"Prevalence of disability by sex, economic activity (NACE Rev. 1) and NUTS 2 regions"
hlth_db_emseag.csv,Percentage distribution of severities of disability by sex and age
hlth_db_emtyag.csv,Percentage distribution of types of disability by sex and age
hlth_de010.csv,"Early leavers from education and training (age group 18-24) by type of disability, sex and labour status"
hlth_de020.csv,Tertiary educational attainment (age group 30-34) by type of disability and sex
hlth_de030.csv,"Young persons neither in employment nor in education and training by type of disability, sex and age"
hlth_de040.csv,"Population by type of disability, sex, age and educational attainment level"
hlth_de050.csv,"Participation in education and training by type of disability, sex and age"
hlth_de060.csv,"Participation in formal education by type of disability, sex and age"
hlth_de070.csv,"Participation in non-formal education and training by type of disability, sex and age"
hlth_dh010$dv_2083.csv,"Self-perceived health by level of disability (activity limitation), sex and age"
hlth_dh010.csv,"Self-perceived health by level of disability (activity limitation), sex and age"
hlth_dh020.csv,"Persons having a longstanding health problem by level of disability (activity limitation), sex and age"
hlth_dh030$dv_2112.csv,"Self-reported unmet needs for medical examination by level of disability (activity limitation), sex and age"
hlth_dh030.csv,"Self-reported unmet needs for medical examination by level of disability (activity limitation), sex and age"
hlth_dhc010.csv,Tenure status by level of disability (activity limitation) and poverty status
hlth_dhc020.csv,"Overall satisfaction with the dwelling by level of disability (activity limitation), sex and age"
hlth_dhc030$dv_2024.csv,"Severe housing deprivation rate by level of disability (activity limitation), sex and age"
hlth_dhc030.csv,"Severe housing deprivation rate by level of disability (activity limitation), sex and age"
hlth_dhc040.csv,"Overcrowding rate by level of disability (activity limitation), sex and age"
hlth_dhc050.csv,"Share of housing cost in disposable income by level of disability (activity limitation), sex and age"
hlth_dhc060$dv_2023.csv,"Housing cost overburden rate by level of disability (activity limitation), sex and age"
hlth_dhc060.csv,"Housing cost overburden rate by level of disability (activity limitation), sex and age"
hlth_dhc070.csv,"Persons living in a dwelling with a leaking roof, damp walls, floors or foundation, or rot in window frames or floor by level of disability (activity limitation), sex and age"
hlth_dhc080.csv,"Persons with no bath or shower in their dwelling by level of disability (activity limitation), sex and age"
hlth_dhc090.csv,"Persons not having indoor flushing toilet for the sole use of their household by level of disability (activity limitation), sex and age"
hlth_dhc100.csv,"Persons considering their dwelling as too dark by level of disability (activity limitation), sex and age"
hlth_dhc110.csv,"Noise from neighbours or from the street by level of disability (activity limitation), sex and age"
hlth_dhc120.csv,"Pollution, grime or other environmental problems by level of disability (activity limitation), sex and age"
hlth_dhc130.csv,"Crime, violence or vandalism in the area by level of disability (activity limitation), sex and age"
hlth_dhc140$dv_2002.csv,"Inability to keep home adequately warm by level of disability (activity limitation), sex and age"
hlth_dhc140$dv_2681.csv,"Inability to keep home adequately warm by level of disability (activity limitation), sex and age"
hlth_dhc140.csv,"Inability to keep home adequately warm by level of disability (activity limitation), sex and age"
hlth_dlm010.csv,"Employment rate of people by type of disability, sex and age"
hlth_dlm020.csv,"Activity rate of people by type of disability, sex and age"
hlth_dlm030.csv,"Unemployment rate of people by type of disability, sex and age"
hlth_dlm040.csv,"Population by type of disability, sex, age and labour status"
hlth_dlm050.csv,"Employment by type of disability, sex, age and professional status"
hlth_dlm060.csv,"Inactive population by type of disability, sex, age and the main reason for not seeking employment"
hlth_dlm070.csv,"Not employed people but having a previous work experience by type of disability, sex, age and the main reason for leaving the last job or business"
hlth_dlm080.csv,"Employment by type of disability, sex, age and full-time/part-time employment"
hlth_dlm090.csv,"Employment by type of disability, sex, age and working at home"
hlth_dlm100.csv,"Employment by type of disability, sex, age and supervisor responsibility"
hlth_dlm110.csv,"Employment by type of disability, sex, age and number of usual weekly hours of work in main job"
hlth_dlm120.csv,"Employment by type of disability, sex, age and economic activity"
hlth_dlm130.csv,"Employment by type of disability, sex, age and occupation"
hlth_dlm140.csv,"People reporting a limitation in work by the reason for limitation in work, sex and age"
hlth_dlm150.csv,"People reporting a limitation in the amount of work caused by longstanding health problems or difficulties in basic activities by cause, sex and age"
hlth_dlm160.csv,"People reporting a limitation in the type of work caused by longstanding health problems or difficulties in basic activities by cause, sex and age"
hlth_dlm170.csv,"People reporting a limitation in getting to and from work caused by longstanding health problems or difficulties in basic activities by cause, sex and age"
hlth_dlm180.csv,"Employed people having a longstanding health problem or a difficulty in basic activities by the type of special assistance used, sex and age"
hlth_dlm190.csv,"Not employed people having a longstanding health problem or a difficulty in basic activities by the type of special assistance needed, sex and age"
hlth_dlm200.csv,Disability employment gap by level of activity limitation and sex (source EU-SILC)
hlth_dm010$dv_1997.csv,"Severe material and social deprivation rate by level of disability (activity limitation), sex and age"
hlth_dm010.csv,"Severe material and social deprivation rate by level of disability (activity limitation), sex and age"
hlth_dm020.csv,"Inability to afford paying for one week annual holiday away from home by level of disability (activity limitation), sex and age"
hlth_dm030.csv,"Inability to afford a meal with meat, chicken, fish (or vegetarian equivalent) every second day by level of disability (activity limitation), sex and age"
hlth_dm040.csv,"Inability to face unexpected financial expenses by level of disability (activity limitation), sex and age"
hlth_dm050.csv,"Arrears (mortgage or rent, utility bills or hire purchase) by level of disability (activity limitation), sex and age"
hlth_dm060.csv,"Ability to make ends meet by level of disability (activity limitation), sex and age"
hlth_dm070.csv,"Share of persons who cannot afford a telephone by level of activity limitation, sex and age"
hlth_dm080.csv,"Share of persons who cannot afford a colour TV by level of activity limitation, sex and age"
hlth_dm090.csv,"Share of persons who cannot afford a computer by level of disability (activity limitation), sex and age"
hlth_dm100.csv,"Share of persons who cannot afford a washing machine by level of activity limitation, sex and age"
hlth_dm110.csv,"Share of persons who cannot afford a personal car by level of disability (activity limitation), sex and age"
hlth_dp010.csv,Persons reporting a longstanding health problem or a basic activity difficulty by sex and age
hlth_dp020.csv,"Population by type of longstanding health problem, sex and age"
hlth_dp030.csv,Prevalence of the main longstanding health problems by sex and age
hlth_dp040.csv,"Population by type of basic activity difficulty, sex and age"
hlth_dp050.csv,Prevalence of the main basic activity difficulties by sex and age
hlth_dp060.csv,"Population by type of disability, sex, age and marital status"
hlth_dp070.csv,"Population by type of disability, sex, age and household composition"
hlth_dp080.csv,"Population by type of disability, sex, age and degree of urbanization"
hlth_dpe010$dv_1963.csv,"Persons at risk of poverty or social exclusion by level of disability (activity limitation), sex and age"
hlth_dpe010.csv,"Persons at risk of poverty or social exclusion by level of disability (activity limitation), sex and age"
hlth_dpe020$dv_1984.csv,"Persons at risk of poverty by level of disability (activity limitation), sex and age"
hlth_dpe020.csv,"Persons at risk of poverty by level of disability (activity limitation), sex and age"
hlth_dpe030.csv,"Persons at risk of poverty before social transfers (pensions included in social transfers) by level of disability (activity limitation), sex and age"
hlth_dpe040$dv_2001.csv,"Persons living in households with very low work intensity by level of disability (activity limitation), sex and age"
hlth_dpe040.csv,"Persons living in households with very low work intensity by level of disability (activity limitation), sex and age"
hlth_dpe050$dv_1993.csv,"In-work at-risk-of-poverty rate by level of disability (activity limitation), sex and age"
hlth_dpe050.csv,"In-work at-risk-of-poverty rate by level of disability (activity limitation), sex and age"
hlth_dpeh005.csv,"Population by sex, age and disability status"
hlth_dpeh010.csv,"Population by sex, age, disability status and labour status"
hlth_dpeh020.csv,"Population by sex, age, disability status and educational attainment level"
hlth_dpeh030.csv,"Population by sex, age, disability status and income quintile"
hlth_dpeh040.csv,"Population by sex, age, disability status and household type"
hlth_dpeh050.csv,"Population by sex, age, disability status and having a longstanding health problem"
hlth_dpeh060.csv,"Population by sex, age, disability status and having a longstanding difficulty in basic activities"
hlth_dpeh070.csv,"Population by sex, age, disability status and reporting a longstanding difficulty in activities of personal care"
hlth_dpeh080.csv,"Population by sex, age, disability status and reporting a longstanding difficulty in activities of household care"
hlth_dpeh090.csv,"Persons reporting a longstanding health problem by sex, age and type of longstanding health problem"
hlth_dpeh100.csv,"Persons reporting a longstanding difficulty in basic activities by sex, age and type of basic activity where a longstanding difficulty is encountered"
hlth_dpeh110.csv,"Persons reporting a difficulty in personal care activities by sex, age and need for assistance"
hlth_dpeh120.csv,"Persons reporting a difficulty in household care activities by sex, age and need for assistance"
hlth_dpeh130.csv,"Persons with disabilities by sex, age and need for assistance"
hlth_dpeh135.csv,"Persons with disabilities by sex, need for assistance and labour status"
hlth_dpeh140.csv,"Persons with disabilities by sex, need for assistance and educational attainment level"
hlth_dpeh150.csv,"Persons with disabilities by sex, need for assistance and income quintile"
hlth_dpeh160.csv,"Persons with disabilities by sex, need for assistance and household type"
hlth_dpeh170.csv,"Persons with disabilities by sex, need for assistance and having a longstanding health problem"
hlth_dpeh180.csv,"Persons with disabilities by sex, need for assistance and having a longstanding difficulty in basic activities"
hlth_dpeh190.csv,"Persons with disabilities by sex, need for assistance and having a longstanding difficulty in activities of personal care"
hlth_dpeh200.csv,"Persons with disabilities by sex, need for assistance and having a longstanding difficulty in activities of household care"
hlth_ds010.csv,"Frequency of going to cinema, live performances, cultural sites or attending live sport events by level of disability (activity limitation), sex and age"
hlth_ds020.csv,"Frequency of getting together with relatives or friends by level of disability (activity limitation), sex and age"
hlth_ds030.csv,"Frequency of contacts with relatives or friends by level of disability (activity limitation), sex and age"
hlth_ds040.csv,"Participation in activities of churches or other religious organisations by level of disability (activity limitation), sex and age"
hlth_ds050.csv,"Participation in informal voluntary activities by level of disability (activity limitation), sex and age"
hlth_dsi010.csv,"Persons with disabilities by sex, age and severity of disability"
hlth_dsi015.csv,"Persons with disabilities by sex, severity of disability and labour status"
hlth_dsi020.csv,"Persons with disabilities by sex, severity of disability and educational attainment level"
hlth_dsi030.csv,"Persons with disabilities by sex, severity of disability and income quintile"
hlth_dsi040.csv,"Persons with disabilities by sex, severity of disability and household type"
hlth_dsi050.csv,"Persons with disabilities by sex, severity of disability and having a longstanding health problem"
hlth_dsi060.csv,"Persons with disabilities by sex, severity of disability and having a longstanding difficulty in basic activities"
hlth_dsi070.csv,"Persons with disabilities by sex, severity of disability and having a longstanding difficulty in activities of personal care"
hlth_dsi080.csv,"Persons with disabilities by sex, severity of disability and having a longstanding difficulty in activities of household care"
hlth_dsi090.csv,"Persons with disabilities by sex, age and life area where a barrier is reported"
hlth_dsi095.csv,"Persons with disabilities by sex, life area where a barrier is reported and labour status"
hlth_dsi100.csv,"Persons with disabilities by sex, life area where a barrier is reported and educational attainment level"
hlth_dsi110.csv,"Persons with disabilities by sex, life area where a barrier is reported and income quintile"
hlth_dsi120.csv,"Persons with disabilities by sex, life area where a barrier is reported and household type"
hlth_dsi130.csv,"Persons with disabilities by sex, life area where a barrier is reported and having a longstanding health problem"
hlth_dsi140.csv,"Persons with disabilities by sex, life area where a barrier is reported and having a longstanding difficulty in basic activities"
hlth_dsi150.csv,"Persons with disabilities by sex, life area where a barrier is reported and having a longstanding difficulty in activities of personal care"
hlth_dsi160.csv,"Persons with disabilities by sex, life area where a barrier is reported and having a longstanding difficulty in activities of household care"
hlth_ehis_ac1e.csv,"Persons reporting an accident resulting in injury by sex, age and educational attainment level"
hlth_ehis_ac1u.csv,"Persons reporting an accident resulting in injury by sex, age and degree of urbanisation"
hlth_ehis_ac2e.csv,"Medical intervention for an accident resulting in injury by sex, age and educational attainment level"
hlth_ehis_al1b.csv,"Frequency of alcohol consumption by sex, age and country of birth"
hlth_ehis_al1c.csv,"Frequency of alcohol consumption by sex, age and country of citizenship"
hlth_ehis_al1e$dv_1142.csv,"Frequency of alcohol consumption by sex, age and educational attainment level"
hlth_ehis_al1e.csv,"Frequency of alcohol consumption by sex, age and educational attainment level"
hlth_ehis_al1i.csv,"Frequency of alcohol consumption by sex, age and income quintile"
hlth_ehis_al1u.csv,"Frequency of alcohol consumption by sex, age and degree of urbanisation"
hlth_ehis_al2e.csv,"Hazardous alcohol drinkers by sex, age and educational attainment level"
hlth_ehis_al2i.csv,"Hazardous alcohol drinkers by sex, age and income quintile"
hlth_ehis_al2u.csv,"Hazardous alcohol drinkers by sex, age and degree of urbanisation"
hlth_ehis_al3e$dv_450.csv,"Frequency of heavy episodic drinking by sex, age and educational attainment level"
hlth_ehis_al3e.csv,"Frequency of heavy episodic drinking by sex, age and educational attainment level"
hlth_ehis_al3i$dv_461.csv,"Frequency of heavy episodic drinking by sex, age and income quintile"
hlth_ehis_al3i.csv,"Frequency of heavy episodic drinking by sex, age and income quintile"
hlth_ehis_al3u.csv,"Frequency of heavy episodic drinking by sex, age and degree of urbanisation"
hlth_ehis_am1e.csv,"Self-reported time elapsed since last visit to a medical professional by sex, age and educational attainment level"
hlth_ehis_am1u.csv,"Self-reported time elapsed since last visit to a medical professional by sex, age and degree of urbanisation"
hlth_ehis_am2b.csv,"Self-reported consultations of a medical professional by sex, age and country of birth"
hlth_ehis_am2c.csv,"Self-reported consultations of a medical professional by sex, age and country of citizenship"
hlth_ehis_am2d.csv,"Self-reported consultations of a medical professional by level of disability (activity limitation), sex and age"
hlth_ehis_am2e.csv,"Self-reported consultations of a medical professional by sex, age and educational attainment level"
hlth_ehis_am2u.csv,"Self-reported consultations of a medical professional by sex, age and degree of urbanisation"
hlth_ehis_am6d$dv_2123.csv,"Self-reported consultation of mental healthcare or rehabilitative care professionals by level of disability (activity limitation), sex and age"
hlth_ehis_am6d.csv,"Self-reported consultation of mental healthcare or rehabilitative care professionals by level of disability (activity limitation), sex and age"
hlth_ehis_am6e.csv,"Self-reported consultation of mental healthcare or rehabilitative care professionals by sex, age and educational attainment level"
hlth_ehis_am6u.csv,"Self-reported consultation of mental healthcare or rehabilitative care professionals by sex, age and degree of urbanisation"
hlth_ehis_am7d.csv,"Self-reported use of home care services by level of disability (activity limitation), sex and age"
hlth_ehis_am7e.csv,"Self-reported use of home care services by sex, age and educational attainment level"
hlth_ehis_am7i.csv,"Self-reported use of home care services by sex, age and income quintile"
hlth_ehis_am7sa.csv,Self-reported use of home care services by people with severe difficulty in personal care activities by sex and age
hlth_ehis_am7sh.csv,Self-reported use of home care services by people with severe difficulty in personal care activities by age and household type
hlth_ehis_am7ta.csv,"Self-reported use of home care services by sex, age and level of difficulty with personal care or household activities"
hlth_ehis_am7th.csv,"Self-reported use of home care services by age, level of difficulty with personal care or household activities and household type"
hlth_ehis_am7u.csv,"Self-reported use of home care services by sex, age and degree of urbanisation"
hlth_ehis_aw1d.csv,"Absence from work due to personal health problems by level of disability (activity limitation), sex and age"
hlth_ehis_aw1e.csv,"Absence from work due to personal health problems by sex, age and educational attainment level"
hlth_ehis_aw1u.csv,"Absence from work due to personal health problems by sex, age and degree of urbanisation"
hlth_ehis_bm1b$dv_2103.csv,"Body mass index (BMI) by sex, age and country of birth"
hlth_ehis_bm1b.csv,"Body mass index (BMI) by sex, age and country of birth"
hlth_ehis_bm1c$dv_2104.csv,"Body mass index (BMI) by sex, age and country of citizenship"
hlth_ehis_bm1c.csv,"Body mass index (BMI) by sex, age and country of citizenship"
hlth_ehis_bm1d$dv_2105.csv,"Body mass index (BMI) by level of disability (activity limitation), sex and age"
hlth_ehis_bm1d.csv,"Body mass index (BMI) by level of disability (activity limitation), sex and age"
hlth_ehis_bm1e$dv_309.csv,"Body mass index (BMI) by sex, age and educational attainment level"
hlth_ehis_bm1e.csv,"Body mass index (BMI) by sex, age and educational attainment level"
hlth_ehis_bm1i$dv_2704.csv,"Body mass index (BMI) by sex, age and income quintile"
hlth_ehis_bm1i$dv_306.csv,"Body mass index (BMI) by sex, age and income quintile"
hlth_ehis_bm1i.csv,"Body mass index (BMI) by sex, age and income quintile"
hlth_ehis_bm1u.csv,"Body mass index (BMI) by sex, age and degree of urbanisation"
hlth_ehis_cd1b.csv,"Persons reporting a chronic disease, by disease, sex, age and contry of birth"
hlth_ehis_cd1c.csv,"Persons reporting a chronic disease, by disease, sex, age and broad group of citizenship"
hlth_ehis_cd1d$dv_2101.csv,"Persons reporting a chronic disease by level of disability (activity limitation), sex and age"
hlth_ehis_cd1d.csv,"Persons reporting a chronic disease by level of disability (activity limitation), sex and age"
hlth_ehis_cd1e.csv,"Persons reporting a chronic disease, by disease, sex, age and educational attainment level"
hlth_ehis_cd1i.csv,"Persons reporting a chronic disease, by disease, sex, age and income quintile"
hlth_ehis_cd1u.csv,"Persons reporting a chronic disease, by disease, sex, age and degree of urbanisation"
hlth_ehis_de1.csv,"Body mass index (BMI) by sex, age and educational attainment level (%)"
hlth_ehis_de10.csv,"Frequency of alcohol consumption by sex, age and educational attainment level (%)"
hlth_ehis_de2.csv,"Body mass index (BMI) by sex, age and income quintile (%)"
hlth_ehis_de3.csv,"Daily smokers of cigarettes by sex, age and educational attainment level (%)"
hlth_ehis_de4.csv,"Daily smokers of cigarettes by sex, age and income quintile (%)"
hlth_ehis_de5.csv,"Daily smokers by number of cigarettes by sex, age and educational attainment level (%)"
hlth_ehis_de6.csv,"Frequency of binge drinking by sex, age and educational attainment level"
hlth_ehis_de7.csv,"Consumption of fruits by sex, age and educational attainment level (%)"
hlth_ehis_de8.csv,"Consumption of vegetables by sex, age and educational attainment level (%)"
hlth_ehis_de9.csv,"Practice of daily physical activity by sex, age and educational attainment level (%)"
hlth_ehis_fv1b.csv,"Frequency of fruit and vegetables consumption by sex, age and country of birth"
hlth_ehis_fv1c.csv,"Frequency of fruit and vegetables consumption by sex, age and country of citizenship"
hlth_ehis_fv1d.csv,"Frequency of fruit and vegetables consumption by level of disability (activity limitation), sex and age"
hlth_ehis_fv1e.csv,"Frequency of fruit and vegetables consumption by sex, age and educational attainment level"
hlth_ehis_fv1i.csv,"Frequency of fruit and vegetables consumption by sex, age and income quintile"
hlth_ehis_fv1m.csv,"Frequency of fruit and vegetables consumption by sex, age and body mass index"
hlth_ehis_fv1u.csv,"Frequency of fruit and vegetables consumption by sex, age and degree of urbanisation"
hlth_ehis_fv3b.csv,"Daily consumption of fruit and vegetables by sex, age and country of birth"
hlth_ehis_fv3c.csv,"Daily consumption of fruit and vegetables by sex, age and country of citizenship"
hlth_ehis_fv3d.csv,"Daily consumption of fruit and vegetables by level of disability (activity limitation), sex and age"
hlth_ehis_fv3e$dv_1143.csv,"Daily consumption of fruit and vegetables by sex, age and educational attainment level"
hlth_ehis_fv3e$dv_462.csv,"Daily consumption of fruit and vegetables by sex, age and educational attainment level"
hlth_ehis_fv3e.csv,"Daily consumption of fruit and vegetables by sex, age and educational attainment level"
hlth_ehis_fv3i.csv,"Daily consumption of fruit and vegetables by sex, age and income quintile"
hlth_ehis_fv3m.csv,"Daily consumption of fruit and vegetables by sex, age and body mass index"
hlth_ehis_fv3u.csv,"Daily consumption of fruit and vegetables by sex, age and degree of urbanisation"
hlth_ehis_fv5e.csv,"Frequency of drinking pure fruit or vegetable juice by sex, age and educational attainment level"
hlth_ehis_fv7e.csv,"Frequency of drinking sugar-sweetened soft drinks by sex, age and educational attainment level"
hlth_ehis_fv7i.csv,"Frequency of drinking sugar-sweetened soft drinks by sex, age and income quintile"
hlth_ehis_fv7m.csv,"Frequency of drinking sugar-sweetened soft drinks by sex, age and body mass index"
hlth_ehis_ha1d.csv,"Difficulties in household activities by sex, age and level of disability (activity limitation)"
hlth_ehis_ha1e.csv,"Difficulties in household activities by sex, age and educational attainment level"
hlth_ehis_ha1hcs.csv,"Difficulties in household activities by sex, age and use of home care services"
hlth_ehis_ha1i.csv,"Difficulties in household activities by sex, age and income quintile"
hlth_ehis_ha1u.csv,"Difficulties in household activities by sex, age and degree of urbanisation"
hlth_ehis_hahlpd.csv,"Need for help with household activities by sex, age and level of activity limitation"
hlth_ehis_hahlpe.csv,"Need for help with household activities by sex, age and educational attainment level"
hlth_ehis_hahlpu.csv,"Need for help with household activities by sex, age and degree of urbanisation"
hlth_ehis_hc1.csv,"Self-reported vaccination against influenza by sex, age and educational attainment level (%)"
hlth_ehis_hc10.csv,"Self-reported use of non-prescribed medicines by sex, age and educational attainment level"
hlth_ehis_hc2.csv,Self-reported breast examination by X-ray by educational attainment level among women aged 50-69 (%)
hlth_ehis_hc3.csv,Self-reported cervical smear test by educational attainment level among women aged 20-69 (%)
hlth_ehis_hc4.csv,"Self-reported colorectal cancer screening test by sex, age and educational attainment level among people aged 50-74 (%)"
hlth_ehis_hc5.csv,"Self-reported consultation of a medical professional by sex, age and educational attainment level (%)"
hlth_ehis_hc6.csv,"Self-reported consultation of a psychologist or physiotherapist by sex, age and educational attainment level (%)"
hlth_ehis_hc7.csv,"Self-reported use of prescribed medicines for specific diseases by sex, age and educational attainment level"
hlth_ehis_hc8.csv,"Self-reported hospital in-patient and day-patient admissions by sex, age and educational attainment level (%)"
hlth_ehis_hc9.csv,"Self-reported use of prescribed medicines by sex, age and educational attainment level"
hlth_ehis_ho1e.csv,"Self-reported hospital in-patient and day-patient admissions by sex, age and educational attainment level"
hlth_ehis_ho1u.csv,"Self-reported hospital in-patient and day-patient admissions by sex, age and degree of urbanisation"
hlth_ehis_ic1e.csv,"Persons providing informal care or assistance at least once a week by sex, age and educational attainment level"
hlth_ehis_ic1u.csv,"Persons providing informal care or assistance at least once a week by sex, age and degree of urbanisation"
hlth_ehis_md1b.csv,"Self-reported use of prescribed medicines by sex, age and country of birth"
hlth_ehis_md1c.csv,"Self-reported use of prescribed medicines by sex, age and country of citizenship"
hlth_ehis_md1e.csv,"Self-reported use of prescribed medicines by sex, age and educational attainment level"
hlth_ehis_md1u.csv,"Self-reported use of prescribed medicines by sex, age and degree of urbanisation"
hlth_ehis_md2b.csv,"Self-reported use of non-prescribed medicines by sex, age and country of birth"
hlth_ehis_md2c.csv,"Self-reported use of non-prescribed medicines by sex, age and country of citizenship"
hlth_ehis_md2e.csv,"Self-reported use of non-prescribed medicines by sex, age and educational attainment level"
hlth_ehis_md2u.csv,"Self-reported use of non-prescribed medicines by sex, age and degree of urbanisation"
hlth_ehis_mh1b$dv_2106.csv,"Current depressive symptoms by sex, age and country of birth"
hlth_ehis_mh1b.csv,"Current depressive symptoms by sex, age and country of birth"
hlth_ehis_mh1c$dv_2107.csv,"Current depressive symptoms by sex, age and country of citizenship"
hlth_ehis_mh1c.csv,"Current depressive symptoms by sex, age and country of citizenship"
hlth_ehis_mh1d.csv,"Current depressive symptoms by level of disability (activity limitation), sex and age"
hlth_ehis_mh1e$dv_463.csv,"Current depressive symptoms by sex, age and educational attainment level"
hlth_ehis_mh1e.csv,"Current depressive symptoms by sex, age and educational attainment level"
hlth_ehis_mh1i$dv_464.csv,"Current depressive symptoms by sex, age and income quintile"
hlth_ehis_mh1i.csv,"Current depressive symptoms by sex, age and income quintile"
hlth_ehis_mh1u.csv,"Current depressive symptoms by sex, age and degree of urbanisation"
hlth_ehis_mh2b.csv,"Severity of current depressive symptoms by sex, age and country of birth"
hlth_ehis_mh2c.csv,"Severity of current depressive symptoms by sex, age and country of citizenhip"
hlth_ehis_mh2d.csv,"Severity of current depressive symptoms by level of disability (activity limitation), sex and age"
hlth_ehis_mh2e.csv,"Severity of current depressive symptoms by sex, age and educational attainment level"
hlth_ehis_mh2i.csv,"Severity of current depressive symptoms by sex, age and income quintile"
hlth_ehis_mh2u.csv,"Severity of current depressive symptoms by sex, age and degree of urbanisation"
hlth_ehis_pa1e.csv,"Self-reported vaccination against influenza by sex, age and educational attainment level"
hlth_ehis_pa1i.csv,"Self-reported vaccination against influenza by sex, age and income quintile"
hlth_ehis_pa1u.csv,"Self-reported vaccination against influenza by sex, age and degree of urbanisation"
hlth_ehis_pa2e.csv,"Self-reported screening of cardiovascular diseases and diabetes risks by sex, age and educational attainment level"
hlth_ehis_pa2i.csv,"Self-reported screening of cardiovascular diseases and diabetes risks by sex, age and income quintile"
hlth_ehis_pa2u.csv,"Self-reported screening of cardiovascular diseases and diabetes risks by sex, age and degree of urbanisation"
hlth_ehis_pa5e.csv,"Self-reported last colorectal cancer screening test by sex, age and educational attainment level"
hlth_ehis_pa5i.csv,"Self-reported last colorectal cancer screening test by sex, age and income quintile"
hlth_ehis_pa5u.csv,"Self-reported last colorectal cancer screening test by sex, age and degree of urbanisation"
hlth_ehis_pa6e.csv,"Self-reported last colonoscopy by sex, age and educational attainment level"
hlth_ehis_pa6i.csv,"Self-reported last colonoscopy by sex, age and income quintile"
hlth_ehis_pa6u.csv,"Self-reported last colonoscopy by sex, age and degree of urbanisation"
hlth_ehis_pa7e.csv,Self-reported last breast examination by X-ray among women by age and educational attainment level
hlth_ehis_pa7i.csv,Self-reported last breast examination by X-ray among women by age and income quintile
hlth_ehis_pa7u.csv,Self-reported last breast examination by X-ray among women by age and degree of urbanisation
hlth_ehis_pa8e.csv,Self-reported last cervical smear test among women by age and educational attainment level
hlth_ehis_pa8i.csv,Self-reported last cervical smear test among women by age and income quintile
hlth_ehis_pa8u.csv,Self-reported last cervical smear test among women by age and degree of urbanisation
hlth_ehis_pc1d.csv,"Difficulties in personal care activities by sex, age and level of disability (activity limitation)"
hlth_ehis_pc1e.csv,"Difficulties in personal care activities by sex, age and educational attainment level"
hlth_ehis_pc1hcs.csv,"Difficulties in personal care activities by sex, age and use of home care services"
hlth_ehis_pc1i.csv,"Difficulties in personal care activities by sex, age and income quintile"
hlth_ehis_pc1u.csv,"Difficulties in personal care activities by sex, age and degree of urbanisation"
hlth_ehis_pchlpd.csv,"Need for help with personal care activities by sex, age and level of activity limitation"
hlth_ehis_pchlpe.csv,"Need for help with personal care activities by sex, age and educational attainment level"
hlth_ehis_pchlpu.csv,"Need for help with personal care activities by sex, age and degree of urbanisation"
hlth_ehis_pe1e.csv,"Effort involved in performing work-related physical activity by sex, age and educational attainment level"
hlth_ehis_pe1i.csv,"Effort involved in performing work-related physical activity by sex, age and income quintile"
hlth_ehis_pe1u.csv,"Effort involved in performing work-related physical activity by sex, age and degree of urbanisation"
hlth_ehis_pe2e$dv_1144.csv,"Time spent on health-enhancing (non-work-related) aerobic physical activity by sex, age and educational attainment level"
hlth_ehis_pe2e$dv_300.csv,"Time spent on health-enhancing (non-work-related) aerobic physical activity by sex, age and educational attainment level"
hlth_ehis_pe2e$dv_301.csv,"Time spent on health-enhancing (non-work-related) aerobic physical activity by sex, age and educational attainment level"
hlth_ehis_pe2e.csv,"Time spent on health-enhancing (non-work-related) aerobic physical activity by sex, age and educational attainment level"
hlth_ehis_pe2i$dv_465.csv,"Time spent on health-enhancing (non-work-related) aerobic physical activity by sex, age and income quintile"
hlth_ehis_pe2i.csv,"Time spent on health-enhancing (non-work-related) aerobic physical activity by sex, age and income quintile"
hlth_ehis_pe2m.csv,"Time spent on health-enhancing non-work-related aerobic physical activity by sex, age and body mass index"
hlth_ehis_pe2u$dv_466.csv,"Time spent on health-enhancing (non-work-related) aerobic physical activity by sex, age and degree of urbanisation"
hlth_ehis_pe2u.csv,"Time spent on health-enhancing (non-work-related) aerobic physical activity by sex, age and degree of urbanisation"
hlth_ehis_pe3e$dv_294.csv,"Performing (non-work-related) physical activities by sex, age and educational attainment level"
hlth_ehis_pe3e$dv_296.csv,"Performing (non-work-related) physical activities by sex, age and educational attainment level"
hlth_ehis_pe3e.csv,"Performing (non-work-related) physical activities by sex, age and educational attainment level"
hlth_ehis_pe3i$dv_467.csv,"Performing (non-work-related) physical activities by sex, age and income quintile"
hlth_ehis_pe3i.csv,"Performing (non-work-related) physical activities by sex, age and income quintile"
hlth_ehis_pe3u$dv_468.csv,"Performing (non-work-related) physical activities by sex, age and degree of urbanisation"
hlth_ehis_pe3u.csv,"Performing (non-work-related) physical activities by sex, age and degree of urbanisation"
hlth_ehis_pe6e.csv,"Walking and cycling at least 30 minutes per day by sex, age and educational attainment level"
hlth_ehis_pe9b.csv,"Performing health-enhancing physical activity by sex, age and country of birth"
hlth_ehis_pe9c.csv,"Performing health-enhancing physical activity by sex, age and country of citizenship"
hlth_ehis_pe9d.csv,"Performing health-enhancing physical activity by level of disability (activity limitation), sex and age"
hlth_ehis_pe9e$dv_469.csv,"Performing health-enhancing physical activity by sex, age and educational attainment level"
hlth_ehis_pe9e.csv,"Performing health-enhancing physical activity by sex, age and educational attainment level"
hlth_ehis_pe9i$dv_470.csv,"Performing health-enhancing physical activity by sex, age and income quintile"
hlth_ehis_pe9i.csv,"Performing health-enhancing physical activity by sex, age and income quintile"
hlth_ehis_pe9u$dv_471.csv,"Performing health-enhancing physical activity by sex, age and degree of urbanisation"
hlth_ehis_pe9u.csv,"Performing health-enhancing physical activity by sex, age and degree of urbanisation"
hlth_ehis_pl1d.csv,"Functional limitations by sex, age and level of disability (activity limitation)"
hlth_ehis_pl1e.csv,"Functional limitations by sex, age and educational attainment level"
hlth_ehis_pl1u.csv,"Functional limitations by sex, age and degree of urbanisation"
hlth_ehis_pn1b.csv,"Severity of bodily pain by sex, age and country of birth"
hlth_ehis_pn1c.csv,"Severity of bodily pain by sex, age and country of citizenship"
hlth_ehis_pn1d.csv,"Severity of bodily pain by level of disability (activity limitation), sex and age"
hlth_ehis_pn1e.csv,"Severity of bodily pain by sex, age and educational attainment level"
hlth_ehis_sk1b.csv,"Smoking of tobacco products by sex, age and country of birth"
hlth_ehis_sk1c.csv,"Smoking of tobacco products by sex, age and country of citizenship"
hlth_ehis_sk1e.csv,"Smoking of tobacco products by sex, age and educational attainment level"
hlth_ehis_sk1i.csv,"Smoking of tobacco products by sex, age and income quintile"
hlth_ehis_sk1u.csv,"Smoking of tobacco products by sex, age and degree of urbanisation"
hlth_ehis_sk2e.csv,"Former daily tobacco smokers by sex, age and educational attainment level"
hlth_ehis_sk2i.csv,"Former daily tobacco smokers by sex, age and income quintile"
hlth_ehis_sk3e$dv_1127.csv,"Daily smokers of cigarettes by sex, age and educational attainment level"
hlth_ehis_sk3e$dv_298.csv,"Daily smokers of cigarettes by sex, age and educational attainment level"
hlth_ehis_sk3e.csv,"Daily smokers of cigarettes by sex, age and educational attainment level"
hlth_ehis_sk3i$dv_1141.csv,"Daily smokers of cigarettes by sex, age and income quintile"
hlth_ehis_sk3i$dv_2705.csv,"Daily smokers of cigarettes by sex, age and income quintile"
hlth_ehis_sk3i$dv_304.csv,"Daily smokers of cigarettes by sex, age and income quintile"
hlth_ehis_sk3i.csv,"Daily smokers of cigarettes by sex, age and income quintile"
hlth_ehis_sk3u.csv,"Daily smokers of cigarettes by sex, age and degree of urbanisation"
hlth_ehis_sk4e.csv,"Daily exposure to tobacco smoke indoors by sex, age and educational attainment level"
hlth_ehis_sk4u.csv,"Daily exposure to tobacco smoke indoors by sex, age and degree of urbanisation"
hlth_ehis_sk5e.csv,"Duration of daily tobacco smoking by sex, age and educational attainment level"
hlth_ehis_sk6e.csv,"Use of electronic cigarettes or similar electronic devices by sex, age and educational attainment level"
hlth_ehis_ss1b.csv,"Overall perceived social support by sex, age and country of birth"
hlth_ehis_ss1c$dv_2108.csv,"Overall perceived social support by sex, age and country of citizenship"
hlth_ehis_ss1c.csv,"Overall perceived social support by sex, age and country of citizenship"
hlth_ehis_ss1d$dv_2109.csv,"Overall perceived social support by level of disability (activity limitation), sex and age"
hlth_ehis_ss1d.csv,"Overall perceived social support by level of disability (activity limitation), sex and age"
hlth_ehis_ss1e.csv,"Overall perceived social support by sex, age and educational attainment level"
hlth_ehis_ss1u.csv,"Overall perceived social support by sex, age and degree of urbanisation"
hlth_ehis_st1.csv,"People reporting a chronic disease, by disease, sex, age and educational attainment level (%)"
hlth_ehis_st10.csv,"Limitations in personal care activities by sex, age and educational attainment level (%)"
hlth_ehis_st11.csv,"Limitations in household activities by sex, age and educational attainment level (%)"
hlth_ehis_st2.csv,"People reporting having had an accident by sex, age and educational attainment level (%)"
hlth_ehis_st3.csv,"People reporting having had an accident, which resulted in injury for which medical treatment was sought by sex, age and educational attainment level (%)"
hlth_ehis_st4.csv,"People declaring physical pain or physical discomfort by sex, age and educational attainment level (%)"
hlth_ehis_st7.csv,"Psychological distress by sex, age and educational attainment level (average score)"
hlth_ehis_st8.csv,"Psychological well-being (energy and vitality index) by sex, age and educational attainment level (average score)"
hlth_ehis_st9.csv,"Physical and sensory functional limitations by sex, age and educational attainment level (%)"
hlth_ehis_tad.csv,"Difficulties in personal care activities or household activities by sex, age and level of disability (activity limitation)"
hlth_ehis_tadle.csv,"Severe difficulties in personal care activities or household activities by sex, age and type of activity where the severe difficulty is encountered"
hlth_ehis_tadlh.csv,"Need for help with personal care or household activities by level of difficulty experienced in those activities, sex and age"
hlth_ehis_tadlhi.csv,"Need for help with personal care or household activities by level of difficulty experienced in those activities, age and income quintile"
hlth_ehis_tadlhu.csv,"Need for help with personal care or household activities by level of difficulty experienced in those activities, age and degree of urbanisation"
hlth_ehis_tadli.csv,"Severe difficulties in personal care activities or household activities by age, income quintile and type of activity where the severe difficulty is encountered"
hlth_ehis_tae.csv,"Difficulties in personal care activities or household activities by sex, age and educational attainment level"
hlth_ehis_tahcs.csv,"Difficulties in personal care activities or household activities by sex, age and use of home care services"
hlth_ehis_tai.csv,"Difficulties in personal care activities or household activities by sex, age and income quintile"
hlth_ehis_tau.csv,"Difficulties in personal care activities or household activities by sex, age and degree of urbanisation"
hlth_ehis_un1d.csv,"Self-reported unmet needs for health care by specific reasons, level of disability (activity limitation), sex and age"
hlth_ehis_un1e.csv,"Self-reported unmet needs for health care by sex, age, specific reasons and educational attainment level"
hlth_ehis_un1i.csv,"Self-reported unmet needs for health care by sex, age, specific reasons and income quintile"
hlth_ehis_un1u.csv,"Self-reported unmet needs for health care by sex, age, specific reasons and degree of urbanisation"
hlth_ehis_un2d.csv,"Self-reported unmet needs for specific health care-related services due to financial reasons by level of disability (activity limitation), sex and age"
hlth_ehis_un2e.csv,"Self-reported unmet needs for specific health care-related services due to financial reasons by sex, age and educational attainment level"
hlth_ehis_un2i.csv,"Self-reported unmet needs for specific health care-related services due to financial reasons by sex, age and income quintile"
hlth_ehis_un2u.csv,"Self-reported unmet needs for specific health care-related services due to financial reasons by sex, age and degree of urbanisation"
hlth_ehis_vie.csv,"Correction of vision problems by sex, age and educational attainment level"
hlth_ehis_viu.csv,"Correction of vision problems by sex, age and degree of urbanisation"
hlth_hc_dent.csv,Consultation of a dentist per inhabitant
hlth_hc_phys.csv,Consultation of a medical doctor (in private practice or as outpatient) per inhabitant  – historical data (1960-2013)
hlth_hc_phys2.csv,Consultation of a medical doctor per inhabitant
hlth_hlye$dv_2041.csv,Healthy life years by sex (from 2004 onwards)
hlth_hlye$dv_287.csv,Healthy life years by sex (from 2004 onwards)
hlth_hlye.csv,Healthy life years by sex (from 2004 onwards)
hlth_hlye_h.csv,Healthy life years (1995 - 2003)
hlth_ps_immu.csv,Vaccination against influenza of population aged 65 and over
hlth_ps_prev.csv,Preventive cancer screenings - programme data
hlth_ps_scre.csv,Breast cancer and cervical cancer screenings - historical data (2000-2021)
hlth_rs_bdltc.csv,Beds in nursing and other residential long-term care facilities
hlth_rs_bds.csv,Hospital beds by type of care - historical data (1960-2020)
hlth_rs_bds1.csv,Hospital beds by function and type of care
hlth_rs_bds2.csv,Hospital beds by hospital ownership
hlth_rs_bdsns.csv,Long-term care beds in nursing and residential care facilities by NUTS 2 regions - historical data (1980-2021)
hlth_rs_bdsrg.csv,Hospital beds by NUTS 2 regions– historical data (1993-2016)
hlth_rs_bdsrg2.csv,Available beds in hospitals by NUTS 2 region
hlth_rs_equip.csv,Medical technology – historical data (1980-2016)
hlth_rs_grd.csv,Health graduates - historical data (1980-2021)
hlth_rs_grd2$dv_2825.csv,Health graduates
hlth_rs_grd2.csv,Health graduates
hlth_rs_medim.csv,Devices for medical imaging
hlth_rs_nurse.csv,Nurses by age and sex
hlth_rs_phys.csv,Physicians by sex and age
hlth_rs_physcat.csv,Physicians by category
hlth_rs_physreg.csv,Physicians by NUTS2 region
hlth_rs_prs1.csv,Health personnel (excluding nursing and caring professionals) - historical data (1980-2021)
hlth_rs_prs2$dv_2824.csv,Health personnel
hlth_rs_prs2.csv,Health personnel
hlth_rs_prshp1.csv,Health personnel employed in hospital - historical data (1980-2021)
hlth_rs_prshp2.csv,Hospital employment
hlth_rs_prsns.csv,Nursing and caring professionals - historical data (1980-2021)
hlth_rs_prsrg.csv,Health personnel by NUTS 2 regions - historical data (1993-2021)
hlth_rs_spec.csv,Physicians by medical speciality– historical data (1985-2016)
hlth_rs_tech.csv,Technical resources in hospital
hlth_rs_wkmg.csv,Health workforce migration - historical data (2000-2021)
hlth_rs_wkmg2.csv,Health workforce migration
hlth_sha11_fs.csv,Revenues of health care financing schemes
hlth_sha11_hc$dv_2822.csv,Health care expenditure by function
hlth_sha11_hc$dv_2841.csv,Health care expenditure by function
hlth_sha11_hc.csv,Health care expenditure by function
hlth_sha11_hchf.csv,Expenditure for selected health care functions by health care financing schemes
hlth_sha11_hchp.csv,Expenditure for selected health care functions by health care providers
hlth_sha11_hf$dv_2821.csv,Health care expenditure by financing scheme
hlth_sha11_hf$dv_2826.csv,Health care expenditure by financing scheme
hlth_sha11_hf.csv,Health care expenditure by financing scheme
hlth_sha11_hffs.csv,Revenues of health care financing schemes by health care financing schemes
hlth_sha11_hp.csv,Health care expenditure by provider
hlth_sha11_hphf.csv,Expenditure for selected health care providers by health care financing schemes
hlth_silc_01.csv,"Self-perceived health by sex, age and labour status"
hlth_silc_02$dv_381.csv,"Self-perceived health by sex, age and educational attainment level"
hlth_silc_02.csv,"Self-perceived health by sex, age and educational attainment level"
hlth_silc_04.csv,"People having a long-standing illness or health problem, by sex, age and labour status"
hlth_silc_05.csv,"People having a long-standing illness or health problem, by sex, age and educational attainment level"
hlth_silc_06.csv,"Self-perceived long-standing limitations in usual activities due to health problem by sex, age and labour status"
hlth_silc_07.csv,"Level of disability (activity limitation) by sex, age and educational attainment level"
hlth_silc_08$dv_1146.csv,"Self-reported unmet needs for medical examination by sex, age, main reason declared and income quintile"
hlth_silc_08.csv,"Self-reported unmet needs for medical examination by sex, age, main reason declared and income quintile"
hlth_silc_08_r.csv,Self-reported unmet needs for medical examination by main reason declared and NUTS 2 regions
hlth_silc_08b.csv,"Self-reported unmet needs for medical examination due to financial reasons, long waiting list or distance by sex, age and risk of poverty threshold - % of the persons having the same needs"
hlth_silc_08b_r.csv,"Self-reported unmet needs for medical examination due to financial reasons, long waiting list or distance by NUTS regions - % of the persons having the same needs"
hlth_silc_09.csv,"Self-reported unmet needs for dental examination by sex, age, main reason declared and income quintile"
hlth_silc_09b.csv,"Self-reported unmet needs for dental examination due to financial reasons, long waiting list or distance by sex, age and risk of poverty threshold - % of the persons having the same needs"
hlth_silc_10$dv_1147.csv,"Self-perceived health by sex, age and income quintile"
hlth_silc_10$dv_2042.csv,"Self-perceived health by sex, age and income quintile"
hlth_silc_10$dv_290.csv,"Self-perceived health by sex, age and income quintile"
hlth_silc_10.csv,"Self-perceived health by sex, age and income quintile"
hlth_silc_11$dv_1148.csv,"People having a long-standing illness or health problem, by sex, age and income quintile"
hlth_silc_11.csv,"People having a long-standing illness or health problem, by sex, age and income quintile"
hlth_silc_12$dv_1149.csv,"Level of disability (activity limitation) by sex, age and income quintile"
hlth_silc_12.csv,"Level of disability (activity limitation) by sex, age and income quintile"
hlth_silc_13.csv,"Self-reported unmet needs for medical examination by sex, age, main reason declared and labour status"
hlth_silc_14$dv_385.csv,"Self-reported unmet needs for medical examination by sex, age, main reason declared and educational attainment level"
hlth_silc_14.csv,"Self-reported unmet needs for medical examination by sex, age, main reason declared and educational attainment level"
hlth_silc_15.csv,"Self-reported unmet needs for dental examination by sex, age, main reason declared and labour status"
hlth_silc_16.csv,"Self-reported unmet needs for dental examination by sex, age, main reason declared and educational attainment level"
hlth_silc_17.csv,Healthy life expectancy based on self-perceived health
hlth_silc_18.csv,"Self-perceived health by sex, age and degree of urbanisation"
hlth_silc_19.csv,"People having a long-standing illness or health problem, by sex, age and degree of urbanisation"
hlth_silc_20.csv,"Level of disability (activity limitation) by sex, age and degree of urbanisation"
hlth_silc_21.csv,"Self-reported unmet needs for medical examination by sex, age, main reason declared and degree of urbanisation"
hlth_silc_22.csv,"Self-reported unmet needs for dental examination by sex, age, main reason declared and degree of urbanisation"
hlth_silc_23$dv_2061.csv,"Self-perceived health by sex, age and groups of country of birth"
hlth_silc_23.csv,"Self-perceived health by sex, age and groups of country of birth"
hlth_silc_24$dv_2082.csv,"Self-perceived health by sex, age and groups of country of citizenship"
hlth_silc_24.csv,"Self-perceived health by sex, age and groups of country of citizenship"
hlth_silc_25.csv,"People having a long-standing illness or health problem, by sex, age and groups of country of birth"
hlth_silc_26.csv,"People having a long-standing illness or health problem, by sex, age and groups of country of citizenship"
hlth_silc_27$dv_1841.csv,"Level of disability (activity limitation) by sex, age and country of birth"
hlth_silc_27.csv,"Level of disability (activity limitation) by sex, age and country of birth"
hlth_silc_28$dv_1843.csv,"Level of disability (activity limitation) by sex, age and citizenship"
hlth_silc_28.csv,"Level of disability (activity limitation) by sex, age and citizenship"
hlth_silc_29$dv_2110.csv,"Self-reported unmet needs for medical examination by sex, age, main reason declared and groups of country of birth"
hlth_silc_29.csv,"Self-reported unmet needs for medical examination by sex, age, main reason declared and groups of country of birth"
hlth_silc_30$dv_2111.csv,"Self-reported unmet needs for medical examination by sex, age, main reason declared and groups of country of citizenship"
hlth_silc_30.csv,"Self-reported unmet needs for medical examination by sex, age, main reason declared and groups of country of citizenship"
hlth_silc_31$dv_2113.csv,"Self-reported unmet needs for dental examination by sex, age, main reason declared and groups of country of birth"
hlth_silc_31.csv,"Self-reported unmet needs for dental examination by sex, age, main reason declared and groups of country of birth"
hlth_silc_32$dv_2121.csv,"Self-reported unmet needs for dental examination by sex, age, main reason declared and groups of country of citizenship"
hlth_silc_32.csv,"Self-reported unmet needs for dental examination by sex, age, main reason declared and groups of country of citizenship"
hrst_fl_mobage.csv,Job-to-job mobility of HRST by age
hrst_fl_mobsect.csv,Job-to-job mobility of HRST by NACE Rev. 1.1 activity (1996-2008)
hrst_fl_mobsect2.csv,Job-to-job mobility of HRST by NACE Rev. 2 activity
hrst_fl_mobsex.csv,Job-to-job mobility of HRST by sex
hrst_fl_tefor.csv,Participation of foreign students in tertiary education (ISCED 1997) by field of education (1998-2012)
hrst_fl_tegrad.csv,"Graduation from tertiary education (ISCED 1997) by sex, level and field of education (2002-2012)"
hrst_fl_tepart.csv,"Participation in tertiary education (ISCED 1997) by sex, level and field of education (1998-2012)"
hrst_st_ncat.csv,"HRST by category, sex and age"
hrst_st_nfieage.csv,HRST with tertiary education by age and field of education (2003-2013)
hrst_st_nfieocc.csv,"Employed HRST with tertiary education by age, field of education and occupation (2003-2013)"
hrst_st_nfiesex.csv,"HRST with tertiary education by sex, age and field of education (2003-2013)"
hrst_st_nocc.csv,"Employed HRST by category, age and occupation"
hrst_st_nsec.csv,"Employed HRST by category, age and NACE Rev. 1.1 activity (1994-2007)"
hrst_st_nsec2.csv,"Employed HRST by category, age and NACE Rev. 2 activity"
hrst_st_nsecsex.csv,"Employed HRST by category, sex, age and NACE Rev. 1.1 activity (1994-2007)"
hrst_st_nsecsex2.csv,"Employed HRST by category, sex, age and NACE Rev. 2 activity"
hrst_st_nuneage$dv_1867.csv,Unemployed persons by HRST category and age
hrst_st_nuneage.csv,Unemployed persons by HRST category and age
hrst_st_nunesex$dv_1865.csv,Unemployed persons by HRST category and sex
hrst_st_nunesex.csv,Unemployed persons by HRST category and sex
hrst_st_rage.csv,"HRST by category, age and NUTS 1 regions"
hrst_st_rcat.csv,HRST by category and NUTS 2 regions
hrst_st_rsec.csv,"Employed HRST by category, NACE Rev. 1.1 activity and NUTS 1 regions (1994 - 2007)"
hrst_st_rsec2.csv,"Employed HRST by category, NACE Rev. 2 activity and NUTS 1 regions"
hrst_st_rsex.csv,"HRST by category, sex and NUTS 1 regions"
hsw_ac1.csv,"Persons reporting an accident at work by sex, age and educational attainment level"
hsw_ac10.csv,Persons reporting an accident at work by sex and full-time/part-time employment
hsw_ac11.csv,Persons reporting an accident at work by sex and atypical working time
hsw_ac12.csv,Persons reporting an accident at work by sex and country of birth
hsw_ac13.csv,Persons reporting an accident at work resulting in time off work by sex and country of birth
hsw_ac14.csv,Persons reporting an accident at work by sex and working from home
hsw_ac2.csv,"Persons reporting an accident at work resulting in time off work by sex, age and educational attainment level"
hsw_ac3.csv,Persons reporting an accident at work resulting in time off work by period off
hsw_ac4.csv,Persons reporting a road traffic accident
hsw_ac5a.csv,"Persons reporting an accident at work by sex, age and NACE Rev. 1.1 activity"
hsw_ac5b.csv,"Persons reporting an accident at work by sex, age and NACE Rev. 2 activity"
hsw_ac6a.csv,"Persons reporting an accident at work resulting in sick leave by sex, age and NACE Rev. 1.1 activity"
hsw_ac6b.csv,"Persons reporting an accident at work resulting in time off work by sex, age and NACE Rev. 2 activity"
hsw_ac7.csv,"Persons reporting an accident at work by sex, age and occupation"
hsw_ac8$dv_386.csv,"Persons reporting an accident at work by sex, age and professional status"
hsw_ac8.csv,"Persons reporting an accident at work by sex, age and professional status"
hsw_ac9.csv,"Persons reporting an accident at work by sex, age and size of enterprise"
hsw_aw_co1.csv,"Number of accidents at work by contact - mode of injury, NACE Rev. 1.1 activity, sex, age and severity"
hsw_aw_co2.csv,"Incidence rate of accidents at work by contact - mode of injury, NACE Rev. 1.1 activity, sex, age and severity"
hsw_aw_co3.csv,"Percentage distribution of accidents at work by contact - mode of injury, NACE Rev. 1.1 activity, sex, age and severity"
hsw_aw_de1.csv,"Number of accidents at work by deviation, NACE Rev. 1.1 activity, sex, age and severity"
hsw_aw_de2.csv,"Incidence rate of accidents at work by deviation, NACE Rev. 1.1 activity, sex, age and severity"
hsw_aw_de3.csv,"Percentage distribution of accidents at work by deviation, NACE Rev. 1.1 activity, sex, age and severity"
hsw_aw_fims.csv,"Standardised incidence rate of fatal accidents at work by Member State and age, excluding road traffic accidents and accidents on board of any mean of transport in the course of work"
hsw_aw_fnms.csv,"Number of fatal accidents at work by Member State and age, excluding road traffic accidents and accidents on board of any mean of transport in the course of work"
hsw_aw_inaag.csv,"Standardised incidence rate of accidents at work by NACE Rev. 1.1 activity, severity and age"
hsw_aw_inasx.csv,"Standardised incidence rate of accidents at work by NACE Rev. 1.1 activity, severity and sex"
hsw_aw_inasz.csv,Standardised incidence rate of accidents at work by NACE Rev. 1.1 activity and size of enterprise
hsw_aw_inaws.csv,Standardised incidence rate of accidents at work by NACE Rev. 1.1 activity and employment status
hsw_aw_maa1.csv,"Number of accidents at work by material agent of specific physical activity, NACE Rev. 1.1 activity, sex, age and severity"
hsw_aw_maa2.csv,"Incidence rate of accidents at work by material agent of specific physical activity, NACE Rev. 1.1 activity, sex, age and severity"
hsw_aw_maa3.csv,"Percentage distribution of accidents at work by material agent of specific physical activity, NACE Rev. 1.1 activity, sex, age and severity"
hsw_aw_mac1.csv,"Number of accidents at work by material agent of contact - mode of injury, NACE Rev. 1.1 activity, sex, age and severity"
hsw_aw_mac2.csv,"Incidence rate of accidents at work by material agent of contact - mode of injury, NACE Rev. 1.1 activity, sex, age and severity"
hsw_aw_mac3.csv,"Percentage distribution of accidents at work by material agent of contact - mode of injury, NACE Rev. 1.1 activity, sex, age and severity"
hsw_aw_mad1.csv,"Number of accidents at work by material agent of deviation, NACE Rev. 1.1 activity, sex, age and severity"
hsw_aw_mad2.csv,"Incidence rate of accidents at work by material agent of deviation, NACE Rev. 1.1 activity, sex, age and severity"
hsw_aw_mad3.csv,"Percentage distribution of accidents at work by material agent of deviation, NACE Rev. 1.1 activity, sex, age and severity"
hsw_aw_nbosv.csv,Number of accidents at work by part of body injured and severity
hsw_aw_ninsv.csv,Number of accidents at work by type of injury and severity
hsw_aw_nnaag.csv,"Number of accidents at work by NACE Rev. 1.1 activity, severity and age"
hsw_aw_nnasv.csv,Number of accidents at work by NACE Rev. 1.1 activity and severity
hsw_aw_nnasx.csv,"Number of accidents at work by NACE Rev. 1.1 activity, severity and sex"
hsw_aw_nnasz.csv,Number of accidents at work by NACE Rev. 1.1 activity and size of enterprise
hsw_aw_nnaws.csv,Number of accidents at work by NACE Rev. 1.1 activity and employment status
hsw_aw_pa1.csv,"Number of accidents at work by specific physical activity, NACE Rev. 1.1 activity, sex, age and severity"
hsw_aw_pa2.csv,"Incidence rate of accidents at work by specific physical activity, NACE Rev. 1.1 activity, sex, age and severity"
hsw_aw_pa3.csv,"Percentage distribution of accidents at work by specific physical activity, NACE Rev. 1.1 activity, sex, age and severity"
hsw_aw_we1.csv,"Number of accidents at work by working environment, NACE Rev. 1.1 activity, sex, age and severity"
hsw_aw_we2.csv,"Incidence rate of accidents at work by working environment, NACE Rev. 1.1 activity, sex, age and severity"
hsw_aw_we3.csv,"Percentage distribution of accidents at work by working environment, NACE Rev. 1.1 activity, sex, age and severity"
hsw_aw_wp1.csv,"Number of accidents at work by working process, economic activity, sex, age and severity"
hsw_aw_wp2.csv,"Incidence rate of accidents at work by working process, NACE Rev. 1.1 activity, sex, age and severity"
hsw_aw_wp3.csv,"Percentage distribution of accidents at work by working process, NACE Rev. 1.1 activity, sex, age and severity"
hsw_aw_ws1.csv,"Number of accidents at work by type of workstation, NACE Rev. 1.1 activity, sex, age and severity"
hsw_aw_ws2.csv,"Incidence rate of accidents at work by type of workstation, NACE Rev. 1.1 activity, sex, age and severity"
hsw_aw_ws3.csv,"Percentage distribution of accidents at work by type of workstation, NACE Rev. 1.1 activity, sex, age and severity"
hsw_exp1$dv_1875.csv,"Persons reporting exposure to risk factors that can adversely affect mental well-being by sex, age and educational attainment level"
hsw_exp1.csv,"Persons reporting exposure to risk factors that can adversely affect mental well-being by sex, age and educational attainment level"
hsw_exp10.csv,"Persons reporting exposure to risk factors that can adversely affect physical health by sex, age and size of enterprise"
hsw_exp2.csv,"Persons reporting exposure to risk factors that can adversely affect physical health by sex, age and educational attainment level"
hsw_exp3.csv,"Persons reporting exposure to risk factors that can adversely affect mental well-being by sex, age and factor"
hsw_exp4.csv,"Persons reporting exposure to risk factors that can adversely affect physical health by sex, age and factor"
hsw_exp5a.csv,"Persons reporting exposure to risk factors that can adversely affect mental well-being by sex, age and NACE Rev. 1.1 activity"
hsw_exp5b.csv,"Persons reporting exposure to risk factors that can adversely affect mental well-being by sex, age and NACE Rev. 2 activity"
hsw_exp6a.csv,"Persons reporting exposure to risk factors that can adversely affect physical health by sex, age and NACE Rev. 1.1 activity"
hsw_exp6b$dv_1876.csv,"Persons reporting exposure to risk factors that can adversely affect physical health by sex, age and NACE Rev. 2 activity"
hsw_exp6b.csv,"Persons reporting exposure to risk factors that can adversely affect physical health by sex, age and NACE Rev. 2 activity"
hsw_exp9.csv,"Persons reporting exposure to risk factors that can adversely affect mental well-being by sex, age and size of enterprise"
hsw_hp_dinag.csv,"Standardised prevalence rate of work-related health problems by diagnosis group, NACE Rev. 1.1 activity and age"
hsw_hp_disnu.csv,"Number of work-related health problems by diagnosis group, sex and number of complaints per victim"
hsw_hp_nuse.csv,"Work-related health problems in 1999, by sex"
hsw_hp_svcln.csv,"Relative prevalence rate of work-related health problems by severity, diagnosis group, permanency of the job, length of service in the enterprise and NACE Rev. 1.1 activity"
hsw_hp_svdin.csv,"Relative prevalence rate of work-related health problems by severity, diagnosis group, occupation and NACE Rev. 1.1 activity (EU mean rate = 100 for each severity)"
hsw_hp_svdna.csv,"Standardised prevalence rate of work-related health problems by severity, diagnosis group, NACE Rev. 1.1 activity and age"
hsw_hp_svdwa.csv,"Number of work-related health problems by diagnosis group, severity, activity and employment status of the victim and age"
hsw_ij_cln.csv,"Relative standardised incidence rate of accidental injuries at work by permanency of the job, length of service in the enterprise and NACE Rev. 1.1 activity (mean rate for each Member State = 100)"
hsw_ij_edse.csv,Relative standardised incidence rate of accidental injuries at work by educational attainment level and sex (mean rate for each Member State = 100)
hsw_ij_hjnas.csv,"Relative incidence rate of accidental injuries at work by working hours, number of job contract, NACE Rev. 1.1 activity, age and sex (EU mean rate = 100)"
hsw_ij_inwsa.csv,"Accidental injuries at work by type of injury, work status after the accidental injury and age"
hsw_ij_isna.csv,Relative incidence rate of accidental injuries at work by occupation and NACE Rev. 1.1 activity (EU mean rate = 100)
hsw_ij_nuse.csv,"Accidental injuries at work in 1999, by sex"
hsw_ij_svcln.csv,"Relative incidence rate of accidental injuries at work by severity, permanency of the job, length of service in the enterprise and NACE Rev. 1.1 activity (EU mean rate = 100 for each severity)"
hsw_ij_svhos.csv,"Relative incidence rate of accidental injuries at work by severity, working hours and sex (EU mean rate = 100 for each severity)"
hsw_ij_svinj.csv,Accidental injuries at work by severity and type of injury
hsw_ij_svnia.csv,"Relative incidence rate of accidental injuries at work by severity, frequency of night work and age (EU mean rate = 100 for each severity)"
hsw_ij_svsha.csv,"Relative incidence rate of accidental injuries at work by severity, frequency of shift work and age (EU mean rate = 100 for each severity)"
hsw_ind.csv,Indicators on health and safety at work
hsw_mi01.csv,"Accidents at work by sex, age and severity (NACE Rev. 2 activity A, C-N)"
hsw_mi02.csv,"Accidents at work by days lost, sex and age (NACE Rev. 2 activity A, C-N)"
hsw_mi03.csv,"Accidents at work by sex and age, excluding road traffic accidents and accidents on board of any mean of transport in the course of work (NACE Rev. 2 activity A, C-N excluding H)"
hsw_mi04.csv,"Accidents at work by size of enterprise (NACE Rev. 2 activity A, C-N)"
hsw_mi05.csv,"Accidents at work by ISCO and employment status (NACE Rev. 2 activity A, C-N)"
hsw_mi06.csv,"Accidents at work by part of body injured and severity (NACE Rev. 2 activity A, C-N)"
hsw_mi07.csv,"Accidents at work by type of injury and severity (NACE Rev. 2 activity A, C-N)"
hsw_mi08.csv,Accidents at work by sex and severity (NACE Rev. 2 activity Total)
hsw_n2_01.csv,Non-fatal accidents at work by NACE Rev. 2 activity and sex
hsw_n2_02.csv,Fatal Accidents at work by NACE Rev. 2 activity
hsw_n2_03.csv,Non-fatal accidents at work by NACE Rev. 2 activity and age
hsw_n2_04.csv,Accidents at work by days lost and NACE Rev. 2 activity
hsw_n2_05.csv,Accidents at work by NACE Rev. 2 activity and size of enterprise
hsw_n2_06.csv,Accidents at work by NACE Rev. 2 activity and part of body injured
hsw_n2_07.csv,Accidents at work by NACE Rev. 2 activity and type of injury
hsw_occ_cnr.csv,Recognised cases of occupational cancers - experimental statistics
hsw_occ_ina.csv,EU index of occupational diseases (2013=100) – experimental statistics
hsw_pb1.csv,"Persons reporting a work-related health problem by sex, age and educational attainment level"
hsw_pb10.csv,"Persons reporting a work-related health problem by sex, age and full-time/part-time employment"
hsw_pb11.csv,"Persons reporting a work-related health problem by sex, age and country of birth"
hsw_pb12.csv,"Persons reporting a work-related health problem resulting in time off work by sex, age and country of birth"
hsw_pb13.csv,"Persons reporting a work-related health problem by sex, age and working from home"
hsw_pb2.csv,"Persons reporting a work-related health problem resulting in time off work by sex, age and educational attainment level"
hsw_pb3.csv,Persons reporting a work-related health problem resulting in time off work by period off
hsw_pb4.csv,Persons reporting a work-related health problem resulting in limitations of daily activities
hsw_pb5.csv,"Persons reporting a work-related health problem by sex, age and type of problem"
hsw_pb6a.csv,"Persons reporting a work-related health problem by sex, age and NACE Rev. 1.1 activity"
hsw_pb6b.csv,"Persons reporting a work-related health problem by sex, age and NACE Rev. 2 activity"
hsw_pb7.csv,"Persons reporting a work-related health problem by sex, age and occupation"
hsw_pb8.csv,"Persons reporting a work-related health problem by sex, age and professional status"
hsw_pb9.csv,"Persons reporting a work-related health problem by sex, age and size of enterprise"
hsw_ph3_01.csv,"Accidents at work by sex, age, severity, NACE Rev. 2 activity and workstation"
hsw_ph3_02.csv,"Accidents at work by sex, age, severity, NACE Rev. 2 activity and working environment"
hsw_ph3_03.csv,"Accidents at work by sex, age, severity, NACE Rev. 2 activity and working process"
hsw_ph3_04.csv,"Accidents at work by sex, age, severity, NACE Rev. 2 activity and specific physical activity"
hsw_ph3_05.csv,"Accidents at work by sex, age, severity, NACE Rev. 2 activity and material agent of specific physical activity"
hsw_ph3_06.csv,"Accidents at work by sex, age, severity, NACE Rev. 2 activity and deviation"
hsw_ph3_07.csv,"Accidents at work by sex, age, severity, NACE Rev. 2 activity and material agent of deviation"
hsw_ph3_08.csv,"Accidents at work by sex, age, severity, NACE Rev. 2 activity and contact mode of injury"
hsw_ph3_09.csv,"Accidents at work by sex, age, severity, NACE Rev. 2 activity and material agent of contact mode injury"
htec_cis3.csv,"Innovation in high-tech sectors in SMEs (CIS3), EU Member States and selected countries (2000-2001)"
htec_cis4.csv,"Innovation in high-tech sectors (CIS 2004), EU Member States and selected countries (2004)"
htec_cis5.csv,"Innovation in high-tech sectors (CIS 2006), EU Member States and selected countries (2006)"
htec_cis6.csv,"Innovation in high-tech sectors (CIS 2008, CIS 2010, CIS 2012), EU Member States and selected countries (2008-2012)"
htec_eco_ent.csv,Enterprises in high-tech sectors by NACE Rev.1.1 activity (1995-2007)
htec_eco_ent2.csv,Enterprises in high-tech sectors by NACE Rev.2 activity
htec_eco_sbs.csv,Economic data in high-tech sectors by NACE Rev.1.1 activity (1995-2007)
htec_eco_sbs2.csv,Economic data in high-tech sectors by NACE Rev.2 activity
htec_emp_nat.csv,"Employment in technology and knowledge-intensive sectors at the national level, by sex (1994-2008, NACE Rev. 1.1)"
htec_emp_nat2$dv_1870.csv,"Employment in technology and knowledge-intensive sectors at the national level, by sex (from 2008 onwards, NACE Rev. 2)"
htec_emp_nat2.csv,"Employment in technology and knowledge-intensive sectors at the national level, by sex (from 2008 onwards, NACE Rev. 2)"
htec_emp_nisced.csv,"Employment in technology and knowledge-intensive sectors at the national level, by level of education (1994-2008, NACE Rev. 1.1)"
htec_emp_nisced2.csv,"Employment in technology and knowledge-intensive sectors at the national level, by level of education (from 2008 onwards, NACE Rev. 2)"
htec_emp_nisco.csv,"Employment in technology and knowledge-intensive sectors at the national level, by type of occupation (1994-2008, NACE Rev. 1.1)"
htec_emp_nisco2.csv,"Employment in technology and knowledge-intensive sectors at the national level, by type of occupation (from 2008 onwards, NACE Rev. 2)"
htec_emp_reg.csv,"Employment in technology and knowledge-intensive sectors by NUTS 2 regions and sex (1994-2008, NACE Rev. 1.1)"
htec_emp_reg2.csv,"Employment in technology and knowledge-intensive sectors by NUTS 2 regions and sex (from 2008 onwards, NACE Rev. 2)"
htec_emp_risced.csv,"Employment in technology and knowledge-intensive sectors by NUTS 1 regions and level of education (1994-2008, NACE Rev. 1.1)"
htec_emp_risced2.csv,"Employment in technology and knowledge-intensive sectors by NUTS 1 regions and level of education (from 2008 onwards, NACE Rev. 2)"
htec_emp_risco.csv,"Employment in technology and knowledge-intensive sectors by NUTS 1 regions and type of occupation (1994-2008, NACE Rev. 1.1)"
htec_emp_risco2.csv,"Employment in technology and knowledge-intensive sectors by NUTS 1 regions and type of occupation (from 2008 onwards, NACE Rev. 2)"
htec_emp_sbs.csv,"Employment statistics on high-tech industries and Knowledge Intensive Services at the national level (1995-2007, NACE Rev. 1.1)"
htec_emp_sbs2.csv,"Employment statistics on high-tech industries and Knowledge Intensive Services at the national level (from 2008 onwards, NACE Rev. 2)"
htec_kia_emp.csv,"Annual data on employment in knowledge-intensive activities at the national level, by sex and NACE Rev. 1.1 (2000-2008),"
htec_kia_emp2$dv_1869.csv,"Annual data on employment in knowledge-intensive activities at the national level, by sex (NACE Rev. 2, from 2008 onwards)"
htec_kia_emp2.csv,"Annual data on employment in knowledge-intensive activities at the national level, by sex (NACE Rev. 2, from 2008 onwards)"
htec_si_exp4.csv,"High-tech exports - Exports of high technology products as a share of total exports (from 2007, SITC Rev. 4)"
htec_sti_exp.csv,Business enterprise R&D expenditure in high-tech sectors by NACE Rev. 1.1 (1993-2009)
htec_sti_exp2.csv,Business enterprise R&D expenditure in high-tech sectors - NACE Rev. 2
htec_sti_pers.csv,Business enterprise R&D personnel in high-tech sectors - NACE Rev. 1.1 (1993-2009)
htec_sti_pers2.csv,Business enterprise R&D personnel in high-tech sectors - NACE Rev. 2
htec_trd_group4.csv,"High-tech trade by high-tech group of products in million euro (from 2007, SITC Rev. 4)"
htec_trd_tot4.csv,"Total high-tech trade in million euro and as a percentage of total (from 2007, SITC Rev. 4)"
icw_aff_01.csv,Disposable income of households (with expenditure greater than zero) spent on essential goods and services by income quantiles - experimental statistics
icw_aff_02.csv,"Disposable income of households (with expenditure greater than zero) spent on essential goods and services by risk of income poverty, level of expenditure and material deprivation - experimental statistics"
icw_aff_03.csv,Disposable income of households (with expenditure greater than zero) spent on essential goods and services by risk of income poverty or social exclusion - experimental statistics
icw_aff_04.csv,Disposable income of households (with expenditure greater than zero) spent on essential goods and services by  household composition - experimental statistics
icw_aff_05.csv,Disposable income of households (with expenditure greater than zero) spent on essential goods and services by degree of urbanisation - experimental statistics
icw_aff_06.csv,Disposable income of households (with expenditure greater than zero) spent on essential goods and services by activity status of the reference person - experimental statistics
icw_aff_07.csv,Disposable income of households (with expenditure greater than zero) spent on essential goods and services by age group of the reference person - experimental statistics
icw_aff_08.csv,Disposable income of households (with expenditure greater than zero) spent on essential goods and services  by educational attainment level of the reference person  - experimental statistics
icw_aff_09.csv,Disposable income of households (with expenditure greater than zero) spent on essential goods and services  by overburden status - experimental statistics
icw_car_01.csv,Distribution of households by age of the reference person - experimental statistics
icw_car_02.csv,Distribution of households by household type - experimental statistics
icw_car_03.csv,Distribution of households by educational attainment level of the reference person - experimental statistics
icw_car_04.csv,Distribution of households by activity status of the reference person - experimental statistics
icw_pov_01.csv,"Persons with low level of expenditure by risk of income poverty, material deprivation and work intensity - experimental statistics"
icw_pov_02.csv,Households at risk of asset-based vulnerability - experimental statistics
icw_pov_03.csv,Proportion of dissaving households - experimental statistics
icw_pov_04.csv,Proportion of dissaving households by level of expenditure and age of the reference person - experimental statistics
icw_pov_05.csv,Proportion of dissaving households by level of expenditure and household type - experimental statistics
icw_pov_06.csv,Proportion of dissaving households by level of expenditure and income quintile - experimental statistics
icw_pov_07.csv,Proportion of dissaving households by level of expenditure and educational attainment level of the reference person - experimental statistics
icw_pov_08.csv,Proportion of dissaving households by level of expenditure and degree of urbanisation - experimental statistics
icw_pov_09.csv,Proportion of dissaving households by level of expenditure and activity status of the household reference person - experimental statistics
icw_pov_10.csv,Persons at two-fold risk of poverty by age and sex - experimental statistics
icw_pov_11.csv,Persons at two-fold risk of poverty by household type - experimental statistics
icw_pov_12.csv,Persons at two-fold risk of poverty by activity status- experimental statistics
icw_res_01.csv,"Share of households and economic resources by income, consumption and wealth quantiles - experimental statistics"
icw_res_02.csv,"Mean and median economic resources of households by income, consumption and wealth quantiles - experimental statistics"
icw_sr_01.csv,Median saving rate by age of the reference person - experimental statistics
icw_sr_02.csv,Median saving rate by household type - experimental statistics
icw_sr_03.csv,Median saving rate by income quintile - experimental statistics
icw_sr_04.csv,Median saving rate by educational attainment level of the reference person - experimental statistics
icw_sr_05.csv,Gini coefficient on household population - experimental statistics
icw_sr_06.csv,Median consumption by income decile - experimental statistics
icw_sr_07.csv,Proportion of consumption decile by income decile - experimental statistics
icw_sr_08.csv,Aggregate propensity to consume by age of the reference person - experimental statistics
icw_sr_09.csv,Aggregate propensity to consume by household type - experimental statistics
icw_sr_10.csv,Aggregate propensity to consume by income quintile - experimental statistics
icw_sr_11.csv,Aggregate propensity to consume by educational attainment level of the reference person - experimental statistics
icw_sr_12.csv,Median saving rate by the self-declared level of difficulty to make ends meet - experimental statistics
icw_sr_13.csv,Median saving rate by degree of urbanisation - experimental statistics
icw_sr_14.csv,Aggregate propensity to consume by degree of urbanisation - experimental statistics
icw_sr_15.csv,Median saving rate by activity status of the reference person - experimental statistics
icw_sr_16.csv,Aggregate propensity to consume by activity status of the reference person - experimental statistics
icw_tax_01.csv,Distribution of VAT paid by households as a percentage of their gross income by age of the reference person - experimental statistics
icw_tax_02.csv,Distribution of VAT paid by households as a percentage of their gross income by household type - experimental statistics
icw_tax_03.csv,Distribution of VAT paid by households as a percentage of their gross income by income quintile - experimental statistics
icw_tax_04.csv,Distribution of direct taxes paid by households as a percentage of their gross income by age of the reference person - experimental statistics
icw_tax_05.csv,Distribution of direct taxes paid by households as a percentage of their gross income by household type - experimental statistics
icw_tax_06.csv,Distribution of direct taxes paid by households as a percentage of their gross income by income quintile - experimental statistics
icw_tax_07.csv,Distribution of direct and indirect taxes paid by households as a percentage of their gross income by age of the reference person - experimental statistics
icw_tax_08.csv,Distribution of direct and indirect taxes paid by households as a percentage of their gross income by household type - experimental statistics
icw_tax_09.csv,Distribution of direct and indirect taxes paid by households as a percentage of their gross income by income quintile - experimental statistics
icw_tax_10.csv,VAT rate by COICOP consumption purpose - experimental statistics
ilc_ats01.csv,"Children receiving formal childcare services by age, income group and degree of urbanisation"
ilc_ats02.csv,"Children receiving paid formal childcare services by age, household type, income group and contributor"
ilc_ats03.csv,"Children receiving formal childcare services by household type, income group, degree of urbanisation and level of difficulty to afford formal childcare services"
ilc_ats04.csv,"Children by household type, income group, degree of urbanisation and main reason for not meeting needs for formal childcare services"
ilc_ats05.csv,"Persons paying tuition fees by sex, age, income group and cost of tuition"
ilc_ats06.csv,"Persons in formal education by sex, age, income group and contributor"
ilc_ats07$dv_2703.csv,"Persons paying for formal education by household type, income group, degree of urbanisation and level of difficulty to pay"
ilc_ats07.csv,"Persons paying for formal education by household type, income group, degree of urbanisation and level of difficulty to pay"
ilc_ats08.csv,"Persons by sex, age, household type, income group, degree of urbanisation and main reason for not meeting needs for formal education"
ilc_ats09.csv,"Persons participating in training related to hobbies by sex, age, income group, most frequent activity status and educational attainment level"
ilc_ats10.csv,"Persons participating in training related to professional activity by sex, age, income group, most frequent activity status and educational attainment level"
ilc_ats11.csv,"Persons not participating in training related to professional activity by sex, age, income group, most frequent activity status, educational attainment level and reason of non participation"
ilc_ats12.csv,"Persons using health care services by household type, income group and level of difficulty to afford care services"
ilc_ats13.csv,"Persons using professional homecare services by household type, income group and degree of urbanisation"
ilc_ats14.csv,"Persons using professional homecare services by household type, income group, degree of urbanisation and frequency"
ilc_ats15.csv,"Persons using or not professional homecare services by household type, income group, degree of urbanisation and reason for not using professional homecare services"
ilc_ats16.csv,"Persons paying professional homecare services by household type, income group and level of difficulty to pay professional homecare services"
ilc_ats17.csv,"Persons providing or not informal homecare services by sex, age, degree of urbanisation, most frequent activity status and adressee of care"
ilc_ats18.csv,"Persons providing informal care or assistance by sex, age, degree of urbanisation, most frequent activity status and frequency"
ilc_caindform25.csv,"Children in formal childcare or education by age group, duration and risk of poverty or social exclusion- EU-SILC survey"
ilc_caindform25b.csv,"Children in formal childcare or education by age group, duration and risk of poverty or social exclusion - % of children in the respective at risk of poverty or social exclusion situation"
ilc_caindform25q.csv,"Children in formal childcare or education by age group, duration and income quintile - EU-SILC survey"
ilc_caindformal$dv_1905.csv,Children in formal childcare or education by age group and duration - % over the population of each age group - EU-SILC survey
ilc_caindformal.csv,Children in formal childcare or education by age group and duration - % over the population of each age group - EU-SILC survey
ilc_caindother.csv,Other types of childcare by age group and duration - % over the population of each age group - EU-SILC survey
ilc_camdforg0.csv,Median number of weekly hours of formal care by age group - children with at least 1 hour of formal care - EU-SILC survey
ilc_camdothg0.csv,Median number of weekly hours of other types of care by age group - children with at least one hour of other types of care - EU-SILC survey
ilc_camnforall.csv,Average number of weekly hours of formal care by age group - children with or without formal care - EU-SILC survey
ilc_camnforg0.csv,Average number of weekly hours of formal care by age group - children with at least 1 hour of formal care - EU-SILC survey
ilc_camnothall.csv,Average number of weekly hours of other types of care by age group - children with or without other types of care - EU-SILC survey
ilc_camnothg0.csv,Average number of weekly hours of other types of care by age group - children with at least one hour of other types of care - EU-SILC survey
ilc_caparents.csv,Children cared only by their parents by age group - % over the population of each age group - EU-SILC survey
ilc_chmd01.csv,Child specific material deprivation rate by age (children aged less than 16 years)
ilc_chmd02.csv,Child specific material deprivation rate by household composition (children aged less than 16 years)
ilc_chmd03.csv,Child specific material deprivation rate by educational attainment level of their parents (children aged less than 16 years)
ilc_chmd04.csv,Mean number of deprivation items among the children deprived (children aged less than 16 years)
ilc_chsb01.csv,Children having one of their parents living outside the household
ilc_chsb02.csv,Parents spending enough time with children living with them
ilc_di01.csv,Distribution of income by quantiles - EU-SILC and ECHP surveys
ilc_di02.csv,Distribution of income by different income groups - EU-SILC and ECHP surveys
ilc_di03.csv,Mean and median income by age and sex - EU-SILC and ECHP surveys
ilc_di04.csv,Mean and median income by household type - EU-SILC and ECHP surveys
ilc_di05.csv,Mean and median income by most frequent activity status - EU-SILC survey
ilc_di06.csv,Mean and median income by main source of income - ECHP survey
ilc_di07.csv,Mean and median income by work intensity of the household (population aged 0 to 64 years) - EU-SILC survey
ilc_di07h.csv,Mean and median income by work intensity of the household - ECHP survey
ilc_di08.csv,Mean and median income by educational attainment level - EU-SILC survey
ilc_di09.csv,Mean and median income by tenure status - EU-SILC and ECHP surveys
ilc_di10.csv,Mean and median income by ability to make ends meet - EU-SILC and ECHP surveys
ilc_di11.csv,Income quintile share ratio S80/S20 for disposable income by sex and age group - EU-SILC survey
ilc_di11_r.csv,Income quintile share ratio S80/S20 by NUTS 2 regions - EU-SILC survey
ilc_di11a.csv,Income quintile share ratio S80/S20 for gross market income by sex and age group - EU-SILC survey
ilc_di11b.csv,Income quintile share ratio S80/S20 for net market income by sex and age group - EU-SILC survey
ilc_di11c.csv,Income quintile share ratio S80/S20 for gross total disposable income by sex and age group - EU-SILC survey
ilc_di11d.csv,Income quintile share ratio S80/S50 for disposable income by sex and age group - EU-SILC survey
ilc_di11e.csv,Income quintile share ratio S50/S20 for disposable income by sex and age group - EU-SILC survey
ilc_di11f.csv,Income quintile share ratio S40/S100 for disposable income by sex and age group - EU-SILC survey
ilc_di11g.csv,Effect of taxes on income quintile share ratio S80/S20
ilc_di11h.csv,Effect of social transfers on income quintile share ratio S80/S20
ilc_di11i.csv,Effect of taxes and social transfers on income quintile share ratio S80/S20
ilc_di12.csv,Gini coefficient of equivalised disposable income by age
ilc_di12b.csv,Gini coefficient of equivalised disposable income before social transfers (pensions included in social transfers)
ilc_di12c.csv,Gini coefficient of equivalised disposable income before social transfers (pensions excluded from social transfers)
ilc_di13.csv,Mean and median income before social transfers (pensions included in social transfers) by age and sex
ilc_di13b.csv,Mean and median income before social transfers (pensions included in social transfers) by household type
ilc_di14.csv,Mean and median income before social transfers (pensions excluded from social transfers) by age and sex
ilc_di14b.csv,Mean and median income before social transfers (pensions excluded from social transfers) by household type
ilc_di15$dv_1986.csv,Mean and median income by group of citizenship (population aged 18 and over)
ilc_di15.csv,Mean and median income by group of citizenship (population aged 18 and over)
ilc_di16$dv_1987.csv,Mean and median income by  group of country of birth (population aged 18 and over)
ilc_di16.csv,Mean and median income by  group of country of birth (population aged 18 and over)
ilc_di17.csv,Mean and median income by degree of urbanisation
ilc_di18.csv,Income in real terms (2010 SILC=100)
ilc_di20.csv,Share of people having income greater or equal to specific national thresholds by age and sex
ilc_di23.csv,Share of people having income greater or equal to specific national thresholds by degree of urbanisation
ilc_di27.csv,Share of people having income greater or equal to specific national thresholds by educational attainment level
ilc_di30a.csv,Transitions of income within one year by decile
ilc_di30b.csv,Transitions of income within two years by decile
ilc_di30c.csv,Transitions of income within three years by decile
ilc_hch01.csv,"Persons with financial burden of health care by level of difficulty, type of health care, household composition and risk of poverty threshold"
ilc_hch02.csv,"Persons with financial burden of health care by  level of difficulty, type of health care, degree of urbanization and income quantile"
ilc_hch03.csv,"Persons visiting a doctor in the last 12 months by medical speciality, number of visits, educational attainment level, sex and age"
ilc_hch04.csv,"Persons visiting a doctor in the last 12 months by medical speciality, frequency, most frequent activity status, degree of urbanization and income quantile"
ilc_hch05.csv,"Persons performing physical activity when working by type of activity, educational attainment level, sex and age"
ilc_hch06.csv,"Persons performing physical activity when working by type of activity, most frequent activity status, income quantile and degree of urbanization"
ilc_hch07.csv,"Persons performing physical activity outside working time by duration in a typical week, educational attainment level, sex and age"
ilc_hch07b.csv,"Persons performing physical activity outside working time by frequency in a typical week, educational attainment level, sex and age"
ilc_hch08.csv,"Persons performing physical activity outside working time by duration in a typical week, most frequent activity status, income quantile and degree of urbanization"
ilc_hch08b.csv,"Persons performing physical activity outside working time by frequency in a typical week, most frequent activity status, income quantile and degree of urbanization"
ilc_hch09.csv,"Persons performing physical activity outside working time by duration in a typical week, body mass index and age"
ilc_hch09b.csv,"Persons performing physical activity outside working time by frequency in a typical week, body mass index and age"
ilc_hch10.csv,"Person distribution by body mass index, educational attainment level, sex and age"
ilc_hch11.csv,"Persons eating fruit, vegetables or salad by educational attainment level, risk of poverty threshold, most frequent activity status and sex"
ilc_hch12.csv,"Children by level of general health, household composition, quantile and age"
ilc_hch13$dv_1845.csv,"Children with limitation in activities due to health problems, by income group, household composition and age"
ilc_hch13.csv,"Children with limitation in activities due to health problems, by income group, household composition and age"
ilc_hch14.csv,"Children with unmet needs for medical examination or treatment by income group, household composition and degree of urbanization"
ilc_hch15.csv,Children with unmet needs for medical examination or treatment by specific reason
ilc_hch16$dv_2262.csv,"Persons reporting basic activity difficulty by sex, age, level of difficulty and educational attainment level"
ilc_hch16.csv,"Persons reporting basic activity difficulty by sex, age, level of difficulty and educational attainment level"
ilc_hch17$dv_2261.csv,"Persons reporting basic activity difficulty by sex, age, level of difficulty and income quintile"
ilc_hch17.csv,"Persons reporting basic activity difficulty by sex, age, level of difficulty and income quintile"
ilc_hch18$dv_2263.csv,"Persons reporting basic activity difficulty by sex, age, level of difficulty and degree of urbanization"
ilc_hch18.csv,"Persons reporting basic activity difficulty by sex, age, level of difficulty and degree of urbanization"
ilc_hch19$dv_2264.csv,"Persons reporting basic activity difficulty by sex, age, level of difficulty, type of basic action and risk of poverty threshold"
ilc_hch19.csv,"Persons reporting basic activity difficulty by sex, age, level of difficulty, type of basic action and risk of poverty threshold"
ilc_hch20.csv,"Persons visiting a doctor in the last 12 months by sex, age, level of disability (activity limitation), medical specialty and number of visits"
ilc_hch21.csv,"Persons with financial burden of health care by sex, age, level of disability (activity limitation), type of health care and level of difficulty"
ilc_hcmh01.csv,Average size of dwelling by income quintile and tenure status
ilc_hcmh02.csv,Average size of dwelling by household type and degree of urbanisation
ilc_hcmp03.csv,Share of population living in a dwelling not comfortably cool during summer time by income quintile and degree of urbanisation
ilc_hcmp04.csv,Distribution of population by level of overall satisfaction with the dwelling and household type
ilc_hcmp05.csv,Share of population having moved to other dwelling within the last five year period by tenure status and degree of urbanisation
ilc_hcmp06.csv,"Distribution of population by level of difficulty in accessing public transport, income quintile and degree of urbanisation"
ilc_igtp01.csv,Transition of educational attainment level from parents to current adults (population aged 25 - 59)
ilc_igtp02.csv,Transition of ability to make ends meet from childhood to current situation (population aged 25 - 59)
ilc_igtp03.csv,At-risk-of poverty rate for adults (aged 25 to 59 years) by educational attainment level of their parents
ilc_igtp04.csv,At-risk-of poverty rate for adults (aged 25 to 59 years) by level of financial situation of their households when respondent was around 14 years old
ilc_igtp05.csv,Inability to afford basic school needs (books and equipment for school) when respondent was around 14 years old
ilc_igtp06.csv,"Inability to afford a meal with meat, chicken, fish (or vegetarian equivalent) daily when respondent was around 14 years old"
ilc_igtp07.csv,Inability to afford one week annual holiday away from home when respondent was around 14 years old
ilc_iw01$dv_1302.csv,In-work at-risk-of-poverty rate by age and sex - EU-SILC survey
ilc_iw01$dv_1990.csv,In-work at-risk-of-poverty rate by age and sex - EU-SILC survey
ilc_iw01.csv,In-work at-risk-of-poverty rate by age and sex - EU-SILC survey
ilc_iw02$dv_2665.csv,In-work at-risk-of-poverty rate by household type - EU-SILC survey
ilc_iw02.csv,In-work at-risk-of-poverty rate by household type - EU-SILC survey
ilc_iw03.csv,In-work at-risk-of-poverty rate by work intensity of the household (population aged 18 to 64 years) - EU-SILC survey
ilc_iw04.csv,In-work at-risk-of-poverty rate by educational attainment level - EU-SILC survey
ilc_iw05.csv,In-work at-risk-of-poverty rate by type of contract - EU-SILC survey
ilc_iw06.csv,In-work at-risk-of-poverty rate by months worked - EU-SILC survey
ilc_iw07.csv,In-work at-risk-of-poverty rate by full-/part-time work - EU-SILC survey
ilc_iw15$dv_1992.csv,In-work at-risk-of-poverty rate by group of citizenship (population aged 18 and over)
ilc_iw15.csv,In-work at-risk-of-poverty rate by group of citizenship (population aged 18 and over)
ilc_iw16$dv_1991.csv,In-work at-risk-of-poverty rate by  group of country of birth (population aged 18 and over)
ilc_iw16.csv,In-work at-risk-of-poverty rate by  group of country of birth (population aged 18 and over)
ilc_li01.csv,At-risk-of-poverty thresholds - EU-SILC and ECHP surveys
ilc_li02$dv_1163.csv,"At-risk-of-poverty rate by poverty threshold, age and sex - EU-SILC and ECHP surveys"
ilc_li02$dv_1964.csv,"At-risk-of-poverty rate by poverty threshold, age and sex - EU-SILC and ECHP surveys"
ilc_li02$dv_548.csv,"At-risk-of-poverty rate by poverty threshold, age and sex - EU-SILC and ECHP surveys"
ilc_li02.csv,"At-risk-of-poverty rate by poverty threshold, age and sex - EU-SILC and ECHP surveys"
ilc_li03.csv,At-risk-of-poverty rate by poverty threshold and household type - EU-SILC and ECHP surveys
ilc_li04.csv,At-risk-of-poverty rate by poverty threshold and most frequent activity in the previous year - EU-SILC and ECHP surveys
ilc_li05.csv,At-risk-of-poverty rate by poverty threshold and main source of income - ECHP survey
ilc_li06$dv_2666.csv,"At-risk-of-poverty rate by poverty threshold, work intensity of the household and broad age groups - EU-SILC survey"
ilc_li06.csv,"At-risk-of-poverty rate by poverty threshold, work intensity of the household and broad age groups - EU-SILC survey"
ilc_li06h.csv,At-risk-of-poverty rate by poverty threshold and work intensity of the household - ECHP survey
ilc_li07.csv,At-risk-of-poverty rate by poverty threshold and educational attainment level - EU-SILC survey
ilc_li08.csv,At-risk-of-poverty rate by poverty threshold and tenure status - EU-SILC and ECHP surveys
ilc_li09.csv,"At-risk-of-poverty rate before social transfers (pensions included in social transfers) by poverty threshold, age and sex - EU-SILC and ECHP surveys"
ilc_li09b.csv,At-risk-of-poverty rate before social transfers (pensions included in social transfers) by household type - EU-SILC survey
ilc_li10.csv,"At-risk-of-poverty rate before social transfers (pensions excluded from social transfers) by poverty threshold, age and sex - EU-SILC and ECHP surveys"
ilc_li10_r.csv,At-risk-of-poverty rate before social transfers (pensions excluded from social transfers) by NUTS 2 regions - EU-SILC survey
ilc_li10b.csv,At-risk-of-poverty rate before social transfers (pensions excluded from social transfers) by household type - EU-SILC survey
ilc_li11$dv_1985.csv,Relative at risk of poverty gap by poverty threshold - EU-SILC and ECHP surveys
ilc_li11$dv_2662.csv,Relative at risk of poverty gap by poverty threshold - EU-SILC and ECHP surveys
ilc_li11.csv,Relative at risk of poverty gap by poverty threshold - EU-SILC and ECHP surveys
ilc_li12.csv,Relative poverty gap by risk of poverty and work intensity of the household
ilc_li13.csv,Relative poverty gap by risk of poverty and work intensity of the households with income from benefits
ilc_li20.csv,At-risk-of-poverty rate anchored at a point in time by sex and age - ECHP survey
ilc_li21$dv_2663.csv,Persistent at-risk-of-poverty rate by sex and age - EU-SILC and ECHP surveys
ilc_li21.csv,Persistent at-risk-of-poverty rate by sex and age - EU-SILC and ECHP surveys
ilc_li22$dv_2664.csv,At-risk-of-poverty rate anchored at a fixed moment in time (2019) by age and sex - EU-SILC survey
ilc_li22.csv,At-risk-of-poverty rate anchored at a fixed moment in time (2019) by age and sex - EU-SILC survey
ilc_li22b.csv,At-risk-of-poverty rate anchored at a fixed moment in time (2008) by age and sex - EU-SILC survey
ilc_li23.csv,Persistent at-risk-of-poverty rate by household type
ilc_li24.csv,Persistent at-risk-of-poverty rate by educational attainment level
ilc_li31$dv_1981.csv,At-risk-of-poverty rate by group of citizenship (population aged 18 and over)
ilc_li31.csv,At-risk-of-poverty rate by group of citizenship (population aged 18 and over)
ilc_li32$dv_1321.csv,At-risk-of-poverty rate by group of country of birth (population aged 18 and over)
ilc_li32$dv_1965.csv,At-risk-of-poverty rate by group of country of birth (population aged 18 and over)
ilc_li32.csv,At-risk-of-poverty rate by group of country of birth (population aged 18 and over)
ilc_li33$dv_1983.csv,At-risk-of poverty rate for children by citizenship of their parents (population aged 0 to 17 years)
ilc_li33.csv,At-risk-of poverty rate for children by citizenship of their parents (population aged 0 to 17 years)
ilc_li34$dv_1982.csv,At-risk-of poverty rate for children by country of birth of their parents (population aged 0 to 17 years)
ilc_li34.csv,At-risk-of poverty rate for children by country of birth of their parents (population aged 0 to 17 years)
ilc_li41.csv,At-risk-of-poverty rate by NUTS regions
ilc_li43.csv,At-risk-of-poverty rate by degree of urbanisation
ilc_li45.csv,At-risk-of-poverty rate after deducting housing costs by age and sex
ilc_li48.csv,At-risk-of-poverty rate after deducting housing costs by degree of urbanisation
ilc_li51.csv,Distribution of population by number of years spent in poverty within a four-year period
ilc_li60.csv,At-risk-of poverty rate for children by educational attainment level of their parents (population aged 0 to 17 years)
ilc_li70.csv,Persons receiving benefits (other than old age benefits) by risk of poverty and work intensity of the household (population aged 18-64)
ilc_li71.csv,"Persons receiving benefits by risk of poverty thresholds, work intensity of the household and percentage of the benefits in total disposable income (population aged 18-64)"
ilc_lk11.csv,Self defined health status by age and income quantile - ECHP survey
ilc_lvhd01.csv,Persons having experienced housing difficulties in their life by sex and current risk of poverty or social exclusion situation
ilc_lvhd02.csv,Persons having experienced housing difficulties in their life by sex and type of temporary solution (effect)
ilc_lvhd03.csv,Persons having experienced housing difficulties in their life by sex and group of country of birth
ilc_lvhd04.csv,Persons having experienced housing difficulties in their life by sex and group of current country of citizenship
ilc_lvhd05.csv,Persons having experienced housing difficulties in their life by sex and reason
ilc_lvhd06.csv,Persons having overcome housing difficulties experienced in their life by sex and reason
ilc_lvhd07.csv,"Persons still experiencing housing difficulties by sex, age and risk of poverty or social exclusion situation"
ilc_lvhd08.csv,"Persons having experienced renting difficulties in the last 12 months by sex, age and risk of poverty or social exclusion situation"
ilc_lvhd09.csv,"Persons having experienced renting difficulties in the last 12 months by sex, age and group of country of birth"
ilc_lvhd10.csv,"Persons having experienced renting difficulties in the last 12 months by sex, age and group of country of citizenship"
ilc_lvhd11.csv,"Persons having experienced renting difficulties in the last 12 months by sex, age and level of disability (activity limitation)"
ilc_lvhd12.csv,"Persons having experienced renting difficulties in the last 12 months by sex, age and educational attainment"
ilc_lvhd13.csv,"Persons having experienced renting difficulties in the last 12 months by income quintile, household composition and degree of urbanization"
ilc_lvhl01.csv,"Distribution of population aged 18 and over by health status, age group, sex and degree of urbanisation - EU-SILC survey"
ilc_lvhl02.csv,"Distribution of population over 18 years by most frequent activity status, age group and sex - EU-SILC survey"
ilc_lvhl03.csv,"Distribution of population aged 18 and over by occupation, income group and sex - EU-SILC survey"
ilc_lvhl04.csv,"Distribution of population aged 18 and over by part-time or full-time employment, income group and sex - EU-SILC survey"
ilc_lvhl11.csv,Persons living in households with very low work intensity by age and sex (population aged 0 to 59 years) - EU 2020 strategy
ilc_lvhl11n$dv_1181.csv,Persons living in households with very low work intensity by age and sex (population aged 0 to 64 years)
ilc_lvhl11n.csv,Persons living in households with very low work intensity by age and sex (population aged 0 to 64 years)
ilc_lvhl12.csv,Persons living in households with very low work intensity by most frequent activity status (population aged 18 to 59 years) - EU 2020 strategy
ilc_lvhl12n.csv,People living in households with very low work intensity by most frequent activity status (population aged 18 to 64 years)
ilc_lvhl13.csv,Persons living in households with very low work intensity by income quantile and household composition (population aged 0 to 59 years) - EU 2020 strategy
ilc_lvhl13n.csv,People living in households with very low work intensity by income quintile and household type (population aged 0 to 64 years)
ilc_lvhl14.csv,Persons living in households with very low work intensity by educational attainment level (population aged 18 to 59 years) - EU 2020 strategy
ilc_lvhl14n.csv,People living in households with very low work intensity by educational attainment level (population aged 18 to 64 years)
ilc_lvhl15.csv,Persons living in households with very low work intensity by group of citizenship (population aged 18 to 59 years) - EU 2020 strategy
ilc_lvhl15n$dv_2000.csv,People living in households with very low work intensity by group of citizenship (population aged 18 to 64 years)
ilc_lvhl15n.csv,People living in households with very low work intensity by group of citizenship (population aged 18 to 64 years)
ilc_lvhl16.csv,Persons living in households with very low work intensity by group of country of birth (population aged 18 to 59 years) - EU 2020 strategy
ilc_lvhl16n$dv_1182.csv,People living in households with very low work intensity by group of country of birth (population aged 18 to 64 years)
ilc_lvhl16n$dv_1999.csv,People living in households with very low work intensity by group of country of birth (population aged 18 to 64 years)
ilc_lvhl16n.csv,People living in households with very low work intensity by group of country of birth (population aged 18 to 64 years)
ilc_lvhl17.csv,Persons living in households with very low work intensity by tenure status (population aged 0 to 59 years) - EU 2020 strategy
ilc_lvhl17n.csv,People living in households with very low work intensity by tenure status (population aged 0 to 64 years)
ilc_lvhl21.csv,Persons living in households with very low work intensity by NUTS regions (population aged 0 to 59 years) - EU 2020 strategy
ilc_lvhl21n.csv,Persons living in households with very low work intensity by NUTS regions (population aged 0 to 64 years)
ilc_lvhl23.csv,Persons living in households with very low work intensity by degree of urbanisation (population aged 0 to 59 years) - EU 2020 strategy
ilc_lvhl23n.csv,Persons living in households with very low work intensity by degree of urbanisation (population aged 0 to 64 years) - EU 2030 strategy
ilc_lvhl30$dv_1323.csv,Labour transitions by employment status
ilc_lvhl30.csv,Labour transitions by employment status
ilc_lvhl32.csv,Labour transitions by type of contract
ilc_lvhl33.csv,Labour transitions by type of contract - changes in employment security
ilc_lvhl34.csv,Labour transitions by pay level
ilc_lvhl35.csv,Labour transitions by employment status and pay level - changes in qualifications
ilc_lvhl36.csv,Labour transitions from temporary to permanent contracts by sex -3-year average
ilc_lvhl60.csv,Children living in households with very low work intensity by educational attainment level of their parents (population aged 0 to 17 years)  - EU 2020 strategy
ilc_lvhl60n.csv,Children living in households with very low work intensity by educational attainment level of their parents (population aged 0 to 17 years)
ilc_lvho01.csv,"Distribution of population by degree of urbanisation, dwelling type and income group - EU-SILC survey"
ilc_lvho02.csv,"Distribution of population by tenure status, type of household and income group - EU-SILC survey"
ilc_lvho03.csv,Average number of rooms per person by tenure status and dwelling type from 2003 onwards - EU-SILC survey
ilc_lvho03h.csv,Average number of rooms per person by tenure status and dwelling type until 2001 - ECHP survey
ilc_lvho04.csv,Average number of rooms per person by type of household and income group from 2003 - EU-SILC survey
ilc_lvho04d.csv,Average number of rooms per person by degree of urbanization
ilc_lvho04h.csv,Average number of rooms per person by type of household and income group until 2001 - ECHP survey
ilc_lvho04n.csv,Average number of rooms per person by NUTS region
ilc_lvho05a$dv_1185.csv,"Overcrowding rate by age, sex and poverty status - total population - EU-SILC survey"
ilc_lvho05a$dv_2685.csv,"Overcrowding rate by age, sex and poverty status - total population - EU-SILC survey"
ilc_lvho05a.csv,"Overcrowding rate by age, sex and poverty status - total population - EU-SILC survey"
ilc_lvho05b.csv,Overcrowding rate by household type - total population - EU-SILC survey
ilc_lvho05c.csv,Overcrowding rate by tenure status - total population - EU-SILC survey
ilc_lvho05d.csv,Overcrowding rate by degree of urbanisation - total population - EU-SILC survey
ilc_lvho05q.csv,Overcrowding rate by income quintile - total population - EU-SILC survey
ilc_lvho06.csv,"Overcrowding rate by age, sex and poverty status - population without single-person households - EU-SILC survey"
ilc_lvho06q.csv,Overcrowding rate by income quintile - population without single-person households - EU-SILC survey
ilc_lvho07_r.csv,Housing cost overburden rate by NUTS regions
ilc_lvho07a$dv_1186.csv,"Housing cost overburden rate by age, sex and poverty status - EU-SILC survey"
ilc_lvho07a$dv_2003.csv,"Housing cost overburden rate by age, sex and poverty status - EU-SILC survey"
ilc_lvho07a$dv_2682.csv,"Housing cost overburden rate by age, sex and poverty status - EU-SILC survey"
ilc_lvho07a.csv,"Housing cost overburden rate by age, sex and poverty status - EU-SILC survey"
ilc_lvho07b.csv,Housing cost overburden rate by income quintile - EU-SILC survey
ilc_lvho07c.csv,Housing cost overburden rate by tenure status - EU-SILC survey
ilc_lvho07d.csv,Housing cost overburden rate by degree of urbanisation - EU-SILC survey
ilc_lvho07e.csv,Housing cost overburden rate by household type - EU-SILC survey
ilc_lvho08a.csv,"Median of the housing cost burden distribution by age, sex and poverty status - EU-SILC survey"
ilc_lvho08b.csv,Median of the housing cost burden distribution by degree of urbanisation - EU-SILC survey
ilc_lvho15.csv,"Overcrowding rate by age, sex and group of citizenship (total population aged 18 and over)"
ilc_lvho16.csv,"Overcrowding rate by age, sex and group of country of birth (total population aged 18 and over)"
ilc_lvho25$dv_2022.csv,"Housing cost overburden rate by age, sex and group of citizenship (total population aged 18 and over)"
ilc_lvho25.csv,"Housing cost overburden rate by age, sex and group of citizenship (total population aged 18 and over)"
ilc_lvho26$dv_2021.csv,"Housing cost overburden rate by age, sex and group of country of birth (total population aged 18 and over)"
ilc_lvho26.csv,"Housing cost overburden rate by age, sex and group of country of birth (total population aged 18 and over)"
ilc_lvho27.csv,Distribution of population by housing cost burden and sex
ilc_lvho28.csv,Distribution of population by housing cost burden and tenure status
ilc_lvho29.csv,Distribution of population by housing cost burden and degree of urbanisation
ilc_lvho30.csv,Distribution of population by housing cost burden and household type
ilc_lvho31.csv,Average size of dwelling by household composition and degree of urbanisation
ilc_lvho32.csv,Average size of dwelling by income quintile and tenure status
ilc_lvho50a.csv,"Share of people living in under-occupied dwellings by age, sex and poverty status - total population - EU-SILC survey"
ilc_lvho50b.csv,Share of people living in under-occupied dwellings by household type and income quintile - total population - EU-SILC survey
ilc_lvho50c.csv,Share of people living in under-occupied dwellings by tenure status - total population - EU-SILC survey
ilc_lvho50d.csv,Share of people living in under-occupied dwellings by degree of urbanisation - total population - EU-SILC survey
ilc_lvph01.csv,Average household size - EU-SILC survey
ilc_lvph02.csv,Distribution of households by household type from 2003 onwards - EU-SILC survey
ilc_lvph02h.csv,Distribution of households by household type until 2001 - ECHP survey
ilc_lvph03.csv,Distribution of households by household size - EU-SILC survey
ilc_lvph04$dv_2602.csv,Distribution of households by household type and income level - EU-SILC survey
ilc_lvph04.csv,Distribution of households by household type and income level - EU-SILC survey
ilc_lvph05.csv,Distribution of households with children by number of children - EU-SILC survey
ilc_lvps01.csv,Distribution of population by sex and age - EU-SILC survey
ilc_lvps02.csv,Distribution of population by household type and income group - EU-SILC survey
ilc_lvps03.csv,Distribution of population by work intensity of the household (population aged 0 to 64 years) - EU-SILC survey
ilc_lvps04.csv,Distribution of population aged 18 and over by educational attainment level and age group - EU-SILC survey
ilc_lvps08$dv_1041.csv,Persons living with their parents or contributing/benefiting from the household income (population aged 18 to 34 years)
ilc_lvps08.csv,Persons living with their parents or contributing/benefiting from the household income (population aged 18 to 34 years)
ilc_lvps09.csv,Share of young adults aged 18-34 living with their parents by self-defined current economic status - EU-SILC survey
ilc_lvps10.csv,Share of young adults aged 18-34 living with their parents by type of contract - EU-SILC survey
ilc_lvps15.csv,Distribution of population by group of citizenship and tenure status (population aged 18 and over)
ilc_lvps16.csv,Distribution of population by group of country of birth and tenure status (population aged 18 and over)
ilc_lvps20.csv,Share of children (aged less than 18) living with their parents by type of household - EU-SILC survey
ilc_lvps25.csv,Distribution of children (aged less than 18) by educational attainment level of their parents and income group
ilc_lvps30.csv,Distribution of population aged 65 and over by type of household - EU-SILC survey
ilc_mddd01.csv,"Material deprivation for the 'Economic strain' dimension, by number of item of deprivation - EU-SILC survey"
ilc_mddd02.csv,"Material deprivation for the 'Durables' dimension, by number of item of deprivation - EU-SILC survey"
ilc_mddd03.csv,"Material deprivation for the 'Economic strain' and 'Durables' dimensions, by number of item of deprivation - EU-SILC survey"
ilc_mddd04a.csv,"Material deprivation for the 'Housing' dimension, by household type, poverty status and by number of items of deprivation - EU-SILC survey"
ilc_mddd04b$dv_2721.csv,"Material deprivation for the 'Housing' dimension, by age, sex and by number of item of deprivation - EU-SILC survey"
ilc_mddd04b.csv,"Material deprivation for the 'Housing' dimension, by age, sex and by number of item of deprivation - EU-SILC survey"
ilc_mddd05.csv,"Material deprivation for the 'Environment' dimension, by number of item of deprivation - EU-SILC survey"
ilc_mddd11$dv_655.csv,Severe material deprivation rate by age and sex
ilc_mddd11.csv,Severe material deprivation rate by age and sex
ilc_mddd12.csv,Severe material deprivation rate by most frequent activity status (population aged 18 and over)
ilc_mddd13.csv,Severe material deprivation rate by income quintile and household type
ilc_mddd14.csv,Severe material deprivation rate by educational attainment level (population aged 18 and over)
ilc_mddd15.csv,Severe material deprivation rate by group of citizenship (population aged 18 and over)
ilc_mddd16.csv,Severe material deprivation rate by group of country of birth (population aged 18 and over)
ilc_mddd17.csv,Severe material deprivation rate by tenure status
ilc_mddd21.csv,Severe material deprivation rate by NUTS regions
ilc_mddd23.csv,Severe material deprivation rate by degree of urbanisation
ilc_mddd60.csv,Severe material deprivation rate for children by educational attainment level of their parents (population aged 0 to 17 years)
ilc_mddu01.csv,Persons who cannot afford a telephone - EU-SILC survey
ilc_mddu02.csv,Persons who cannot afford a colour TV - EU-SILC survey
ilc_mddu03.csv,Persons who cannot afford a computer - EU-SILC survey
ilc_mddu04.csv,Persons who cannot afford a washing machine - EU-SILC survey
ilc_mddu05.csv,Persons who cannot afford a personal car - EU-SILC survey
ilc_mddu06a.csv,"Persons who cannot afford to replace worn-out clothes by some new (not second-hand) ones by age, sex and income group"
ilc_mddu06b.csv,Persons who cannot afford to replace worn-out clothes by some new (not second-hand) ones by employment status and income quintile
ilc_mddu07a.csv,"Persons who cannot afford internet connection for personal use at home by age, sex and income group"
ilc_mddu07b.csv,Persons who cannot afford internet connection for personal use at home by employment status and income quintile
ilc_mddw01.csv,Noise from neighbours or from the street - EU-SILC survey
ilc_mddw02.csv,"Pollution, grime or other environmental problems - EU-SILC survey"
ilc_mddw03.csv,"Crime, violence or vandalism in the area - EU-SILC survey"
ilc_mddw04.csv,Noise from neighbours or from the street by degree of urbanisation
ilc_mddw05.csv,"Pollution, grime or other environmental problems by degree of urbanisation"
ilc_mddw06.csv,"Crime, violence or vandalism in the area by degree of urbanisation"
ilc_mded01.csv,"Share of housing costs in disposable household income, by type of household and income group - EU-SILC survey"
ilc_mded02.csv,"Share of rent related to occupied dwelling in disposable household income, by type of household and income group - EU-SILC survey"
ilc_mded03.csv,Total housing costs in pps - EU-SILC survey
ilc_mded04.csv,Financial burden of the total housing cost - EU-SILC survey
ilc_mded05.csv,Financial burden of the repayment of debts from hire purchases or loans - EU-SILC survey
ilc_mdes01.csv,Inability to keep home adequately warm - EU-SILC survey
ilc_mdes01_r.csv,Inability to keep home adequately warm by NUTS regions
ilc_mdes02.csv,Inability to afford paying for one week annual holiday away from home - EU-SILC survey
ilc_mdes03$dv_2702.csv,"Inability to afford a meal with meat, chicken, fish (or vegetarian equivalent) every second day - EU-SILC survey"
ilc_mdes03.csv,"Inability to afford a meal with meat, chicken, fish (or vegetarian equivalent) every second day - EU-SILC survey"
ilc_mdes03_r.csv,"Inability to afford a meal with meat, chicken, fish (or vegetarian equivalent) every second day by NUTS regions"
ilc_mdes04.csv,Inability to face unexpected financial expenses - EU-SILC survey
ilc_mdes04_r.csv,Inability to face unexpected financial expenses by NUTS regions
ilc_mdes05.csv,"Arrears (mortgage or rent, utility bills or hire purchase) from 2003 onwards - EU-SILC survey"
ilc_mdes05_r.csv,"Arrears (mortgage or rent, utility bills or hire purchase) by NUTS regions"
ilc_mdes05h.csv,"Arrears (mortgage or rent, utility bills or hire purchase) until 2001 - ECHP survey"
ilc_mdes06.csv,Arrears on mortgage or rent payments - EU-SILC survey
ilc_mdes07.csv,Arrears on utility bills - EU-SILC survey
ilc_mdes08.csv,Arrears on hire purchase instalments or other loan payments - EU-SILC survey
ilc_mdes09.csv,Inability to make ends meet - EU-SILC survey
ilc_mdes10a.csv,"Persons who cannot afford to get-together with friends or family (relatives) for a drink or meal at least once a month by age, sex and income group"
ilc_mdes10b.csv,Persons who cannot afford to get-together with friends or family (relatives) for a drink or meal at least once a month by employment status and income quintile
ilc_mdes11a.csv,"Persons who cannot afford to regularly participate in a leisure activity by age, sex and income group"
ilc_mdes11b.csv,Persons who cannot afford to regularly participate in a leisure activity by employment status and income quintile
ilc_mdes12a.csv,"Persons who cannot afford to spend a small amount of money each week on themselves by age, sex and income group"
ilc_mdes12b.csv,Persons who cannot afford to spend a small amount of money each week on themselves by employment status and income quintile
ilc_mdes13a.csv,"Persons who cannot afford a regular use of public transport by age, sex and income group"
ilc_mdes13b.csv,Persons who cannot afford a regular use of public transport by employment status and income quintile
ilc_mdho01.csv,"Total population living in a dwelling with a leaking roof, damp walls, floors or foundation, or rot in window frames or floor - EU-SILC survey"
ilc_mdho01c.csv,"Children (aged 0 to 17) living in a dwelling with a leaking roof, damp walls, floors or foundation, or rot in window frames or floor - EU-SILC survey"
ilc_mdho02.csv,"Total population having neither a bath, nor a shower in their dwelling - EU-SILC survey"
ilc_mdho02c.csv,"Children (aged 0 to 17) having neither a bath, nor a shower in their dwelling - EU-SILC survey"
ilc_mdho03.csv,Total population not having indoor flushing toilet for the sole use of their household - EU-SILC survey
ilc_mdho03c.csv,Children (aged 0 to 17) not having indoor flushing toilet for the sole use of their household - EU-SILC survey
ilc_mdho04.csv,Total population considering their dwelling as too dark - EU-SILC survey
ilc_mdho04c.csv,Children (aged 0 to 17) living in households considering their dwelling as too dark - EU-SILC survey
ilc_mdho05.csv,"Total population having neither a bath, nor a shower, nor indoor flushing toilet in their household - EU-SILC survey"
ilc_mdho06a$dv_1184.csv,"Severe housing deprivation rate by age, sex and poverty status - EU-SILC survey"
ilc_mdho06a$dv_2701.csv,"Severe housing deprivation rate by age, sex and poverty status - EU-SILC survey"
ilc_mdho06a.csv,"Severe housing deprivation rate by age, sex and poverty status - EU-SILC survey"
ilc_mdho06b.csv,Severe housing deprivation rate by household type - EU-SILC survey
ilc_mdho06c.csv,Severe housing deprivation rate by tenure status - EU-SILC survey
ilc_mdho06d.csv,Severe housing deprivation rate by degree of urbanisation - EU-SILC survey
ilc_mdho06q.csv,Severe housing deprivation rate by income quintile - EU-SILC survey
ilc_mdho07.csv,Persons who cannot afford to replace worn-out furniture by income group and type of household
ilc_mdsd01.csv,"Material and social deprivation rate by age, sex and most frequent activity status"
ilc_mdsd02.csv,Material and social deprivation rate by income quintile and household type
ilc_mdsd03$dv_1165.csv,"Material and social deprivation rate by age, sex and educational attainment level"
ilc_mdsd03.csv,"Material and social deprivation rate by age, sex and educational attainment level"
ilc_mdsd04.csv,"Material and social deprivation rate by age, sex and group of citizenship"
ilc_mdsd05$dv_1166.csv,"Material and social deprivation rate by age, sex and group of country of birth"
ilc_mdsd05.csv,"Material and social deprivation rate by age, sex and group of country of birth"
ilc_mdsd06.csv,Material and social deprivation rate by tenure status
ilc_mdsd07$dv_2621.csv,Material and social deprivation rate by age and sex
ilc_mdsd07.csv,Material and social deprivation rate by age and sex
ilc_mdsd08.csv,Material and social deprivation rate by NUTS regions
ilc_mdsd09.csv,Material and social deprivation rate by degree of urbanisation
ilc_mdsd10.csv,Material and social deprivation rate for children by age and educational attainment level of their parents
ilc_mdsd11$dv_1994.csv,Severe material and social deprivation rate by age and sex
ilc_mdsd11.csv,Severe material and social deprivation rate by age and sex
ilc_mdsd13.csv,Severe material and social deprivation by income quantile and household composition
ilc_mdsd15$dv_1995.csv,"Severe material and social deprivation by age, sex and group of citizenship"
ilc_mdsd15.csv,"Severe material and social deprivation by age, sex and group of citizenship"
ilc_mdsd16$dv_1996.csv,"Severe material and social deprivation by age, sex and group of country of birth"
ilc_mdsd16.csv,"Severe material and social deprivation by age, sex and group of country of birth"
ilc_mdsd18.csv,Severe material and social deprivation by NUTS region
ilc_odbt01.csv,Arrears on non-housing bills by risk of poverty threshold
ilc_odbt02.csv,Arrears on non-housing bills by income quintile
ilc_odbt03.csv,Loans (excluding mortgages on purchase of main residence) by risk of poverty threshold
ilc_odbt04.csv,Loans (excluding mortgages on purchase of main residence) by income quintile
ilc_odbt05.csv,Persons with loans for property purposes by risk of poverty threshold
ilc_odbt06.csv,Persons with loans for transport purposes by risk of poverty threshold
ilc_odbt07.csv,Persons with loans for education purposes by risk of poverty threshold
ilc_odbt08.csv,Persons with loans to cover daily living expenses by risk of poverty threshold
ilc_odbt09.csv,"Persons with loans for purposes other than property, transport, education and daily living expenses by risk of poverty threshold"
ilc_odbt10.csv,Savings in a typical month by household habits and risk of poverty threshold
ilc_odbt11.csv,Savings in a typical month by household habits and income quintile
ilc_odbt12.csv,Persons owning real estate other than main residence by risk of poverty threshold
ilc_odbt13.csv,Persons owning real estate other than main residence by income quantile
ilc_odbt14.csv,Households maintaining the same standard of living using savings by duration and risk of poverty threshold
ilc_odbt15.csv,Households maintaining the same standard of living using savings by duration and income quintile
ilc_pecs01.csv,Persons at risk of poverty or social exclusion - EU2030 target
ilc_pees01.csv,"Persons by risk of poverty, material deprivation, work intensity of the household, age and sex of the person - intersections of EU 2020 Strategy poverty target indicators"
ilc_pees01n.csv,"Persons by risk of poverty, material deprivation, work intensity of the household, age and sex of the person - intersections of EU 2030 poverty target indicators"
ilc_pees02.csv,"Persons by risk of poverty, material deprivation, work intensity of the household and most frequent activity status (population aged 18 and over) - intersections of EU 2020 Strategy poverty target indicators"
ilc_pees03.csv,"Persons by risk of poverty, material deprivation, work intensity of the household and income quantile - intersections of EU 2020 Strategy poverty target indicators"
ilc_pees04.csv,"Persons by risk of poverty, material deprivation, work intensity of the household and household composition - intersections of EU 2020 Strategy poverty target indicators"
ilc_pees05.csv,"Persons by risk of poverty, material deprivation, work intensity of the household and educational attainment level (population aged 18 and over) - intersections of EU 2020 Strategy poverty target indicators"
ilc_pees06.csv,"Persons by risk of poverty, material deprivation, work intensity of the household and citizenship (population aged 18 and over) - intersections of EU 2020 Strategy poverty target indicators"
ilc_pees07.csv,"Persons by risk of poverty, material deprivation, work intensity of the household and country of birth (population aged 18 and over) - intersections of EU 2020 Strategy poverty target indicators"
ilc_pees08.csv,"Persons by risk of poverty, material deprivation, work intensity of the household and tenure status - intersections of EU 2020 Strategy poverty target indicators"
ilc_peps01.csv,Persons at risk of poverty or social exclusion by age and sex - EU 2020 strategy
ilc_peps01n$dv_1161.csv,Persons at risk of poverty or social exclusion by age and sex
ilc_peps01n$dv_1944.csv,Persons at risk of poverty or social exclusion by age and sex
ilc_peps01n.csv,Persons at risk of poverty or social exclusion by age and sex
ilc_peps02.csv,Persons at risk of poverty or social exclusion by most frequent activity status (population aged 18 and over) - EU 2020 strategy
ilc_peps02n.csv,Persons at risk of poverty or social exclusion by most frequent activity status (population aged 18 and over)
ilc_peps03.csv,Persons at risk of poverty or social exclusion by income quantile and household composition - EU 2020 strategy
ilc_peps03n.csv,Persons at risk of poverty or social exclusion by income quantile and household composition
ilc_peps04.csv,Persons at risk of poverty or social exclusion by educational attainment level (population aged 18 and over) - EU 2020 strategy
ilc_peps04n.csv,Persons at risk of poverty or social exclusion by educational attainment level (population aged 18 and over)
ilc_peps05.csv,Persons at risk of poverty or social exclusion by group of citizenship (population aged 18 and over) - EU 2020 strategy
ilc_peps05n$dv_1962.csv,Persons at risk of poverty or social exclusion by group of citizenship (population aged 18 and over)
ilc_peps05n.csv,Persons at risk of poverty or social exclusion by group of citizenship (population aged 18 and over)
ilc_peps06.csv,Persons at risk of poverty or social exclusion by group of country of birth (population aged 18 and over) - EU 2020 strategy
ilc_peps06n$dv_1162.csv,Persons at risk of poverty or social exclusion by group of country of birth (population aged 18 and over)
ilc_peps06n$dv_1961.csv,Persons at risk of poverty or social exclusion by group of country of birth (population aged 18 and over)
ilc_peps06n.csv,Persons at risk of poverty or social exclusion by group of country of birth (population aged 18 and over)
ilc_peps07.csv,Persons at risk of poverty or social exclusion by tenure status - EU 2020 strategy
ilc_peps07n.csv,Persons at risk of poverty or social exclusion by tenure status
ilc_peps11.csv,Persons at risk of poverty or social exclusion by NUTS regions - EU 2020 strategy
ilc_peps11n.csv,Persons at risk of poverty or social exclusion by NUTS regions
ilc_peps13.csv,Persons at risk of poverty or social exclusion by degree of urbanisation - EU 2020 strategy
ilc_peps13n.csv,Persons at risk of poverty or social exclusion by degree of urbanisation
ilc_peps60.csv,Children at risk of poverty or social exclusion by educational attainment level of their parents (population aged 0 to 17 years) - EU 2020 strategy
ilc_peps60n.csv,Children at risk of poverty or social exclusion by educational attainment level of their parents (population aged 0 to 17 years)
ilc_pnp1.csv,At-risk-of-poverty rate of older people by sex and selected age groups - EU-SILC and ECHP surveys
ilc_pnp10.csv,Gender differences in the relative median income ratio (65+) - EU-SILC survey
ilc_pnp11.csv,Gender differences in the aggregate replacement ratio for pensions (excluding other social benefits) - EU-SILC survey
ilc_pnp12.csv,Gender differences in the at-risk-of-poverty rate by age - EU-SILC survey
ilc_pnp13.csv,Gender pension gap by age group – EU-SILC survey
ilc_pnp14.csv,Gender coverage rate in pension by age group – EU-SILC survey
ilc_pnp2$dv_1988.csv,Relative median income ratio (65+) - EU-SILC and ECHP surveys
ilc_pnp2.csv,Relative median income ratio (65+) - EU-SILC and ECHP surveys
ilc_pnp3.csv,Aggregate replacement ratio for pensions (excluding other social benefits) by sex - EU-SILC survey
ilc_pnp9.csv,At-risk-of-poverty rate of persons below-above 65 years by sex – EU-SILC survey
ilc_pns1.csv,"At-risk-of-poverty rate of older people, by age and sex - EU-SILC and ECHP surveys"
ilc_pns11.csv,Gender differences in the relative median income ratio (60+) - EU-SILC survey
ilc_pns2.csv,Relative median income ratio (60+) - EU-SILC survey
ilc_pns4.csv,Inequality of income distribution S80/S20 income quintile share ratio - EU-SILC and ECHP surveys
ilc_pns5.csv,Relative median at-risk-of-poverty gap of elderly people - EU-SILC and ECHP surveys
ilc_pns6.csv,At-risk-of-poverty rate for pensioners - EU-SILC and ECHP surveys
ilc_pns7.csv,At-risk-of-poverty rate of older people by tenure status - EU-SILC and ECHP surveys
ilc_pns8.csv,Dispersion around the at-risk-of-poverty threshold by sex and selected age groups - EU-SILC and ECHP surveys
ilc_pw01$dv_2761.csv,"Overall life satisfaction by sex, age and educational attainment"
ilc_pw01.csv,"Overall life satisfaction by sex, age and educational attainment"
ilc_pw01b$dv_2749.csv,"Life satisfaction by sex, age, educational attainment and domain"
ilc_pw01b$dv_2751.csv,"Life satisfaction by sex, age, educational attainment and domain"
ilc_pw01b$dv_2781.csv,"Life satisfaction by sex, age, educational attainment and domain"
ilc_pw01b.csv,"Life satisfaction by sex, age, educational attainment and domain"
ilc_pw02.csv,"Overall life satisfaction by income quintile, household composition and degree of urbanisation"
ilc_pw02b.csv,"Life satisfaction by income quintile, household composition, degree of urbanisation and domain"
ilc_pw03$dv_2762.csv,"Trust in others by sex, age and educational attainment"
ilc_pw03.csv,"Trust in others by sex, age and educational attainment"
ilc_pw03b$dv_2763.csv,"Level of trust by sex, age, educational attainment and domain"
ilc_pw03b.csv,"Level of trust by sex, age, educational attainment and domain"
ilc_pw04.csv,"Trust in others by income quintile, household composition and degree of urbanisation"
ilc_pw04b.csv,"Level of trust by income quintile, household composition, degree of urbanisation and domain"
ilc_pw05$dv_2768.csv,"Overall life satisfaction by level of satisfaction, age and educational attainment"
ilc_pw05.csv,"Overall life satisfaction by level of satisfaction, age and educational attainment"
ilc_pw05b$dv_2764.csv,"Persons rating their life satisfaction as high, medium or low by sex, age, educational attainment and domain"
ilc_pw05b$dv_2766.csv,"Persons rating their life satisfaction as high, medium or low by sex, age, educational attainment and domain"
ilc_pw05b.csv,"Persons rating their life satisfaction as high, medium or low by sex, age, educational attainment and domain"
ilc_pw06.csv,"Persons having someone to rely on in case of need by sex, age and educational attainment"
ilc_pw07.csv,"Persons having someone to rely on in case of need by income quintile, degree of urbanisation and household composition"
ilc_pw08$dv_426.csv,"Persons being happy in the last 4 weeks by sex, age, educational attainment and frequency"
ilc_pw08.csv,"Persons being happy in the last 4 weeks by sex, age, educational attainment and frequency"
ilc_pw09.csv,"Persons being happy in the last 4 weeks by income quintile, degree of urbanisation, household composition and frequency"
ilc_pw10.csv,"Persons feeling left out from society by sex, age and educational attainment"
ilc_pw11.csv,"Persons feeling left out from society by income quintile, degree of urbanisation and household composition"
ilc_pw12$dv_2547.csv,"Persons feeling left out from society by sex, age and level of disability (activity limitation)"
ilc_pw12.csv,"Persons feeling left out from society by sex, age and level of disability (activity limitation)"
ilc_pw13.csv,"Persons feeling left out from society by sex, age and risk of poverty threshold"
ilc_pw14.csv,Satisfaction with the job by risk of poverty threshold and level of disability (activity limitation)
ilc_pw15$dv_2750.csv,"Satisfaction with the job by sex, age and educational attainment"
ilc_pw15.csv,"Satisfaction with the job by sex, age and educational attainment"
ilc_pw16.csv,"Satisfaction with the dwelling by level of satisfaction, risk of poverty threshold and level of disability (activity limitation)"
ilc_pw17.csv,"Satisfaction with the dwelling by level of satisfaction, sex, age and educational attainment"
ilc_sbjp01.csv,Subjective poverty by sex and age
ilc_sbjp02.csv,Subjective poverty by educational attainment level (population aged 18 and over)
ilc_sbjp03.csv,Subjective poverty by most frequent activity status (population aged 18 and over)
ilc_sbjp04.csv,Subjective poverty by tenure status
ilc_sbjp05.csv,Subjective poverty by degree of urbanization
ilc_scp01$dv_1061.csv,"Persons participating in any cultural or sport activities in the last 12 months by sex, age and educational attainment"
ilc_scp01.csv,"Persons participating in any cultural or sport activities in the last 12 months by sex, age and educational attainment"
ilc_scp02.csv,"Persons participating in any cultural or sport activities in the last 12 months by income quintile, household composition, degree of urbanisation and frequency"
ilc_scp03$dv_1062.csv,"Persons participating in cultural or sport activities in the last 12 months by sex, age, educational attainment, activity type and frequency"
ilc_scp03$dv_550.csv,"Persons participating in cultural or sport activities in the last 12 months by sex, age, educational attainment, activity type and frequency"
ilc_scp03$dv_551.csv,"Persons participating in cultural or sport activities in the last 12 months by sex, age, educational attainment, activity type and frequency"
ilc_scp03$dv_552.csv,"Persons participating in cultural or sport activities in the last 12 months by sex, age, educational attainment, activity type and frequency"
ilc_scp03.csv,"Persons participating in cultural or sport activities in the last 12 months by sex, age, educational attainment, activity type and frequency"
ilc_scp04$dv_2341.csv,"Persons participating in in cultural or sport activities in the last 12 months by income quintile, household composition, degree of urbanisation, activity type and frequency"
ilc_scp04$dv_2401.csv,"Persons participating in in cultural or sport activities in the last 12 months by income quintile, household composition, degree of urbanisation, activity type and frequency"
ilc_scp04$dv_2741.csv,"Persons participating in in cultural or sport activities in the last 12 months by income quintile, household composition, degree of urbanisation, activity type and frequency"
ilc_scp04.csv,"Persons participating in in cultural or sport activities in the last 12 months by income quintile, household composition, degree of urbanisation, activity type and frequency"
ilc_scp05$dv_1063.csv,"Persons not participating in cultural or sport activities in the last 12 months by sex, age, educational attainment, activity type and reasons"
ilc_scp05$dv_561.csv,"Persons not participating in cultural or sport activities in the last 12 months by sex, age, educational attainment, activity type and reasons"
ilc_scp05$dv_562.csv,"Persons not participating in cultural or sport activities in the last 12 months by sex, age, educational attainment, activity type and reasons"
ilc_scp05$dv_563.csv,"Persons not participating in cultural or sport activities in the last 12 months by sex, age, educational attainment, activity type and reasons"
ilc_scp05.csv,"Persons not participating in cultural or sport activities in the last 12 months by sex, age, educational attainment, activity type and reasons"
ilc_scp06$dv_2361.csv,"Persons not participating in cultural or sport activities in the last 12 months by income quintile, household composition, degree of urbanisation, activity type and reasons"
ilc_scp06$dv_2402.csv,"Persons not participating in cultural or sport activities in the last 12 months by income quintile, household composition, degree of urbanisation, activity type and reasons"
ilc_scp06$dv_2742.csv,"Persons not participating in cultural or sport activities in the last 12 months by income quintile, household composition, degree of urbanisation, activity type and reasons"
ilc_scp06.csv,"Persons not participating in cultural or sport activities in the last 12 months by income quintile, household composition, degree of urbanisation, activity type and reasons"
ilc_scp07$dv_101.csv,"Persons practicing artistic activities by sex, age, educational attainment and frequency"
ilc_scp07$dv_1064.csv,"Persons practicing artistic activities by sex, age, educational attainment and frequency"
ilc_scp07.csv,"Persons practicing artistic activities by sex, age, educational attainment and frequency"
ilc_scp08$dv_2362.csv,"Persons practicing artistic activities by income quintile, household composition, degree of urbanisation and frequency"
ilc_scp08.csv,"Persons practicing artistic activities by income quintile, household composition, degree of urbanisation and frequency"
ilc_scp09$dv_2743.csv,"Persons getting together with family (relatives) or friends by sex, age, educational attainment and frequency"
ilc_scp09.csv,"Persons getting together with family (relatives) or friends by sex, age, educational attainment and frequency"
ilc_scp10$dv_2744.csv,"Persons getting together with family and relatives or friends by income quintile, household composition, degree of urbanisation and frequency"
ilc_scp10.csv,"Persons getting together with family and relatives or friends by income quintile, household composition, degree of urbanisation and frequency"
ilc_scp11$dv_2745.csv,"Persons having contacts with family (relatives) or friends by sex, age, educational attainment and frequency"
ilc_scp11.csv,"Persons having contacts with family (relatives) or friends by sex, age, educational attainment and frequency"
ilc_scp12$dv_2746.csv,"Persons having contacts with family and relatives or friends by income quintile, household composition, degree of urbanisation and frequency"
ilc_scp12.csv,"Persons having contacts with family and relatives or friends by income quintile, household composition, degree of urbanisation and frequency"
ilc_scp13.csv,"Persons communicating via social media by sex, age, educational attainment and frequency"
ilc_scp14.csv,"Persons communicating via social media by income quintile, household composition, degree of urbanisation and frequency"
ilc_scp15$dv_433.csv,"Persons having someone to ask for help by sex, age and educational attainment"
ilc_scp15.csv,"Persons having someone to ask for help by sex, age and educational attainment"
ilc_scp16.csv,"Persons having  someone to ask for help by income quintile, household composition and degree of urbanisation"
ilc_scp17$dv_434.csv,"Persons having someone to discuss personal matters by sex, age and educational attainment"
ilc_scp17.csv,"Persons having someone to discuss personal matters by sex, age and educational attainment"
ilc_scp18.csv,"Persons having someone to discuss personal matters by income quintile, household composition and degree of urbanisation"
ilc_scp19$dv_1042.csv,"Persons participating in formal/informal voluntary activities or active citizenship by sex, age and educational attainment"
ilc_scp19$dv_312.csv,"Persons participating in formal/informal voluntary activities or active citizenship by sex, age and educational attainment"
ilc_scp19$dv_313.csv,"Persons participating in formal/informal voluntary activities or active citizenship by sex, age and educational attainment"
ilc_scp19.csv,"Persons participating in formal/informal voluntary activities or active citizenship by sex, age and educational attainment"
ilc_scp20$dv_2747.csv,"Persons participating in formal/informal voluntary activities or active citizenship by income quintile, household composition and degree of urbanisation"
ilc_scp20.csv,"Persons participating in formal/informal voluntary activities or active citizenship by income quintile, household composition and degree of urbanisation"
ilc_scp21$dv_436.csv,"Persons not participating in formal/informal voluntary activities or active citizenship in the last 12 months by sex, age, educational attainment and reasons"
ilc_scp21.csv,"Persons not participating in formal/informal voluntary activities or active citizenship in the last 12 months by sex, age, educational attainment and reasons"
ilc_scp22$dv_2441.csv,"Persons not participating in formal/informal voluntary activities or active citizenship in the last 12 months by income quintile, household composition, degree of urbanisation and reasons"
ilc_scp22.csv,"Persons not participating in formal/informal voluntary activities or active citizenship in the last 12 months by income quintile, household composition, degree of urbanisation and reasons"
ilc_scp23$dv_2363.csv,"Persons participating in formal voluntary activities by sex, age, educational attainment and type of organisation"
ilc_scp23$dv_2403.csv,"Persons participating in formal voluntary activities by sex, age, educational attainment and type of organisation"
ilc_scp23.csv,"Persons participating in formal voluntary activities by sex, age, educational attainment and type of organisation"
ilc_scp24$dv_2364.csv,"Persons participating in formal voluntary activities by income quintile, household composition and type of organisation"
ilc_scp24$dv_2404.csv,"Persons participating in formal voluntary activities by income quintile, household composition and type of organisation"
ilc_scp24.csv,"Persons participating in formal voluntary activities by income quintile, household composition and type of organisation"
ilc_scp25.csv,"Persons not participating in active citizenship by sex, age, educational attainment level and reasons"
ilc_scp26.csv,"Persons not participating in active citizenship by income quintile, household composition, degree of urbanization and reasons"
ilc_scp27$dv_2365.csv,"Persons reading books in the last 12 months by sex, age, educational attainment and number of books"
ilc_scp27.csv,"Persons reading books in the last 12 months by sex, age, educational attainment and number of books"
ilc_scp28$dv_2366.csv,"Persons reading books in the last 12 months by risk of poverty threshold, household composition, degree of urbanization and number of books"
ilc_scp28.csv,"Persons reading books in the last 12 months by risk of poverty threshold, household composition, degree of urbanization and number of books"
ilc_scp29$dv_2381.csv,"Persons not reading books in the last 12 months by sex, age, educational attainment and reasons"
ilc_scp29.csv,"Persons not reading books in the last 12 months by sex, age, educational attainment and reasons"
ilc_scp30$dv_2382.csv,"Persons not reading books in the last 12 months by risk of poverty threshold, household composition, degree of urbanization and reasons"
ilc_scp30.csv,"Persons not reading books in the last 12 months by risk of poverty threshold, household composition, degree of urbanization and reasons"
ilc_scp31$dv_2383.csv,"Persons reading books in the last 12 months by sex, age, risk of poverty or social exclusion situation and number of books"
ilc_scp31.csv,"Persons reading books in the last 12 months by sex, age, risk of poverty or social exclusion situation and number of books"
ilc_scp32$dv_2384.csv,"Persons not reading books in the last 12 months by sex, age, risk of poverty or social exclusion situation and reasons"
ilc_scp32.csv,"Persons not reading books in the last 12 months by sex, age, risk of poverty or social exclusion situation and reasons"
ilc_scp33$dv_2385.csv,"Persons reading books in the last 12 months by sex, age, level of disability (activity limitation) and number of books"
ilc_scp33$dv_2541.csv,"Persons reading books in the last 12 months by sex, age, level of disability (activity limitation) and number of books"
ilc_scp33.csv,"Persons reading books in the last 12 months by sex, age, level of disability (activity limitation) and number of books"
ilc_scp34$dv_2386.csv,"Persons not reading books in the last 12 months by sex, age, level of disability (activity limitation) and reasons"
ilc_scp34$dv_2542.csv,"Persons not reading books in the last 12 months by sex, age, level of disability (activity limitation) and reasons"
ilc_scp34.csv,"Persons not reading books in the last 12 months by sex, age, level of disability (activity limitation) and reasons"
ilc_scp35$dv_2545.csv,"Persons getting together with family (relatives) or friends by sex, age, level of disability (activity limitation) and frequency"
ilc_scp35.csv,"Persons getting together with family (relatives) or friends by sex, age, level of disability (activity limitation) and frequency"
ilc_scp36$dv_2546.csv,"Persons having contacts with family (relatives) or friends by sex, age, level of disability (activity limitation) and frequency"
ilc_scp36.csv,"Persons having contacts with family (relatives) or friends by sex, age, level of disability (activity limitation) and frequency"
ilc_scp37$dv_2387.csv,"Persons participating in cultural or sport activities by sex, age, level of disability (activity limitation), activity type and frequency"
ilc_scp37$dv_2405.csv,"Persons participating in cultural or sport activities by sex, age, level of disability (activity limitation), activity type and frequency"
ilc_scp37$dv_2543.csv,"Persons participating in cultural or sport activities by sex, age, level of disability (activity limitation), activity type and frequency"
ilc_scp37.csv,"Persons participating in cultural or sport activities by sex, age, level of disability (activity limitation), activity type and frequency"
ilc_scp38$dv_2388.csv,"Persons not participating in cultural or sport activities in the last 12 months by sex, age, level of disability (activity limitation), activity type and reasons"
ilc_scp38$dv_2406.csv,"Persons not participating in cultural or sport activities in the last 12 months by sex, age, level of disability (activity limitation), activity type and reasons"
ilc_scp38$dv_2544.csv,"Persons not participating in cultural or sport activities in the last 12 months by sex, age, level of disability (activity limitation), activity type and reasons"
ilc_scp38.csv,"Persons not participating in cultural or sport activities in the last 12 months by sex, age, level of disability (activity limitation), activity type and reasons"
ilc_scp39$dv_2548.csv,"Persons participating in formal/informal voluntary activities or active citizenship by sex, age, level of disability (activity limitation) and activity type"
ilc_scp39.csv,"Persons participating in formal/informal voluntary activities or active citizenship by sex, age, level of disability (activity limitation) and activity type"
ilc_scp40$dv_2549.csv,"Persons not participating in active citizenship by sex, age and level of disability (activity limitation)"
ilc_scp40.csv,"Persons not participating in active citizenship by sex, age and level of disability (activity limitation)"
ilc_sip8.csv,Material and social deprivation rate by number of items of deprivation - EU-SILC survey
ilc_sis4.csv,Mean number of deprivation items among the deprived - EU-SILC survey
inn_bas.csv,Basic economic information on the enterprises (2000)
inn_c1011.csv,"Number of innovating enterprises supported by government, by NACE Rev. 1.1 (1996)"
inn_c1012.csv,"Number of innovating enterprises supported by government, by size class (1996)"
inn_c1021.csv,"Number of innovating enterprises having applied for a patent, by NACE Rev. 1.1 (1996)"
inn_c1022.csv,"Number of innovating enterprises having applied for a patent, by size class (1996)"
inn_c11.csv,"Enterprises in the population and realised sample, by NACE Rev. 1.1 (1996)"
inn_c12.csv,"Enterprises in the population and realised sample, by size class (1996)"
inn_c13.csv,"Enterprises in the population and realised sample in manufacturing sector, by sector of technology (1996)"
inn_c211.csv,"Number of enterprises with innovation activity, by NACE Rev. 1.1 (1996)"
inn_c212.csv,"Number of enterprises with innovation activity, by size class (1996)"
inn_c213.csv,"Number of enterprises with innovation activity in manufacturing sector, by sector of technology (1996)"
inn_c214.csv,"Innovating firms' level of export intensity, by size class (1996)"
inn_c215.csv,"Innovating firms' type (independent or non-independent), by size class (1996)"
inn_c221.csv,Who developed the innovation activity? - by NACE Rev. 1.1 (1996)
inn_c222.csv,Who developed the innovation activity? - by size class (1996)
inn_c31.csv,"Turnover due to innovating products, by NACE Rev. 1.1 (1996)"
inn_c32.csv,"Turnover due to innovating products, by size class (1996)"
inn_c33.csv,"Turnover due to innovating products in manufacturing sector, by sector of technology (1996)"
inn_c411.csv,"Innovation intensity, by NACE Rev. 1.1 (1996)"
inn_c412.csv,"Innovation intensity, by size class (1996)"
inn_c413.csv,"Innovation intensity in manufacturing sector, by sector of technology (1996)"
inn_c421.csv,"Innovation expenditures, by NACE Rev. 1.1 (1996)"
inn_c422.csv,"Innovation expenditures, by size class (1996)"
inn_c511.csv,"Type of innovating firms' engagement in R&D, by NACE Rev. 1.1 (1996)"
inn_c512.csv,"Type of innovating firms' engagement in R&D, by size class (1996)"
inn_c521.csv,"Innovating firms' level of R&D intensity, by size class (1996)"
inn_c611.csv,"Number of innovating enterprises considering the following objectives as very important, by NACE Rev. 1.1 (1996)"
inn_c612.csv,"Number of innovating enterprises considering the following objectives as very important, by size class (1996)"
inn_c621.csv,"Number of innovating enterprises considering the different listed objectives as not relevant, by NACE Rev. 1.1 (1996)"
inn_c622.csv,"Number of innovating enterprises considering the different listed objectives as not relevant, by size class (1996)"
inn_c711.csv,Number of innovating enterprises considering the listed sources of information as very important by NACE Rev. 1.1 (1996)
inn_c712.csv,"Number of innovating enterprises considering the listed sources of information as very important, by size class (1996)"
inn_c721.csv,Number of innovating enterprises considering the listed sources of information as not relevant by NACE Rev. 1.1 (1996)
inn_c722.csv,"Number of innovating enterprises considering the listed sources of information as not relevant, by size class (1996)"
inn_c811.csv,"Number of innovating enterprises with innovation cooperation, by NACE Rev. 1.1 (1996)"
inn_c812.csv,"Number of innovating enterprises with innovation cooperation, by size class (1996)"
inn_c821.csv,"Type of partner chosen, by NACE Rev. 1.1 (1996)"
inn_c822.csv,"Type of partner chosen, by size class (1996)"
inn_c831.csv,"Location of partner, by NACE Rev. 1.1 (1996)"
inn_c832.csv,"Location of partner, by size class (1996)"
inn_c911.csv,"Number of innovating enterprises with progress problems, by NACE Rev. 1.1 (1996)"
inn_c912.csv,"Number of innovating enterprises with progress problems, by size class (1996)"
inn_c921.csv,"Hampering factors for innovating enterprises with seriously delayed projects, by NACE Rev. 1.1 (1996)"
inn_c922.csv,"Hampering factors for innovating enterprises with seriously delayed projects, by size class (1996)"
inn_c931.csv,"Hampering factors for innovating enterprises with abolished projects, by NACE Rev. 1.1 (1996)"
inn_c932.csv,"Hampering factors for innovating enterprises with abolished projects, by size class (1996)"
inn_c941.csv,"Hampering factors for innovating enterprises with not even started projects, by NACE Rev. 1.1 (1996)"
inn_c942.csv,"Hampering factors for innovating enterprises with not even started projects, by size class (1996)"
inn_cha.csv,Other important strategic and organizational changes (2000)
inn_cis10_bas.csv,Basic economic information on the enterprises by NACE Rev. 2 activity and size class (2016)
inn_cis10_coop.csv,"Product and/or process innovative enterprises engaged in co-operation by co-operation partner, NACE Rev. 2 activity and size class (2016)"
inn_cis10_educ.csv,"Enterprises by percentage of employees with university education, by NACE Rev. 2 activity and size class (2016)"
inn_cis10_exp.csv,"Expenditures in product and/or process innovative enterprises by area of expenditure, NACE Rev. 2 activity and size class (2016)"
inn_cis10_gen.csv,"Enterprise by administrative state of the enterprise, NACE Rev. 2 activity and size class (2016)"
inn_cis10_ham.csv,"Innovative enterprises by hampering factor for innovation activities, level of importance of the hampering factor, NACE Rev. 2 activity and size class (2016)"
inn_cis10_iact.csv,"Product and/or process innovative enterprises by type of innovation activity, NACE Rev. 2 activity and size class (2016)"
inn_cis10_ipr.csv,"Enterprises by intellectual property rights (IPRs) and licensing in the enterprise, NACE Rev. 2 activity and size class (2016)"
inn_cis10_legis.csv,"Innovative enterprises whose innovation activities have been affected, or not affected, by legislation or regulations, by type of effect, NACE Rev.2 activity and size class (2016)"
inn_cis10_legist.csv,"Innovative enterprises whose innovation activities have been affected by legislation or regulations by subject of the regulation/legislation, type of effect, NACE Rev. 2 activity and size class (2016)"
inn_cis10_logexp.csv,"Enterprises with expenditures for innovation in logistics by size classes of expenditure, NACE Rev. 2 activity and size class (2016)"
inn_cis10_login.csv,"Enterprise that introduced innovation in logistics by type of innovation, NACE Rev. 2 activity and size class (2016)"
inn_cis10_loginr.csv,"Enterprises which introduced innovations in logistics by reason of the introduction, level of importance of the reason, NACE Rev. 2 activity and size class (2016)"
inn_cis10_lognoin.csv,"Enterprises that did not introduce innovation in logistics by barrier, NACE Rev. 2 activity and size class (2016)"
inn_cis10_mo.csv,"Product and/or process innovative enterprises that have introduced organisational and/or marketing innovation by type of innovation, NACE Rev. 2 activity and size class (2016)"
inn_cis10_mrk.csv,"Enterprise by place where goods and/or services are sold, and place of largest market in terms of turnover, by NACE Rev. 2 activity and size class (2016)"
inn_cis10_noin.csv,"Non- innovative enterprises by barrier against innovation activities, level of importance of the barrier, NACE Rev. 2 activity and size class (2016)"
inn_cis10_prod.csv,"Product and process innovative enterprises which introduced innovation by type of innovation, innovation developer, NACE Rev.2 activity and size class (2016)"
inn_cis10_prodn.csv,Product innovative enterprises that have introduced new or significantly improved products by NACE Rev. 2 activity and size class (2016)
inn_cis10_prodt.csv,"Turnover of product innovative enterprises from new or significantly improved products, by NACE Rev. 2 activity and size class (2016)"
inn_cis10_pub.csv,"Product and/or process innovative enterprises that received public funding for innovation activities by source of funding, NACE Rev. 2 activity and size class (2016)"
inn_cis10_sou.csv,"Product and/or process innovative enterprises which used information for their innovation activities, by source of information, level of importance of the source, NACE Rev. 2 activity and size class (2016)"
inn_cis10_spec.csv,"Enterprises that introduced innovation of specific types by type of the innovation, NACE Rev. 2 activity and size class (2016)"
inn_cis10_strat.csv,"Innovative and non-innovative enterprises by type of business strategy applied, importance of the strategy, NACE Rev. 2 activity and size class (2016)"
inn_cis10_type.csv,Enterprises by NACE Rev. 2 activity and size class (2016)
inn_cis11_bas.csv,"Enterprises, employed persons and turnover by type of enterprise, NACE Rev. 2 activity and size class (2018)"
inn_cis11_co.csv,"Enterprises that co-operated on business activities with other enterprises or organisations by field of activities, NACE Rev. 2 activity and size class (2018)"
inn_cis11_coop.csv,"Enterprises that co-operated on R&D and other innovation activities with other enterprises or organisations, by kind and location of co-operation partner, NACE Rev. 2 activity and size class (2018)"
inn_cis11_educ.csv,"Enterprises by percentage of persons employed with university education, NACE Rev. 2 activity and size class (2018)"
inn_cis11_exp.csv,"Expenditures of enterprises by area of expenditure, NACE Rev. 2 activity and size class (2018)"
inn_cis11_fin.csv,"Enterprises that tried to obtain funding for research and development (R&D) or other innovation activities, by type of finance and effect, NACE Rev. 2 activity and size class (2018)"
inn_cis11_finrd.csv,Enterprises that obtained debt or equity finance for R&D or other innovation activities by NACE Rev. 2 activity and size class (2018)
inn_cis11_gen.csv,"Enterprises by their belonging to an enterprise group, NACE Rev. 2 activity and size class (2018)"
inn_cis11_gs.csv,"Enterprises that offered standardised, customised or co-created goods or services by type of goods and services, NACE Rev. 2 activity and size class (2018)"
inn_cis11_gsco.csv,"Enterprises that offered co-created or customised goods or services by type of cooperation partner, NACE Rev. 2 activity and size class (2018)"
inn_cis11_gscot.csv,"Enterprises by percentage of turnover from customised or co-created goods or services, NACE Rev. 2 activity and size class (2018)"
inn_cis11_ham.csv,"Enterprises by hampering factor for innovation activities, level of importance of the hampering factor, NACE Rev. 2 activity and size class (2018)"
inn_cis11_igl.csv,"Enterprises that tried to obtain intra-group loans within the enterprise group by outcome, NACE Rev. 2 activity and size class (2018)"
inn_cis11_iglrd.csv,Enterprises that obtained intra-group loans for R&D or other innovation activities within the enterprise group by NACE Rev. 2 activity and size class (2018)
inn_cis11_inact.csv,Enterprises with innovation activities during 2016 and 2018 by NACE Rev. 2 activity and size class (2018)
inn_cis11_inex.csv,"Innovative enterprises by level of meeting expectations towards innovation, NACE Rev. 2 activity and size class (2018)"
inn_cis11_inrd.csv,Enterprises with research and development (R&D) activities during 2016 and 2018 by NACE Rev. 2 activity and size class (2018)
inn_cis11_ipr.csv,"Enterprises that applied for a patent, registered an industrial design, trade mark or used trade secrets, by NACE Rev. 2 activity and size class (2018)"
inn_cis11_iprin.csv,"Enterprises that purchased or licensed in intellectual property rights by type of issuing organisation, NACE Rev. 2 activity and size class (2018)"
inn_cis11_iprout.csv,"Enterprises that licenced out, sold, exchanged intellectual property rights by type of transaction, NACE Rev. 2 activity and size class (2018)"
inn_cis11_legist.csv,"Enterprises whose innovation activities have been affected by legislation or regulations by subject of the regulation/legislation, effect, NACE Rev. 2 activity and size class (2018)"
inn_cis11_mrk.csv,"Enterprises by market place, NACE Rev. 2 activity and size class (2018)"
inn_cis11_mrkt.csv,"Turnover of enterprises by market place, NACE Rev. 2 activity and size class (2018)"
inn_cis11_pf_bas.csv,"Enterprises, employed persons and turnover by innovation profile, NACE Rev. 2 activity and size class (2018)"
inn_cis11_pf_co.csv,"Enterprises that co-operated on R&D and other innovation activities by innovation profile, NACE Rev. 2 activity and size class (2018)"
inn_cis11_pf_fin.csv,"Enterprises that tried to obtain funding for research and development (R&D) or other innovation activities by innovation profile, type of finance and effect, NACE Rev. 2 activity and size class (2018)"
inn_cis11_pf_ipr.csv,"Enterprises that applied for a patent, registered an industrial design, trade mark or used trade secrets, by innovation profile, NACE Rev. 2 activity and size class (2018)"
inn_cis11_pf_mrkt.csv,"Turnover of enterprises by innovation profile, market place, NACE Rev. 2 activity and size class (2018)"
inn_cis11_pf_prodt.csv,"Turnover of enterprises from new or significantly improved products, by innovation profile, NACE Rev. 2 activity and size class (2018)"
inn_cis11_pf_pub.csv,"Enterprises that received public funding for research and development (R&D) or other innovation activities, by innovation profile, NACE Rev. 2 activity and size class (2018)"
inn_cis11_pf_purmes.csv,"Enterprises that purchased machinery, equipment or software by innovation profile, NACE Rev. 2 activity and size class (2018)"
inn_cis11_pf_strat.csv,"Enterprises attaching high importance to business strategies by innovation profile, NACE Rev. 2 activity and size class (2018)"
inn_cis11_prod.csv,"Enterprises that introduced an innovation by type of innovation, developer, NACE Rev.2 activity and size class (2018)"
inn_cis11_prodn.csv,"Product innovative enterprises that have introduced at least one new or significantly improved product by type of innovation, NACE Rev. 2 activity and size class (2018)"
inn_cis11_prodt.csv,"Turnover of enterprises from new or significantly improved products, by NACE Rev. 2 activity and size class (2018)"
inn_cis11_pub.csv,"Enterprises that received public funding for research and development (R&D) or other innovation activities, by source of funding, NACE Rev. 2 activity and size class (2018)"
inn_cis11_purmes.csv,"Enterprises that purchased machinery, equipment or software by NACE Rev. 2 activity and size class (2018)"
inn_cis11_purts.csv,"Enterprises that purchased technical services by cooperation partner, NACE Rev. 2 activity and size class (2018)"
inn_cis11_sou.csv,"Enterprises by kind of channels to acquire information relevant for innovation, NACE Rev. 2 activity and size class (2018)"
inn_cis11_spec.csv,"Enterprises that introduced new or improved processes by type of innovation, NACE Rev. 2 activity and size class (2018)"
inn_cis11_src.csv,"Enterprises that acquiesce or transfer resources and business activities within the enterprise group, NACE Rev. 2 activity and size class (2018)"
inn_cis11_strat.csv,"Enterprises by type of business strategy applied, importance of the strategy, NACE Rev. 2 activity and size class (2018)"
inn_cis11_txal.csv,Enterprises that use tax incentives or allowances for innovative activities and research and development (R&D) by NACE Rev. 2 activity and size class (2018)
inn_cis11_worg.csv,"Enterprises by level of importance of work organization methods, NACE Rev. 2 activity and size class (2018)"
inn_cis11_yreg.csv,"Enterprises by year of registration and by type of enterprise, NACE Rev. 2 activity and size class (2018)"
inn_cis12_bas.csv,"Enterprises, employed persons and turnover by type of enterprise, NACE Rev. 2 activity and size class (2020)"
inn_cis12_clim.csv,"Enterprises by type and importance of factors related to climate change, NACE Rev.2 activity and size class (2020)"
inn_cis12_co.csv,"Enterprises that co-operated on business activities with other enterprises or organisations by field of activities, NACE Rev. 2 activity and size class (2020)"
inn_cis12_cond.csv,"Enterprises by type and importance of market conditions, NACE Rev.2 activity and size class (2020)"
inn_cis12_coop.csv,"Innovative enterprises that co-operated on R&D and other innovation activities with other enterprises or organisations, by kind and location of co-operation partner, NACE Rev. 2 activity and size class (2020)"
inn_cis12_educ.csv,"Enterprises by percentage of employees with university education, NACE Rev. 2 activity and size class (2020)"
inn_cis12_enve.csv,"Enterprises by type and importance of environmental benefits obtained within the enterprise by introducing business process innovation, by NACE Rev.2 activity and size class (2020)"
inn_cis12_envf.csv,"Enterprises by type and importance of factors driving environmental innovations, NACE Rev.2 activity and size class (2020)"
inn_cis12_envu.csv,"Enterprises by type and importance of environmental benefits obtained during the consumption or use of an innovative product of the enterprise, by NACE Rev.2 activity and size class (2020)"
inn_cis12_exp.csv,"Enterprises and expenditure of enterprises on innovation activities by area of expenditure, NACE Rev. 2 activity and size class (2020)"
inn_cis12_expt.csv,"Enterprises and total expenditure of enterprises by area of expenditure, NACE Rev. 2 activity and size class (2020)"
inn_cis12_fin.csv,"Enterprises that tried to obtain funding for research and development (R&D) or other innovation activities, by type of finance and effect, NACE Rev. 2 activity and size class (2020)"
inn_cis12_finrd.csv,Enterprises that obtained debt or equity finance for R&D or other innovation activities by NACE Rev. 2 activity and size class (2020)
inn_cis12_gen.csv,"Enterprises by their belonging to an enterprise group, NACE Rev. 2 activity and size class (2020)"
inn_cis12_gs.csv,"Enterprises that offered standardised, customised or co-created goods or services by type of goods and services, NACE Rev. 2 activity and size class (2020)"
inn_cis12_ham.csv,"Enterprises by hampering factor for innovation activities, level of importance of the hampering factor, NACE Rev. 2 activity and size class (2020)"
inn_cis12_igl.csv,"Enterprises that tried to obtain intra-group loans within the enterprise group by outcome, NACE Rev. 2 activity and size class (2020)"
inn_cis12_iglrd.csv,Enterprises that obtained intra-group loans for R&D or other innovation activities within the enterprise group by NACE Rev. 2 activity and size class (2020)
inn_cis12_inact.csv,Enterprises with innovation activities during 2018 and 2020 by NACE Rev. 2 activity and size class (2020)
inn_cis12_inrd.csv,Enterprises with research and development (R&D) activities during 2018 and 2020 by NACE Rev. 2 activity and size class (2020)
inn_cis12_ipr.csv,"Enterprises that applied for a patent, registered an industrial design, trade mark or used trade secrets, by NACE Rev. 2 activity and size class (2020)"
inn_cis12_iprin.csv,"Enterprises that purchased or licensed in intellectual property rights by type of issuing organisation, NACE Rev. 2 activity and size class (2020)"
inn_cis12_iprout.csv,"Enterprises that licenced out, sold, exchanged intellectual property rights by type of transaction, NACE Rev. 2 activity and size class (2020)"
inn_cis12_legist.csv,"Enterprises whose innovation activities have been affected by legislation or regulations by subject of the regulation/legislation, effect, NACE Rev. 2 activity and size class (2020)"
inn_cis12_mrk.csv,"Enterprises by market place, NACE Rev. 2 activity and size class (2020)"
inn_cis12_mrkt.csv,"Turnover of enterprises by market place, NACE Rev. 2 activity and size class (2020)"
inn_cis12_pf_bas.csv,"Enterprises, employed persons and turnover by innovation profile, NACE Rev. 2 activity and size class (2020)"
inn_cis12_pf_co.csv,"Enterprises that co-operated on R&D and other innovation activities by innovation profile, NACE Rev. 2 activity and size class (2020)"
inn_cis12_pf_fin.csv,"Enterprises that tried to obtain funding for research and development (R&D) or other innovation activities by innovation profile, type of finance and effect, NACE Rev. 2 activity and size class (2020)"
inn_cis12_pf_ipr.csv,"Enterprises that applied for a patent, registered an industrial design, trade mark or used trade secrets, by innovation profile, NACE Rev. 2 activity and size class (2020)"
inn_cis12_pf_mrkt.csv,"Turnover of enterprises by innovation profile, market place, NACE Rev. 2 activity and size class (2020)"
inn_cis12_pf_prodt.csv,"Turnover of enterprises from new or significantly improved products, by innovation profile, NACE Rev. 2 activity and size class (2020)"
inn_cis12_pf_pub.csv,"Enterprises that received public funding for research and development (R&D) or other innovation activities, by innovation profile, NACE Rev. 2 activity and size class (2020)"
inn_cis12_pf_purmes.csv,"Enterprises that purchased machinery, equipment or software by innovation profile, NACE Rev. 2 activity and size class (2020)"
inn_cis12_pf_strat.csv,"Enterprises attaching high importance to business strategies by innovation profile, NACE Rev. 2 activity and size class (2020)"
inn_cis12_prod.csv,"Enterprises that introduced an innovation by type of innovation, developer, NACE Rev.2 activity and size class (2020)"
inn_cis12_prodn.csv,"Product innovative enterprises that have introduced at least one new or significantly improved product by type of innovation, NACE Rev. 2 activity and size class (2020)"
inn_cis12_prodt.csv,"Turnover of enterprises from new or significantly improved products, by NACE Rev. 2 activity and size class (2020)"
inn_cis12_pub.csv,"Enterprises that received public funding for research and development (R&D) or other innovation activities, by source of funding, NACE Rev. 2 activity and size class (2020)"
inn_cis12_purmes.csv,"Enterprises that purchased machinery, equipment or software by NACE Rev. 2 activity and size class (2020)"
inn_cis12_spec.csv,"Enterprises that introduced new or improved processes by type of innovation, NACE Rev. 2 activity and size class (2020)"
inn_cis12_src.csv,"Enterprises that acquiesce or transfer resources and business activities within the enterprise group, NACE Rev. 2 activity and size class (2020)"
inn_cis12_strat.csv,"Enterprises by type of business strategy applied, importance of the strategy, NACE Rev. 2 activity and size class (2020)"
inn_cis12_txal.csv,Enterprises that use tax incentives or allowances for innovative activities and research and development (R&D) by NACE Rev. 2 activity and size class (2020)
inn_cis12_yreg.csv,"Enterprises by year of registration and by type of enterprise, NACE Rev.2 activity and size class (2020)"
inn_cis4_bas.csv,Basic economic information on the enterprises (2004)
inn_cis4_coop.csv,Innovation co-operation during 2002-2004 (2004)
inn_cis4_eff.csv,Highly important effects of innovation during 2002-2004 (2004)
inn_cis4_exp.csv,Innovation activity and expenditure (2004)
inn_cis4_gen.csv,General information about the enterprises (2004)
inn_cis4_ham.csv,Hampered innovation activities (2004)
inn_cis4_mo.csv,Organisational and marketing innovations (2004)
inn_cis4_oref.csv,Highly important effects of organisational innovation (2004)
inn_cis4_pat.csv,Patents and other protection methods (2004)
inn_cis4_prod.csv,Product and process innovation (2004)
inn_cis4_pub.csv,Public funding of innovation (2004)
inn_cis4_sou.csv,Highly important source of information for innovation during 2002-2004 (2004)
inn_cis5_bas.csv,Basic economic information on the enterprises (2006)
inn_cis5_coop.csv,Innovation co-operation during 2004-2006 (2006)
inn_cis5_eff.csv,Highly important effects of innovation during 2004-2006 (2006)
inn_cis5_exp.csv,Innovation activity and expenditure (2006)
inn_cis5_gen.csv,General information about the enterprises (2006)
inn_cis5_ham.csv,Hampered innovation activities (2006)
inn_cis5_mo.csv,Organisational and marketing innovations (2006)
inn_cis5_oref.csv,Highly important effects of organisational innovation (2006)
inn_cis5_pat.csv,Patents and other protection methods (2006)
inn_cis5_prod.csv,Product and process innovation (2006)
inn_cis5_pub.csv,Public funding of innovation (2006)
inn_cis5_sou.csv,Highly important source of information for innovation during 2004-2006 (2006)
inn_cis6_bas.csv,Basic economic information on the enterprises (2008)
inn_cis6_coop.csv,Innovation co-operation during 2006-2008 (2008)
inn_cis6_eco.csv,Innovations with environmental benefits (2008)
inn_cis6_ecomot.csv,Motivation to introduce an environmental innovation (2008)
inn_cis6_ecopro.csv,Enterprises with procedures in place to regularly identify and reduce environmental impacts (2008)
inn_cis6_exp.csv,Innovation activity and expenditure in 2008 (2008)
inn_cis6_gen.csv,General information about the enterprises (2008)
inn_cis6_mkobj.csv,Highly important objectives of marketing innovation (2008)
inn_cis6_mktype.csv,Implementation type of a new marketing method (2008)
inn_cis6_mo.csv,Organisational and marketing innovations (2008)
inn_cis6_obj.csv,Highly important innovation objectives during 2006-2008 (2008)
inn_cis6_orobj.csv,Highly important objectives of organisational innovation (2008)
inn_cis6_ortype.csv,Implementation type of a new organisational method (2008)
inn_cis6_prod.csv,Product and process innovation (2008)
inn_cis6_pub.csv,Public funding of innovation (2008)
inn_cis6_sou.csv,Highly important source of information for innovation during 2006-2008 (2008)
inn_cis6_type.csv,Enterprises by type of innovation activity (2008)
inn_cis7_bas.csv,Basic economic information on the enterprises (2010)
inn_cis7_coop.csv,Types of co-operation partner for product and process innovation (2010)
inn_cis7_csk.csv,In-house and external skills available in the enterprises (2010)
inn_cis7_exp.csv,Innovation activities and expenditures (2010)
inn_cis7_gen.csv,General information about the enterprises (2010)
inn_cis7_ham.csv,Hampered innovation activities (2010)
inn_cis7_mkobj.csv,Highly important objectives for marketing innovation (2010)
inn_cis7_mktype.csv,Implementation type of a new marketing method (2010)
inn_cis7_mo.csv,Organisational and marketing innovation (2010)
inn_cis7_obj.csv,Highly important objectives for product and process innovation (2010)
inn_cis7_orobj.csv,Highly important objectives for organisational innovation (2010)
inn_cis7_ortype.csv,Implementation type of a new organisational method (2010)
inn_cis7_prod.csv,Product and process innovation (2010)
inn_cis7_pub.csv,Public funding for innovation activities (2010)
inn_cis7_sou.csv,Highly important sources of information for product and process innovation (2010)
inn_cis7_sucmet.csv,Methods stimulating new ideas or creativity (2010)
inn_cis7_type.csv,Enterprises by type of innovation (2010)
inn_cis8_bas.csv,Basic economic information on the enterprises by NACE Rev. 2 activity and size class (2012)
inn_cis8_comp.csv,Methods for maintaining or increasing the competitiveness in the enterprises - as highly important and not used - by NACE Rev. 2 activity and size class (2012)
inn_cis8_coop.csv,Types of co-operation of the enterprises by NACE Rev. 2 activity and size class (2012)
inn_cis8_exp.csv,Innovation activities and expenditures in 2012 in the enterprises by NACE Rev. 2 activity and size class (2012)
inn_cis8_gen.csv,General information on the enterprises by NACE Rev. 2 activity and size class (2012)
inn_cis8_goals.csv,Goals of innovative and non-innovative enterprises - as highly important and not relevant - by NACE Rev. 2 activity and size class (2012)
inn_cis8_mo.csv,Organisational and marketing innovation in product and process innovative enterprises by NACE Rev. 2 activity and size class (2012)
inn_cis8_obst.csv,Obstacles of innovative and non-innovative enterprises - as highly important and not relevant - by NACE Rev. 2 activity and size class (2012)
inn_cis8_proc.csv,Public sector procurement and innovation in the enterprises by NACE Rev. 2 activity and size class (2012)
inn_cis8_prod.csv,Product and process innovative enterprises by NACE Rev. 2 activity and size class (2012)
inn_cis8_pub.csv,Public funding in the enterprises by NACE Rev. 2 activity and size class (2012)
inn_cis8_sou.csv,Sources of information for enterprises - as highly important and not used - by NACE Rev. 2 activity and size class (2012)
inn_cis8_spec.csv,"Enterprises by specific types of innovation, NACE Rev. 2 activity and size class (2012)"
inn_cis8_strat.csv,Strategies of innovative and non-innovative enterprises - as highly important and not relevant - by NACE Rev. 2 activity and size class (2012)
inn_cis8_type.csv,"Enterprises by main types of innovation, NACE Rev. 2 activity and size class (2012)"
inn_cis9_bas.csv,Basic economic information on the enterprises by NACE Rev. 2 activity and size class (2014)
inn_cis9_coop.csv,Types of co-operation of the enterprises by NACE Rev. 2 activity and size class (2014)
inn_cis9_ecodr.csv,"Importance of the drivers to introduce innovations with environmental benefits and procedures to reduce environmental impacts in the enterprises, by NACE Rev. 2 activity and size class (2014)"
inn_cis9_env.csv,Environmental benefits due to innovation in the enterprises by NACE Rev. 2 activity and size class (2014)
inn_cis9_exp.csv,Innovation activities and expenditures in the enterprises by NACE Rev. 2 activity and size class (2014)
inn_cis9_gen.csv,General information on the enterprises by NACE Rev. 2 activity and size class (2014)
inn_cis9_ipr.csv,Intellectual property rights and licensing in the enterprises by NACE Rev. 2 activity and size class (2014)
inn_cis9_mo.csv,Organisational and marketing innovation in product and process innovative enterprises by NACE Rev. 2 activity and size class (2014)
inn_cis9_noin.csv,Importance of the reasons to not innovate and of the barriers to innovation in the enterprises by NACE Rev. 2 activity and size class (2014)
inn_cis9_proc.csv,Public sector procurement and innovation in the enterprises by NACE Rev. 2 activity and size class (2014)
inn_cis9_prod.csv,Product and process innovative enterprises by NACE Rev. 2 activity and size class (2014)
inn_cis9_pub.csv,Public funding in the enterprises by NACE Rev. 2 activity and size class (2014)
inn_cis9_spec.csv,"Enterprises by specific types of innovation, NACE Rev. 2 activity and size class (2014)"
inn_cis9_type.csv,"Enterprises by main types of innovation, NACE Rev. 2 activity and size class (2014)"
inn_cisl.csv,The first community innovation light survey - CIS light (2002-2003)
inn_coab.csv,Innovation co-operation during 1998-2000 - absolute value (2000)
inn_copc.csv,Innovation co-operation during 1998-2000 - % (2000)
inn_eff.csv,Effects of innovation during 1998-2000 (2000)
inn_exp.csv,Innovation activity and expenditure (2000)
inn_gen.csv,General information about the enterprises (2000)
inn_ham.csv,Hampered innovation activities (2000)
inn_ird.csv,Intramural R&D (2000)
inn_pat.csv,Patents and other protection methods (2000)
inn_prod.csv,Product and process innovation (2000)
inn_pub.csv,Public funding of innovation (2000)
inn_sco.csv,The European Innovation scoreboard indicators (2000)
inn_sou.csv,Source of information for innovation during 1998-2000 (2000)
ipr_da_gdp.csv,Community design (CD) applications per billion GDP (2003-2015)
ipr_da_gdpr.csv,Community design (CD) applications per billion GDP by NUTS 3 regions (2003-2014)
ipr_da_pop.csv,Community design (CD) applications per million population (2003-2015)
ipr_da_popr.csv,Community design (CD) applications per million population by NUTS 3 regions (2003-2015)
ipr_da_reg.csv,Community design (CD) applications by NUTS 3 regions (2003-2016)
ipr_da_tot.csv,Community design (CD) applications (2003-2016)
ipr_da_typ.csv,Community design (CD) applications by type of design (2003-2016)
ipr_dfa_reg.csv,Community designs (CD) by NUTS 3 regions (2003-2016)
ipr_dfa_tot.csv,Community designs (CD) filed (2003-2016)
ipr_dr_reg.csv,Registered Community designs (RCD) by NUTS 3 regions (2003-2016)
ipr_dr_tot.csv,Registered Community designs (RCD) (2003-2016)
ipr_ta_cl.csv,European Union trade mark (EUTM) applications by class (NICE classification) (1996-2016)
ipr_ta_cln.csv,European Union trade mark (EUTM) applications by number of classes (1996-2016)
ipr_ta_gdp.csv,European Union trade mark (EUTM) applications per billion GDP (1996-2015)
ipr_ta_gdpr.csv,European Union trade mark (EUTM) applications per billion GDP by NUTS 3 regions (2000-2014)
ipr_ta_ntr.csv,European Union trade mark (EUTM) applications by nature of the trade mark (1996-2016)
ipr_ta_pop.csv,European Union trade mark (EUTM) applications per million population (1996-2015)
ipr_ta_popr.csv,European Union trade mark (EUTM) applications per million population by NUTS 3 regions (1996-2015)
ipr_ta_reg.csv,European Union trade mark (EUTM) applications by NUTS 3 regions (1996-2016)
ipr_ta_sta.csv,European Union trade marks (EUTM) by status of the application (1996-2016)
ipr_ta_tot.csv,European Union trade mark (EUTM) applications (1996-2016)
ipr_ta_typ.csv,European Union trade mark (EUTM) applications by type of the trade mark (1996-2016)
irt_euryld_a.csv,Euro yield curves - annual data
irt_euryld_d.csv,Euro yield curves - daily data
irt_euryld_m.csv,Euro yield curves - monthly data
irt_euryld_q.csv,Euro yield curves - quarterly data
irt_h_cgby_a.csv,Central government bond yields - annual data
irt_h_cgby_m.csv,Central government bond yields - monthly data
irt_h_cgby_q.csv,Central government bond yields - quarterly data
irt_h_ddmr_a.csv,Day-to-day rates for euro area countries - annual data
irt_h_ddmr_m.csv,Day-to-day rates for euro area countries - monthly data
irt_h_ddmr_q.csv,Day-to-day rates for euro area countries - quarterly data
irt_h_eurcoe_d.csv,Euro yields - coefficients - daily data
irt_h_euryld_a.csv,Euro yield curves - annual data
irt_h_euryld_d.csv,Euro yield curves - daily data
irt_h_euryld_m.csv,Euro yield curves - monthly data
irt_h_euryld_q.csv,Euro yield curves - quarterly data
irt_h_mr3_a.csv,3-month rates for euro area countries - annual data
irt_h_mr3_m.csv,3-month rates for euro area countries - monthly data
irt_h_mr3_q.csv,3-month rates for euro area countries - quarterly data
irt_lt_gby10_a.csv,"Government bond yields, 10 years' maturity - annual data"
irt_lt_gby10_m.csv,"Government bond yields, 10 years' maturity - monthly data"
irt_lt_mcby_a.csv,EMU convergence criterion series - annual data
irt_lt_mcby_d.csv,EMU convergence criterion series - daily data
irt_lt_mcby_m.csv,EMU convergence criterion series - monthly data
irt_lt_mcby_q.csv,EMU convergence criterion series - quarterly data
irt_st_a.csv,Money market interest rates - annual data
irt_st_m.csv,Money market interest rates - monthly data
irt_st_q.csv,Money market interest rates - quarterly data
isoc_bde15ag.csv,Percentage of the ICT sector in Gross value added
isoc_bde15ap.csv,Percentage of the ICT personnel in total employment
isoc_bde15ar2.csv,Business expenditure on R&D (BERD) in ICT sector as % of total R&D expenditure by NACE Rev. 2 activity
isoc_bde15av.csv,Percentage change of value added by ICT sector at current prices
isoc_cbs.csv,Broadband internet coverage by speed
isoc_cbt.csv,Broadband internet coverage by technology
isoc_ci_ac_i$dv_1043.csv,Individuals - internet activities
isoc_ci_ac_i$dv_1122.csv,Individuals - internet activities
isoc_ci_ac_i$dv_2801.csv,Individuals - internet activities
isoc_ci_ac_i$dv_645.csv,Individuals - internet activities
isoc_ci_ac_i$dv_649.csv,Individuals - internet activities
isoc_ci_ac_i.csv,Individuals - internet activities
isoc_ci_ce_i.csv,Individuals - use of collaborative economy (until 2019)
isoc_ci_cfp_cu$dv_633.csv,Individuals - computer use
isoc_ci_cfp_cu.csv,Individuals - computer use
isoc_ci_cfp_fu$dv_284.csv,Individuals - frequency of computer use
isoc_ci_cfp_fu.csv,Individuals - frequency of computer use
isoc_ci_cm_h$dv_507.csv,Households - availability of computers
isoc_ci_cm_h.csv,Households - availability of computers
isoc_ci_cm_pn2.csv,Use of computers and the internet by employees by NACE Rev.2 activity
isoc_ci_cm_ps.csv,Use of computers and the internet by employees by size class of enterprise
isoc_ci_dev_i.csv,Individuals - devices used to access the internet
isoc_ci_hm.csv,Individuals - encountering hostile or degrading online messages
isoc_ci_id_h$dv_508.csv,Households - devices to access the internet
isoc_ci_id_h.csv,Households - devices to access the internet
isoc_ci_ifp_fu$dv_1121.csv,Individuals - frequency of internet use
isoc_ci_ifp_fu$dv_281.csv,Individuals - frequency of internet use
isoc_ci_ifp_fu.csv,Individuals - frequency of internet use
isoc_ci_ifp_iu$dv_628.csv,Individuals - internet use
isoc_ci_ifp_iu.csv,Individuals - internet use
isoc_ci_ifp_pu$dv_509.csv,Individuals - places of internet use
isoc_ci_ifp_pu.csv,Individuals - places of internet use
isoc_ci_im_i$dv_510.csv,Individuals - mobile internet access
isoc_ci_im_i.csv,Individuals - mobile internet access
isoc_ci_in_en2.csv,Internet access by NACE Rev.2 activity
isoc_ci_in_es.csv,Internet access by size class of enterprise
isoc_ci_in_h$dv_512.csv,Households -  level of internet access
isoc_ci_in_h.csv,Households -  level of internet access
isoc_ci_it_en2.csv,Type of connections to the internet by NACE Rev.2 activity
isoc_ci_it_es.csv,Type of connections to the internet by size class of enterprise
isoc_ci_it_h$dv_513.csv,Households - type of connection to the internet
isoc_ci_it_h.csv,Households - type of connection to the internet
isoc_ci_mvin2.csv,Meetings via the internet by NACE Rev.2 activity
isoc_ci_mvis.csv,Meetings via the internet by size class of enterprise
isoc_ci_ran2.csv,Remote access by NACE Rev.2 activity
isoc_ci_ras.csv,Remote access by size class of enterprise
isoc_ci_stv_i.csv,Individuals - internet activities using smart TV
isoc_cicce_use.csv,Cloud computing services by size class of enterprise
isoc_cicce_usen2.csv,Cloud computing services by NACE Rev.2 activity
isoc_cicci_use$dv_514.csv,Individuals - use of cloud services
isoc_cicci_use.csv,Individuals - use of cloud services
isoc_ciegi_ac$dv_1461.csv,E-government activities of individuals via websites
isoc_ciegi_ac$dv_515.csv,E-government activities of individuals via websites
isoc_ciegi_ac.csv,E-government activities of individuals via websites
isoc_ciegi_om.csv,Other methods of contacting public authorities or services (2013)
isoc_ciegi_pb.csv,Problems experienced when using e-government websites (2013)
isoc_ciegi_pb22.csv,Problems experienced when using e-government websites (2022)
isoc_ciegi_rtx$dv_516.csv,Reasons for not submitting completed forms to public authorities' websites
isoc_ciegi_rtx.csv,Reasons for not submitting completed forms to public authorities' websites
isoc_ciegi_sat.csv,User satisfaction about use of e-government websites (2013)
isoc_cimobe_use.csv,Use of mobile connections to the internet by size class of enterprise
isoc_cimobe_usen2.csv,Use of mobile connections to the internet by NACE Rev.2 activity
isoc_cimobp_use.csv,Use of mobile connections to the internet by employees by size class of enterprise
isoc_cimobp_usen2.csv,Use of mobile connections to the internet by employees by NACE Rev.2 activity
isoc_cisce_ic.csv,Security incidents and consequences by size class of enterprise
isoc_cisce_icn2.csv,Security incidents and consequences by NACE Rev.2 activity
isoc_cisce_ra.csv,"Security policy, measures, risks and staff awareness by size class of enterprise"
isoc_cisce_ran2.csv,"Security policy, measures, risks and staff awareness by NACE Rev.2 activity"
isoc_cisci_ax$dv_534.csv,Activities via internet not done because of security concerns
isoc_cisci_ax.csv,Activities via internet not done because of security concerns
isoc_cisci_f$dv_536.csv,Safety copies and back up files
isoc_cisci_f.csv,Safety copies and back up files
isoc_cisci_ip.csv,Identification procedures used for online services (2018)
isoc_cisci_ip20.csv,Identification procedures used for online services (2020 onwards)
isoc_cisci_pb$dv_538.csv,Security related problems experienced when using the internet
isoc_cisci_pb.csv,Security related problems experienced when using the internet
isoc_cisci_prv.csv,Privacy and protection of personal information (until 2016)
isoc_cisci_prv20.csv,Privacy and protection of personal data (2020 onwards)
isoc_cisci_sp.csv,"Trust, security and privacy - smartphones (2018)"
isoc_cisci_sp20.csv,"Trust, security and privacy - smartphones (2020 onwards)"
isoc_cismp.csv,Social media use by purpose and size class of enterprise
isoc_cismpn2.csv,Social media use by purpose and  NACE Rev.2 activity
isoc_cismt.csv,"Social media use by type, internet advertising and size class of enterprise"
isoc_cismtn2.csv,"Social media use by type, internet advertising and NACE Rev.2 activity"
isoc_ciweb.csv,Websites and functionalities by size class of enterprise
isoc_ciwebn2.csv,Websites and functionalities by NACE Rev.2 activity
isoc_e_cvd.csv,Covid-19 Impact on ICT usage by size class of enterprise
isoc_e_cvdn2.csv,Covid-19 Impact on ICT usage by NACE Rev.2 activity
isoc_e_dii.csv,Digital Intensity by size class of enterprise
isoc_e_diin2.csv,Digital Intensity by NACE Rev.2 activity
isoc_e_envn2.csv,ICT and environment by NACE Rev.2 activity
isoc_e_envs.csv,ICT and environment by size class of enterprise
isoc_eb_ai.csv,Artificial intelligence by size class of enterprise
isoc_eb_ain2.csv,Artificial intelligence by NACE Rev.2 activity
isoc_eb_bd.csv,Big data analysis by size class of enterprise
isoc_eb_bdn2.csv,Big data analysis by NACE Rev.2 activity
isoc_eb_dan2.csv,Data analytics by NACE Rev.2 activity
isoc_eb_das.csv,Data analytics by size class of enterprise
isoc_eb_ics.csv,"Integration with customers/suppliers, supply chain management by size class of enterprise"
isoc_eb_icsn2.csv,"Integration with customers/suppliers, supply chain management by NACE Rev.2 activity"
isoc_eb_iip.csv,Integration of internal processes by size class of enterprise
isoc_eb_iipn2.csv,Integration of internal processes by NACE Rev.2 activity
isoc_eb_iot.csv,Internet of Things by size class of enterprise
isoc_eb_iotn2.csv,Internet of Things by NACE Rev.2 activity
isoc_eb_p3d.csv,3D printing and robotics by size class of enterprise
isoc_eb_p3dn2.csv,3D printing and robotics by NACE Rev.2 activity
isoc_ec_ce_i.csv,Internet purchases - collaborative economy (2020 onwards)
isoc_ec_ebuyn2.csv,E-commerce purchases by NACE Rev.2 activity
isoc_ec_ebuys.csv,E-commerce purchases by size class of enterprise
isoc_ec_eseln2.csv,E-commerce sales of enterprises by NACE Rev.2 activity
isoc_ec_esels.csv,E-commerce sales of enterprises by size class of enterprise
isoc_ec_evaln2.csv,Value of e-commerce sales by NACE Rev.2 activity
isoc_ec_evaln2m.csv,Monetary value of e-commerce sales by NACE Rev.2 activity
isoc_ec_evals.csv,Value of e-commerce sales by size class of enterprise
isoc_ec_evalsm.csv,Monetary value of e-commerce sales by size class of enterprise
isoc_ec_ib20.csv,Internet purchases by individuals (2020 onwards)
isoc_ec_ibgs$dv_901.csv,Internet purchases - goods or services (2020 onwards)
isoc_ec_ibgs.csv,Internet purchases - goods or services (2020 onwards)
isoc_ec_ibm.csv,Internet purchases - money spent (2020 onwards)
isoc_ec_ibos.csv,Internet purchases - origin of sellers (2020 onwards)
isoc_ec_ibuy$dv_308.csv,Internet purchases by individuals (until 2019)
isoc_ec_ibuy$dv_314.csv,Internet purchases by individuals (until 2019)
isoc_ec_ibuy.csv,Internet purchases by individuals (until 2019)
isoc_ec_ifi.csv,Financial activities over the internet (until 2019)
isoc_ec_ifi20.csv,Financial activities over the internet (2020 onwards)
isoc_ec_inb$dv_540.csv,Perceived barriers to buying/ordering over the internet (until 2019)
isoc_ec_inb.csv,Perceived barriers to buying/ordering over the internet (until 2019)
isoc_ec_inb21.csv,Internet purchases - perceived barriers (2021 onwards)
isoc_ec_iprb$dv_541.csv,Problems encountered by individuals when buying/ordering over the internet (until 2019)
isoc_ec_iprb.csv,Problems encountered by individuals when buying/ordering over the internet (until 2019)
isoc_ec_iprb21.csv,Internet purchases - problems encountered (2021 onwards)
isoc_ec_wsobs.csv,Obstacles for web sales by size class of enterprise
isoc_ec_wsobsn2.csv,Obstacles for web sales by NACE Rev.2 activity
isoc_eco_dd.csv,Destination of ICT devices no longer in use
isoc_eco_ic.csv,Important characteristics when buying ICT devices
isoc_eid_ieid.csv,Use of electronic identification (eID)
isoc_ic_biper2.csv,R&D personnel in ICT sector as % of total R&D personnel by NACE Rev. 2 activity
isoc_iiot_bx.csv,Internet of Things - barriers to use
isoc_iiot_use.csv,Internet of Things - use
isoc_iw_ap.csv,Use of ICT at work and activities performed
isoc_iw_hem.csv,"Work from home, from an external site or on the move"
isoc_iw_imp.csv,Impact of ICT on tasks and skills
isoc_pbo.csv,Mobile and fixed broadband internet prices by type of offer (least expensive)
isoc_pibi_rni$dv_543.csv,Households - reasons for not having internet access at home
isoc_pibi_rni.csv,Households - reasons for not having internet access at home
isoc_r_blt12_i.csv,Individuals who ordered goods or services over the internet for private use
isoc_r_broad_h.csv,Households with broadband access
isoc_r_ci_cm_pn2.csv,"Use of computers and the internet by employees, by NACE Rev.2 activity and NUTS 2 regions"
isoc_r_ci_in_en2.csv,Internet access by NACE Rev.2 activity and NUTS 2 regions
isoc_r_ci_it_en2.csv,Type of connections to the internet by NACE Rev.2 activity and NUTS 2 regions
isoc_r_cicce_usen2.csv,Cloud computing services by NACE Rev.2 activity and NUTS 2 regions
isoc_r_cux_i.csv,Individuals who have never used a computer
isoc_r_eb_ain2.csv,Artificial intelligence by NACE Rev.2 activity and NUTS 2 regions
isoc_r_eb_dan2.csv,Data analytics by NACE Rev.2 activity and NUTS 2 regions
isoc_r_eb_icsn2.csv,"Integration with customers/suppliers, supply chain management by NACE Rev.2 activity and NUTS 2 regions"
isoc_r_eb_iipn2.csv,Integration of internal processes by NACE Rev.2 activity and NUTS 2 regions
isoc_r_ec_eseln2.csv,E-commerce sales of enterprises by NACE Rev.2 activity and NUTS 2 regions
isoc_r_ec_evaln2.csv,Value of e-commerce sales by NACE Rev.2 activity and NUTS 2 regions
isoc_r_gov_i.csv,Individuals who used the internet for interaction with public authorities
isoc_r_iacc_h.csv,Households with access to the internet at home
isoc_r_iumd_i.csv,Individuals who accessed the internet away from home or work
isoc_r_iuse_i.csv,"Individuals who used the internet, frequency of use and activities"
isoc_sk_cskl_i$dv_266.csv,Individuals' level of computer skills (until 2019)
isoc_sk_cskl_i.csv,Individuals' level of computer skills (until 2019)
isoc_sk_cskl_i21.csv,Individuals' level of computer skills (2021 onwards)
isoc_sk_dskl_i$dv_317.csv,Individuals' level of digital skills (until 2019)
isoc_sk_dskl_i.csv,Individuals' level of digital skills (until 2019)
isoc_sk_dskl_i21$dv_1201.csv,Individuals' level of digital skills (from 2021 onwards)
isoc_sk_dskl_i21.csv,Individuals' level of digital skills (from 2021 onwards)
isoc_sk_edic_i21.csv,"Evaluating data, information and digital content (2021 onwards)"
isoc_sk_how_i$dv_264.csv,Way of obtaining ICT skills
isoc_sk_how_i.csv,Way of obtaining ICT skills
isoc_sk_iskl_i$dv_262.csv,Individuals' level of internet skills
isoc_sk_iskl_i.csv,Individuals' level of internet skills
isoc_sk_oja1.csv,"Labour market demand for ICT specialists in online job advertisements, by NUTS 2 regions - % of online job advertisements - experimental statistics"
isoc_sk_oja2.csv,"Labour market demand for ICT specialists in online job advertisements, by occupation (ISCO-08) - % of online job advertisements for ICT specialists - experimental statistics"
isoc_sk_oja3.csv,"Labour market demand for ICT specialists in online job advertisements, by NUTS 2 regions – percentage change Q/Q-4 – experimental statistics"
isoc_ske_fct.csv,Enterprises - ICT functions performed by size class of enterprise
isoc_ske_fctn2.csv,Enterprises - ICT functions performed by NACE Rev.2 activity
isoc_ske_itrcrn2.csv,Enterprises that recruited or tried to recruit ICT specialists by NACE Rev.2 activity
isoc_ske_itrcrs.csv,Enterprises that recruited or tried to recruit ICT specialists by size class of enterprise
isoc_ske_itspe.csv,Enterprises that employ ICT specialists by size class of enterprise
isoc_ske_itspen2.csv,Enterprises that employ ICT specialists by NACE Rev.2 activity
isoc_ske_ittn2.csv,Enterprises that provided training to develop/upgrade ICT skills of their personnel by NACE Rev.2 activity
isoc_ske_itts.csv,Enterprises that provided training to develop/upgrade ICT skills of their personnel by size class of enterprise
isoc_ski_itage.csv,Employed persons with ICT education by age
isoc_ski_itedu.csv,Employed persons with ICT education by educational attainment level
isoc_ski_itemp.csv,Persons with ICT education by labour status
isoc_ski_itsex.csv,Employed persons with ICT education by sex
isoc_sks_itspa$dv_1847.csv,Employed ICT specialists by age
isoc_sks_itspa.csv,Employed ICT specialists by age
isoc_sks_itspe.csv,Employed ICT specialists by educational attainment level
isoc_sks_itspn2.csv,Employed ICT specialists by NACE Rev. 2 activity
isoc_sks_itsps$dv_1846.csv,Employed ICT specialists by sex
isoc_sks_itsps.csv,Employed ICT specialists by sex
isoc_sks_itspt.csv,Employed ICT specialists - total
iss_11actrl.csv,Enterprises by control of foreign affiliates and economic activity - experimental statistics
iss_11adevemp.csv,Development of employment in foreign affiliates by business function and economic activity (2009-2011) - experimental statistics
iss_11aestemp.csv,"Control of foreign affiliates and estimated employment by business function, country location of affiliates and economic activity - experimental statistics"
iss_11ddevemp.csv,"Development of employment of the enterprise by business function, sourcing status and economic activity (2009-2011) - experimental statistics"
iss_11destemp.csv,Estimated employment by business function and economic activity - experimental statistics
iss_11gentgi.csv,Enterprises by enterprise group identification and economic activity - experimental statistics
iss_11gentgiss.csv,"Enterprises by enterprise group identification, sourcing status and economic activity - experimental statistics"
iss_11sbbar.csv,Barriers considered for international sourcing by sourcing status and economic activity (2009-2011) - experimental statistics
iss_11sbgrid.csv,"Enterprises by enterprise group identification, motivation for international sourcing and economic activity (2009-2011) - experimental statistics"
iss_11sbmot.csv,Motivation factors for international sourcing by economic activity (2009-2011) - experimental statistics
iss_11sbprox.csv,"Importance of physical proximity of support business functions to the core business function by business function, sourcing status and economic activity - experimental statistics"
iss_11sfdest.csv,Country destination of international sourcing by business function and economic activity (2009-2011) - experimental statistics
iss_11sfjob.csv,Jobs lost by business function and economic activity (2009-2011) - experimental statistics
iss_11sfpart.csv,Kind of business partner by business function and economic activity (2009-2011) - experimental statistics
iss_11sfsour.csv,Sourcing status by business function and economic activity (2009-2011) - experimental statistics
iss_11srentbck.csv,Enterprises by backsourcing status (2009-2011) - experimental statistics
iss_11srentloc.csv,Enterprises by relocation status (2009-2011) - experimental statistics
iss_11srmot.csv,Motivation factors for backsourcing (2009-2011) - experimental statistics
iss_18bfbck.csv,Enterprises by movement of business functions from abroad and by NACE Rev.2 activity - experimental statistics
iss_18bfmmag.csv,Enterprises by type of movement of business functions from abroad and by NACE Rev.2 activity - experimental statistics
iss_18bfmot.csv,Enterprises by motivation factors for moving business functions from abroad and by NACE Rev.2 activity - experimental statistics
iss_18bfmove.csv,"Enterprises by status of movement of business functions from abroad, business function and NACE Rev.2 activity - experimental statistics"
iss_18embf.csv,Estimated employment by business function and by NACE Rev.2 activity - experimental statistics
iss_18geneg.csv,Enterprises by enterprise group identification and by NACE Rev.2 activity - experimental statistics
iss_18genens.csv,"Enterprises by enterprise group identification, sourcing status and NACE Rev.2 activity - experimental statistics"
iss_18meg.csv,"Enterprises by enterprise group identification, motivation for international sourcing and NACE Rev.2 activity - experimental statistics"
iss_18mso.csv,Enterprises by motivation factors for international sourcing and by NACE Rev.2 activity - experimental statistics
iss_18sobar.csv,"Enterprises by barriers considered for international sourcing, sourcing status and NACE Rev.2 activity - experimental statistics"
iss_18sobfec.csv,Enterprises by sourcing status and by NACE Rev.2 activity - experimental statistics
iss_18sodest.csv,"Enterprises by country destination of international sourcing, business function and NACE Rev.2 activity - experimental statistics"
iss_18sojobl.csv,Jobs relocated abroad by business functions and by NACE Rev.2 activity - experimental statistics
iss_18sojobn.csv,Jobs created by NACE Rev.2 activity - experimental statistics
iss_18sopart.csv,"Enterprises by business partner, business function and NACE Rev.2 activity - experimental statistics"
iss_21covb.csv,"Enterprises by type of trade barrier due to COVID-19, level of impact of COVID-19 and NACE Rev.2 activity aggregate - experimental statistics"
iss_21covis.csv,Enterprises by type of COVID-19 impact on international sourcing - experimental statistics
iss_21covt.csv,Enterprises by impact of COVID-19 on turnover and NACE rev.2 activity aggregate - experimental statistics
iss_21embf.csv,"Employees and self-employed persons by business function, NACE Rev.2 activity aggregate and size class - experimental statistics"
iss_21gvcba.csv,Enterprises by type of buyer power asymmetry in the global value chain and NACE rev.2 activity aggregate - experimental statistics
iss_21gvcms.csv,Enterprises by means of services supply and NACE rev.2 activity aggregate - experimental statistics
iss_21gvcpg.csv,"Enterprises purchasing goods from abroad by type of goods, business partner and trade region - experimental statistics"
iss_21gvcps.csv,"Enterprises purchasing services from abroad by type of services, business partner and trade region - experimental statistics"
iss_21gvcsa.csv,Enterprises by type of supplier power asymmetry in the global value chain and NACE rev.2 activity aggregate - experimental statistics
iss_21gvcsg.csv,"Enterprises supplying goods abroad by type of goods, business partner and trade region - experimental statistics"
iss_21gvcss.csv,"Enterprises supplying services abroad by type of services, business partner and trade region - experimental statistics"
iss_21mso.csv,"Enterprises by motivation factors for international sourcing, level of importance of motivation factors and NACE Rev.2 activity aggregate - experimental statistics"
iss_21sobar.csv,"Enterprises by barriers considered for international sourcing, level of importance of barriers and NACE Rev.2 activity aggregate - experimental statistics"
iss_21sobfec.csv,Enterprises by international sourcing status and NACE Rev.2 activity - experimental statistics
iss_21sodest.csv,"Enterprises by NACE Rev.2 activity aggregate, destination of international sourcing and type of business functions - experimental statistics"
iss_21sojobl.csv,"Jobs lost or relocated abroad as a result of international sourcing by NACE Rev.2 activity aggregate, business function and job skill requirement - experimental statistics"
iss_21sojobn.csv,"Jobs created as a result of international sourcing by NACE Rev.2 activity aggregate, business function and job skill requirement - experimental statistics"
iss_21sopart.csv,"Enterprises sourcing business functions abroad by NACE Rev.2 activity aggregate, type of business function and business partner - experimental statistics"
iss_21sopref.csv,Enterprises by international sourcing status prior to the reference period and NACE Rev.2 activity aggregate - experimental statistics
iss_21soptc.csv,"Enterprises sourcing complete business functions abroad by NACE Rev.2 activity aggregate, type of business function and business partner - experimental statistics"
iss_21soptcd.csv,"Enterprises sourcing complete business functions domestically by NACE Rev.2 activity aggregate, type of business function and business partner - experimental statistics"
iss_21soptd.csv,"Enterprises sourcing business functions domestically by NACE Rev.2 activity aggregate, type of business function and business partner - experimental statistics"
iss_barr.csv,Importance of barriers met for engaging in international sourcing of activities by sourcing status and economic activity (figures and %) - collection round 2007 - experimental statistics
iss_ctry.csv,Country destination for international sourcing by enterprises currently planning to engage in international sourcing by business functions and economic activity (figures and %) - collection round 2007 - experimental statistics
iss_dest.csv,Destination country of international sourcing by business functions and economic activity - collection round 2007 - experimental statistics
iss_econ.csv,Enterprises by sourcing and economic activity - collection round 2007 - experimental statistics
iss_empl.csv,Level of expected impact on employment of international sourcing by enterprises currently engaged or planning to engage in international sourcing by sourcing status and economic activity (figures and %) - collection round 2007 - experimental statistics
iss_fac.csv,Importance of motivation factors for international sourcing by economic activity - collection round 2007 - experimental statistics
iss_func.csv,Domestic or international sourcing of different business functions by economic activity - collection round 2007 - experimental statistics
iss_imp.csv,Impact level of international sourcing activities by economic activity - collection round 2007 - experimental statistics
iss_job.csv,Job loss and creation as a result of international sourcing activity by economic activity - collection round 2007 - experimental statistics
iss_part.csv,Kind of business partners engaged in international sourcing by business function and economic activity - collection round 2007 - experimental statistics
iss_plan.csv,Importance of motivation factors for international sourcing by enterprises currently planning to engage in international sourcing by economic activity (figures and %) - collection round 2007 - experimental statistics
iss_stat.csv,Enterprises by sourcing status and enterprise group identification - collection round 2007 - experimental statistics
iww_ac_nbac.csv,Accidents in inland waterway transport
iww_ec_employ.csv,Employment in inland waterways transport enterprises by number of vessels in enterprises (1990 - 2012)
iww_ec_empsex.csv,Employment in inland waterways transport enterprises by sex (1990 - 2012)
iww_ec_ent_c.csv,Carrying capacity of the inland waterway transport enterprises vessels by number of vessels in enterprises (1990 - 2012)
iww_ec_ent_n.csv,Inland waterway transport enterprises by number of vessels (1990 - 2012)
iww_ec_invest.csv,Expenditure on inland waterway transport infrastructure and freight vessels
iww_eq_age.csv,"Self-propelled vessels, tugs and pushers and their power by year of construction"
iww_eq_age_loa.csv,Load capacity of self-propelled vessels by year of construction
iww_eq_loadcap.csv,"Self-propelled vessels, dumb and pushed vessels by load capacity"
iww_eq_power_lo.csv,Power of self-propelled vessels by load capacity
iww_go_acsize.csv,Container transport by size of container
iww_go_actygf07.csv,Container transport by type of goods and country/region of loading and unloading (2007)
iww_go_actygo.csv,Container transport by type of goods and coverage (from 2007 onwards)
iww_go_actygo07.csv,Container transport by type of goods and coverage (2007)
iww_go_actygofl.csv,Container transport by type of goods and country/region of loading and unloading (from 2007 onwards)
iww_go_adago.csv,Transport of dangerous goods
iww_go_anave.csv,Inland waterway transport by nationality of vessel and coverage
iww_go_anavef06.csv,Inland waterway transport by nationality of vessel and countries/regions of loading and unloading (1982-2006)
iww_go_anavefl.csv,Inland waterway transport by nationality of vessel and countries/regions of loading and unloading (2007 onwards)
iww_go_aport.csv,Freight loaded and unloaded in ports for inland waterway transport
iww_go_atyca.csv,"Inland waterway transport by type of cargo, type of goods and coverage"
iww_go_atycafl.csv,Inland waterway transport by type of cargo and country/region of loading and unloading
iww_go_atygo.csv,Transport by type of good (from 2007 onwards with NST2007)
iww_go_atygo07.csv,Transport by type of good (1982-2007)
iww_go_atygof07.csv,Inland waterway transport by type of goods and country/region of loading and unloading (1982-2007)
iww_go_atygofl.csv,Transport by type of good (country/regional flows from 2007 onwards)
iww_go_atyve.csv,Transport by type of vessel
iww_go_atyvefl.csv,Transport by type of vessel (country/regional flows)
iww_go_qcnave.csv,"Container transport by nationality of vessel, loading status and coverage"
iww_go_qnave.csv,Inland waterway transport by nationality of vessel and coverage
iww_if_hordim.csv,"Navigable inland waterways, by horizontal dimensions of vessels and pushed convoys"
iww_if_infrastr.csv,Length of navigable inland waterways by waterway type
iww_tf_vetf.csv,Vessel traffic
jvs_a_nace1.csv,"Job vacancy statistics by occupation, NUTS 2 regions and NACE Rev. 1.1 activity - annual data (2000-2008)"
jvs_a_nace2.csv,"Job vacancy statistics by occupation, NUTS 2 regions and NACE Rev. 2 activity - annual data (2008-2015)"
jvs_a_rate_r2.csv,Job vacancy rate by NACE Rev. 2 activity - annual data
jvs_q_isco_r2.csv,"Job vacancy statistics by NACE Rev. 2 activity, occupation and NUTS 2 regions - quarterly data"
jvs_q_nace1.csv,Job vacancy statistics by NACE Rev. 1.1 activity - quarterly data (2001Q1-2009Q4)
jvs_q_nace2.csv,Job vacancy statistics by NACE Rev. 2 activity - quarterly data (from 2001 onwards)
lan_lcv_art.csv,Land covered by artificial surfaces by NUTS 2 regions
lan_lcv_arti.csv,Land covered by artificial surfaces - index
lan_lcv_fao.csv,Land cover for FAO Forest categories by NUTS 2 regions
lan_lcv_ovw.csv,Land cover overview by NUTS 2 regions
lan_settl.csv,Settlement area
lan_use_ovw.csv,Land use overview by NUTS 2 regions
lc_an_cost_r2.csv,Labour costs by NACE Rev. 2 activity
lc_an_costh.csv,Hourly labour costs by NACE Rev. 1.1 activity
lc_an_costm.csv,Monthly labour costs by NACE Rev. 1.1 activity
lc_an_struc.csv,Structure of labour cost by NACE Rev. 1.1 activity
lc_an_struc_r2.csv,Structure of labour cost by NACE Rev. 2 activity
lc_lci_lev.csv,Labour cost levels by NACE Rev. 2 activity
lc_lci_r1_a.csv,"Labour cost index by NACE Rev. 1.1 activity - nominal value, annual data"
lc_lci_r1_cow.csv,Labour cost index by NACE Rev. 1.1 activity - country weights
lc_lci_r1_itw.csv,Labour cost index by NACE Rev. 1.1 activity - item weights
lc_lci_r1_q.csv,"Labour cost index by NACE Rev. 1.1 activity - nominal value, quarterly data"
lc_lci_r2_a.csv,"Labour cost index by NACE Rev. 2 activity - nominal value, annual data"
lc_lci_r2_cow.csv,Labour cost index by NACE Rev. 2 activity - country weights
lc_lci_r2_itw.csv,Labour cost index by NACE Rev. 2 activity - item weights
lc_lci_r2_q.csv,"Labour cost index by NACE Rev. 2 activity - nominal value, quarterly data"
lc_n00cost.csv,"Labour cost, wages and salaries, direct remuneration by NACE Rev. 1.1 activity - LCS survey 2000"
lc_n00hour.csv,"Hours worked compared to hours paid, by NACE Rev. 1.1 activity - LCS survey 2000"
lc_n00num1.csv,"Number of employees, hours worked and paid, by working time and NACE Rev. 1.1 activity - LCS survey 2000"
lc_n00num2.csv,"Average hours worked and paid per employee, by working time and NACE Rev. 1.1 activity - LCS survey 2000"
lc_n00struc.csv,"Structure of labour cost by NACE Rev. 1.1 activity - % of total cost, LCS survey 2000"
lc_n00stu.csv,"Number of statistical units selected for the survey, by NACE Rev. 1.1 activity - LCS survey 2000"
lc_n00temp.csv,"Temporary staff: labour cost, number of employees and number of hours worked by NACE Rev. 1.1 activity - LCS survey 2000"
lc_n04cost.csv,"Labour cost, wages and salaries, direct remuneration by NACE Rev. 1.1 activity - LCS survey 2004"
lc_n04hour.csv,"Hours worked compared to hours paid, by NACE Rev. 1.1 activity - LCS survey 2004"
lc_n04num1.csv,"Number of employees, hours worked and paid, by working time and NACE Rev. 1.1 activity - LCS survey 2004"
lc_n04num2.csv,"Average hours worked and paid per employee, by working time and NACE Rev. 1.1 activity - LCS survey 2004"
lc_n04struc.csv,"Structure of labour cost by NACE Rev. 1.1 activity - % of total cost, LCS survey 2004"
lc_n04stu.csv,"Number of statistical units selected for the survey, by NACE Rev. 1.1 activity - LCS survey 2004"
lc_n08cost_r1.csv,"Labour cost, wages and salaries, direct remuneration by NACE Rev. 1.1 activity - LCS survey 2008"
lc_n08hour_r1.csv,"Hours worked compared to hours paid, by NACE Rev. 1.1 activity - LCS survey 2008"
lc_n08num1_r1.csv,"Number of employees, hours worked and paid, by working time and NACE Rev. 1.1 activity - LCS survey 2008"
lc_n08num2_r1.csv,"Average hours worked and paid per employee, by working time and NACE Rev. 1.1 activity - LCS survey 2008"
lc_n08struc_r1.csv,"Structure of labour cost by NACE Rev. 1.1 activity - % of total cost, LCS survey 2008"
lc_n08stu_r1.csv,"Number of statistical units selected for the survey, by NACE Rev. 1.1 activity - LCS survey 2008"
lc_ncost_r2.csv,"Labour cost, wages and salaries, direct remuneration (excluding apprentices) by NACE Rev. 2 activity"
lc_ncostot_r2.csv,"Labour cost, wages and salaries (including apprentices) by NACE Rev. 2 activity"
lc_nhour_r2.csv,"Hours worked compared to hours paid, by NACE Rev. 2 activity"
lc_nnum1_r2.csv,"Number of employees, hours worked and paid, by working time and NACE Rev. 2 activity"
lc_nnum2_r2.csv,"Average hours worked and paid per employee, by working time and NACE Rev. 2 activity"
lc_nstruc_r2.csv,Structure of labour cost by NACE Rev. 2 activity - % of total cost
lc_nstu_r2.csv,"Number of statistical units selected for the survey, by NACE Rev. 2 activity"
lc_r00cost.csv,"Labour cost, wages and salaries, direct remuneration by NACE Rev. 1.1 activity and NUTS 1 regions - LCS survey 2000"
lc_r00num1.csv,"Number of employees and hours worked, by working time, NACE Rev. 1.1 activity and NUTS 1 regions - LCS survey 2000"
lc_r00num2.csv,"Average hours worked per employee, by working time, NACE Rev. 1.1 activity and NUTS 1 regions - LCS survey 2000"
lc_r00struc.csv,"Structure of labour cost by NACE Rev. 1.1 activity and NUTS 1 regions - % of total cost, LCS survey 2000"
lc_r00stu.csv,"Number of statistical units selected for the survey, by NACE Rev. 1.1 activity and NUTS 1 regions - LCS survey 2000"
lc_r04cost.csv,"Labour cost, wages and salaries, direct remuneration by NACE Rev. 1.1 activity and NUTS 1 regions - LCS survey 2004"
lc_r04num1.csv,"Number of employees and hours worked, by working time, NACE Rev. 1.1 activity and NUTS 1 regions - LCS survey 2004"
lc_r04num2.csv,"Average hours worked per employee, by working time, NACE Rev. 1.1 activity and NUTS 1 regions - LCS survey 2004"
lc_r04struc.csv,"Structure of labour cost by NACE Rev. 1.1 activity and NUTS 1 regions - % of total cost, LCS survey 2004"
lc_r04stu.csv,"Number of statistical units selected for the survey, by NACE Rev. 1.1 activity and NUTS 1 regions - LCS survey 2004"
lc_rcost_r2.csv,"Labour cost, wages and salaries, direct remuneration by NACE Rev. 2 activity and NUTS 1 regions"
lc_rnum1_r2.csv,"Number of employees and hours worked, by working time, NACE Rev. 2 activity and NUTS 1 regions"
lc_rnum2_r2.csv,"Average hours worked per employee, by working time, NACE Rev. 2 activity and NUTS 1 regions"
lc_rstruc_r2.csv,Structure of labour cost by NACE Rev. 2 activity and NUTS 1 regions - % of total cost
lc_rstu_r2.csv,"Number of statistical units, by NACE Rev. 2 activity and NUTS 1 regions"
lfsa_agaed.csv,"Active population by sex, age and educational attainment level (1 000)"
lfsa_agan.csv,"Active population by sex, age and citizenship (1 000)"
lfsa_argacob.csv,"Activity rates by sex, age and country of birth (%)"
lfsa_argaed.csv,"Activity rates by sex, age and educational attainment level (%)"
lfsa_argaedcob.csv,"Activity rates by sex, age, educational attainment level and country of birth"
lfsa_argaeddl.csv,Activity rates by level of disability (activity limitation) and educational attainment level
lfsa_argaedn.csv,"Activity rates by sex, age, educational attainment level and citizenship"
lfsa_argan.csv,"Activity rates by sex, age and citizenship (%)"
lfsa_arganedm.csv,"Activity rates by sex, age, migration status, citizenship and educational attainment level"
lfsa_e2ged.csv,"Employed persons having a second job by sex, age and educational attainment level (1 000)"
lfsa_e2gis.csv,"Employed persons having a second job by sex, age and occupation in the first job (1 000)"
lfsa_e2gps.csv,"Employed persons having a second job by sex, age and professional status of both jobs (1 000)"
lfsa_eegaed.csv,"Employees by sex, age and educational attainment level (1 000)"
lfsa_eegais.csv,"Employees by sex, age and occupation (1 000)"
lfsa_eegan2.csv,"Employees by sex, age and economic activity (from 2008 onwards, NACE Rev. 2) - 1 000"
lfsa_eegana.csv,"Employees by sex, age and economic activity (1983-2008, NACE Rev. 1.1) (1 000)"
lfsa_eegatm.csv,"Employees by sex, age, migration status and type of employment contract"
lfsa_eetpgar.csv,"Employees who could not find a permanent or full-time job, by sex and age"
lfsa_eftpt.csv,"Employment by sex, age, professional status and full-time/part-time (1 000)"
lfsa_egad$dv_1742.csv,"Employment by sex, age and job tenure"
lfsa_egad.csv,"Employment by sex, age and job tenure"
lfsa_egaed.csv,"Employment by sex, age and educational attainment level (1 000)"
lfsa_egaftsm.csv,"Employment by sex, age, migration status, professional status and full/part time"
lfsa_egai2d.csv,Employed persons by detailed occupation (ISCO-08 two digit level)
lfsa_egaidl.csv,Employment by level of disability (activity limitation) and occupation
lfsa_egais$dv_574.csv,"Employment by sex, age, professional status and occupation (1 000)"
lfsa_egais.csv,"Employment by sex, age, professional status and occupation (1 000)"
lfsa_egaisedm.csv,"Employment by sex, age, migration status, occupation and educational attainment level"
lfsa_egan.csv,"Employment by sex, age and citizenship (1 000)"
lfsa_egan2.csv,"Employment by sex, age and economic activity (from 2008 onwards, NACE Rev. 2) - 1 000"
lfsa_egan22d.csv,"Employment by sex, age and detailed economic activity (from 2008 onwards, NACE Rev. 2 two digit level) - 1 000"
lfsa_egana.csv,"Employment by sex, age and economic activity (1983-2008, NACE Rev. 1.1) (1 000)"
lfsa_egana2d.csv,"Employment by sex, age and detailed economic activity (1992-2008, NACE Rev. 1.1 two digit level) (1 000)"
lfsa_egaps.csv,"Employment by sex, age and professional status (1 000)"
lfsa_egasdl.csv,Employment by level of disability (activity limitation) and professional status
lfsa_egasjt.csv,"Employment by sex, age, professional status and job tenure"
lfsa_egdn2.csv,"Employment by sex, age, time since job started and economic activity (from 2008 onwards, NACE Rev. 2) - 1 000"
lfsa_egised.csv,"Employment by sex, age, occupation and educational attainment level (1 000)"
lfsa_ehomp.csv,"Employed persons working from home as a percentage of the total employment, by sex, age and professional status (%)"
lfsa_eisn2.csv,"Employment by sex, age, occupation and economic activity (from 2008 onwards, NACE Rev. 2) (1 000)"
lfsa_enewasc.csv,"Newly employed (share of people in current job for 12 months or less, in total employment) by age, professional status and country of birth"
lfsa_enewasn.csv,"Newly employed (share of people in current job for 12 months or less, in total employment) by age, professional status and citizenship"
lfsa_eoqgac$dv_1882.csv,Over-qualification rates by country of birth
lfsa_eoqgac.csv,Over-qualification rates by country of birth
lfsa_eoqgan$dv_1881.csv,Over-qualification rates by citizenship
lfsa_eoqgan.csv,Over-qualification rates by citizenship
lfsa_eoqgan2.csv,Over-qualification rates by economic activity (NACE Rev. 2)
lfsa_epgaed.csv,"Full-time and part-time employment by sex, age and educational attainment level (1 000)"
lfsa_epgais.csv,"Full-time and part-time employment by sex, age and occupation (1 000)"
lfsa_epgan2.csv,"Full-time and part-time employment by sex and economic activity (from 2008 onwards, NACE Rev. 2) - 1 000"
lfsa_epgan6.csv,"Full-time and part-time employment by sex, age and economic activity - NACE A6 (1983-2008, NACE Rev. 1.1) (1 000)"
lfsa_epgana.csv,"Full-time and part-time employment by sex and economic activity (1983-2008, NACE Rev. 1.1) (1 000)"
lfsa_epgar$dv_575.csv,Main reason for part-time employment - Distributions by sex and age (%)
lfsa_epgar.csv,Main reason for part-time employment - Distributions by sex and age (%)
lfsa_epgn62.csv,"Full-time and part-time employment by sex, age and economic activity - NACE A10 (from 2008 onwards, NACE Rev. 2) - 1 000"
lfsa_eppga.csv,"Part-time employment as percentage of the total employment, by sex and age (%)"
lfsa_eppgacob.csv,"Part-time employment as percentage of the total employment, by sex, age and country of birth (%)"
lfsa_eppgai$dv_577.csv,"Involuntary part-time employment as percentage of the total part-time employment, by sex and age (%)"
lfsa_eppgai.csv,"Involuntary part-time employment as percentage of the total part-time employment, by sex and age (%)"
lfsa_eppgan$dv_1907.csv,"Part-time employment as percentage of the total employment, by sex, age and citizenship (%)"
lfsa_eppgan.csv,"Part-time employment as percentage of the total employment, by sex, age and citizenship (%)"
lfsa_ergacob$dv_1741.csv,"Employment rates by sex, age and country of birth (%)"
lfsa_ergacob.csv,"Employment rates by sex, age and country of birth (%)"
lfsa_ergaed$dv_319.csv,"Employment rates by sex, age and educational attainment level (%)"
lfsa_ergaed.csv,"Employment rates by sex, age and educational attainment level (%)"
lfsa_ergaedcob.csv,"Employment rates by sex, age, educational attainment level and country of birth"
lfsa_ergaedn.csv,"Employment rates by sex, age, educational attainment level and citizenship"
lfsa_ergan$dv_1908.csv,"Employment rates by sex, age and citizenship (%)"
lfsa_ergan.csv,"Employment rates by sex, age and citizenship (%)"
lfsa_erganedm$dv_1721.csv,"Employment rates by sex, age, migration status, citizenship and educational attainment level"
lfsa_erganedm.csv,"Employment rates by sex, age, migration status, citizenship and educational attainment level"
lfsa_esega.csv,Employment by age and European socio-economic group
lfsa_esegatyp.csv,"Employment at atypical working time as a percentage of the total employment, by age and European socio-economic group"
lfsa_eseged.csv,"Employment by educational attainment level, age and European socio-economic group"
lfsa_esegg.csv,"Employment by sex, age and European socio-economic group"
lfsa_esegn2.csv,"Employment by NACE Rev. 2 activity, age and European socio-economic group"
lfsa_esegp.csv,"Employment by working time, age and European socio-economic group"
lfsa_esegt.csv,"Employees by type of employment contract, age and European socio-economic group"
lfsa_esgacob.csv,"Self-employment by sex, age and country of birth (1 000)"
lfsa_esgaed$dv_581.csv,"Self-employment by sex, age and educational attainment level (1 000)"
lfsa_esgaed.csv,"Self-employment by sex, age and educational attainment level (1 000)"
lfsa_esgais.csv,"Self-employment by sex, age and occupation (1 000)"
lfsa_esgan.csv,"Self-employment by sex, age and citizenship (1 000)"
lfsa_esgan2.csv,"Self-employment by sex, age and economic activity (from 2008 onwards, NACE Rev. 2) - 1 000"
lfsa_esgana.csv,"Self-employment by sex, age and economic activity (1983-2008, NACE Rev. 1.1) - 1 000"
lfsa_etgadc.csv,"Temporary employees by sex, age and duration of the work contract (1 000)"
lfsa_etgaed.csv,"Temporary employees by sex, age and educational attainment level (1 000)"
lfsa_etgais.csv,"Temporary employees by sex, age and occupation (1 000)"
lfsa_etgan2.csv,"Temporary employees by sex, age and economic activity (from 2008 onwards, NACE Rev. 2) - 1 000"
lfsa_etgana.csv,"Temporary employees by sex, age and economic activity (1983-2008, NACE Rev. 1.1) - 1 000"
lfsa_etgar$dv_1081.csv,"Temporary employees by sex, age and main reason"
lfsa_etgar$dv_1873.csv,"Temporary employees by sex, age and main reason"
lfsa_etgar$dv_601.csv,"Temporary employees by sex, age and main reason"
lfsa_etgar$dv_622.csv,"Temporary employees by sex, age and main reason"
lfsa_etgar.csv,"Temporary employees by sex, age and main reason"
lfsa_etpgacob$dv_1886.csv,"Temporary employees as percentage of the total number of employees, by sex, age and country of birth (%)"
lfsa_etpgacob.csv,"Temporary employees as percentage of the total number of employees, by sex, age and country of birth (%)"
lfsa_etpgan$dv_1885.csv,"Temporary employees as percentage of the total number of employees, by sex, age and citizenship (%)"
lfsa_etpgan.csv,"Temporary employees as percentage of the total number of employees, by sex, age and citizenship (%)"
lfsa_ewh2n2.csv,"Average number of actual weekly hours of work in the second job, by sex, age, professional status, economic activity and full-time/part-time in the first job (from 2008 onwards, NACE Rev. 2)"
lfsa_ewh2na.csv,"Average number of actual weekly hours of work in the second job, by sex, age, professional status, economic activity and full-time/part-time in the first job (1998-2008, NACE Rev. 1.1)"
lfsa_ewhais.csv,"Average number of actual weekly hours of work in main job, by sex, age, professional status, full-time/part-time and occupation"
lfsa_ewhan2.csv,"Average number of actual weekly hours of work in main job, by sex, age, professional status, full-time/part-time and economic activity (from 2008 onwards, NACE Rev. 2)"
lfsa_ewhana.csv,"Average number of actual weekly hours of work in main job, by sex, age, professional status, full-time/part-time and economic activity (1998-2008, NACE Rev. 1.1)"
lfsa_ewhuis.csv,"Average number of usual weekly hours of work in main job, by sex, age, professional status, full-time/part-time and occupation"
lfsa_ewhun2.csv,"Average number of usual weekly hours of work in main job, by sex, age, professional status, full-time/part-time and economic activity (from 2008 onwards, NACE Rev. 2)"
lfsa_ewhuna.csv,"Average number of usual weekly hours of work in main job, by sex, age, professional status, full-time/part-time and economic activity (1998-2008, NACE Rev. 1.1)"
lfsa_ewpeve$dv_604.csv,"Employed persons working in the evenings as a percentage of the total employment, by sex, age and professional status (%)"
lfsa_ewpeve.csv,"Employed persons working in the evenings as a percentage of the total employment, by sex, age and professional status (%)"
lfsa_ewpnig$dv_605.csv,"Employed persons working at nights as a percentage of the total employment, by sex, age and professional status (%)"
lfsa_ewpnig.csv,"Employed persons working at nights as a percentage of the total employment, by sex, age and professional status (%)"
lfsa_ewpsat$dv_606.csv,"Employed persons working on Saturdays as a percentage of the total employment, by sex, age and professional status (%)"
lfsa_ewpsat.csv,"Employed persons working on Saturdays as a percentage of the total employment, by sex, age and professional status (%)"
lfsa_ewpshi.csv,"Employees working shifts as a percentage of the total of employees, by sex and age (%)"
lfsa_ewpsun$dv_607.csv,"Employed persons working on Sundays as a percentage of the total employment, by sex, age and professional status (%)"
lfsa_ewpsun.csv,"Employed persons working on Sundays as a percentage of the total employment, by sex, age and professional status (%)"
lfsa_igaed.csv,"Inactive population by sex, age and educational attainment level (1 000)"
lfsa_igan.csv,"Inactive population by sex, age and citizenship (1 000)"
lfsa_igar$dv_1902.csv,"Inactive population not seeking employment by sex, age and main reason"
lfsa_igar.csv,"Inactive population not seeking employment by sex, age and main reason"
lfsa_igaww.csv,"Inactive population not seeking employment by sex, age and willingness to work (1 000)"
lfsa_ipga$dv_610.csv,"Inactive population as a percentage of the total population, by sex and age (%)"
lfsa_ipga.csv,"Inactive population as a percentage of the total population, by sex and age (%)"
lfsa_ipgaeddl.csv,Inactive population by level of disability (activity limitation) and educational attainment level - % of total population
lfsa_pfgacedm.csv,"Foreign-born population by sex, age, main reason for migrating, country of birth and educational attainment level"
lfsa_pfganwsm.csv,"Foreign-born population by sex, age, main reason for migrating, citizenship and labour status"
lfsa_pgaccpm$dv_1802.csv,"Population by sex, age, migration status, country of birth and country of birth of parents"
lfsa_pgaccpm.csv,"Population by sex, age, migration status, country of birth and country of birth of parents"
lfsa_pgacws.csv,"Population by sex, age, country of birth and labour status"
lfsa_pgaed.csv,"Population by sex, age and educational attainment level (1 000)"
lfsa_pgaied.csv,"Population by sex, age and participation in education and training (last 4 weeks) (1 000)"
lfsa_pganedm$dv_1806.csv,"Population by sex, age, migration status, citizenship and educational attainment level"
lfsa_pganedm.csv,"Population by sex, age, migration status, citizenship and educational attainment level"
lfsa_pganws.csv,"Population by sex, age, citizenship and labour status (1 000)"
lfsa_pgauws.csv,"Annual population by sex, age, degree of urbanisation and labour status (1 000)"
lfsa_qoe_3a2$dv_608.csv,"Long working hours in main job by sex, age, professional status and occupation"
lfsa_qoe_3a2.csv,"Long working hours in main job by sex, age, professional status and occupation"
lfsa_qoe_3a4.csv,"Weekly working hours by sex, age, professional status and occupation"
lfsa_qoe_3b3.csv,"Work on weekends by sex, age, professional status and occupation"
lfsa_qoe_4a2.csv,"Job tenure by sex, age, professional status and occupation"
lfsa_qoe_4a6r1.csv,"Temporary employment agency workers by sex, age and NACE Rev. 1.1 activity"
lfsa_qoe_4a6r2.csv,"Temporary employment agency workers by sex, age and NACE Rev. 2 activity"
lfsa_qoe_4ax1r1.csv,"Precarious employment by sex, age and NACE Rev. 1.1 activity"
lfsa_qoe_4ax1r2.csv,"Precarious employment by sex, age and NACE Rev. 2 activity"
lfsa_sup_age.csv,Supplementary indicators to unemployment by sex and age
lfsa_sup_cob.csv,Supplementary indicators to unemployment by sex and country of birth
lfsa_sup_dl.csv,Supplementary indicators to unemployment by level of disability (activity limitation)
lfsa_sup_edu.csv,Supplementary indicators to unemployment by sex and educational attainment level
lfsa_sup_nat.csv,Supplementary indicators to unemployment by sex and citizenship
lfsa_ugad.csv,"Unemployment by sex, age and duration of unemployment (1 000)"
lfsa_ugadra.csv,"Unemployment by sex, age, duration of unemployment and distinction registration/benefits (%)"
lfsa_ugan.csv,"Unemployment by sex, age and citizenship (1 000)"
lfsa_ugates.csv,"Unemployment by sex, age and type of employment sought (1 000)"
lfsa_ugmsw.csv,"Methods used for seeking work- Percentage of unemployed who declared having used a given method, by sex (%)"
lfsa_ugpis.csv,"Previous occupations of the unemployed, by sex (1 000)"
lfsa_upgacob$dv_1842.csv,"Long-term unemployment (12 months or more) as a percentage of the total unemployment, by sex, age and country of birth (%)"
lfsa_upgacob.csv,"Long-term unemployment (12 months or more) as a percentage of the total unemployment, by sex, age and country of birth (%)"
lfsa_upgadl.csv,Long-term unemployment by level of disability (activity limitation) - % of total unemployment
lfsa_upgan$dv_1822.csv,"Long-term unemployment (12 months or more) as a percentage of the total unemployment, by sex, age and citizenship (%)"
lfsa_upgan.csv,"Long-term unemployment (12 months or more) as a percentage of the total unemployment, by sex, age and citizenship (%)"
lfsa_urgacob$dv_1762.csv,"Unemployment rates by sex, age and country of birth (%)"
lfsa_urgacob.csv,"Unemployment rates by sex, age and country of birth (%)"
lfsa_urgaed$dv_611.csv,"Unemployment rates by sex, age and educational attainment level (%)"
lfsa_urgaed.csv,"Unemployment rates by sex, age and educational attainment level (%)"
lfsa_urgaeddl.csv,Unemployment rates by level of disability (activity limitation) and educational attainment level
lfsa_urgan$dv_1909.csv,"Unemployment rates by sex, age and citizenship (%)"
lfsa_urgan.csv,"Unemployment rates by sex, age and citizenship (%)"
lfsa_urganedm$dv_1763.csv,"Unemployment rates by sex, age, migration status, citizenship and educational attainment level"
lfsa_urganedm.csv,"Unemployment rates by sex, age, migration status, citizenship and educational attainment level"
lfsi_abs_q_h.csv,"Absence from work by main reason, sex and age group (2006-2020)- quarterly data"
lfsi_abs_w.csv,"Weekly absences from work, by sex and age - weekly data, experimental statistics"
lfsi_abt_q.csv,Total absences from work by sex and age group - quarterly data
lfsi_ahw_q.csv,Index of total actual hours worked in the main job by sex and age group (2021 = 100) - quarterly data
lfsi_ahw_q_h.csv,Index of total actual hours worked in the main job by sex and age group (2006 = 100) (2006-2020) - quarterly data
lfsi_dwl_a.csv,Duration of working life
lfsi_educ_a.csv,Employment by educational attainment level - annual data
lfsi_educ_a_h.csv,Employment by educational attainment level (1998-2020) - annual data
lfsi_educ_q.csv,Employment by educational attainment level - quarterly data
lfsi_educ_q_h.csv,Employment by educational attainment level (1998-2020) - quarterly data
lfsi_emp_a$dv_1906.csv,Employment and activity by sex and age - annual data
lfsi_emp_a.csv,Employment and activity by sex and age - annual data
lfsi_emp_a_h.csv,Employment and activity by sex and age (1992-2020) - annual data
lfsi_emp_q.csv,Employment and activity by sex and age - quarterly data
lfsi_emp_q_h.csv,Employment and activity by sex and age (1989-2020) - quarterly data
lfsi_jhh_a.csv,Population in jobless households
lfsi_lea_q.csv,Recent job leavers by sex and age - quarterly data
lfsi_long_a.csv,Labour market transitions – annual data
lfsi_long_e01.csv,"Transition from unemployment to employment by sex, age and duration of unemployment (annual averages of quarterly transitions, estimated probabilities) - experimental statistics"
lfsi_long_e02.csv,"Transition from unemployment to employment by sex, age and previous work experience (annual averages of quarterly transitions, estimated probabilities) - experimental statistics"
lfsi_long_e03.csv,"Transition from unemployment to employment by sex, age and degree of urbanisation (annual averages of quarterly transitions, estimated probabilities) - experimental statistics"
lfsi_long_e04.csv,"Transition from employment to unemployment by sex, age and degree of urbanisation (annual averages of quarterly transitions, estimated probabilities) - experimental statistics"
lfsi_long_e06.csv,"Transition from inactivity to employment by sex, age and labour market attachment (annual averages of quarterly transitions, estimated probabilities) - experimental statistics"
lfsi_long_e07.csv,"Job-to-job transitions by sex and age (annual averages of quarterly transitions, estimated probabilities) - experimental statistics"
lfsi_long_e08.csv,"Transition from part-time work to full-time work by sex and age (annual averages of quarterly transitions, estimated probabilities) - experimental statistics"
lfsi_long_e09.csv,"Transition from fixed term contracts to permanent contracts by sex and age (annual averages of quarterly transitions, estimated probabilities) -  experimental statistics"
lfsi_long_q.csv,Labour market transitions - quarterly data
lfsi_neet_a.csv,"Young people neither in employment nor in education and training (NEET), by sex and age - annual data"
lfsi_neet_a_h.csv,"Young people neither in employment nor in education and training (NEET) (2006-2020), by sex and age - annual data"
lfsi_neet_q.csv,"Young people neither in employment nor in education and training (NEET), by sex and age - quarterly data"
lfsi_neet_q_h.csv,"Young people neither in employment nor in education and training (NEET) (2006-2020), by sex and age - quarterly data"
lfsi_pt_a$dv_921.csv,Part-time employment and temporary contracts - annual data
lfsi_pt_a.csv,Part-time employment and temporary contracts - annual data
lfsi_pt_a_h.csv,Part-time employment and temporary contracts (1993-2020) - annual data
lfsi_pt_q.csv,Part-time employment and temporary contracts - quarterly data
lfsi_pt_q_h.csv,Part-time employment and temporary contracts (1992-2020) - quarterly data
lfsi_siz_m.csv,"Realised sample size - monthly data, experimental statistics"
lfsi_sla_a.csv,Labour market slack by sex and age - annual data
lfsi_sla_a_h.csv,Labour market slack by sex and age (1992-2020) - annual data
lfsi_sla_q.csv,Labour market slack by sex and age - quarterly data
lfsi_sla_q_h.csv,Labour market slack by sex and age (1992-2020) - quarterly data
lfsi_sta_q.csv,Recent job starters by sex and age - quarterly data
lfsi_sup_a.csv,Supplementary indicators to unemployment - annual data
lfsi_sup_a_h.csv,Supplementary indicators to unemployment (1992-2020) - annual data
lfsi_sup_q.csv,Supplementary indicators to unemployment - quarterly data
lfsi_sup_q_h.csv,Supplementary indicators to unemployment (1992-2020) - quarterly data
lfso_04anwkisna.csv,"Number of employees having annualised working hours by sex, age, occupation and economic activity"
lfso_04avovisco.csv,"Average number of overtime hours of employees, by sex, age and occupation"
lfso_04avovna11.csv,"Average number of overtime hours of employees, by sex, age and economic activity"
lfso_04avpoisco.csv,"Average number of paid overtime hours of employees, by sex, age and occupation"
lfso_04avpona11.csv,"Average number of paid overtime hours of employees, by sex, age and economic activity"
lfso_04oncwisna.csv,"Number of employees working on call by sex, age, occupation and economic activity"
lfso_04ownmisco.csv,"Number of self-employed persons who can control their own work methods and schedule, by sex, age and occupation"
lfso_04peovisco.csv,"Percentage of employees working overtime, by sex, age and occupation"
lfso_04peovna11.csv,"Percentage of employees working overtime, by sex, age and economic activity"
lfso_04pepoisco.csv,"Percentage of employees working paid overtime, by sex, age and occupation"
lfso_04pepona11.csv,"Percentage of employees working paid overtime, by sex, age and economic activity"
lfso_04shipisco.csv,"Shift work patterns used by employees, by sex, age and occupation"
lfso_04shipna11.csv,"Shift work patterns used by employees, by sex, age and economic activity"
lfso_04sincna11.csv,"Number of self-employed persons who work for one single client or customer, by sex, age and economic activity"
lfso_04vahrhwus.csv,"Average usual working hours of employees, by possibility to work variable hours in the reference week, sex and age"
lfso_04vahrisco.csv,"Number of employees with the possibility to work variable hours in the reference week, by sex, age and occupation"
lfso_04vawkhwus.csv,"Average usual working hours of employees, by possibility to have variable working hours, sex and age"
lfso_04vawkisco.csv,"Number of employees with variable working hours, by sex, age and occupation"
lfso_04vawkna11.csv,"Number of employees with variable working hours, by sex, age and economic activity"
lfso_04wk1pisco.csv,"Number of employees finding it convenient for personal life to do shift work or on-call work, by sex, age and occupation"
lfso_04wk1pna11.csv,"Number of employees finding it convenient for personal life to do shift work or on-call work, by sex, age and economic activity"
lfso_04wk2pisco.csv,"Number of employees finding it convenient for personal life to work in the evening, or at night, or during weekends, by sex, age and occupation"
lfso_04wk2pna11.csv,"Number of employees finding it convenient for personal life to work in the evening, or at night, or during weekends, by sex, age and economic activity"
lfso_04wktpisco.csv,"Number of part-time employees, by working time pattern compared with 'full-timers', sex, age and occupation"
lfso_04wktpna11.csv,"Number of part-time employees by working time pattern compared with 'full-timers', sex, age and economic activity"
lfso_05change.csv,Number of employed persons between 15 and 64 years old wishing to change the organisation of their working life and care responsibilities
lfso_05changh.csv,Average usual working hours of employed persons between 15 and 64 years old by wish to change the organisation of their working life and care responsibilities
lfso_05changp.csv,Number of persons between 15 and 64 years old wishing to change the organisation of their working life and care responsibilities
lfso_05nowre1.csv,"Main reasons (linked with care of other people in need of care) given by employed persons between 15 and 64 years old for not working or not working more, by working time pattern"
lfso_05nowre2.csv,"Main reasons (linked with care of other people in need of care) given by employed persons between 15 and 64 years old for not working or not working more, by occupation"
lfso_05nowree.csv,Main childcare-related reasons given by employed persons between 15 and 64 years old for not working or not working more
lfso_05nowreh.csv,Average usual working hours of employed persons between 15 and 64 years old by main childcare-related reasons given for not working or not working more
lfso_05nowrep.csv,Main childcare-related reasons given by persons between 15 and 64 years old for not working or not working more
lfso_05posoe1.csv,"Number of employed persons between 15 and 64 years old who can take whole days off for family reasons, by economic activity"
lfso_05posoe2.csv,"Number of employed persons between 15 and 64 years old who can take whole days off for family reasons, by occupation"
lfso_05posse1.csv,"Number of employed persons between 15 and 64 years old who can vary start/end of working day for family reasons, by economic activity"
lfso_05posse2.csv,"Number of employed persons between 15 and 64 years old who can vary start/end of working day for family reasons, by occupation"
lfso_05reduc1.csv,"Number of employed persons between 15 and 64 years old having to make working time arrangements over the last 12 months to care for children, by working time pattern"
lfso_05reduc2.csv,"Number of employed persons between 15 and 64 years old having to make working time arrangements over the last 12 months to care for children, by occupation"
lfso_05regce.csv,Number of employed persons between 15 and 64 years old regularly taking care of other children or people in need of care
lfso_05regch.csv,Average usual working hours of employed persons between 15 and 64 years old by regular care of other children or people in need of care
lfso_05regcp.csv,Number of persons between 15 and 64 years old regularly taking care of other children up to 14 or people older than 15 in need of care
lfso_05timee1.csv,"Number of employed persons between 15 and 64 years old taking time off over the last 12 months for family sickness or emergencies, by educational attainment level"
lfso_05timee2.csv,"Number of employed persons between 15 and 64 years old taking time off over the last 12 months for family sickness or emergencies, by economic activity"
lfso_05timee3.csv,"Number of employed persons between 15 and 64 years old taking time off over the last 12 months for family sickness or emergencies, by occupation"
lfso_05typece.csv,Main type of childcare used by employed persons between 15 and 64 years old for own/spouse's children up to 14 while working
lfso_05typech.csv,Average usual working hours of employed persons between 15 and 64 years old by main type of childcare used for own/spouse's children up to 14 while working
lfso_06finiagps.csv,Average age at which employed persons started receiving a retirement pension - by sex and main financial incentive to stay at work
lfso_06finiisco.csv,Main financial incentives for employed persons who are entitled to receive an individual retirement pension to stay at work - by sex and occupation (1 000)
lfso_06finiyrsp.csv,Average number of years spent working - by sex and main financial incentive to stay at work
lfso_06flexisco.csv,Number of employed persons who would stay longer at work (or not) if more flexible working time arrangements were available - by sex and occupation (1 000)
lfso_06flexispr.csv,Number of not employed persons who would have stayed longer at work (or not) if more flexible working time arrangements had been available - by sex and occupation (previous job) (1 000)
lfso_06hlsaisco.csv,Number of employed persons who would stay longer at work (or not) if their workplace was healthier and/or safer - by sex and occupation (1 000)
lfso_06hlsaispr.csv,Number of not employed persons who would have stayed longer at work (or not) if their workplace had been healthier and/or safer - by sex and occupation (previous job) (1 000)
lfso_06opskisco.csv,Number of employed persons who would stay longer at work (or not) if they could update their skills - by sex and occupation (1 000)
lfso_06opskispr.csv,Number of not employed persons who would have stayed longer at work (or not) if they had had more opportunities to update their skills - by sex and occupation (previous job) (1 000)
lfso_06otbnagps.csv,Average age at which not employed persons started receiving a retirement pension - by granting of other individual benefits and sex
lfso_06otbnyrsp.csv,"Not employed persons, average number of years spent working - by granting of other individual benefits and sex"
lfso_06plagftpt.csv,"Number of employed persons - by planned age for stopping work, sex and full time/part time work (1 000)"
lfso_06reasagps.csv,Average age at which not employed persons started receiving a retirement pension - by sex and main reason for retirement or early retirement
lfso_06reasstaf.csv,Main reasons for retirement or early retirement - by sex and main labour status just after leaving last job (1 000)
lfso_06redeftpt.csv,"Number of employed persons who reduced their working hours in a move to full retirement - by sex, age and full time/part time work (1 000)"
lfso_06rednsage.csv,Number of not employed persons having reduced their working hours in a move to full retirement - by sex and age (1 000)
lfso_06stafagps.csv,Average age at which not employed persons started receiving a retirement pension - by sex and main labour status just after leaving last job
lfso_06yrspisco.csv,"Employed persons, average number of years spent working of employed persons - by sex and occupation"
lfso_06yrspispr.csv,"Not employed persons, average number of years spent working - by sex and occupation (previous job)"
lfso_06yrspna11.csv,"Employed persons, average number of years spent working, by sex and economic activity (NACE Rev. 1.1)"
lfso_06yrspnapr.csv,"Not employed persons, average number of years spent working, by sex and economic activity (previous job, NACE Rev. 1.1)"
lfso_08cobr.csv,"Percentage distribution of main reason for migration, by country of birth, sex and age (% of total migrants)"
lfso_08cobsmf.csv,"Population by country of birth, country of birth of mother and father, sex and age (1 000)"
lfso_08cobsp.csv,"Population by country of birth, country of birth of parents, sex, age and labour status (1 000)"
lfso_08cobsped.csv,"Population by country of birth, country of birth of parents, sex, age, educational attainment level and labour status (1 000)"
lfso_08resr.csv,"Percentage distribution of main reason for migration, years of residence, sex and age (% of total migrants)"
lfso_10cchildc.csv,Persons making weekly use of childcare services for their youngest child (1 000)
lfso_10cnowcar.csv,Main care related reasons for not working or working part-time (1 000)
lfso_10cnowchi.csv,Main childcare related reasons for not working or working part-time (1 000)
lfso_10cregcar.csv,Persons taking care of other children or persons in need of care (1 000)
lfso_10fposorg.csv,"Employees who can take a whole day off for family reasons, by occupation (1 000)"
lfso_10fposste.csv,Employees by their perceived possibility to vary start and/or stop of the working day for family reasons (1 000)
lfso_10fvareco.csv,Employees by flexibility of their working schedule and economic activity (1 000)
lfso_10fvaredu$dv_609.csv,Employees by flexibility of their working schedule and educational attainment level (1 000)
lfso_10fvaredu.csv,Employees by flexibility of their working schedule and educational attainment level (1 000)
lfso_10lparlea.csv,"Persons who took parental leave to care for their youngest child aged less than eight, by duration of parental leave (1 000)"
lfso_10lredwor.csv,Persons who reduced their working time to care for their youngest child aged less than eight (1 000)
lfso_10lstopwo.csv,"Persons who stopped work to care for their youngest child aged less than eight, by duration of absence (1 000)"
lfso_12agepens.csv,Age at which the person first received an old-age pension (years)
lfso_12earlyret.csv,Early retirement among persons who receive an old-age pension (%)
lfso_12pension.csv,Persons who receive a pension (thousand)
lfso_12penstyp.csv,"Persons who receive a pension, by type of pension (%)"
lfso_12reasnot.csv,Main reason for economically inactive persons who receive a pension to quit working (%)
lfso_12reduchrs.csv,Persons who reduced their working hours in a move towards retirement (%)
lfso_12staywork.csv,Main reason for persons who receive a pension to continue working (%)
lfso_12worklong.csv,Economically inactive persons who receive a pension who would have wished to stay longer in employment (%)
lfso_14b1dr.csv,"First generation of immigrants by sex, citizenship, duration and reason for migration"
lfso_14beduc.csv,"Educational attainment level (ISCED11) distribution by sex, age, migration status and educational attainment level of parents (ISCED11F)"
lfso_14blang.csv,Skills in host country language by migration status and citizenship
lfso_14hhcompcob.csv,"Households by migration status, country of birth of parents and household composition"
lfso_14hhwkcob.csv,"Households by country of birth of parents, working status and years of residence"
lfso_14hhwkmg.csv,"Households by migration status, working status and years of residence"
lfso_14l1empr.csv,"Employment rate of first generation of immigrants by sex, age, years of residence and reason for migration"
lfso_14lactr.csv,"Activity rate by sex, age, migration status, citizenship and educational attainment level"
lfso_14leecm.csv,"Methods to find current job by migration status, educational attainment level and type of contract"
lfso_14leeow.csv,"Employees by migration status, educational attainment level, occupation and working time"
lfso_14lel.csv,"Labour status distribution of the population by sex, age, migration status and educational attainment level"
lfso_14lemp.csv,"Employment by migration status, professional status, type of contract and full/part time"
lfso_14lempr.csv,"Employment rate by sex, age, migration status, citizenship and educational attainment level"
lfso_14loq$dv_615.csv,"Self-declared over-qualified employees as percentage of the total employees by sex, age, migration status and educational attainment level"
lfso_14loq.csv,"Self-declared over-qualified employees as percentage of the total employees by sex, age, migration status and educational attainment level"
lfso_14luner.csv,"Unemployment rate by sex, age, migration status, citizenship and educational attainment level"
lfso_14ociti.csv,"Obstacles to getting a suitable job by migration status, labour status and citizenship (%)"
lfso_14oeduc.csv,"Obstacles to getting a suitable job by migration status, labour status and educational attainment level (%)"
lfso_14pciti.csv,"Population by sex, age, migration status and citizenship"
lfso_14pcitirk.csv,"Ranking of citizenship by sex, age and migration status"
lfso_14pcob.csv,"Population by sex, age, migration status and country of birth"
lfso_14pcobp.csv,"Population by sex, age, migration status, country of birth and country of birth of parents"
lfso_14pcobrk.csv,Ranking of country of birth of first generation of immigrants by sex and age
lfso_14purb.csv,"Population by sex, age, migration status and degree of urbanisation"
lfso_16agency.csv,"Temporary employment agency workers as percentage of the total number of employees by sex, age, educational attainment level and work experience while studying"
lfso_16cmt4j.csv,"Population ready to have more than one hour travel time each way to work by sex, age, educational attainment level, work experience while studying and labour status"
lfso_16elvncom.csv,"Early leavers from education and training who started but never completed upper secondary education by sex, age and reason for not completing"
lfso_16elvnsta.csv,"Early leavers from education and training who never started upper secondary education by sex, age and reason for not starting"
lfso_16emprt.csv,"Employment rate by sex, age, educational attainment level and work experience while studying"
lfso_16feduc.csv,"Population by sex, age, educational attainment level, work experience while studying and participation in formal education"
lfso_16findmet.csv,"Employees by sex, age, educational attainment level, work experience while studying and method used for finding current job"
lfso_16husuw.csv,"Employed persons by sex, age, educational attainment level, work experience while studying and usual weekly working hours"
lfso_16inart.csv,"Inactivity rate by sex, age, educational attainment level and work experience while studying"
lfso_16invpt.csv,"Employed persons working involuntarily part-time as percentage of the total number of part-time employed persons by sex, age, educational attainment level and work experience while studying"
lfso_16invtemp.csv,"Employees with involuntary temporary contracts as percentage of the total number of employees with temporary contracts by sex, age, educational attainment level and work experience while studying"
lfso_16jobten.csv,"Employed persons by sex, age, educational attainment level, work experience while studying and job tenure"
lfso_16longw.csv,"Employed persons with long working hours in main job as percentage of the total number of employed persons by sex, age, educational attainment level and work experience while studying"
lfso_16move4j.csv,"Population ready to move residence to find a job by sex, age, educational attainment level, work experience while studying and labour status"
lfso_16nfeduc.csv,"Population by sex, age, educational attainment level, work experience while studying and participation in non-formal education and training"
lfso_16oklev.csv,"Employed persons by sex, age, educational attainment level, work experience while studying and match between education and job"
lfso_16precemp.csv,"Employees in precarious employment as percentage of the total number of employees by sex, age, educational attainment level and work experience while studying"
lfso_16shiftw.csv,"Employees working shifts as percentage of the total number of employees by sex, age, educational attainment level and work experience while studying"
lfso_16supemp.csv,"Employed persons by sex, age, educational attainment level, work experience while studying and type of assistance for finding current job"
lfso_16supnemp.csv,"Persons not in employment by sex, age, educational attainment level, work experience while studying and type of assistance for finding a job"
lfso_16unert.csv,"Unemployment rate by sex, age, educational attainment level and work experience while studying"
lfso_16wkendw.csv,"Employed persons working on weekends as percentage of the total number of employed persons by sex, age, educational attainment level and work experience while studying"
lfso_16workexp.csv,"Population by sex, age, educational attainment level and work experience while studying"
lfso_16ymghied.csv,"Population in tertiary education by sex, age, educational attainment level and work experience while studying"
lfso_16ymgnednc.csv,"Population with medium educational attainment not in formal education who started but never completed tertiary education by sex, age, educational attainment level, work experience while studying and reason for not completing tertiary education"
lfso_16ymgnedns.csv,"Population with medium educational attainment not in formal education who never started tertiary education by sex, age, educational attainment level, work experience while studying and reason for not starting tertiary education"
lfso_17cs2j.csv,"Employed persons having a second job by professional status in the main job, professional status in the second job and sex"
lfso_17csag.csv,"Employed persons by professional status, sex, educational attainment level and age"
lfso_17cscb.csv,"Employed persons by professional status, sex, educational attainment level and country of birth"
lfso_17csna.csv,"Employed persons by professional status, sex, educational attainment level and economic activity"
lfso_17csnj.csv,"Employed persons by professional status, sex, educational attainment level and number of jobs"
lfso_17csoc.csv,"Employed persons by professional status, sex, educational attainment level and occupation"
lfso_17cspwt.csv,"Employed persons by professional status, sex, educational attainment level and preferred working time"
lfso_17csur.csv,"Employed persons by professional status, sex, educational attainment level and degree of urbanisation"
lfso_17cswew.csv,"Employed persons who work on weekends by professional status, sex and educational attainment level"
lfso_17cswwh.csv,"Employed persons by professional status, sex, educational attainment level and usual weekly hours of work"
lfso_17jsaut.csv,"Employed persons by job autonomy, sex and professional status"
lfso_17jscb.csv,"Employed persons by job satisfaction, sex, professional status and country of birth"
lfso_17jsed.csv,"Employed persons by job satisfaction, sex, professional status and educational attainment level"
lfso_17jsoc.csv,"Employed persons by job satisfaction, sex, professional status and occupation"
lfso_17pscb.csv,"Employed persons by current and preferred professional status, sex and country of birth"
lfso_17psed.csv,"Employed persons by current and preferred professional status, sex and educational attainment level"
lfso_17psobst.csv,Employees and family workers who wish to be self-employed by main reason for not being self-employed and sex
lfso_17sebusp.csv,"Self-employed persons by business partners, sex and professional status"
lfso_17seclnt.csv,Self-employed persons by number and importance of clients in the last 12 months and sex
lfso_17sediff.csv,"Self-employed persons by main difficulty as self-employed, sex and professional status"
lfso_17senees.csv,"Self-employed persons without employees by main reason for not having employees, sex and country of birth"
lfso_17sephir.csv,"Self-employed persons by planned hiring of employees or subcontractors, sex and professional status"
lfso_17sereas.csv,"Self-employed persons by main reason for becoming self-employed, sex and professional status"
lfso_17seworg.csv,"Self-employed persons having at least one client in the last 12 months by control over working time, and sex"
lfso_18ceffdu$dv_1901.csv,Persons in employment with childcare responsibilities by effect on employment and degree of urbanisation
lfso_18ceffdu.csv,Persons in employment with childcare responsibilities by effect on employment and degree of urbanisation
lfso_18ceffed.csv,Persons in employment with childcare responsibilities by effect on employment and educational attainment level
lfso_18cobs.csv,Population not using childcare services by main reason
lfso_18crescb.csv,Population by care responsibilities and country of birth
lfso_18cresdu.csv,Population by care responsibilities and degree of urbanisation
lfso_18cresed.csv,Population by care responsibilities and educational attainment level
lfso_18creshc.csv,Population by care responsibilities and household composition
lfso_18cresls.csv,Population by care responsibilities and labour status
lfso_18cresnat.csv,Population by care responsibilities and citizenship
lfso_18cusecb.csv,Population with childcare responsibilities by use of childcare services and country of birth
lfso_18cusedu.csv,Population with childcare responsibilities by use of childcare services and degree of urbanisation
lfso_18cuseed.csv,Population with childcare responsibilities by use of childcare services and educational attainment level
lfso_18cusefp.csv,Population with childcare responsibilities by use of childcare services and full-time/part-time work
lfso_18cusels.csv,Population with childcare responsibilities by use of childcare services and labour status
lfso_18cusenat.csv,Population with childcare responsibilities by use of childcare services and citizenship
lfso_18cuseps.csv,Population with childcare responsibilities by use of childcare services and professional status
lfso_18parlved.csv,Population with work interruption for childcare by type of leave and educational attainment level
lfso_18poseedu.csv,"Employees with care responsibilities by working time flexibility for care, educational attainment level and degree of urbanisation"
lfso_18posei.csv,Employees with care responsibilities by working time flexibility for care and occupation
lfso_18powtedu.csv,"Employees with care responsibilities by flexibility for taking whole days off for care, educational attainment level and degree of urbanisation"
lfso_18powti.csv,Employees with care responsibilities by flexibility for taking whole days off for care and occupation
lfso_18redsted.csv,Persons in employment or with previous employment experience by effects of care of incapacitated relatives on employment and educational attainment level
lfso_18stlened.csv,Population with work interruption for childcare by duration of interruption and educational attainment level
lfso_18stwkcb$dv_1989.csv,Population by effects of childcare on employment and country of birth
lfso_18stwkcb.csv,Population by effects of childcare on employment and country of birth
lfso_18stwked.csv,Population by effects of childcare on employment and educational attainment level
lfso_18stwknat.csv,Population by effects of childcare on employment and citizenship
lfso_18wobsdu.csv,Persons in employment with care responsibilities by main obstacle at work for reconciliation and degree of urbanisation
lfso_18wobsed.csv,Persons in employment with care responsibilities by main obstacle at work for reconciliation and educational attainment level
lfso_19fxwt01.csv,"Persons in employment by working time flexibility, educational attainment level and professional status"
lfso_19fxwt02$dv_1871.csv,"Employees by working time flexibility, type of employment contract and size of firm"
lfso_19fxwt02.csv,"Employees by working time flexibility, type of employment contract and size of firm"
lfso_19fxwt03.csv,"Persons in employment by working time flexibility, economic activity (NACE Rev. 2) and occupation"
lfso_19fxwt04.csv,"Persons in employment by level of difficulty to take one or two hours off at short notice, educational attainment level and professional status"
lfso_19fxwt05.csv,"Persons in employment by level of difficulty to take one or two hours off at short notice, household composition and working from home"
lfso_19fxwt06.csv,"Persons in employment by level of difficulty to take one or two hours off at short notice, economic activity (NACE Rev. 2) and occupation"
lfso_19fxwt07.csv,"Persons in employment by level of difficulty to take one or two days of leave at short notice, educational attainment level and professional status"
lfso_19fxwt08.csv,"Employees by level of difficulty to take one or two days of leave at short notice, type of employment contract and size of firm"
lfso_19fxwt09.csv,"Persons in employment by level of difficulty to take one or two days of leave at short notice, household composition and working from home"
lfso_19fxwt10.csv,"Persons in employment by level of difficulty to take one or two days of leave at short notice, economic activity (NACE Rev. 2) and occupation"
lfso_19fxwt11.csv,"Persons in employment by frequency of adapting working time to fulfil work tasks, educational attainment level and professional status"
lfso_19fxwt12.csv,"Employees by frequency of adapting working time to fulfil work tasks, type of employment contract and size of firm"
lfso_19fxwt13.csv,"Persons in employment by frequency of adapting working time to fulfil work tasks, economic activity (NACE Rev. 2) and occupation"
lfso_19fxwt14.csv,"Persons in employment by frequency of work-related contacts during leisure time (in last two months), educational attainment level and professional status"
lfso_19fxwt15.csv,"Employees by frequency of work-related contacts during leisure time (in last two months), type of employment contract and size of firm"
lfso_19fxwt16.csv,"Persons in employment by frequency of work-related contacts during leisure time (in last two months), economic activity (NACE Rev. 2) and occupation"
lfso_19mtwk17.csv,"Employees by recording presence or working hours, educational attainment level and size of firm"
lfso_19mtwk18.csv,"Employees by recording presence or working hours, economic activity (NACE Rev. 2) and occupation"
lfso_19mtwk19.csv,"Persons in employment by frequency of working under time pressure, educational attainment level and professional status"
lfso_19mtwk20.csv,"Persons in employment by frequency of working under time pressure, size of firm and atypical working time"
lfso_19mtwk21.csv,"Persons in employment by frequency of working under time pressure, economic activity (NACE Rev. 2) and occupation"
lfso_19mtwk22.csv,Average number of usual weekly hours of work in main job by frequency of working under time pressure and frequency of work-related contacts during leisure time (in last two months)
lfso_19mtwk23.csv,"Persons in employment by job autonomy, educational attainment level and professional status"
lfso_19mtwk24.csv,"Persons in employment by job autonomy, economic activity (NACE Rev. 2) and occupation"
lfso_19plwk25.csv,"Persons in employment by main place of work, educational attainment level and degree of urbanisation"
lfso_19plwk26.csv,"Persons in employment by main place of work, frequency of working at other locations and working from home"
lfso_19plwk27.csv,"Persons in employment by main place of work, economic activity (NACE Rev. 2) and occupation"
lfso_19plwk28.csv,"Persons in employment by commuting time, educational attainment level and degree of urbanisation"
lfso_19plwk29.csv,"Persons in employment by commuting time, household composition and working from home"
lfso_19plwk30.csv,"Persons in employment by commuting time, economic activity (NACE Rev. 2) and occupation"
lfso_21disc01.csv,"Employment by reason for discrimination in the current job, sex, age, country of birth and educational attainment level"
lfso_21disc02$dv_1912.csv,"Employment by reason for discrimination in the current job, sex, age, migration status and professional status"
lfso_21disc02.csv,"Employment by reason for discrimination in the current job, sex, age, migration status and professional status"
lfso_21disc03$dv_1910.csv,"Employment by reason for discrimination in the current job, sex, age, citizenship and occupation"
lfso_21disc03.csv,"Employment by reason for discrimination in the current job, sex, age, citizenship and occupation"
lfso_21disc04.csv,"Employment by reason for discrimination in the current job, sex, age, size of the local unit and economic activity"
lfso_21educ01.csv,"Population by country where the highest level of education was successfully completed, sex, age, country of birth and educational attainment level"
lfso_21educ02.csv,"Population with the highest level of education obtained abroad by application for formal recognition of the education in the host country, sex, age, country of educational attainment level and country of birth"
lfso_21educ03.csv,"Population with the highest level of education obtained abroad by outcome of applying for recognition of the education in the host country, sex, age, educational attainment level and country of educational attainment level"
lfso_21educ04.csv,"Population with the highest level of education obtained abroad by reason for not applying for recognition of the education in the host country, sex, age, educational attainment level and country of educational attainment level"
lfso_21educ05.csv,"Employed foreign-born by change in skill level from last job before migrating to current job, sex, age, country of birth and educational attainment level"
lfso_21educ06.csv,"Employed foreign-born by change in skill level from last job before migrating to current job, sex, age, country of birth and professional status"
lfso_21educ07.csv,"Employed foreign-born by change in skill level from last job before migrating to current job, sex, age and main reason for migrating"
lfso_21educ08.csv,"Population by educational attainment level of the parents, sex, age, migration status and educational attainment level"
lfso_21educ09.csv,"Population by educational attainment level of the parents, sex, age, country of birth and labour status"
lfso_21jsat01.csv,"Employment by job satisfaction, sex, age, country of birth and educational attainment level"
lfso_21jsat02.csv,"Employment by job satisfaction, sex, age, size of the local unit and economic activity"
lfso_21jsat03.csv,"Employment by job satisfaction, sex, age, citizenship and occupation"
lfso_21jsat04.csv,"Employment by job satisfaction, sex, age, working from home and working time flexibility"
lfso_21jsat05.csv,"Employment by job satisfaction, sex, age, migration status and professional status"
lfso_21jsat06.csv,"Employees by job satisfaction, sex, age, supervisory responsibilities and type of employment contract"
lfso_21lang01.csv,"Foreign-born population by level of skills in the main host country language before migrating, sex, age, country of birth and educational attainment level"
lfso_21lang02.csv,"Foreign-born population by level of current skills in the main host country language, sex, age, country of birth and educational attainment level"
lfso_21lang03.csv,"Foreign-born population by level of current skills in the main host country language, sex, age, citizenship and labour status"
lfso_21lang04.csv,"Foreign-born population by participation in a course for the main host country language after migrating, sex, age, country of birth and educational attainment level"
lfso_21lang05.csv,"Foreign-born population by reason for not participating in a course for the main host country language after migrating, sex, age, country of birth and educational attainment level"
lfso_21obst01.csv,"Foreign-born population by main obstacle to get a suitable job, sex, age, country of birth and educational attainment level"
lfso_21obst02.csv,"Foreign-born population by main obstacle to get a suitable job, sex, age, citizenship and labour status"
lfso_21obst03.csv,"Foreign-born population by main obstacle to get a suitable job, sex, age, country of birth and main reason for migrating"
lfso_21obst04.csv,"Foreign-born population by time required to find the first paid job in the host country, sex, age and country of birth"
lfso_21obst05.csv,"Foreign-born population by time required to find the first paid job in the host country, sex, age and citizenship"
lfso_22aswt01.csv,"Employed persons by working time spent on cognitive tasks, professional status and educational attainment level"
lfso_22aswt02.csv,"Employed persons by working time spent on cognitive tasks, full-time/part-time employment and economic activity"
lfso_22aswt03.csv,"Employed persons by working time spent on manual tasks, professional status and educational attainment level"
lfso_22aswt04.csv,"Employed persons by working time spent on manual tasks, full-time/part-time employment and economic activity"
lfso_22aswt05.csv,"Employed persons by working time spent on social tasks, professional status and educational attainment level"
lfso_22aswt06.csv,"Employed persons by working time spent on social tasks, full-time/part-time employment and economic activity"
lfso_22dmsc01.csv,Employed persons by working time spent on using digital devices and on another specific task (reading documents)
lfso_22dmsc02.csv,Employed persons by working time spent on using digital devices and on another specific task (doing relatively complex calculations)
lfso_22dmsc03.csv,Employed persons by working time spent on using digital devices and on another specific task (interacting with people from the same enterprise or organisation)
lfso_22dmsc04.csv,Employed persons by working time spent on using digital devices and on another specific task (interacting with people from outside the enterprise or organisation)
lfso_22dmsc05.csv,"Employed persons by working time spent on using digital devices and on another specific task (advising, training or teaching)"
lfso_22mant01.csv,"Employed persons by working time spent on doing hard physical work, migration status and educational attainment level"
lfso_22mant02.csv,"Employees by working time spent on doing hard physical work, employment contract and full-time/part-time employment"
lfso_22mant03.csv,"Employed persons by working time spent on tasks involving finger dexterity, migration status and educational attainment level"
lfso_22mant04.csv,"Employees by working time spent on tasks involving finger dexterity, employment contract and full-time/part-time employment"
lfso_22wrkm01.csv,"Employed persons by level of standardization of tasks, level of repetitiveness of tasks and job autonomy"
lfso_22wrkm02.csv,"Employed persons by level of standardization of tasks, level of repetitiveness of tasks and educational attainment level"
lfso_22wrkm03.csv,"Employed persons by job autonomy, economic activity and occupation"
lfso_22wrkm04.csv,"Employed persons by job autonomy, educational attainment level and professional status"
lfso_22wrkm05.csv,"Employed persons by job autonomy, migration status and citizenship"
lfso_22wrkm06.csv,"Employees by job autonomy, employment contract and full-time/part-time employment"
lfso_22wrkm07.csv,"Employed persons by level of repetitiveness of tasks, economic activity and occupation"
lfso_22wrkm08.csv,"Employed persons by level of repetitiveness of tasks, educational attainment level and professional status"
lfso_22wrkm09.csv,"Employed persons by level of repetitiveness of tasks, migration status and citizenship"
lfso_22wrkm10.csv,"Employees by level of repetitiveness of tasks, employment contract and full-time/part-time employment"
lfso_22wrkm11.csv,"Employed persons by level of standardization of tasks, economic activity and occupation"
lfso_22wrkm12.csv,"Employed persons by level of standardization of tasks, educational attainment level and professional status"
lfso_22wrkm13.csv,"Employed persons by level of standardization of tasks, migration status and citizenship"
lfso_22wrkm14.csv,"Employees by level of standardization of tasks, employment contract and full-time/part-time employment"
lfsq_agacob.csv,"Active population by sex, age and country of birth (1 000)"
lfsq_agaed.csv,"Active population by sex, age and educational attainment level (1 000)"
lfsq_agan.csv,"Active population by sex, age and citizenship (1 000)"
lfsq_argacob.csv,"Activity rates by sex, age and country of birth (%)"
lfsq_argaed.csv,"Activity rates by sex, age and educational attainment level (%)"
lfsq_argan.csv,"Activity rates by sex, age and citizenship (%)"
lfsq_e2ged.csv,"Employed persons having a second job by sex, age and educational attainment level (1 000)"
lfsq_e2gis.csv,"Employed persons having a second job by sex, age and occupation in the first job (1 000)"
lfsq_e2gps.csv,"Employed persons having a second job by sex, age and professional status of both jobs (1 000)"
lfsq_eegaed.csv,"Employees by sex, age and educational attainment level (1 000)"
lfsq_eegais.csv,"Employees by sex, age and occupation (1 000)"
lfsq_eegan2.csv,"Employees by sex, age and economic activity (from 2008 onwards, NACE Rev. 2) - 1 000"
lfsq_eegana.csv,"Employees by sex, age and economic activity (1998-2008, NACE Rev. 1.1) - 1 000"
lfsq_eftpt.csv,"Employment by sex, age, professional status and full-time/part-time (1 000)"
lfsq_egacob.csv,"Employment by sex, age and country of birth (1 000)"
lfsq_egaed.csv,"Employment by sex, age and educational attainment level (1 000)"
lfsq_egais.csv,"Employment by sex, age, professional status and occupation (1 000)"
lfsq_egan.csv,"Employment by sex, age and citizenship (1 000)"
lfsq_egan2.csv,"Employment by sex, age and economic activity (from 2008 onwards, NACE Rev. 2) - 1 000"
lfsq_egan22d.csv,"Employment by sex, age and detailed economic activity (from 2008 onwards, NACE Rev. 2 two digit level) - 1 000"
lfsq_egana.csv,"Employment by sex, age and economic activity (1998-2008, NACE Rev. 1.1) - 1 000"
lfsq_egana2d.csv,"Employment by sex, age and detailed economic activity (1998-2008, NACE Rev. 1.1 two digit level) - 1 000"
lfsq_egaps.csv,"Employment by sex, age and professional status (1 000)"
lfsq_egdn2.csv,"Employment by sex, age, time since job started and economic activity (from 2008 onwards, NACE Rev. 2) - 1 000"
lfsq_egised.csv,"Employment by sex, age, occupation and educational attainment level (1 000)"
lfsq_eisn2.csv,"Employment by sex, age, occupation and economic activity (from 2008 onwards, NACE Rev. 2) (1 000)"
lfsq_epgaed.csv,"Full-time and part-time employment by sex, age and educational attainment level (1 000)"
lfsq_epgais.csv,"Full-time and part-time employment by sex, age and occupation (1 000)"
lfsq_epgan2.csv,"Full-time and part-time employment by sex and economic activity (from 2008 onwards, NACE Rev. 2) - 1 000"
lfsq_epgana.csv,"Full-time and part-time employment by sex and economic activity (1998-2008, NACE Rev. 1.1) - 1 000"
lfsq_eppga.csv,"Part-time employment as a percentage of the total employment, by sex and age (%)"
lfsq_ergacob.csv,"Employment rates by sex, age and country of birth (%)"
lfsq_ergaed.csv,"Employment rates by sex, age and educational attainment level (%)"
lfsq_ergan.csv,"Employment rates by sex, age and citizenship (%)"
lfsq_erganedm.csv,"Employment rates by sex, age, migration status, citizenship and educational attainment level (%)"
lfsq_esgaed.csv,"Self-employment by sex, age and educational attainment level (1 000)"
lfsq_esgais.csv,"Self-employment by sex, age and occupation (1 000)"
lfsq_esgan2.csv,"Self-employment by sex, age and economic activity (from 2008 onwards, NACE Rev. 2) - 1 000"
lfsq_esgana.csv,"Self-employment by sex, age and economic activity (1998-2008, NACE Rev. 1.1) - 1 000"
lfsq_etgadc.csv,"Temporary employees by sex, age and duration of the work contract (1 000)"
lfsq_etgaed.csv,"Temporary employees by sex, age and educational attainment level (1 000)"
lfsq_etgais.csv,"Temporary employees by sex, age and occupation (1 000)"
lfsq_etgan2.csv,"Temporary employees by sex, age and economic activity (from 2008 onwards, NACE Rev. 2) - 1 000"
lfsq_etgana.csv,"Temporary employees by sex, age and economic activity (1998-2008, NACE Rev. 1.1) - 1 000"
lfsq_etpga.csv,"Temporary employees as a percentage of the total number of employees, by sex and age (%)"
lfsq_ewh2n2.csv,"Average number of actual weekly hours of work in the second job, by sex, age, professional status, economic activity and full-time/part-time in the first job (from 2008 onwards, NACE Rev. 2)"
lfsq_ewh2na.csv,"Average number of actual weekly hours of work in the second job, by sex, age, professional status, economic activity and full-time/part-time in the first job (1998-2008, NACE Rev. 1.1)"
lfsq_ewhais.csv,"Average number of actual weekly hours of work in main job, by sex, age, professional status, full-time/part-time and occupation"
lfsq_ewhan2.csv,"Average number of actual weekly hours of work in main job, by sex, age, professional status, full-time/part-time and economic activity (from 2008 onwards, NACE Rev. 2)"
lfsq_ewhana.csv,"Average number of actual weekly hours of work in main job, by sex, age, professional status, full-time/part-time and economic activity (1998-2008, NACE Rev. 1.1)"
lfsq_ewhuis.csv,"Average number of usual weekly hours of work in main job, by sex, age, professional status, full-time/part-time and occupation"
lfsq_ewhun2.csv,"Average number of usual weekly hours of work in main job, by sex, age, professional status, full-time/part-time and economic activity (from 2008 onwards, NACE Rev. 2)"
lfsq_ewhuna.csv,"Average number of usual weekly hours of work in main job, by sex, age, professional status, full-time/part-time and economic activity (1998-2008, NACE Rev. 1.1)"
lfsq_igacob.csv,"Inactive population by sex, age and country of birth (1 000)"
lfsq_igaed.csv,"Inactive population by sex, age and educational attainment level (1 000)"
lfsq_igan.csv,"Inactive population by sex, age and citizenship (1 000)"
lfsq_igaww.csv,"Inactive population not seeking employment by sex, age and willingness to work (1 000)"
lfsq_ipga.csv,"Inactive population as a percentage of the total population, by sex and age (%)"
lfsq_pgacws.csv,"Population by sex, age, country of birth and labour status (1 000)"
lfsq_pgaed.csv,"Population by sex, age and educational attainment level (1 000)"
lfsq_pgaied.csv,"Population by sex, age and participation in education and training (last 4 weeks) (1 000)"
lfsq_pganedm.csv,"Population by sex, age, migration status, citizenship and educational attainment level (1 000)"
lfsq_pganws.csv,"Population by sex, age, citizenship and labour status (1 000)"
lfsq_pgauws.csv,"Quarterly population by sex, age, degree of urbanisation and labour status (1 000)"
lfsq_sup_age.csv,Supplementary indicators to unemployment by sex and age
lfsq_sup_edu.csv,Supplementary indicators to unemployment by sex and educational attainment level
lfsq_ugacob.csv,"Unemployment by sex, age and country of birth (1 000)"
lfsq_ugad.csv,"Unemployment by sex, age and duration of unemployment (1 000)"
lfsq_ugan.csv,"Unemployment by sex, age and citizenship (1 000)"
lfsq_ugates.csv,"Unemployed by sex, age and type of employment sought (1 000)"
lfsq_ugmsw.csv,"Methods used for seeking work- Percentage of unemployed who declared having used a given method, by sex (%)"
lfsq_ugpis.csv,"Previous occupations of the unemployed, by sex (1 000)"
lfsq_upgal.csv,"Long-term unemployment (12 months or more) as a percentage of the total unemployment, by sex and age (%)"
lfsq_urgacob.csv,"Unemployment rates by sex, age and country of birth (%)"
lfsq_urgaed.csv,"Unemployment rates by sex, age and educational attainment level (%)"
lfsq_urgan.csv,"Unemployment rates by sex, age and citizenship (%)"
lfst_dpw_01.csv,Share of digital platform workers (in the last 12 months) by educational attainment level - experimental statistics
lfst_dpw_02.csv,Share of digital platform workers (in the last 12 months) by type of task or service  - experimental statistics
lfst_dpw_03.csv,Distribution of digital platform workers (in the last 12 months) by number of hours worked in the last month - experimental statistics
lfst_dpw_04.csv,Distribution of digital platform workers (at least one hour in the last month) by educational attainment level - experimental statistics
lfst_dpw_05.csv,Distribution of digital platform workers (at least one hour in the last month) by labour status - experimental statistics
lfst_dpw_06.csv,Distribution of digital platform workers (at least one hour in the last month) by share of platform income in their earnings - experimental statistics
lfst_dpw_07.csv,Distribution of digital platform workers (at least one hour in the last month) by social insurance coverage and risk - experimental statistics
lfst_dpw_08.csv,Distribution of digital platform workers (at least one hour in the last month) by type of work assignment - experimental statistics
lfst_dpw_09.csv,Distribution of digital platform workers (at least one hour in the last month) by consequences of rejecting the task or service - experimental statistics
lfst_dpw_10.csv,Distribution of digital platform workers (at least one hour in the last month) by working hours setting - experimental statistics
lfst_dpw_11.csv,Distribution of digital platform workers (at least one hour in the last month) by price setting - experimental statistics
lfst_hh2jchi.csv,"Percentage of employed adults having a second job by sex, age groups, number of children and age of the youngest child"
lfst_hh2jty.csv,"Percentage of employed people having a second job by sex, age groups and household composition"
lfst_hhaceday.csv,"Number of adults by sex, age groups, number of children, age of youngest child and household composition (1 000)"
lfst_hhacednc.csv,"Number of adults by sex, age groups, number of children, age of youngest child and educational attainment level (1 000)"
lfst_hhacwnc.csv,"Number of adults by sex, age groups, number of children, age of youngest child and working status (1 000)"
lfst_hhantych.csv,"Average number of persons per household by household composition, number of children and age of youngest child"
lfst_hhanwhtc.csv,"Average number of persons per household by household composition, number of children and working status within households"
lfst_hheredch$dv_1343.csv,"Employment rate of adults by sex, age groups, educational attainment level, number of children and age of youngest child (%)"
lfst_hheredch$dv_1904.csv,"Employment rate of adults by sex, age groups, educational attainment level, number of children and age of youngest child (%)"
lfst_hheredch$dv_2683.csv,"Employment rate of adults by sex, age groups, educational attainment level, number of children and age of youngest child (%)"
lfst_hheredch.csv,"Employment rate of adults by sex, age groups, educational attainment level, number of children and age of youngest child (%)"
lfst_hheredty.csv,"Employment rate by sex, age groups, educational attainment level and household composition (%)"
lfst_hhinded.csv,"Number of persons by sex, age groups, household composition and educational attainment level (1 000)"
lfst_hhindws.csv,"Number of persons by sex, age groups, household composition and working status (1 000)"
lfst_hhmgscomp.csv,"Number of households by migration status, working status and household composition"
lfst_hhnhtych$dv_2142.csv,"Number of households by household composition, number of children and age of youngest child (1 000)"
lfst_hhnhtych.csv,"Number of households by household composition, number of children and age of youngest child (1 000)"
lfst_hhnhwhtc$dv_1623.csv,"Number of households by household composition, number of children and working status within households (1 000)"
lfst_hhnhwhtc.csv,"Number of households by household composition, number of children and working status within households (1 000)"
lfst_hhptechi$dv_1903.csv,"Percentage of part-time employment of adults by sex, age groups, number of children and age of youngest child"
lfst_hhptechi.csv,"Percentage of part-time employment of adults by sex, age groups, number of children and age of youngest child"
lfst_hhptety.csv,"Percentage of part-time employment by sex, age groups and household composition"
lfst_hhsechi.csv,"Percentage of self-employed adults by sex, age groups, number of children and age of youngest child"
lfst_hhsety.csv,"Percentage of self-employed by sex, age groups and household composition"
lfst_hhtemchi.csv,"Percentage of temporary contracts for adults by sex, age groups, number of children and age of youngest child"
lfst_hhtemty.csv,"Percentage of temporary contracts by sex, age groups and household composition"
lfst_hhwahchi$dv_1872.csv,"Percentage of employed adults working at home by sex, age groups, number of children and age of youngest child"
lfst_hhwahchi.csv,"Percentage of employed adults working at home by sex, age groups, number of children and age of youngest child"
lfst_hhwahty.csv,"Percentage of employed people working at home by sex, age groups and household composition"
lfst_hhwhacc.csv,"Number of adults by working status within households, number of children and age of youngest child (1 000)"
lfst_hhwhchit.csv,Average number of children per household by working status within households and household composition
lfst_hhwhnpt.csv,Number of persons by working status within households and household composition (1 000)
lfst_lmbercita.csv,Employment rate of EU/EFTA citizens who usually reside in another EU/EFTA country by citizenship and age
lfst_lmbercited.csv,"Employment rate of EU/EFTA citizens who usually reside in another EU/EFTA country by citizenship, age and educational attainment level"
lfst_lmbercitg.csv,"Employment rate of EU/EFTA citizens who usually reside in another EU/EFTA country by citizenship, age and sex"
lfst_lmbercoba.csv,Employment rate of EU/EFTA born population who usually resides in another EU/EFTA country by country of birth and age
lfst_lmbercobed.csv,"Employment rate of EU/EFTA born population who usually resides in another EU/EFTA country by country of birth, age and educational attainment level"
lfst_lmbercobg.csv,"Employment rate of EU/EFTA born population who usually resides in another EU/EFTA country by country of birth, age and sex"
lfst_lmbpcita.csv,EU/EFTA citizens of working age who usually reside in another EU/EFTA country by citizenship and age
lfst_lmbpcited.csv,"EU/EFTA citizens of working age who usually reside in another EU/EFTA country by citizenship, age and educational attainment level"
lfst_lmbpcitg.csv,"EU/EFTA citizens of working age who usually reside in another EU/EFTA country by citizenship, age and sex"
lfst_lmbpcoba.csv,EU/EFTA born population of working age who usually resides in another EU/EFTA country by country of birth and age
lfst_lmbpcobed.csv,"EU/EFTA born population of working age who usually resides in another EU/EFTA country by country of birth, age and educational attainment level"
lfst_lmbpcobg.csv,"EU/EFTA born population of working age who usually resides in another EU/EFTA country by country of birth, age and sex"
lfst_r_aredcobu.csv,"Activity rates by sex, age, educational attainment level, country of birth and degree of urbanisation"
lfst_r_arednu.csv,"Activity rates by sex, age, educational attainment level, citizenship and degree of urbanisation"
lfst_r_e2pgaedcu.csv,"Part-time employment by sex, age, educational attainment level, country of birth and degree of urbanisation"
lfst_r_e2pgaednu.csv,"Part-time employment by sex, age, educational attainment level, citizenship and degree of urbanisation"
lfst_r_e2sgacu.csv,"Self-employment by sex, age, country of birth and degree of urbanisation"
lfst_r_e2sganu.csv,"Self-employment by sex, age, citizenship and degree of urbanisation"
lfst_r_e2tgaedcu.csv,"Temporary employees by sex, age, educational attainment level, country of birth and degree of urbanisation"
lfst_r_e2tgaednu.csv,"Temporary employees by sex, age, educational attainment level, citizenship and degree of urbanisation"
lfst_r_edatd_16.csv,Regional disparities in the rate of early leavers from education and training (NUTS level 2)
lfst_r_edatd_22.csv,Regional disparities in the rate of young people neither in employment nor in education and training (NEET) (NUTS level 2)
lfst_r_egad.csv,"Employment by sex, age, job tenure and NUTS 2 regions"
lfst_r_egadu.csv,"Employment by sex, age, job tenure and degree of urbanisation"
lfst_r_eredcobu$dv_617.csv,"Employment rates by sex, age, educational attainment level, country of birth and degree of urbanisation"
lfst_r_eredcobu.csv,"Employment rates by sex, age, educational attainment level, country of birth and degree of urbanisation"
lfst_r_erednu.csv,"Employment rates by sex, age, educational attainment level, citizenship and degree of urbanisation"
lfst_r_ergau.csv,"Employment rates by sex, age and degree of urbanisation (%)"
lfst_r_lfe2ecomm.csv,"Employment and commuting by sex, age and NUTS 2 regions"
lfst_r_lfe2eedu.csv,"Employment by sex, age, educational attainment level and NUTS 2 regions (1 000)"
lfst_r_lfe2eftpt.csv,"Employment by sex, age, full-time/part-time, professional status and NUTS 2 regions (1 000)"
lfst_r_lfe2ehour.csv,"Average number of usual weekly hours of work in main job by sex, age and NUTS 2 regions (hours)"
lfst_r_lfe2ehrwa.csv,"Average number of actual weekly hours of work in main job by sex, age and NUTS 2 regions"
lfst_r_lfe2emp.csv,"Employment by sex, age and NUTS 2 regions (1 000)"
lfst_r_lfe2emprc.csv,"Employment rates by sex, age, educational attainment level, country of birth and NUTS 2 regions"
lfst_r_lfe2emprt.csv,"Employment rates by sex, age and NUTS 2 regions (%)"
lfst_r_lfe2emprtn.csv,"Employment rates by sex, age, educational attainment level, citizenship and NUTS 2 regions"
lfst_r_lfe2en1.csv,"Employment by sex, age, economic activity and NUTS 2 regions (1999-2008, NACE Rev. 1.1) (1 000)"
lfst_r_lfe2en2.csv,"Employment by sex, age, economic activity and NUTS 2 regions (NACE Rev. 2) (1 000)"
lfst_r_lfe2estat.csv,"Employment by sex, age, professional status and NUTS 2 regions (1 000)"
lfst_r_lfp2acedu.csv,"Economically active population by sex, age, educational attainment level and NUTS 2 regions (1 000)"
lfst_r_lfp2act.csv,"Economically active population by sex, age and NUTS 2 regions (1 000)"
lfst_r_lfp2actrc.csv,"Activity rates by sex, age, educational attainment level, country of birth and NUTS 2 regions"
lfst_r_lfp2actrt.csv,"Economic activity rates by sex, age and NUTS 2 regions (%)"
lfst_r_lfp2actrtn.csv,"Activity rates by sex, age, educational attainment level, citizenship and NUTS 2 regions"
lfst_r_lfsd2hh.csv,Number of households by degree of urbanisation and NUTS 2 regions (1 000)
lfst_r_lfsd2pop.csv,"Population by sex, age, educational attainment level and NUTS 2 regions (1 000)"
lfst_r_lfsd2pwc.csv,"Population by sex, age, country of birth, labour status and NUTS 2 regions"
lfst_r_lfsd2pwn.csv,"Population by sex, age, citizenship, labour status and NUTS 2 regions"
lfst_r_lfu2gac.csv,"Unemployment by sex, age, country of birth and NUTS 2 regions"
lfst_r_lfu2gacu.csv,"Unemployment by sex, age, country of birth and degree of urbanisation"
lfst_r_lfu2gan.csv,"Unemployment by sex, age, citizenship and NUTS 2 regions"
lfst_r_lfu2ganu.csv,"Unemployment by sex, age, citizenship and degree of urbanisation"
lfst_r_lfu2ltu.csv,"Long-term unemployment (12 months and more) by sex, age, educational attainment level and NUTS 2 regions (%)"
lfst_r_lfu3pers.csv,"Unemployment by sex, age, educational attainment level and NUTS 2 regions (1 000)"
lfst_r_lfu3rt.csv,"Unemployment rates by sex, age, educational attainment level and NUTS 2 regions (%)"
lfst_r_lfur2gac.csv,"Unemployment rates by sex, age, country of birth and NUTS 2 regions"
lfst_r_lfur2gacu.csv,"Unemployment rates by sex, age, country of birth and degree of urbanisation"
lfst_r_lfur2gan.csv,"Unemployment rates by sex, age, citizenship and NUTS 2 regions"
lfst_r_lfur2ganu.csv,"Unemployment rates by sex, age, citizenship and degree of urbanisation"
lfst_r_lmder.csv,"Regional disparities in employment rates (NUTS level 2, NUTS level 3)"
lfst_r_lmdgeg.csv,Regional disparities in gender employment gap (NUTS level 2)
lfst_r_lmdltu.csv,Regional disparities in long-term unemployment rates (NUTS level 2)
lfst_r_lmdur.csv,"Regional disparities in unemployment rates (NUTS level 2, NUTS level 3)"
lfst_r_pgaum.csv,"Population by sex, age, migration status and degree of urbanisation"
lfst_r_pgauwsc.csv,"Population by sex, age, country of birth, labour status and degree of urbanisation"
lfst_r_pgauwsn.csv,"Population by sex, age, citizenship, labour status and degree of urbanisation"
lfst_r_sla_ga.csv,"Labour market slack by sex, age and NUTS 2 regions"
lfst_r_urgau.csv,"Unemployment rates by sex, age and degree of urbanisation (%)"
lfst_rimgacga.csv,"Active recent immigrants by sex, age and country of birth"
lfst_rimganga.csv,"Active recent immigrants by sex, age and citizenship"
lfst_rimgecga.csv,"Employed recent immigrants by sex, age and country of birth"
lfst_rimgenga.csv,"Employed recent immigrants by sex, age and citizenship"
lfst_rimgpcga.csv,"Recent immigrants by sex, age and country of birth"
lfst_rimgpnga.csv,"Recent immigrants by sex, age and citizenship"
mar_go_aa.csv,Gross weight of goods handled in all ports by direction - annual data
mar_go_am_be.csv,Gross weight of goods transported to/from main ports - Belgium
mar_go_am_bg.csv,Gross weight of goods transported to/from main ports - Bulgaria
mar_go_am_cy.csv,Gross weight of goods transported to/from main ports - Cyprus
mar_go_am_de.csv,Gross weight of goods transported to/from main ports - Germany
mar_go_am_dk.csv,Gross weight of goods transported to/from main ports - Denmark
mar_go_am_ee.csv,Gross weight of goods transported to/from main ports - Estonia
mar_go_am_el.csv,Gross weight of goods transported to/from main ports - Greece
mar_go_am_es.csv,Gross weight of goods transported to/from main ports - Spain
mar_go_am_fi.csv,Gross weight of goods transported to/from main ports - Finland
mar_go_am_fr.csv,Gross weight of goods transported to/from main ports - France
mar_go_am_hr.csv,Gross weight of goods transported to/from main ports - Croatia
mar_go_am_ie.csv,Gross weight of goods transported to/from main ports - Ireland
mar_go_am_it.csv,Gross weight of goods transported to/from main ports - Italy
mar_go_am_lt.csv,Gross weight of goods transported to/from main ports - Lithuania
mar_go_am_lv.csv,Gross weight of goods transported to/from main ports - Latvia
mar_go_am_me.csv,Gross weight of goods transported to/from main ports - Montenegro
mar_go_am_mt.csv,Gross weight of goods transported to/from main ports - Malta
mar_go_am_nl.csv,Gross weight of goods transported to/from main ports - Netherlands
mar_go_am_no.csv,Gross weight of goods transported to/from main ports - Norway
mar_go_am_pl.csv,Gross weight of goods transported to/from main ports - Poland
mar_go_am_pt.csv,Gross weight of goods transported to/from main ports - Portugal
mar_go_am_ro.csv,Gross weight of goods transported to/from main ports - Romania
mar_go_am_se.csv,Gross weight of goods transported to/from main ports - Sweden
mar_go_am_si.csv,Gross weight of goods transported to/from main ports - Slovenia
mar_go_am_tr.csv,Gross weight of goods transported to/from main ports - Türkiye
mar_go_am_uk.csv,Gross weight of goods transported to/from main ports - United Kingdom
mar_go_qm.csv,Gross weight of goods transported to/from main ports by direction and type of traffic (national and international) - quarterly data
mar_go_qm_be.csv,Gross weight of goods transported to/from main ports - Belgium - quarterly data
mar_go_qm_bg.csv,Gross weight of goods transported to/from main ports - Bulgaria - quarterly data
mar_go_qm_c1999.csv,Volume of containers transported to/from main ports - quarterly data (1997 - 1999)
mar_go_qm_c2002.csv,Volume of containers transported to/from main ports - quarterly data (2000 - 2002)
mar_go_qm_c2004.csv,Volume of containers transported to/from main ports - quarterly data (2003 - 2004)
mar_go_qm_c2006.csv,Volume of containers transported to/from main ports - quarterly data (2005 - 2006)
mar_go_qm_c2008.csv,Volume of containers transported to/from main ports - quarterly data (2007 - 2008)
mar_go_qm_c2010.csv,Volume of containers transported to/from main ports - quarterly data (2009 - 2010)
mar_go_qm_c2012.csv,Volume of containers transported to/from main ports - quarterly data (2011 - 2012)
mar_go_qm_c2014.csv,Volume of containers transported to/from main ports - quarterly data (2013 - 2014)
mar_go_qm_c2016.csv,Volume of containers transported to/from main ports - quarterly data (2015 - 2016)
mar_go_qm_c2018.csv,Volume of containers transported to/from main ports - quarterly data (2017 - 2018)
mar_go_qm_c2020.csv,Volume of containers transported to/from main ports - quarterly data (2019 - 2020)
mar_go_qm_c2022.csv,Volume of containers transported to/from main ports - quarterly data (2021 - 2022)
mar_go_qm_c2024.csv,Volume of containers transported to/from main ports - quarterly data (2023 - 2024)
mar_go_qm_cy.csv,Gross weight of goods transported to/from main ports - Cyprus - quarterly data
mar_go_qm_de.csv,Gross weight of goods transported to/from main ports - Germany - quarterly data
mar_go_qm_dk.csv,Gross weight of goods transported to/from main ports - Denmark - quarterly data
mar_go_qm_ee.csv,Gross weight of goods transported to/from main ports - Estonia - quarterly data
mar_go_qm_el.csv,Gross weight of goods transported to/from main ports - Greece - quarterly data
mar_go_qm_es.csv,Gross weight of goods transported to/from main ports - Spain - quarterly data
mar_go_qm_fi.csv,Gross weight of goods transported to/from main ports - Finland - quarterly data
mar_go_qm_fr.csv,Gross weight of goods transported to/from main ports - France - quarterly data
mar_go_qm_hr.csv,Gross weight of goods transported to/from main ports - Croatia - quarterly data
mar_go_qm_ie.csv,Gross weight of goods transported to/from main ports - Ireland - quarterly data
mar_go_qm_it.csv,Gross weight of goods transported to/from main ports - Italy - quarterly data
mar_go_qm_lt.csv,Gross weight of goods transported to/from main ports - Lithuania - quarterly data
mar_go_qm_lv.csv,Gross weight of goods transported to/from main ports - Latvia - quarterly data
mar_go_qm_me.csv,Gross weight of goods transported to/from main ports - Montenegro - quarterly data
mar_go_qm_mt.csv,Gross weight of goods transported to/from main ports - Malta - quarterly data
mar_go_qm_nl.csv,Gross weight of goods transported to/from main ports - Netherlands - quarterly data
mar_go_qm_no.csv,Gross weight of goods transported to/from main ports - Norway - quarterly data
mar_go_qm_pl.csv,Gross weight of goods transported to/from main ports - Poland - quarterly data
mar_go_qm_pt.csv,Gross weight of goods transported to/from main ports - Portugal - quarterly data
mar_go_qm_ro.csv,Gross weight of goods transported to/from main ports - Romania - quarterly data
mar_go_qm_se.csv,Gross weight of goods transported to/from main ports - Sweden - quarterly data
mar_go_qm_si.csv,Gross weight of goods transported to/from main ports - Slovenia - quarterly data
mar_go_qm_tr.csv,Gross weight of goods transported to/from main ports - Türkiye - quarterly data
mar_go_qm_uk.csv,Gross weight of goods transported to/from main ports - United Kingdom - quarterly data
mar_go_qmc.csv,Gross weight of goods handled in main ports by direction and type of cargo - quarterly data
mar_mg_aa_cwh.csv,Country level - gross weight of goods handled in all ports
mar_mg_aa_cwhd.csv,"Country level - gross weight of goods handled in all ports, by direction"
mar_mg_aa_pwhd.csv,Gross weight of goods handled in the top 20 EU ports by direction
mar_mg_am_cvh.csv,"Country level - volume (in TEUs) of containers handled in main ports, by loading status"
mar_mg_am_cwhc.csv,"Country level - gross weight of goods handled in main ports, by type of cargo"
mar_mg_am_cwhg.csv,"Country level - Gross weight of goods handled in main ports, by type of goods"
mar_mg_am_cwt.csv,Country level - gross weight of goods transported to/from main ports
mar_mg_am_cwtt.csv,"Country level - gross weight of goods transported to/from main ports, by type of traffic"
mar_mg_am_pvh.csv,Volume of containers handled in the top 20 EU main ports by loading status
mar_mg_am_pwhc.csv,Gross weight of goods handled in the top 20 EU main ports by type of cargo
mar_mp_aa_cph.csv,Country level - passengers embarked and disembarked in all ports
mar_mp_aa_cphd.csv,"Country level - passengers embarked and disembarked in all ports, by direction"
mar_mp_aa_pphd.csv,Passengers embarked and disembarked in the top 20 EU ports
mar_mp_am_cft.csv,Passengers (excluding cruise passengers) transported from/to the main ports
mar_mp_am_cftt.csv,Passengers (excluding cruise passengers) transported from/to the main ports by transport coverage
mar_mt_am_csvi.csv,Vessels arriving in the main ports by type of vessels - annual data
mar_pa_aa.csv,Passengers embarked and disembarked in all ports by direction - annual data
mar_pa_qm.csv,Passengers (excluding cruise passengers) transported from/to the main ports by direction and transport coverage - quarterly data
mar_pa_qm_be.csv,Passengers (excluding cruise passengers) transported from/to the main ports - Belgium - quarterly data
mar_pa_qm_de.csv,Passengers (excluding cruise passengers) transported from/to the main ports - Germany - quarterly data
mar_pa_qm_dk.csv,Passengers (excluding cruise passengers) transported from/to the main ports - Denmark - quarterly data
mar_pa_qm_ee.csv,Passengers (excluding cruise passengers) transported from/to the main ports - Estonia - quarterly data
mar_pa_qm_el.csv,Passengers (excluding cruise passengers) transported from/to the main ports - Greece - quarterly data
mar_pa_qm_es.csv,Passengers (excluding cruise passengers) transported from/to the main ports - Spain - quarterly data
mar_pa_qm_fi.csv,Passengers (excluding cruise passengers) transported from/to the main ports - Finland - quarterly data
mar_pa_qm_fr.csv,Passengers (excluding cruise passengers) transported from/to the main ports - France - quarterly data
mar_pa_qm_hr.csv,Passengers (excluding cruise passengers) transported from/to the main ports - Croatia - quarterly data
mar_pa_qm_ie.csv,Passengers (excluding cruise passengers) transported from/to the main ports - Ireland - quarterly data
mar_pa_qm_it.csv,Passengers (excluding cruise passengers) transported from/to the main ports - Italy - quarterly data
mar_pa_qm_lt.csv,Passengers (excluding cruise passengers) transported from/to the main ports - Lithuania - quarterly data
mar_pa_qm_lv.csv,Passengers (excluding cruise passengers) transported from/to the main ports - Latvia- quarterly data
mar_pa_qm_me.csv,Passengers (excluding cruise passengers) transported from/to the main ports - Montenegro - quarterly data
mar_pa_qm_mt.csv,Passengers (excluding cruise passengers) transported from/to the main ports - Malta - quarterly data
mar_pa_qm_nl.csv,Passengers (excluding cruise passengers) transported from/to the main ports - Netherlands - quarterly data
mar_pa_qm_no.csv,Passengers (excluding cruise passengers) transported from/to the main ports - Norway - quarterly data
mar_pa_qm_pl.csv,Passengers (excluding cruise passengers) transported from/to the main ports - Poland - quarterly data
mar_pa_qm_pt.csv,Passengers (excluding cruise passengers) transported from/to the main ports - Portugal - quarterly data
mar_pa_qm_se.csv,Passengers (excluding cruise passengers) transported from/to the main ports - Sweden - quarterly data
mar_pa_qm_tr.csv,Passengers (excluding cruise passengers) transported from/to the main ports - Türkiye - quarterly data
mar_pa_qm_uk.csv,Passengers (excluding cruise passengers) transported from/to the main ports - United Kingdom - quarterly data
mar_qg_qm_cwh.csv,Country level - gross weight of goods handled in main ports
mar_qg_qm_ewh.csv,EU level - top 20 extra-EU maritime trade flows by gross weight of goods handled in EU main ports
mar_qg_qm_ewhd.csv,"Eu level - gross weight of goods handled in main ports, by direction"
mar_qg_qm_ewhg.csv,"Eu level - gross weight of goods handled in main ports, by various types of partner geographical areas"
mar_qg_qm_ewhk.csv,"Eu level - gross weight of goods handled in main ports, by type of cargo"
mar_qg_qm_ewhp.csv,EU level - top 10 extra-EU partner countries by gross weight of goods handled in EU main ports
mar_qg_qm_ewht.csv,"Eu level - gross weight of goods handled in main ports, by type of traffic"
mar_qg_qm_pvh.csv,Top 5 ports for volume of containers - volume (in TEUs) of containers handled in each port
mar_qg_qm_pwh.csv,Top 5 ports - gross weight of goods handled in each port
mar_qg_qm_pwhb.csv,Top 5 ports for dry bulk- gross weight of dry bulk goods handled in each port
mar_qg_qm_pwhc.csv,Top 5 ports for containers - gross weight of goods in containers handled in each port
mar_qg_qm_pwhl.csv,Top 5 ports for liquid bulk - gross weight of liquid bulk goods handled in each port
mar_qg_qm_pwho.csv,Top 5 ports for other cargo not elsewhere specified - gross weight of goods in other cargo not elsewhere specified handled in each port
mar_qg_qm_pwhr.csv,Top 5 ports for Ro-ro units - gross weight of goods in Ro-Ro units handled in each port
mar_sg_am_cv.csv,"Short sea shipping - country level - volume (in TEU's) of containers transported to/from main ports, by loading status"
mar_sg_am_cw.csv,Short sea shipping - country level - gross weight of goods transported to/from main ports
mar_sg_am_cwd.csv,"Short sea shipping - country level - gross weight of goods transported to/from main ports, by direction"
mar_sg_am_cwk.csv,"Short sea shipping - country level - gross weight of goods transported to/from main ports, by type of cargo"
mar_sg_am_cws.csv,"Short sea shipping - country level - gross weight of goods transported to/from main ports, by sea region of partner ports"
mar_sg_am_ewx.csv,"Short sea shipping - EU level - gross weight of goods transported to/from main ports, by type of cargo for each sea region of partner ports"
mar_sg_am_pw.csv,Gross weight of goods transported in short sea shipping from/to the top 20 EU ports
mar_sg_am_pwb.csv,Gross weight of dry bulk goods transported in short sea shipping from/to the top 5 EU ports for dry bulk goods
mar_sg_am_pwc.csv,Gross weight of goods in containers transported in short sea shipping from/to the top 5 EU ports for goods in containers
mar_sg_am_pwl.csv,Gross weight of liquid bulk goods transported in short sea shipping from/to the top 5 EU ports for liquid bulk goods
mar_sg_am_pwr.csv,Gross weight of goods in Ro-ro units transported in short sea shipping from/to the top 5 EU ports for goods in Ro-ro units
mar_tf_qm.csv,Vessels arriving in the main ports by type and size of vessels - quarterly data
mar_tp_go.csv,Maritime goods transport performed in the Exclusive Economic Zone (EEZ) of the countries
mar_tp_pa.csv,Maritime passenger transport performed in the Exclusive Economic Zone (EEZ) of the countries
mar_tp_sss.csv,Maritime goods short-sea shipping performed in the Exclusive Economic Zone (EEZ) of the countries
mar_v_est.csv,Vessels arriving in main EU ports by type of vessels (estimates) - experimental statistics
med_ag1.csv,Structural information
med_ag2.csv,Crop production
med_ag31.csv,Meat (total production)
med_ag32.csv,Annual production and utilisation of milk on the farm
med_ag33.csv,Livestock in number of heads
med_ag34.csv,Poultry farming
med_ag41.csv,Annual captures of fish - live weight in tonnes - by fishing areas
med_ag42.csv,Annual aquaculture production - live weight in tonnes
med_ag50.csv,Economic accounts for agriculture (EAA)
med_ag51.csv,Price indices of agricultural input/output at nominal value (2000 = 100)
med_air1.csv,Air transport infrastructure: airports
med_air2.csv,Air transport infrastructure: length of paved runways
med_air3.csv,Air transport equipment: number of aircrafts
med_air4.csv,Air transport traffic: number of aircraft movements
med_air5.csv,Air transport traffic: freight and passengers
med_ec0.csv,Additional indicators
med_ec1.csv,Gross domestic product
med_ec2.csv,Final consumption expenditure
med_ec3.csv,Gross capital formation
med_ec4.csv,International trade as a share of GDP
med_ec5.csv,Gross value added
med_ec6.csv,Balancing items
med_ec7.csv,Debts
med_ec8.csv,Prices (annual series)
med_ec9.csv,Exchange rates
med_ecbp.csv,Balance of payments
med_ecet.csv,International trade by SITC - 1 000 EUR
med_eg10.csv,Primary energy production
med_eg20.csv,Secondary energy production (transformation)
med_eg30.csv,Energy consumption
med_eg_all.csv,"Energy - historical data (2004-2007, former methodology and source)"
med_en1.csv,GHG (Green House Gases) emissions
med_en2.csv,Air emissions per sector and per gas
med_en21.csv,Municipal waste
med_en22.csv,Generation of waste by sector
med_en23.csv,Composition of municipal waste
med_en24.csv,Treatment and disposal facilities
med_en25.csv,Management of waste
med_en3.csv,Local pollution
med_en41.csv,Renewable freshwater resources
med_en42.csv,Water use balance
med_en43.csv,Freshwater abstraction
med_en44.csv,Water supplied and used by economic sectors
med_en46.csv,Urban wastewater treatment
med_en47.csv,Population connected to Wastewater Treatment
med_en51.csv,Protected areas
med_en52.csv,Number of known species
med_en53.csv,Percentage of threatened species
med_en61.csv,Landuse
med_en62.csv,Forest and irrigated land
med_en63.csv,Erosion
med_ma1.csv,Maritime transport infrastructure: ports
med_ma2.csv,Maritime equipment - number of ships of 1 000 grt and over
med_ma3.csv,Maritime equipment - number of ships of 300 grt and over
med_ma4.csv,Maritime equipment - carrying capacity of ships of 1 000 grt and over
med_ma5.csv,Maritime equipment - carrying capacity of ships of 300 grt and over
med_ma6.csv,Maritime traffic: ship movements
med_ma7.csv,Maritime traffic: passengers and freight
med_ps111.csv,General indicators
med_ps112.csv,Population on 1 January by sex and by age group
med_ps115.csv,Average population (mid-year)
med_ps12.csv,Demographic indicators
med_ps21.csv,Literacy
med_ps22.csv,General education
med_ps23.csv,Higher education
med_ps24.csv,Quality of education
med_ps25.csv,Technical and vocational education training (TVET)
med_ps26.csv,Public expenditure on education
med_ps311.csv,Poverty lines
med_ps312.csv,At-risk-of poverty rate
med_ps313.csv,Poverty ratio
med_ps32.csv,Access to basic services and housing
med_ps33.csv,Communication
med_ps411.csv,Employment
med_ps412.csv,Economic activity
med_ps413.csv,Employment characteristics
med_ps414.csv,Employment and economic activity branches
med_ps421.csv,Unemployment rate
med_ps422.csv,Unemployment rate by education level
med_ps423.csv,Proportion of persons living in jobless households
med_ps43.csv,Wages
med_ra1.csv,Rail infrastructure: length of network
med_ra2.csv,Rail equipment: number of locomotives and passenger railways vehicles
med_ra3.csv,Rail equipment: number and capacity of railways vehicles
med_ra4.csv,Rail equipment: number and load capacity of goods transport wagons
med_ra5.csv,Rail passenger and freight traffic
med_rd1.csv,Road infrastructure: lenght of road network
med_rd2.csv,Road equipment: number of road vehicles by categories
med_rd3.csv,Road equipment: number of road vehicles by age
med_rd4.csv,Road equipment: load capacity of lorries
med_rd5.csv,Road equipment: new registrations by categories
med_rd6.csv,Road traffic: road freight transport in volume
med_rd7.csv,Road accidents: persons killed
med_to11.csv,Main flows
med_to12.csv,Arrivals by type of accommodation
med_to13.csv,Nights spent by type of accommodation
med_to21.csv,Accommodation establishments
med_to22.csv,Number of bed-places
met_10r_3emp.csv,Employment by NACE Rev. 2 activity and metropolitan typology
met_10r_3gdp.csv,Gross domestic product (GDP) at current market prices by metropolitan regions
met_10r_3gva.csv,Gross value added at basic prices by metropolitan regions
met_10r_3pgdp.csv,Average annual population to calculate regional GDP data by metropolitan regions
met_bd_en2.csv,Employer business demography by NACE Rev. 2activity and metropolitan regions
met_bd_esize.csv,Employer business demography by size class and metropolitan regions
met_bd_hgn2.csv,Business demography and high growth enterprise by NACE Rev. 2 activity and metropolitan regions
met_bd_size.csv,Business demography by size class and metropolitan regions
met_births.csv,Live births (total) by metropolitan regions
met_crim_gen.csv,Crimes recorded by the police by metropolitan regions
met_d3area.csv,Area of the regions by metropolitan regions
met_d3dens.csv,Population density by metropolitan regions
met_deaths.csv,Deaths (total) by metropolitan regions
met_edat_lfse4.csv,"Population aged 25-64 by educational attainment level, sex and metropolitan regions"
met_gind3.csv,Demographic balance and crude rates by metropolitan regions
met_ipr_da.csv,Community design (CD) applications by metropolitan regions
met_ipr_dagdp.csv,Community design (CD) applications per billion GDP by metropolitan regions
met_ipr_dapop.csv,Community design (CD) applications per million population by metropolitan regions
met_ipr_dfa.csv,Community designs (CD) by metropolitan regions
met_ipr_dfagdp.csv,Community designs (CD) per billion GDP by metropolitan regions
met_ipr_dfapop.csv,Community designs (CD) per million population by metropolitan regions
met_ipr_dr.csv,Registered Community designs (RCD) by metropolitan regions
met_ipr_ta.csv,European Union trade mark (EUTM) applications by metropolitan regions
met_ipr_tagdp.csv,European Union trade mark (EUTM) applications per billion GDP by metropolitan regions
met_ipr_tapop.csv,European Union trade mark (EUTM) applications per million population by metropolitan regions
met_lfe3emp.csv,"Employment by sex, age and metropolitan regions"
met_lfe3emprt.csv,Employment rates by sex and age and metropolitan regions
met_lfp3pop.csv,"Economically active population by sex, age and metropolitan regions"
met_lfsd3pop.csv,"Population by sex, age and metropolitan regions"
met_lfu3pers.csv,"Unemployment by sex, age and metropolitan regions"
met_lfu3rt.csv,"Unemployment rates by sex, age and metropolitan regions"
met_pat_epipc.csv,"Patent applications to the EPO by priority year, by international patent classification (IPC) sections, classes and metropolitan regions"
met_pat_eptec.csv,High-tech patent applications to the EPO by priority year and metropolitan regions
met_pat_eptot.csv,Patent applications to the EPO by priority year and metropolitan regions
met_pjanaggr3.csv,"Population on 1 January by broad age group, sex and metropolitan regions"
met_pjangrp3.csv,"Population on 1 January by five year age group, sex and metropolitan regions"
met_proj_19ranmig.csv,"Assumptions for net migration by age, sex, type of projection and metropolitan regions"
met_proj_19rdbi.csv,Demographic balances and indicators by type of projection and metropolitan regions
met_proj_19rdth.csv,"Projected deaths by age, sex, type of projection and metropolitan regions"
met_proj_19rp.csv,"Population on 1st January by age, sex, type of projection and metropolitan regions"
met_road_gonl.csv,"National annual road freight transport by regions of loading, group of goods and metropolitan regions"
met_road_gonu.csv,"National annual road freight transport by regions of unloading, group of goods and metropolitan regions"
migr_acq.csv,"Acquisition of citizenship by age group, sex and former citizenship"
migr_acq1ctz.csv,"Acquisition of citizenship by age group, sex and level of human development of former citizenship"
migr_acqs.csv,Residents who acquired citizenship as a share of resident non-citizens by former citizenship and sex
migr_asyacca.csv,"Asylum applicants having had their applications processed under the accelerated procedure, by age, sex and citizenship - annual aggregated data"
migr_asyaccm$dv_961.csv,"Asylum applicants having had their applications processed under the accelerated procedure, by age, sex and citizenship - monthly data"
migr_asyaccm.csv,"Asylum applicants having had their applications processed under the accelerated procedure, by age, sex and citizenship - monthly data"
migr_asyapp1mp.csv,First-time asylum applicants - per thousand persons
migr_asyapp1pc.csv,First-time asylum applicants - % of total asylum applicants
migr_asyapp1up.csv,First-time asylum applications of unaccompanied minors  - % of total first-time asylum applications of minors
migr_asyappctza$dv_618.csv,"Asylum applicants by type, citizenship, age and sex - annual aggregated data"
migr_asyappctza.csv,"Asylum applicants by type, citizenship, age and sex - annual aggregated data"
migr_asyappctzm$dv_721.csv,"Asylum applicants by type, citizenship, age and sex - monthly data"
migr_asyappctzm.csv,"Asylum applicants by type, citizenship, age and sex - monthly data"
migr_asyctz.csv,Asylum applicants by citizenship - annual data (until 2007)
migr_asyctzm.csv,First time asylum applicants by citizenship - monthly data (until December 2007)
migr_asydcfina$dv_620.csv,"Final decisions in appeal or review on applications by type of decision, citizenship, age and sex - annual data"
migr_asydcfina.csv,"Final decisions in appeal or review on applications by type of decision, citizenship, age and sex - annual data"
migr_asydcfsta$dv_621.csv,"First instance decisions on applications by type of decision, citizenship, age and sex - annual aggregated data"
migr_asydcfsta.csv,"First instance decisions on applications by type of decision, citizenship, age and sex - annual aggregated data"
migr_asydcfstq$dv_722.csv,"First instance decisions on applications by type of decision, citizenship, age and sex - quarterly data"
migr_asydcfstq.csv,"First instance decisions on applications by type of decision, citizenship, age and sex - quarterly data"
migr_asydctzm.csv,Decisions on asylum applications by citizenship (until December 2007) - monthly data
migr_asydctzy.csv,Decisions on asylum applications by citizenship (until 2007) - annual data
migr_asydec1p.csv,Positive first instance decisions - per thousand persons
migr_asydec1pc.csv,Asylum decisions at first instance by type of decision - % of total decisions at first instance
migr_asydecfp.csv,Asylum decisions at final instance by type of decision  - % of total decisions at final instance
migr_asymrca.csv,Applicants having benefited from material reception conditions at the end of the reference year - annual data
migr_asypenctzm$dv_723.csv,"Persons subject of asylum applications pending at the end of the month by citizenship, age and sex - monthly data"
migr_asypenctzm.csv,"Persons subject of asylum applications pending at the end of the month by citizenship, age and sex - monthly data"
migr_asyrelfa.csv,"Resettled persons by age, sex, citizenship and resettlement framework - annual data"
migr_asyresa$dv_629.csv,"Resettled persons by age, sex and citizenship - annual data"
migr_asyresa.csv,"Resettled persons by age, sex and citizenship - annual data"
migr_asyrescra.csv,"Resettled persons by age, sex, citizenship and country of previous residence - annual data"
migr_asyresda.csv,"Resettled persons by age, sex, citizenship and decision - annual data"
migr_asytpfa$dv_1381.csv,"Decisions granting temporary protection by citizenship, age and sex - annual aggregated data"
migr_asytpfa.csv,"Decisions granting temporary protection by citizenship, age and sex - annual aggregated data"
migr_asytpfm$dv_1383.csv,"Decisions granting temporary protection by citizenship, age and sex - monthly data"
migr_asytpfm.csv,"Decisions granting temporary protection by citizenship, age and sex - monthly data"
migr_asytpfpop.csv,Decisions granting temporary protection by citizenship - per thousand persons
migr_asytpfq$dv_1382.csv,"Decisions granting temporary protection by citizenship, age and sex - quarterly data"
migr_asytpfq.csv,"Decisions granting temporary protection by citizenship, age and sex - quarterly data"
migr_asytpsm$dv_1384.csv,"Beneficiaries of temporary protection at the end of the month by citizenship, age and sex - monthly data"
migr_asytpsm.csv,"Beneficiaries of temporary protection at the end of the month by citizenship, age and sex - monthly data"
migr_asytpspop.csv,Beneficiaries of temporary protection by citizenship - per thousand persons
migr_asytpwq.csv,Decisions withdrawing temporary protection by citizenship and reason - quarterly data
migr_asyumacca.csv,"Unaccompanied minor asylum applicants having had their applications processed under the accelerated procedure, by age, sex and citizenship - annual aggregated data"
migr_asyumaccm.csv,"Unaccompanied minor asylum applicants having had their applications processed under the accelerated procedure, by age, sex and citizenship - monthly data"
migr_asyumacta.csv,"Unaccompanied minor asylum applicants by type, citizenship, age and sex - annual aggregated data"
migr_asyumactm.csv,"Unaccompanied minor asylum applicants by type, citizenship, age and sex - monthly data"
migr_asyumdcfa.csv,"First instance decisions on applications of unaccompanied minors by type of decision, citizenship, age and sex - annual aggregated data"
migr_asyumdcfna.csv,"Final decisions in appeal or review on applications of unaccompanied minors by type of decision, citizenship, age and sex - annual data"
migr_asyumdcfq.csv,"First instance decisions on applications of unaccompanied minors by type of decision, citizenship, age and sex - quarterly data"
migr_asyumpctm.csv,"Unaccompanied minors subject of asylum applications pending at the end of the month by citizenship, age and sex - monthly data"
migr_asyumresa.csv,"Resettled unaccompanied minors by age, sex and citizenship - annual data"
migr_asyumtpfa.csv,"Decisions granting temporary protection to unaccompanied minors by citizenship, age and sex - annual aggregated data"
migr_asyumtpfm.csv,"Decisions granting temporary protection to unaccompanied minors by citizenship, age and sex - monthly data"
migr_asyumtpfq.csv,"Decisions granting temporary protection to unaccompanied minors by citizenship, age and sex - quarterly data"
migr_asyumtpsm.csv,"Unaccompanied minors benefiting from temporary protection at the end of the month by citizenship, age and sex - monthly data"
migr_asyumtpwq.csv,Decisions withdrawing temporary protection to unaccompanied minors by citizenship and reason - quarterly data
migr_asyumwfna.csv,"Decisions withdrawing status granted as final decision in appeal or review to unaccompanied minors by type of status withdrawn, citizenship and reason - annual data"
migr_asyumwifa.csv,"Decisions withdrawing status granted at first instance decision to unaccompanied minors by type of status withdrawn, citizenship and reason - annual aggregated data"
migr_asyumwifq.csv,"Decisions withdrawing status granted at first instance decision to unaccompanied minors by type of status withdrawn, citizenship and reason - quarterly data"
migr_asyumwita.csv,"Asylum applications of unaccompanied minors withdrawn by citizenship, age, sex and type of withdrawal - annual aggregated data"
migr_asyumwitm.csv,"Asylum applications of unaccompanied minors withdrawn by citizenship, age, sex and type of withdrawal - monthly data"
migr_asyunaa.csv,"Asylum applicants considered to be unaccompanied minors by citizenship, age and sex - annual data"
migr_asywitfina.csv,"Decisions withdrawing status granted as final decision in appeal or review by type of status withdrawn, citizenship and reason - annual data"
migr_asywitfsta.csv,"Decisions withdrawing status granted at first instance decision by type of status withdrawn, citizenship and reason - annual aggregated data"
migr_asywitfstq.csv,"Decisions withdrawing status granted at first instance decision by type of status withdrawn, citizenship and reason - quarterly data"
migr_asywitha$dv_1021.csv,"Asylum applications withdrawn by citizenship, age, sex and type of withdrawal - annual aggregated data"
migr_asywitha.csv,"Asylum applications withdrawn by citizenship, age, sex and type of withdrawal - annual aggregated data"
migr_asywithm$dv_941.csv,"Asylum applications withdrawn by citizenship, age, sex and type of withdrawal - monthly data"
migr_asywithm.csv,"Asylum applications withdrawn by citizenship, age, sex and type of withdrawal - monthly data"
migr_dubdedaci.csv,"Decisions on incoming 'Dublin' requests based on EURODAC by submitting country (PARTNER), type of request, sex and type of applicant"
migr_dubdedaco.csv,"Decisions on outgoing 'Dublin' requests based on EURODAC by receiving country (PARTNER), type of request, sex and type of applicant"
migr_dubdi.csv,"Decisions on incoming 'Dublin' requests by submitting country (PARTNER), type of decision, type of request, legal provision, sex and type of applicant"
migr_dubdo.csv,"Decisions on outgoing 'Dublin' requests by receiving country (PARTNER), type of decision, type of request, legal provision, sex and type of applicant"
migr_dubduni.csv,"Unilateral 'Dublin' decisions by partner country, type of decision, sex and type of applicant"
migr_dubredaci.csv,"Incoming 'Dublin' requests based on EURODAC by submitting country (PARTNER), type of request, legal provision, sex and type of applicant"
migr_dubredaco.csv,"Outgoing 'Dublin' requests based on EURODAC by receiving country (PARTNER), type of request, legal provision, sex and type of applicant"
migr_dubresi.csv,"Incoming responses to 'Dublin' requests for information by submitting country (PARTNER), legal provision, duration of response, sex and type of applicant"
migr_dubreso.csv,"Outgoing responses to 'Dublin' requests for information by receiving country (PARTNER), legal provision, duration of response, sex and type of applicant"
migr_dubri.csv,"Incoming 'Dublin' requests by submitting country (PARTNER), type of request, legal provision, sex and type of applicant"
migr_dubrinfi.csv,"Incoming 'Dublin' requests for information by submitting country (PARTNER), legal provision, sex and type of applicant"
migr_dubrinfo.csv,"Outgoing 'Dublin' requests for information by receiving country (PARTNER), legal provision, sex and type of applicant"
migr_dubro.csv,"Outgoing 'Dublin' requests by receiving country (PARTNER), type of request, legal provision, sex and type of applicant"
migr_dubrpeni.csv,"Pending 'Dublin' incoming requests by submitting country (PARTNER), type of request, sex and type of applicant"
migr_dubrpeno.csv,"Pending 'Dublin' outgoing requests by receiving country (PARTNER), type of request, sex and type of applicant"
migr_dubti.csv,"Incoming 'Dublin' transfers by submitting country (PARTNER), legal provision, duration of transfer, sex and type of applicant"
migr_dubto.csv,"Outgoing 'Dublin' transfers by receiving country (PARTNER), legal provision, duration of transfer, sex and type of applicant"
migr_dubtpeni.csv,"Pending incoming 'Dublin' transfers by submitting country (PARTNER), sex and type of applicant"
migr_dubtpeno.csv,"Pending outgoing 'Dublin' transfers by receiving country (PARTNER), sex and type of applicant"
migr_eilpop.csv,Persons subject to immigration law enforcement - per thousand persons
migr_eilretpc.csv,Returns by type of return - % of total returns
migr_eiord$dv_1261.csv,Third country nationals ordered to leave - annual data (rounded)
migr_eiord.csv,Third country nationals ordered to leave - annual data (rounded)
migr_eiord1.csv,"Third country nationals ordered to leave by citizenship, age and sex - quarterly data (rounded)"
migr_eiord2.csv,"Third-country unaccompanied minors ordered to leave, by citizenship, age and sex of the minor – quarterly data (rounded)"
migr_eipre$dv_1221.csv,Third country nationals found to be illegally present - annual data (rounded)
migr_eipre.csv,Third country nationals found to be illegally present - annual data (rounded)
migr_eirfs.csv,Third country nationals refused entry at the external borders - annual data (rounded)
migr_eirt_agr.csv,Third-country nationals who have left the territory to a third country by type of agreement procedure and citizenship
migr_eirt_ass.csv,Third-country nationals who have left the territory by type of assistance received and citizenship
migr_eirt_des.csv,Third-country nationals who have left the territory to a third country by destination country and citizenship
migr_eirt_vol.csv,Third-country nationals who have left the territory by type of return and citizenship
migr_eirtn$dv_1241.csv,Third country nationals returned following an order to leave - annual data (rounded)
migr_eirtn.csv,Third country nationals returned following an order to leave - annual data (rounded)
migr_eirtn1.csv,"Third-country nationals returned following an order to leave, by type of return, citizenship, country of destination, age and sex – quarterly data"
migr_eirtn2.csv,"Third-country unaccompanied minors returned following an order to leave, by type of return, citizenship, country of destination, age and sex of the minor – quarterly data (rounded)"
migr_emi1ctz.csv,"Emigration by age group, sex and citizenship"
migr_emi2.csv,Emigration by age and sex
migr_emi3nxt.csv,"Emigration by age group, sex and country of next usual residence"
migr_emi4ctb.csv,"Emigration by age group, sex and country of birth"
migr_emi5nxt.csv,Emigration by group of country of next usual residence
migr_emictznxt.csv,"Emigration by age group, sex, group of citizenship and group of country of next residence - ad hoc data collection (2015-2020)"
migr_imm10ctb.csv,"Immigration by age group, sex and level of human development of the country of birth"
migr_imm11prv.csv,"Immigration by age group, sex and level of human development of the country of previous residence"
migr_imm12prv.csv,Immigration by broad group of country of previous residence
migr_imm1ctz.csv,"Immigration by age group, sex and citizenship"
migr_imm2ctz.csv,"Immigration by age, sex and group of citizenship"
migr_imm3ctb.csv,"Immigration by age group, sex and country of birth"
migr_imm4ctb.csv,"Immigration by age, sex and group of country of birth"
migr_imm5prv.csv,"Immigration by age group, sex and country of previous residence"
migr_imm6ctz.csv,"Immigration by sex, citizenship and group of country of birth"
migr_imm7ctb.csv,"Immigration by sex, country of birth and group of citizenship"
migr_imm8.csv,Immigration by age and sex
migr_imm9ctz.csv,"Immigration by age group, sex and level of human development of the country of citizenship"
migr_immctzprv.csv,"Immigration by age group, sex, group of citizenship and group of country of previous residence - ad hoc data collection (2015-2020)"
migr_lct.csv,Loss of citizenship by sex and new citizenship
migr_netmigr.csv,Net migration by age and sex
migr_pop1ctz$dv_1764.csv,"Population on 1 January by age group, sex and citizenship"
migr_pop1ctz.csv,"Population on 1 January by age group, sex and citizenship"
migr_pop2ctz.csv,"Population on 1 January by age, sex and broad group of citizenship"
migr_pop3ctb.csv,"Population on 1 January by age group, sex and country of birth"
migr_pop4ctb.csv,"Population on 1 January by age, sex and group of country of birth"
migr_pop5ctz.csv,"Population on 1 January by sex, citizenship and group of country of birth"
migr_pop6ctb.csv,"Population on 1 January by sex, country of birth and group of citizenship"
migr_pop7ctz.csv,"Population on 1 January by age group, sex and level of human development of the country of citizenship"
migr_pop8ctb.csv,"Population on 1 January by age group, sex and level of human development of the country of birth"
migr_pop9ctz.csv,EU and EFTA citizens who are usual residents in another EU/EFTA country as of 1 January
migr_resbc1.csv,"EU Blue Cards by type of decision, occupation and citizenship"
migr_resbc2.csv,Admitted family members of EU Blue Cards holders by type of decision and citizenship
migr_resbc3.csv,EU Blue Cards holders and family members by Member State of previous residence
migr_reschange.csv,Change of immigration status permits by reason and citizenship
migr_reschst$dv_1285.csv,"Change of immigration status permits by age, sex and citizenship"
migr_reschst.csv,"Change of immigration status permits by age, sex and citizenship"
migr_resedu.csv,"First permits issued for education reasons by reason, length of validity and citizenship"
migr_resfam.csv,"First permits issued for family reasons by reason, length of validity and citizenship"
migr_resfas$dv_1281.csv,"First permits by reason, age, sex and citizenship"
migr_resfas.csv,"First permits by reason, age, sex and citizenship"
migr_resfirst.csv,"First permits by reason, length of validity and citizenship"
migr_resfpc.csv,First residence permits by reasons - % of total first residence permits
migr_resfrps1.csv,First permits issued for family reunification with a beneficiary of protection status
migr_resfrps2.csv,Permits valid at the end of the year for family reunification with a beneficiary of protection status
migr_resict1_1.csv,"Intra-corporate transferee permits issued, renewed and withdrawn by type of permit, length of validity and citizenship"
migr_resict1_2.csv,"Intra-corporate transferee permits issued by type of permit, economic sector and citizenship"
migr_resict1_3.csv,"Intra-corporate transferee permits issued by type of permit, length of validity, transferee position and citizenship"
migr_resict2_1.csv,Intra-corporate notifications received by length of validity and citizenship
migr_resict2_2.csv,Intra-corporate notifications received by economic sector and citizenship
migr_reslas$dv_1283.csv,"Long-term residents by age, sex and citizenship on 31 December of each year"
migr_reslas.csv,"Long-term residents by age, sex and citizenship on 31 December of each year"
migr_reslong.csv,Long-term residents by citizenship on 31 December of each year
migr_resltr.csv,Long-term residence permits issued during the year
migr_resltra$dv_1284.csv,"Long-term residence permits issued during the year by age, sex and citizenship"
migr_resltra.csv,"Long-term residence permits issued during the year by age, sex and citizenship"
migr_resocc.csv,"First permits issued for remunerated activities by reason, length of validity and citizenship"
migr_resoth.csv,"First permits issued for other reasons by reason, length of validity and citizenship"
migr_respop.csv,First residence permits - per thousand persons
migr_resshare.csv,Long-term residents among all non-EU citizens holding residence permits by citizenship on 31 December (%)
migr_ressing.csv,"Single Permits issued by type of decision, length of validity"
migr_resspc.csv,Valid permits by reasons - % of total valid permits
migr_ressrath.csv,"Authorisations for study and research by reason, type of decision, citizenship and length of validity"
migr_ressrltm.csv,"Authorisations for long-term mobility of researchers by reason, type of decision, citizenship and length of validity"
migr_ressrntf.csv,"Notifications for research and study by reason, decision, citizenship and length of validity"
migr_ressw1_1.csv,"Authorisations for the purpose of seasonal work by status, length of validity, economic sector and citizenship"
migr_ressw2.csv,"Authorisations issued for the purpose of seasonal work by economic sector, sex and citizenship"
migr_resvalid.csv,"All valid permits by reason, length of validity and citizenship on 31 December of each year"
migr_resvas$dv_1282.csv,"All valid permits by age, sex and citizenship on 31 December of each year"
migr_resvas.csv,"All valid permits by age, sex and citizenship on 31 December of each year"
mips_sa.csv,Macroeconomic imbalance procedure - Statistical annex indicators
naida_10_a10.csv,Gross value added by A*10 industry- international data cooperation annual data
naida_10_gdp.csv,GDP and main aggregates- international data cooperation annual data
naida_10_pe.csv,Employment and population- international data cooperation annual data
naidq_10_a10.csv,Gross value added by A*10 industry- international data cooperation quarterly data
naidq_10_gdp.csv,GDP and main aggregates - international data cooperation quarterly data
naidq_10_pe.csv,Employment and population - international data cooperation quarterly data
naidsa_10_f_bs.csv,Financial balance sheets – international data cooperation
naidsa_10_f_tr.csv,Financial transactions – international data cooperation
naidsa_10_nf_tr.csv,Non-financial transactions - selected international annual data
naidsq_10_f_bs.csv,Financial balance sheets – international data cooperation - quarterly data
naidsq_10_f_tr.csv,Financial transactions – international data cooperation - quarterly data
naidsq_10_nf_tr.csv,Non-financial transactions - selected international quarterly data
naio_10_cp15.csv,Supply table at basic prices incl. transformation into purchasers' prices
naio_10_cp16.csv,Use table at purchasers' prices
naio_10_cp1610.csv,Use table at basic prices
naio_10_cp1620.csv,Table of trade and transport margins
naio_10_cp1630.csv,Table of taxes less subsidies on product
naio_10_cp1700.csv,Symmetric input-output table at basic prices (product by product)
naio_10_cp1750.csv,Symmetric input-output table at basic prices (industry by industry)
naio_10_faex.csv,Employment generated by EU exports (FIGARO application)
naio_10_favx.csv,Value-added generated by EU exports (FIGARO application)
naio_10_fcp_ii1.csv,"EU inter-country input-output table at basic prices, industry by industry (2010-2014)"
naio_10_fcp_ii2.csv,"EU inter-country input-output table at basic prices, industry by industry (2015-2019)"
naio_10_fcp_ii3.csv,"EU inter-country input-output table at basic prices, industry by industry (2020 and onwards)"
naio_10_fcp_ip1.csv,"EU inter-country input-output table at basic prices, product by product (2010-2014)"
naio_10_fcp_ip2.csv,"EU inter-country input-output table at basic prices, product by product (2015-2019)"
naio_10_fcp_ip3.csv,"EU inter-country input-output table at basic prices, product by product (2020 and onwards)"
naio_10_fcp_s1.csv,EU inter-country supply table at basic prices (2010-2014)
naio_10_fcp_s2.csv,EU inter-country supply table at basic prices (2015-2019)
naio_10_fcp_s3.csv,EU inter-country supply table at basic prices (2020 and onwards)
naio_10_fcp_u1.csv,EU inter-country use table at basic prices (2010-2014)
naio_10_fcp_u2.csv,EU inter-country use table at basic prices (2015-2019)
naio_10_fcp_u3.csv,EU inter-country use table at basic prices (2020 and onwards)
naio_10_pyp15.csv,Supply table at basic prices incl. transformation into purchasers' prices (previous years prices)
naio_10_pyp16.csv,Use table at purchasers' prices (previous years prices)
naio_10_pyp1610.csv,Use table at basic prices (previous years prices)
naio_10_pyp1620.csv,Table of trade and transport margins (previous years prices)
naio_10_pyp1630.csv,Table of taxes less subsidies on products (previous years prices)
naio_10_pyp1700.csv,Symmetric input-output table at basic prices (product by product) (previous years prices)
naio_10_pyp1750.csv,Symmetric input-output table at basic prices (industry by industry) (previous years prices)
nama_10_a10.csv,Gross value added and income by A*10 industry breakdowns
nama_10_a10_e.csv,Employment by A*10 industry breakdowns
nama_10_a64.csv,National accounts aggregates by industry (up to NACE A*64)
nama_10_a64_e.csv,National accounts employment data by industry (up to NACE A*64)
nama_10_a64_p5.csv,Gross capital formation by industry (up to NACE A*64)
nama_10_an6.csv,Gross fixed capital formation by AN_F6 asset type
nama_10_co3_p3$dv_1002.csv,Final consumption expenditure of households by consumption purpose (COICOP 3 digit)
nama_10_co3_p3.csv,Final consumption expenditure of households by consumption purpose (COICOP 3 digit)
nama_10_cp18.csv,Final consumption expenditure of households by consumption purpose (COICOP 2018)
nama_10_cp_a21.csv,Capital stock based productivity indicators at industry level
nama_10_exi.csv,Exports and imports by Member States of the EU/third countries
nama_10_fcs.csv,Final consumption aggregates by durability
nama_10_fte.csv,Average full time adjusted salary per employee
nama_10_gdp.csv,"GDP and main components (output, expenditure and income)"
nama_10_lp_a21.csv,Labour productivity and unit labour costs at industry level
nama_10_lp_ulc.csv,Labour productivity and unit labour costs
nama_10_nfa_bs.csv,Balance sheets for non-financial assets
nama_10_nfa_fl.csv,Cross-classification of gross fixed capital formation by industry and by asset (flows)
nama_10_nfa_st$dv_647.csv,Cross-classification of fixed assets by industry and by asset (stocks)
nama_10_nfa_st.csv,Cross-classification of fixed assets by industry and by asset (stocks)
nama_10_pc$dv_648.csv,Main GDP aggregates per capita
nama_10_pc.csv,Main GDP aggregates per capita
nama_10_pe.csv,Population and employment
nama_10_pp.csv,GNI (gross national income) per capita in PPS
nama_10r_2coe.csv,Compensation of employees by NUTS 2 regions
nama_10r_2emhrw.csv,Employment (thousand hours worked) by NUTS 2 regions
nama_10r_2gdp.csv,Gross domestic product (GDP) at current market prices by NUTS 2 regions
nama_10r_2gfcf.csv,Gross fixed capital formation by NUTS 2 regions
nama_10r_2gvagr.csv,Gross domestic product (GDP) and Gross value added (GVA) in volume by NUTS 2 regions
nama_10r_2hhinc.csv,Income of households by NUTS 2 regions
nama_10r_2lp10.csv,Compensation per employee and hours worked per employed person by NUTS 2 regions and by industry
nama_10r_2nlp.csv,Nominal Labour productivity by NUTS 2 regions
nama_10r_2rlp.csv,Real Labour productivity by NUTS 2 regions
nama_10r_3empers$dv_1564.csv,Employment (thousand persons) by NUTS 3 regions
nama_10r_3empers.csv,Employment (thousand persons) by NUTS 3 regions
nama_10r_3gdp$dv_1562.csv,Gross domestic product (GDP) at current market prices by NUTS 3 regions
nama_10r_3gdp.csv,Gross domestic product (GDP) at current market prices by NUTS 3 regions
nama_10r_3gva$dv_1563.csv,Gross value added at basic prices by NUTS 3 regions
nama_10r_3gva.csv,Gross value added at basic prices by NUTS 3 regions
nama_10r_3nlp.csv,Nominal Labour productivity by NUTS 3 regions
nama_10r_3popgdp.csv,Average annual population to calculate regional GDP data (thousand persons) by NUTS 3 regions
namq_10_a10.csv,Gross value added and income A*10 industry breakdowns
namq_10_a10_e.csv,Employment A*10 industry breakdowns
namq_10_an6.csv,Gross fixed capital formation with AN_F6 asset breakdowns
namq_10_exi.csv,Exports and imports by Member States of the EU/third countries
namq_10_fcs.csv,Final consumption aggregates
namq_10_gdp.csv,"GDP and main components (output, expenditure and income)"
namq_10_lp_ulc.csv,Labour productivity and unit labour costs
namq_10_pc.csv,Main GDP aggregates per capita
namq_10_pe.csv,Population and employment
nasa_10_f_bs.csv,Financial balance sheets - annual data
nasa_10_f_cp.csv,Financial accounts: counterpart information -- annual data
nasa_10_f_gl.csv,Revaluation account - annual data
nasa_10_f_oc.csv,Other changes in volume - annual data
nasa_10_f_tr.csv,Financial transactions - annual data
nasa_10_ki.csv,Key indicators - annual data
nasa_10_nf_tr.csv,Non-financial transactions - annual data
nasa_10_pens1.csv,Accrued-to-date pension entitlements in social insurance - annual data
nasa_10_pens2.csv,Sensitivity analysis of accrued-to-date pension entitlements in general government pension schemes outside of core national accounts - annual data
nasq_10_f_bs.csv,Financial balance sheets - quarterly data
nasq_10_f_cp.csv,Financial accounts: counterpart information - quarterly data
nasq_10_f_gl.csv,Revaluation account - quarterly data
nasq_10_f_oc.csv,Other changes in volume -  quarterly data
nasq_10_f_tr.csv,Financial transactions - quarterly data
nasq_10_ki.csv,Key indicators - quarterly data
nasq_10_nf_tr.csv,Non-financial transactions - quarterly data
nrg_101m.csv,Supply and transformation of solid fuels - monthly data
nrg_102m.csv,Supply and transformation of oil - monthly data
nrg_103m.csv,Supply of gas - monthly data
nrg_105m.csv,Supply of electricity - monthly data
nrg_122m.csv,Imports - solid fuels - monthly data
nrg_123m.csv,Imports - oil - monthly data
nrg_124m.csv,Imports - gas - monthly data
nrg_125m.csv,Imports - electricity - monthly data
nrg_132m.csv,Exports - solid fuels - monthly data
nrg_133m.csv,Exports - oil - monthly data
nrg_134m.csv,Exports - gas - monthly data
nrg_135m.csv,Exports - electricity - monthly data
nrg_141m.csv,Oil stocks - stock levels - monthly data
nrg_142m.csv,Oil stocks - stocks held for other countries and stocks held abroad - monthly data
nrg_143m.csv,Oil stocks - emergency stocks in days equivalent - monthly data
nrg_bal_c.csv,Complete energy balances
nrg_bal_cv.csv,Calorific values
nrg_bal_peh.csv,Production of electricity and derived heat by type of fuel
nrg_bal_s$dv_650.csv,Simplified energy balances
nrg_bal_s.csv,Simplified energy balances
nrg_bal_sd.csv,Energy flow - Sankey diagram data
nrg_cb_bm.csv,Supply of biomass - annual data
nrg_cb_cosm.csv,Crude oil supply - monthly data
nrg_cb_e.csv,"Supply, transformation and consumption of electricity"
nrg_cb_eim.csv,Electricity available to internal market
nrg_cb_em.csv,"Supply, transformation and consumption of electricity - monthly data"
nrg_cb_gas.csv,"Supply, transformation and consumption of gas"
nrg_cb_gasm.csv,"Supply, transformation and consumption of gas - monthly data"
nrg_cb_h.csv,"Supply, transformation and consumption of derived heat"
nrg_cb_oil.csv,"Supply, transformation and consumption of oil and petroleum products"
nrg_cb_oilm.csv,Supply and transformation of oil and petroleum products - monthly data
nrg_cb_pem.csv,Net electricity generation by type of fuel - monthly data
nrg_cb_rw.csv,"Supply, transformation and consumption of renewables and wastes"
nrg_cb_sff.csv,"Supply, transformation and consumption of solid fossil fuels"
nrg_cb_sffm.csv,Supply and transformation of solid fossil fuels - monthly data
nrg_chdd_a.csv,Cooling and heating degree days by country - annual data
nrg_chdd_m.csv,Cooling and heating degree days by country - monthly data
nrg_chddr2_a.csv,Cooling and heating degree days by NUTS 3 regions - annual data
nrg_chddr2_m.csv,Cooling and heating degree days by NUTS 3 regions - monthly data
nrg_chp_cpfe.csv,"Capacities, production, fuel used and energy savings in combined heat and power (CHP) by type of plant, generation technologies and primary energy savings levels"
nrg_chp_f.csv,Fuel used in combined heat and power
nrg_chp_n.csv,"Number of combined heat and power (CHP) units by type of plant, generation technologies and primary energy savings levels"
nrg_d_hhcv.csv,Disaggregated final energy consumption in households - calorific values
nrg_d_hhq.csv,Disaggregated final energy consumption in households - quantities
nrg_d_indcv.csv,Disaggregated final energy consumption in industry - calorific values
nrg_d_indq_n.csv,Disaggregated final energy consumption in industry by NACE Rev. 2 activity – quantities
nrg_d_sercv.csv,Disaggregated final energy consumption in services – calorific values
nrg_d_serq_n.csv,Disaggregated final energy consumption in services by NACE Rev. 2 activity – quantities
nrg_dhdc_c.csv,Customers by type of district network and efficiency of network
nrg_dhdc_cpl.csv,"Capacities, productions and losses in district networks by type of network and type of plant"
nrg_dhdc_e.csv,"Energy removed from district networks by customers, type of networks and efficiency of network"
nrg_dhdc_n.csv,Number and length of district networks by type of network and efficiency of network
nrg_ind_342m.csv,Supply electricity - short term monthly data
nrg_ind_343m.csv,Supply natural gas - short term monthly data
nrg_ind_ahbtc.csv,Heat pumps - ambient heat captured by technology and climate
nrg_ind_cotd.csv,Calculation of overall target - details
nrg_ind_di.csv,Diversity index of energy supply
nrg_ind_difec.csv,Diversity index of final energy consumption by sector
nrg_ind_ebmg.csv,Exports of biomethane through the grid
nrg_ind_eff.csv,Energy efficiency
nrg_ind_ei.csv,Energy intensity
nrg_ind_ep.csv,Energy productivity
nrg_ind_epsc.csv,Electricity production and self-consumption by sector and fuel
nrg_ind_esc.csv,"Available energy, energy supply and final energy consumption per capita"
nrg_ind_esr.csv,Energy self-reliance
nrg_ind_fecf.csv,Share of fuels in final energy consumption
nrg_ind_ffgae.csv,Share of fossil fuels in gross available energy
nrg_ind_hptctc.csv,Heat pumps - technical characteristics by technology and climate
nrg_ind_ibmg.csv,Imports of biomethane through the grid
nrg_ind_id.csv,Energy imports dependency
nrg_ind_id3cf.csv,Import dependency on third countries by fuel type
nrg_ind_idogas.csv,Natural gas import dependency by country of origin
nrg_ind_idooil.csv,Oil and petroleum products import dependency by country of origin
nrg_ind_ioc.csv,Energy import origin concentration index by fuel
nrg_ind_market.csv,Energy market indicator
nrg_ind_peh.csv,Gross and net production of electricity and derived heat by type of plant and operator
nrg_ind_pehap.csv,"Production of electricity and heat by autoproducers, by type of plant"
nrg_ind_pehcf.csv,Gross production of electricity and derived heat from combustible fuels by type of plant and operator
nrg_ind_pehnf.csv,Gross production of electricity and derived heat from non-combustible fuels by type of plant and operator
nrg_ind_rcaebt.csv,Renewable cooling - ambient energy by technology
nrg_ind_rctcbt.csv,Renewable cooling - technical characteristics by technology
nrg_ind_ren.csv,Share of energy from renewable sources
nrg_ind_rfce.csv,Contribution of renewable fuels to gross final consumption of energy
nrg_ind_rfcer.csv,Share of renewable fuels in gross final consumption of energy from renewables
nrg_ind_rftce.csv,Share of renewable fuels in total gross final consumption of energy
nrg_ind_stjpjss.csv,"Statistical transfers, joint projects and joint support schemes"
nrg_ind_ured.csv,Use of renewables for electricity - details
nrg_ind_urhcd.csv,Use of renewables for heating and cooling - details
nrg_ind_urtd.csv,Use of renewables for transport - details
nrg_inf_bt.csv,Batteries power capacities and energy storage
nrg_inf_epc.csv,Electricity production capacities by main fuel groups and operator
nrg_inf_epcrw.csv,Electricity production capacities for renewables and wastes
nrg_inf_epct.csv,Electricity production capacities for combustible fuels by technology and operator
nrg_inf_hptc.csv,Heat pumps - technical characteristics by technologies
nrg_inf_lbpc.csv,Liquid biofuels production capacities
nrg_inf_nuc.csv,Nuclear energy facilities
nrg_inf_stcs.csv,Solar thermal collectors' surface
nrg_jodi.csv,Supply oil - short term monthly data
nrg_pc_202.csv,Gas prices for household consumers - bi-annual data (from 2007 onwards)
nrg_pc_202_c.csv,Gas prices components for household consumers - annual data
nrg_pc_202_h.csv,Gas prices for domestic consumers - bi-annual data (until 2007)
nrg_pc_202_v.csv,Household consumption volumes of gas by consumption bands
nrg_pc_203.csv,Gas prices for non-household consumers - bi-annual data (from 2007 onwards)
nrg_pc_203_c.csv,Gas prices components for non-household consumers - annual data
nrg_pc_203_h.csv,Gas prices for industrial consumers - bi-annual data (until 2007)
nrg_pc_203_v.csv,Non-household consumption volumes of gas by consumption bands
nrg_pc_204.csv,Electricity prices for household consumers - bi-annual data (from 2007 onwards)
nrg_pc_204_c.csv,Electricity prices components for household consumers - annual data (from 2007 onwards)
nrg_pc_204_h.csv,Electricity prices for domestic consumers - bi-annual data (until 2007)
nrg_pc_204_v.csv,Household consumption volumes of electricity by consumption bands
nrg_pc_205.csv,Electricity prices for non-household consumers - bi-annual data (from 2007 onwards)
nrg_pc_205_c.csv,Electricity prices components for non-household consumers - annual data (from 2007 onwards)
nrg_pc_205_h.csv,Electricity prices for industrial consumers - bi-annual data (until 2007)
nrg_pc_205_v.csv,Non-household consumption volumes of electricity by consumption bands
nrg_pc_206.csv,Share for transmission and distribution in the network cost for gas and electricity - annual data
nrg_pc_206_h.csv,Electricity - marker prices - bi-annual data (until 2007)
nrg_stk_gas.csv,Stock levels for gaseous and liquefied natural gas
nrg_stk_gasm.csv,Stock levels for gas products - monthly data
nrg_stk_oam.csv,Oil stocks held abroad - monthly data
nrg_stk_oem.csv,Emergency oil stocks in days equivalent - monthly data
nrg_stk_oil.csv,Stock levels for oil products
nrg_stk_oilm.csv,Stock levels for oil products - monthly data
nrg_stk_oom.csv,Oil stocks held for other countries - monthly data
nrg_te_bio.csv,Exports of biofuels by partner country
nrg_te_eh.csv,Exports of electricity and derived heat by partner country
nrg_te_gas.csv,Exports of natural gas by partner country
nrg_te_gasm.csv,Exports of natural gas by partner country - monthly data
nrg_te_oil.csv,Exports of oil and petroleum products by partner country
nrg_te_oilm.csv,Exports of oil and petroleum products by partner country - monthly data
nrg_te_sff.csv,Exports of solid fossil fuels by partner country
nrg_ti_bio.csv,Imports of biofuels by partner country
nrg_ti_coifpm.csv,Crude oil imports by field of production - monthly data
nrg_ti_eh.csv,Imports of electricity and derived heat by partner country
nrg_ti_gas.csv,Imports of natural gas by partner country
nrg_ti_gasm.csv,Imports of natural gas by partner country - monthly data
nrg_ti_oil.csv,Imports of oil and petroleum products by partner country
nrg_ti_oilm.csv,Imports of oil and petroleum products by partner country - monthly data
nrg_ti_sff.csv,Imports of solid fossil fuels by partner country
orch_apples1.csv,Apple and pears trees - Area by age classes and group of varieties (area in ha)
orch_apples2.csv,Apple and pear trees - Area by density classes and group of varieties (area in ha)
orch_apples3.csv,Apple and pear trees - Area by age and density classes (area in ha)
orch_grapes1.csv,Table grape vines - Area by age classes (area in ha)
orch_grapes2.csv,Table grape vines - Area by density classes (area in ha)
orch_grapes3.csv,Table grape vines - Area by age and density classes (area in ha)
orch_olives1.csv,Olive trees - Area by age classes (area in ha)
orch_olives2.csv,Olive trees - Area by density classes (area in ha)
orch_olives3.csv,Olive trees - Area by age and density classes (area in ha)
orch_oranges1.csv,"Orange, lemon and small citrus fruit trees - Area by age classes and group of varieties (area in ha)"
orch_oranges2.csv,"Orange, lemon and small citrus fruit trees - Area by density classes and group of varieties (area in ha)"
orch_oranges3.csv,"Orange, lemon and small citrus fruit trees - Area by age and density classes (area in ha)"
orch_peach1.csv,Peach and apricot trees - Area by age classes and group of varieties (area in ha)
orch_peach2.csv,Peach and apricot trees - Area by density classes and group of varieties (area in ha)
orch_peach3.csv,Peach and apricot trees - Area by age and density classes (area in ha)
orch_total.csv,Total area by species (area in ha)
org_aprod.csv,Organic production of animal products
org_aprod_h.csv,Organic production of animal products (until 2011)
org_aqtspec.csv,Organic production of aquaculture products
org_coptyp.csv,Organic operators by status of the registration process
org_coptyp_h.csv,Organic operators by status of the registration process (until 2011)
org_cpreact.csv,Processors of organic products by NACE Rev. 2 activity (C)
org_cpreact_h.csv,Processors of organic products by NACE Rev. 2 activity (C) (2008 -2011)
org_cpreact_nr1.csv,Processors and importers of organic products by NACE Rev. 1.1 activity (D) (until 2007)
org_cropar.csv,Organic crop area by agricultural production methods and crops
org_cropar_h1.csv,Organic crop area by agricultural production methods and crops (until 2011)
org_cropar_h2.csv,Share of organic crop area out of the total utilised agricultural area (UAA) (until 2011)
org_croppro.csv,Organic crop production by crops
org_croppro_h.csv,Organic crop production by crops (until 2011)
org_lstspec.csv,Organic livestock
org_lstspec_h.csv,Organic livestock (until 2011)
pat_ep_cp.csv,Co-patenting at the EPO according to applicants'/inventors' country of residence - number (1977-2013)
pat_ep_ipc.csv,EU co-patenting at the EPO according to applicants'/ inventors' country of residence by international patent classification (IPC) sections - number (1977-2013)
pat_ep_nic.csv,Patent applications to the EPO by priority year by institutional sector (1977-2012)
pat_ep_nipc.csv,Patent applications to the EPO by priority year by international patent classification (IPC) sections and classes (1977-2012)
pat_ep_nnac2.csv,Patent applications to the EPO by priority year by NACE Rev. 2 activity (1977-2012)
pat_ep_npct.csv,Patent cooperation treaty (PCT) applications designated to the EPO by priority year by international patent classification (IPC) sections and classes (1978-2013)
pat_ep_nptn.csv,"Patent applications to the EPO with foreign co-inventors, by priority year (1977-2013)"
pat_ep_ntec.csv,High-tech patent applications to the EPO by priority year (1977-2013)
pat_ep_ntot.csv,Patent applications to the EPO by priority year (1977-2017)
pat_ep_ripc.csv,"Patent applications to the EPO by priority year by NUTS 3 regions, international patent classification (IPC) sections and classes (1977-2013)"
pat_ep_rtec.csv,High-tech patent applications to the EPO by priority year by NUTS 3 regions (1977-2012)
pat_ep_rtot.csv,Patent applications to the EPO by priority year by NUTS 3 regions (1977-2012)
pat_ep_tot.csv,Patent applications to the EPO by country of applicants and inventors (2004 and onwards)
pat_td_ntot.csv,Triadic patent families by earliest priority year (1977-2012)
pipe_ec_employ.csv,Persons employed in oil pipeline enterprises by sex (2003-2012)
pipe_ec_ent.csv,Oil pipeline enterprises (1990-2012)
pipe_ec_invest.csv,Investment and maintenance in oil pipeline infrastructure
pipe_go_ttkm.csv,Oil pipeline transport measurements within the national territory by transport coverage and energy products
pipe_if_capac.csv,Carrying capacity of pipelines operated
pipe_if_lenght.csv,Length of pipelines operated
prc_colc_ext.csv,Correction coefficients outside the European Union (Duty stations) - index (Brussels = 100)
prc_colc_extm.csv,Correction coefficients outside the European Union (Duty stations) - index (Brussels = 100) (Monthly data)
prc_colc_nat.csv,Correction coefficients in the European Union (Countries) - index (Belgium = 100)
prc_colc_pppnat.csv,Purchasing Power Parities in the European Union (Countries) - index (Belgium = 1)
prc_colc_ppptot.csv,Purchasing Power Parities in the European Union (Duty stations) - index (Brussels = 1)
prc_colc_ppsm.csv,Purchasing Power Parities outside the European Union (Duty stations) - index (Brussels = 1) (Monthly data)
prc_colc_rents.csv,Average rent per month in cities by type of dwelling
prc_colc_surf.csv,Typical dwelling sizes by type of dwelling in each surveyed city
prc_colc_tot.csv,Correction coefficients in the European Union (Duty stations) - index (Brussels = 100)
prc_dap12.csv,Detailed average prices - 2012
prc_dap13.csv,Detailed average prices - 2013
prc_dap14.csv,Detailed average prices - 2014
prc_dap15.csv,Detailed average prices - 2015
prc_fsc_idx.csv,Food price monitoring tool
prc_hicp_aind$dv_2561.csv,HICP - annual data (average index and rate of change)
prc_hicp_aind$dv_2581.csv,HICP - annual data (average index and rate of change)
prc_hicp_aind.csv,HICP - annual data (average index and rate of change)
prc_hicp_apc.csv,HICP - administered prices (composition)
prc_hicp_cann.csv,HICP at constant tax rates - monthly data (annual rate of change)
prc_hicp_cind.csv,HICP at constant tax rates - monthly data (index)
prc_hicp_cmon.csv,HICP at constant tax rates - monthly data (monthly rate of change)
prc_hicp_cow.csv,HICP - country weights
prc_hicp_ctrb.csv,HICP - contributions to EA annual inflation (in percentage points)
prc_hicp_fp.csv,HICP - first published data (monthly index and annual rate of change)
prc_hicp_inw.csv,HICP - item weights
prc_hicp_manr.csv,HICP - monthly data (annual rate of change)
prc_hicp_midx$dv_2582.csv,HICP - monthly data (index)
prc_hicp_midx$dv_2583.csv,HICP - monthly data (index)
prc_hicp_midx.csv,HICP - monthly data (index)
prc_hicp_mmor.csv,HICP - monthly data (monthly rate of change)
prc_hicp_mv12r.csv,HICP - monthly data (12-month average rate of change)
prc_hpi_a.csv,House price index (2015 = 100) - annual data
prc_hpi_cow.csv,House price index - country weights
prc_hpi_hsna.csv,"House sales - number and index (2015=100), annual data"
prc_hpi_hsnq.csv,"House sales - number and index (2015=100), quarterly data"
prc_hpi_hsva.csv,"House sales - value and index (2015=100), annual data"
prc_hpi_hsvq.csv,"House sales - value and index (2015=100), quarterly data"
prc_hpi_inw.csv,House price index - Item weights
prc_hpi_ooa.csv,Owner-occupied housing price index (2015=100) - annual data
prc_hpi_oocow.csv,Owner-occupied housing price index - country weights
prc_hpi_ooinw.csv,Owner-occupied housing price index - item weights
prc_hpi_ooq.csv,Owner-occupied housing price index (2015=100) - quarterly data
prc_hpi_q.csv,House price index (2015 = 100) - quarterly data
prc_ipc_g20.csv,G20 CPI all-items - Group of Twenty - Consumer price index
prc_ppp_conv.csv,Convergence indicators
prc_ppp_ind.csv,"Purchasing power parities (PPPs), price level indices and real expenditures for ESA 2010 aggregates"
prc_rem_avg.csv,Average remuneration of national civil servants in central public administration
prc_rem_cs.csv,Remuneration indexes of national civil servants in central public administration
prc_rem_gdp.csv,GDP weights used in the calculation of the global specific indicator
prc_rem_idx.csv,Joint Index
prc_rem_nr.csv,National civil servants in central public administration
proj_19naasfr.csv,Assumptions for fertility rates by age and type of projection
proj_19naasmr.csv,"Assumptions for probability of dying by age, sex and type of projection"
proj_19nalexp.csv,"Projected life expectancy by age (in completed years), sex and type of projection"
proj_19nanmig.csv,"Assumptions for net migration by age, sex and type of projection"
proj_19ndbi.csv,Demographic balances and indicators by type of projection
proj_19np.csv,"Population on 1st January by age, sex and type of projection"
proj_19raasfr3.csv,"Assumptions for fertility rates by age, type of projection and NUTS 3 region"
proj_19raasmr3.csv,"Assumptions for probability of dying by age, sex, type of projection and NUTS 3 region"
proj_19ralexp3.csv,"Projected life expectancy by age (reached during the year), sex, type of projection and NUTS 3 region"
proj_19ranmig3.csv,"Assumptions for net migration by age, sex, type of projection and NUTS 3 region"
proj_19rdbi3.csv,Demographic balances and indicators by type of projection and NUTS 3 region
proj_19rdth3.csv,"Projected deaths by age, sex, type of projection and NUTS 3 region"
proj_19rp3.csv,"Population on 1st January by age, sex, type of projection and NUTS 3 region"
proj_23naasfr.csv,Assumptions for fertility rates by age and type of projection
proj_23naasmr.csv,"Assumptions for mortality rates by age, sex and type of projection"
proj_23nalexp.csv,"Projected life expectancy by age (in completed years), sex and type of projection"
proj_23nanmig.csv,"Assumptions for net migration by age, sex and type of projection"
proj_23ndbi.csv,Demographic balances and indicators by type of projection
proj_23np.csv,"Population on 1st January by age, sex and type of projection"
proj_stp22.csv,Short-term update of the projected population (2022-2032)
qoe_ewcs_1c3.csv,Employed persons discriminated at work during the last 12 months by sex and age
qoe_ewcs_3c3.csv,Mean duration of commuting time one-way between work and home by sex and age
qoe_ewcs_4a5.csv,Employed persons expecting a possible loss of their job in the next 6 months by sex and age
qoe_ewcs_6_1.csv,Employed persons participating in job-related non-formal education and training in the past 12 months by sex and age
qoe_ewcs_6_2.csv,"Volume of job-related non-formal education and training per participant in the last 12 months by duration, sex and age"
qoe_ewcs_6_3.csv,Employed persons perceiving that their job-related non-formal education and training helped to improve the way they work by sex and age
qoe_ewcs_6_4.csv,Employed persons whose job involves improving their skills by sex and age
qoe_ewcs_6_5.csv,Employed persons whose work experience and job skills would be helpful to find another job by sex and age
qoe_ewcs_6_6.csv,Employed persons having the opportunity to use their knowledge and skills in their current job by sex and age
qoe_ewcs_7a1.csv,Employed persons having a good relationship with their colleagues by sex and age
qoe_ewcs_7a2.csv,Employees having a good relationship with their supervisor by sex and age
qoe_ewcs_7a3.csv,"Employed persons exposed to employment-related physical, psychological or sexual violence in the last 12 months by sex and age"
qoe_ewcs_7b1.csv,Employed persons being able to choose their methods of work or to influence their pace of work by sex and age
qoe_ewcs_7b2.csv,Employees receiving regular feedback from their supervisor by sex and age
qoe_ewcs_7b3.csv,Employed persons thinking that they do useful work by sex and age
qoe_ewcs_7b4.csv,Employed persons having to work at very high speed or to tight deadlines by sex and age
qoe_ewcs_7b5.csv,Employed persons being able to influence decisions that affect their work by sex and age
rail_ac_catnmbr.csv,Railway accidents by type of accident - annual data (2004-2015)
rail_ac_catvict.csv,Railway victims by type of accident - annual data (2004-2015)
rail_ac_dnggood.csv,Accidents involving the transport of dangerous goods - annual data (2004-2015)
rail_ec_emplo_a.csv,"Employment in principal railway enterprises, by type of railway activity (until 2012)"
rail_ec_emplo_s.csv,Persons employed in principal railway enterprises by sex (until 2012)
rail_ec_ent.csv,Railway enterprises by type of enterprise
rail_ec_expend.csv,Expenditure on rolling stock and railway infrastructure
rail_eq_locon.csv,Locomotives and railcars by source of energy
rail_eq_locop.csv,Tractive power of locomotives and railcars by source of energy
rail_eq_pa_csb.csv,Seat/berth capacity of passenger railway vehicles
rail_eq_pa_cty.csv,Seat capacity of passenger railway vehicles by type of vehicles
rail_eq_pa_nca.csv,Passenger railway vehicles by category of vehicle (until 2012)
rail_eq_pa_nty.csv,"Passenger railway vehicles, by type of vehicle"
rail_eq_trset.csv,Trainsets and capacity by type of speed
rail_eq_vans.csv,Railway transport vans
rail_eq_wagon.csv,Wagons and their load capacity by type of wagons
rail_go_consgmt.csv,Goods transported by type of consignment
rail_go_contnbr.csv,Volume of containers transported
rail_go_contold.csv,Transport of containers or road vehicles (1982-2002)
rail_go_contwgt.csv,Goods transported in intermodal transport units
rail_go_dnggood.csv,Transport of dangerous goods
rail_go_grgood7.csv,Goods transported by group of goods - until 2007 based on NST/R
rail_go_grpgood.csv,Goods transported by group of goods - from 2008 onwards based on NST 2007
rail_go_intcmgn.csv,International transport of goods from the loading country to the reporting country
rail_go_intgong.csv,International transport of goods from the reporting country to the unloading country
rail_go_intld.csv,International transport of goods from the loading country to the reporting country (Monthly data) (1982-2002)
rail_go_intunld.csv,International transport of goods from the reporting country to the unloading country (Monthly data) (1982-2002)
rail_go_itu.csv,Empty and loaded intermodal transport units
rail_go_natdist.csv,National transport of goods by distance class and group of goods (1982-2002)
rail_go_natlreg.csv,National transport by loading region and by group of goods (Directive 80/1177/EEC) (1982-2002)
rail_go_natmnth.csv,National transport (Directive 80/1177/EEC) (monthly data) (1982-2002)
rail_go_natureg.csv,National transport of goods by unloading region and by group of goods (1982-2002)
rail_go_quartal.csv,Goods transported (detailed reporting only ) - Quarterly data
rail_go_total.csv,Goods transported
rail_go_trsggds.csv,Transit transport by group of goods (1982-2002)
rail_go_trsorde.csv,Transit transport of goods by loading and unloading countries
rail_go_typeall.csv,Goods transported by type of transport (2004-2016)
rail_go_typepas.csv,Goods transported by type of transport (detailed reporting only )
rail_if_electri.csv,Length of electrified railway lines by type of current
rail_if_line_ga.csv,Length of electrified and non-electrified railway lines by track gauge
rail_if_line_na.csv,Length of electric and non-electric railway lines by nature of transport
rail_if_line_sp.csv,Length of railway lines by maximum permitted speed
rail_if_line_tr.csv,Length of railway lines by number of tracks and electrification of lines
rail_if_lvlcros.csv,Level crossings by type
rail_if_tracks.csv,Length of railway tracks by electrification of tracks
rail_if_traff.csv,Length of railway lines equipped with the railway traffic management system by type of signalling
rail_pa_intcmng.csv,International transport of passengers from the country of embarkation to the reporting country
rail_pa_intgong.csv,International transport of passengers from the reporting country to the country of disembarkation
rail_pa_nbcar.csv,"Passenger cars in accompanied passenger car railway transport, by type of transport"
rail_pa_nbpass.csv,"Passengers in accompanied passenger car railway transport, by type of transport"
rail_pa_quartal.csv,Passengers transported (detailed reporting only) - (quarterly data)
rail_pa_speed.csv,Passengers transported by type of train speed
rail_pa_total.csv,Passengers transported
rail_pa_typepas.csv,Passenger transport by type of transport (detailed reporting only)
rail_tf_haulmov.csv,Hauled railway vehicle traffic performance by train category and source of energy (gross tkm hauled)
rail_tf_hauseat.csv,Hauled passenger railway vehicle traffic performance by type of railway vehicle speed - seat km (until 2012)
rail_tf_hautkmo.csv,Hauled vehicle traffic performance - tkm (until 2012)
rail_tf_hautype.csv,Hauled railway vehicle traffic performance by type of railway vehicle (vehicle-km)
rail_tf_ns10_at.csv,Train traffic on the rail network - Austria (2010)
rail_tf_ns10_be.csv,Train traffic on the rail network - Belgium (2010)
rail_tf_ns10_bg.csv,Train traffic on the rail network - Bulgaria (2010)
rail_tf_ns10_ch.csv,Train traffic on the rail network - Switzerland (2010)
rail_tf_ns10_cz.csv,Train traffic on the rail network - Czech Republic (2010)
rail_tf_ns10_de.csv,Train traffic on the rail network - Germany (2010)
rail_tf_ns10_dk.csv,Train traffic on the rail network - Denmark (2010)
rail_tf_ns10_ee.csv,Train traffic on the rail network - Estonia (2010)
rail_tf_ns10_el.csv,Train traffic on the rail network - Greece (2010)
rail_tf_ns10_es.csv,Train traffic on the rail network - Spain (2010)
rail_tf_ns10_fi.csv,Train traffic on the rail network - Finland (2010)
rail_tf_ns10_fr.csv,Train traffic on the rail network - France (2010)
rail_tf_ns10_hr.csv,Train traffic on the rail network - Croatia (2010)
rail_tf_ns10_hu.csv,Train traffic on the rail network - Hungary (2010)
rail_tf_ns10_ie.csv,Train traffic on the rail network - Ireland (2010)
rail_tf_ns10_it.csv,Train traffic on the rail network - Italia (2010)
rail_tf_ns10_li.csv,Train traffic on the rail network - Liechtenstein (2010)
rail_tf_ns10_lt.csv,Train traffic on the rail network - Lithuania (2010)
rail_tf_ns10_lu.csv,Train traffic on the rail network - Luxembourg (2010)
rail_tf_ns10_lv.csv,Train traffic on the rail network - Latvia (2010)
rail_tf_ns10_mk.csv,Train traffic on the rail network - the Former Yugoslav Republic of Macedonia (2010)
rail_tf_ns10_nl.csv,Train traffic on the rail network - Netherlands (2010)
rail_tf_ns10_no.csv,Train traffic on the rail network - Norway (2010)
rail_tf_ns10_pl.csv,Train traffic on the rail network - Poland (2010)
rail_tf_ns10_pt.csv,Train traffic on the rail network - Portugal (2010)
rail_tf_ns10_ro.csv,Train traffic on the rail network - Romania (2010)
rail_tf_ns10_se.csv,Train traffic on the rail network - Sweden (2010)
rail_tf_ns10_si.csv,Train traffic on the rail network - Slovenia (2010)
rail_tf_ns10_sk.csv,Train traffic on the rail network - Slovakia (2010)
rail_tf_ns10_tr.csv,Train traffic on the rail network - Türkiye (2010)
rail_tf_ns10_uk.csv,Train traffic on the rail network - United Kingdom (2010)
rail_tf_ns15_at.csv,Train traffic on the rail network - Austria (2015)
rail_tf_ns15_be.csv,Train traffic on the rail network - Belgium (2015)
rail_tf_ns15_bg.csv,Train traffic on the rail network - Bulgaria (2015)
rail_tf_ns15_ch.csv,Train traffic on the rail network - Switzerland (2015)
rail_tf_ns15_cz.csv,Train traffic on the rail network - Czech Republic (2015)
rail_tf_ns15_de.csv,Train traffic on the rail network - Germany (2015)
rail_tf_ns15_dk.csv,Train traffic on the rail network - Denmark (2015)
rail_tf_ns15_ee.csv,Train traffic on the rail network - Estonia (2015)
rail_tf_ns15_es.csv,Train traffic on the rail network - Spain (2015)
rail_tf_ns15_fi.csv,Train traffic on the rail network - Finland (2015)
rail_tf_ns15_fr.csv,Train traffic on the rail network - France (2015)
rail_tf_ns15_hr.csv,Train traffic on the rail network - Croatia (2015)
rail_tf_ns15_hu.csv,Train traffic on the rail network - Hungary (2015)
rail_tf_ns15_ie.csv,Train traffic on the rail network - Ireland (2015)
rail_tf_ns15_it.csv,Train traffic on the rail network - Italia (2015)
rail_tf_ns15_li.csv,Train traffic on the rail network - Liechtenstein (2015)
rail_tf_ns15_lt.csv,Train traffic on the rail network - Lithuania (2015)
rail_tf_ns15_lu.csv,Train traffic on the rail network - Luxembourg (2015)
rail_tf_ns15_lv.csv,Train traffic on the rail network - Latvia (2015)
rail_tf_ns15_mk.csv,Train traffic on the rail network - the Former Yugoslav Republic of Macedonia (2015)
rail_tf_ns15_nl.csv,Train traffic on the rail network - Netherlands (2015)
rail_tf_ns15_no.csv,Train traffic on the rail network - Norway (2015)
rail_tf_ns15_pl.csv,Train traffic on the rail network - Poland (2015)
rail_tf_ns15_pt.csv,Train traffic on the rail network - Portugal (2015)
rail_tf_ns15_ro.csv,Train traffic on the rail network - Romania (2015)
rail_tf_ns15_se.csv,Train traffic on the rail network - Sweden (2015)
rail_tf_ns15_si.csv,Train traffic on the rail network - Slovenia (2015)
rail_tf_ns15_sk.csv,Train traffic on the rail network - Slovakia (2015)
rail_tf_ns15_tr.csv,Train traffic on the rail network - Türkiye (2015)
rail_tf_ns15_uk.csv,Train traffic on the rail network - United Kingdom (2015)
rail_tf_ns20_at.csv,Train traffic on the rail network - Austria (2020)
rail_tf_ns20_bg.csv,Train traffic on the rail network - Bulgaria (2020)
rail_tf_ns20_ch.csv,Train traffic on the rail network - Switzerland (2020)
rail_tf_ns20_cz.csv,Train traffic on the rail network - Czechia (2020)
rail_tf_ns20_de.csv,Train traffic on the rail network - Germany (2020)
rail_tf_ns20_dk.csv,Train traffic on the rail network - Denmark (2020)
rail_tf_ns20_ee.csv,Train traffic on the rail network - Estonia (2020)
rail_tf_ns20_el.csv,Train traffic on the rail network - Greece (2020)
rail_tf_ns20_es.csv,Train traffic on the rail network - Spain (2020)
rail_tf_ns20_fi.csv,Train traffic on the rail network - Finland (2020)
rail_tf_ns20_fr.csv,Train traffic on the rail network - France (2020)
rail_tf_ns20_hr.csv,Train traffic on the rail network - Croatia (2020)
rail_tf_ns20_hu.csv,Train traffic on the rail network - Hungary (2020)
rail_tf_ns20_ie.csv,Train traffic on the rail network - Ireland (2020)
rail_tf_ns20_it.csv,Train traffic on the rail network - Italy (2020)
rail_tf_ns20_lt.csv,Train traffic on the rail network - Lithuania (2020)
rail_tf_ns20_lu.csv,Train traffic on the rail network - Luxembourg (2020)
rail_tf_ns20_lv.csv,Train traffic on the rail network - Latvia (2020)
rail_tf_ns20_mk.csv,Train traffic on the rail network - North Macedonia (2020)
rail_tf_ns20_nl.csv,Train traffic on the rail network - Netherlands (2020)
rail_tf_ns20_no.csv,Train traffic on the rail network - Norway (2020)
rail_tf_ns20_pl.csv,Train traffic on the rail network - Poland (2020)
rail_tf_ns20_pt.csv,Train traffic on the rail network - Portugal (2020)
rail_tf_ns20_ro.csv,Train traffic on the rail network - Romania (2020)
rail_tf_ns20_se.csv,Train traffic on the rail network - Sweden (2020)
rail_tf_ns20_si.csv,Train traffic on the rail network - Slovenia (2020)
rail_tf_ns20_sk.csv,Train traffic on the rail network - Slovakia (2020)
rail_tf_ns20_tr.csv,Train traffic on the rail network - Türkiye (2020)
rail_tf_ns_at.csv,Train traffic on the rail network - Austria (2005)
rail_tf_ns_be.csv,Train traffic on the rail network - Belgium (2005)
rail_tf_ns_cz.csv,Train traffic on the rail network - Czech Republic (2005)
rail_tf_ns_de.csv,Train traffic on the rail network - Germany (2005)
rail_tf_ns_dk.csv,Train traffic on the rail network - Denmark (2005)
rail_tf_ns_ee.csv,Train traffic on the rail network - Estonia (2005)
rail_tf_ns_el.csv,Train traffic on the rail network - Greece (2005)
rail_tf_ns_es.csv,Train traffic on the rail network - Spain (2005)
rail_tf_ns_fi.csv,Train traffic on the rail network - Finland (2005)
rail_tf_ns_fr.csv,Train traffic on the rail network - France (2005)
rail_tf_ns_hu.csv,Train traffic on the rail network - Hungaria (2005)
rail_tf_ns_ie.csv,Train traffic on the rail network - Ireland (2005)
rail_tf_ns_it.csv,Train traffic on the rail network - Italia (2005)
rail_tf_ns_li.csv,Train traffic on the rail network - Liechtenstein (2005)
rail_tf_ns_lt.csv,Train traffic on the rail network - Lithuania (2005)
rail_tf_ns_lu.csv,Train traffic on the rail network - Luxembourg (2005)
rail_tf_ns_lv.csv,Train traffic on the rail network - Latvia (2005)
rail_tf_ns_nl.csv,Train traffic on the rail network - Netherlands (2005)
rail_tf_ns_no.csv,Train traffic on the rail network - Norway (2005)
rail_tf_ns_pl.csv,Train traffic on the rail network - Poland (2005)
rail_tf_ns_pt.csv,Train traffic on the rail network - Portugal (2005)
rail_tf_ns_se.csv,Train traffic on the rail network - Sweden (2005)
rail_tf_ns_si.csv,Train traffic on the rail network - Slovenia (2005)
rail_tf_ns_sk.csv,Train traffic on the rail network - Slovakia (2005)
rail_tf_ns_tr.csv,Train traffic on the rail network - Türkiye (2005)
rail_tf_ns_uk.csv,Train traffic on the rail network - United Kingdom (2005)
rail_tf_passmov.csv,Passenger train traffic performance by type of train speed
rail_tf_trainmv.csv,Goods and passenger train traffic performance
rail_tf_traveh.csv,Train traffic performance by train category and source of energy
rail_tf_vehimov.csv,Vehicle traffic performance by type of tractive vehicle and source of energy (until 2012)
rd_b_berdcon.csv,BERD by concentration of personnel (ranking)
rd_e_berdcost.csv,BERD by NACE Rev. 1.1 activity and type of expenditure (1981-2010)
rd_e_berdcostr2.csv,BERD by NACE Rev. 2 activity and type of expenditure
rd_e_berdfund.csv,BERD by NACE Rev. 1.1 activity and source of funds (1981-2010)
rd_e_berdfundr2.csv,BERD by NACE Rev. 2 activity and source of funds
rd_e_berdind.csv,BERD by NACE Rev. 1.1 activity (1981-2010)
rd_e_berdindr2.csv,BERD by NACE Rev. 2 activity
rd_e_berdpfr2.csv,BERD by industry orientation (NACE Rev. 2 activity)
rd_e_berdsize.csv,BERD by size class and source of funds
rd_e_fundgerd.csv,GERD by source of funds
rd_e_gerdact.csv,GERD by sector of performance and type of R&D
rd_e_gerdcost.csv,GERD by sector of performance and type of expenditure
rd_e_gerdfund.csv,GERD by sector of performance and source of funds
rd_e_gerdins.csv,GERD by sector of performance and type of institution
rd_e_gerdreg.csv,GERD by sector of performance and NUTS 2 regions
rd_e_gerdsc.csv,GERD by sector of performance and fields of R&D
rd_e_gerdsobj07.csv,GERD by sector of performance and socioeconomic objectives (NABS 2007)
rd_e_gerdsobj92.csv,GERD by sector of performance and socioeconomic objectives (NABS 1992) (1980-2007)
rd_e_gerdtot.csv,GERD by sector of performance
rd_p_bempocc.csv,R&D personnel and researchers in business enterprise sector by NACE Rev. 1.1 activity and sex (1980-2010)
rd_p_bempoccr2.csv,R&D personnel and researchers in business enterprise sector by NACE Rev. 2 activity and sex
rd_p_con.csv,R&D personnel and researchers in the business enterprise sector by concentration of personnel (ranking)
rd_p_femres.csv,Share of female researchers by sector of performance
rd_p_persage.csv,"Researchers by sector of performance, age class and sex"
rd_p_perscitz$dv_1863.csv,"Researchers by sector of performance, country of citizenship and sex"
rd_p_perscitz.csv,"Researchers by sector of performance, country of citizenship and sex"
rd_p_perslf.csv,Share of R&D personnel and researchers in total active population and employment by sector of performance and sex
rd_p_persocc$dv_1861.csv,"R&D personnel by sector of performance, professional position and sex"
rd_p_persocc.csv,"R&D personnel by sector of performance, professional position and sex"
rd_p_persqual.csv,"R&D personnel and researchers by sector of performance, educational attainment level (ISCED1997) and sex (1980-2015)"
rd_p_persqual11.csv,"R&D personnel and researchers by sector of performance, educational attainment level and sex"
rd_p_persreg.csv,"R&D personnel and researchers by sector of performance, sex and NUTS 2 regions"
rd_p_perssci.csv,"R&D personnel and researchers by sector of performance, fields of R&D and sex"
rd_p_perssize.csv,R&D personnel and researchers in business enterprise sector by size class and sex
rd_p_sen.csv,Researchers in the higher education sector by seniority category
reg_area3.csv,Area by NUTS 3 region
road_ec_empl.csv,Persons employed in goods road transport enterprises by employment size classes
road_ec_empl_s.csv,Persons employed in goods road transport enterprises by sex
road_ec_entemp.csv,Goods road transport enterprises by employment size classes
road_ec_entveh.csv,Goods road transport enterprises by number of vehicles
road_ec_invest.csv,Expenditure on road transport vehicles and road infrastructure
road_eqr_bum.csv,"New motor coaches, buses and trolley buses by type of motor energy (until 2013)"
road_eqr_busmot.csv,"New motor coaches, buses and trolley buses by type of motor energy"
road_eqr_bussea.csv,"Seat capacity of new motor coaches, buses and trolley buses"
road_eqr_busveh.csv,"New motor coaches, buses and trolley buses , by type of vehicles"
road_eqr_carbua.csv,"New passenger cars, motor coaches, buses and trolley buses by alternative motor energy (until 2012)"
road_eqr_carmot.csv,New passenger cars by type of motor energy and engine size
road_eqr_carpda.csv,New passenger cars by type of motor energy
road_eqr_loralt.csv,New lorries by alternative motor energy and load capacity of  +/- 1500 kg (until 2012)
road_eqr_lormot.csv,"New lorries, by type of motor energy"
road_eqr_lormot_h.csv,New lorries by motor energy and load capacity of +/- 1500kg (until 2012)
road_eqr_lorrin_h.csv,New lorries by load capacity (until 2012)
road_eqr_lorrit.csv,New lorries and their load capacity by permissible maximum gross weight
road_eqr_lorrit_h.csv,Load capacity of new lorries (until 2012)
road_eqr_lrstn.csv,"New lorries, road tractors, semi-trailers and trailers by type of carriage (until 2012)"
road_eqr_lsttt.csv,"Load capacity of new lorries, semi-trailers and trailers, by type of carriage  (until 2012)"
road_eqr_mopeds.csv,New mopeds and motorcycles by type of motor energy
road_eqr_motors.csv,New motorcycles by engine size
road_eqr_semit.csv,"New semi-trailers and their load capacity, by permissible maximum gross weight"
road_eqr_semitn.csv,New semi-trailers and their load capacity (until 2012)
road_eqr_spurp.csv,New special purpose road vehicles
road_eqr_tracm.csv,New road tractors by type of motor energy (until 2013)
road_eqr_tracmot.csv,New road tractors by type of motor energy
road_eqr_trail.csv,"New trailers and their load capacity, by permissible maximum gross weight"
road_eqr_trailn.csv,New trailers and their load capacity (until 2012)
road_eqr_trams.csv,New trams
road_eqr_unlweig.csv,New passenger cars by unloaded weight
road_eqr_zev.csv,New zero-emission vehicles by type of vehicle and type of motor energy
road_eqr_zevpc.csv,"Share of new zero-emission vehicles in all new vehicles of the same type, by type of vehicle and type of motor energy"
road_eqs_busage.csv,"Motor coaches, buses and trolley buses by age"
road_eqs_busmot.csv,"Motor coaches, buses and trolley buses, by type of motor energy"
road_eqs_busmot_h.csv,"New motor coaches, buses and trolley buses by type of motor energy (until 2013)"
road_eqs_bussea.csv,"Seats /berths in motor coaches, buses and trolley buses"
road_eqs_busveh.csv,"Motor coaches, buses and trolley buses, by type of vehicle"
road_eqs_carage.csv,Passenger cars by age
road_eqs_caralt.csv,Passenger cars by alternative motor energy (until 2012)
road_eqs_carhab.csv,Passenger cars - per thousand inhabitants
road_eqs_carmot.csv,"Passenger cars, by type of motor energy and size of engine"
road_eqs_carpda.csv,"Passenger cars, by type of motor energy"
road_eqs_lormot.csv,"Lorries, by type of motor energy"
road_eqs_lormot_h.csv,Lorries by type of motor energy and load capacity (until 2012)
road_eqs_lornum_h.csv,Lorries by load capacity (until 2012)
road_eqs_lorroa.csv,Lorries and road tractors by age and type of vehicle
road_eqs_lorroa_h.csv,Lorries and road tractors by age (until 2012)
road_eqs_lorton.csv,Lorries and their load capacity by permissible maximum gross weight
road_eqs_lorton_h.csv,Load capacity of lorries (until 2012)
road_eqs_mopeds.csv,Mopeds and motorcycles by type of motor energy
road_eqs_motorc.csv,Motorcycles by engine size
road_eqs_roaene.csv,Road tractors by type of motor energy
road_eqs_roaene_h.csv,Road tractors by type of motor energy (until 2013)
road_eqs_semit.csv,"Semi-trailers and their load capacity, by permissible maximum gross weight"
road_eqs_semitn.csv,Semi-trailers by load capacity (until 2012)
road_eqs_spurp.csv,Special purpose road vehicles
road_eqs_trail.csv,"Trailers and their load capacity, by permissible maximum gross weight"
road_eqs_trailn.csv,Trailers by load capacity (until 2012)
road_eqs_trams.csv,Trams
road_eqs_unlweig.csv,Passenger cars by unloaded weight
road_eqs_zev.csv,Stock of zero-emission vehicles at 31st December by type of vehicle and type of motor energy
road_eqs_zevpc.csv,"Share of zero-emission vehicles in stock of all vehicles of the same type at 31st December, by type of vehicle and type of motor energy"
road_go_ca_c.csv,"Road cabotage transport by country in which cabotage takes place (t, tkm) - (from 1999 onwards)"
road_go_ca_d_c.csv,Road cabotage transport by country in which cabotage takes place (tkm) - (1991-1997)
road_go_ca_d_ha.csv,Road cabotage transport performed by each reporting country (tkm) - (1991-1998)
road_go_ca_hac.csv,"Road cabotage transport of reporting country by country in which cabotage takes place (t, tkm) - (from 1999 onwards)"
road_go_cta7gtt.csv,"Cross-trade road freight transport of reporting country by country of loading and unloading, type of goods and type of transport (t) - annual data (1990-2007)"
road_go_cta_gtt.csv,"Cross-trade road freight transport of reporting country by country of loading and unloading, type of goods and type of transport (t) - annual data (from 2008 onwards)"
road_go_ctq_tt.csv,"Cross-trade road freight transport of reporting country by country of loading and unloading and type of transport (t, tkm) - quarterly data"
road_go_ia7lgtt.csv,"International road freight transport - loaded goods in reporting country by country of unloading, type of goods and type of transport (t) - annual data (1982-2007)"
road_go_ia7ugtt.csv,"International road freight transport - unloaded goods in reporting country by country of loading, type of goods and type of transport (t)- annual data (1982-2007)"
road_go_ia_lgtt.csv,"International road freight transport - loaded goods in reporting country by country of unloading, type of goods and type of transport (t)  - annual data (from 2008 onwards)"
road_go_ia_ltt.csv,International road freight transport - loaded goods in reporting country by country of unloading and type of transport (tkm) - annual data
road_go_ia_rc.csv,"International road freight transport of reporting country, by country of loading and unloading (t, tkm) - annual data"
road_go_ia_rctg.csv,"International road freight transport of reporting countryby country of loading and unloading and type of goods (t, tkm) - annual data (1999-2007)"
road_go_ia_tc.csv,"International road freight transport by country of loading and unloading (t, tkm) - annual data, EU aggregates (1999-2013)"
road_go_ia_tctg.csv,"International road freight transport by country of loading and unloading and type of goods (t, tkm) - annual data, EU aggregates (1999-2007)"
road_go_ia_ugtt.csv,"International road freight transport - unloaded goods in reporting country by country of loading, type of goods and type of transport (t) - annual data (from 2008 onwards)"
road_go_ia_utt.csv,International road freight transport - unloaded goods in reporting country by country of loading and type of transport (tkm) - annual data
road_go_iq_ltt.csv,"International road freight transport - loaded goods in reporting country by country of unloading and type of transport (t, tkm) - quarterly data"
road_go_iq_utt.csv,"International road freight transport - unloaded goods in reporting country by country of loading and type of transport (t, tkm) - quarterly data"
road_go_na7dctg.csv,"National road freight transport by distance class, type of goods and type of transport (t) - annual data (1982-2007)"
road_go_na7rl3g.csv,National road freight transport by regions of loading (NUTS 3) and type of goods (t) - annual data (1999-2007)
road_go_na7ru3g.csv,National road freight transport by regions of unloading (NUTS 3) and by type of goods (t) - annual data (1999-2007)
road_go_na7tgtt.csv,"National road freight transport by type of goods and type of transport (t, tkm) - annual data (1982-2007)"
road_go_na_dctg.csv,"National road freight transport by distance class, type of goods and type of transport (t) - annual data (from 2008 onwards)"
road_go_na_dctt.csv,National road freight transport by distance class and  type of transport (tkm) - annual data
road_go_na_rl2g.csv,National road freight transport by region of loading and type of goods (t) - annual data (1982-1999)
road_go_na_rl3g$dv_1581.csv,National road freight transport by region of loading (NUTS 3) and type of goods (t) - annual data (from 2008 onwards)
road_go_na_rl3g.csv,National road freight transport by region of loading (NUTS 3) and type of goods (t) - annual data (from 2008 onwards)
road_go_na_ru2g.csv,National road freight transport by region of unloading and type of goods (t) - annual data (1982-1999)
road_go_na_ru3g$dv_1582.csv,National road freight transport by region of unloading (NUTS 3) and type of goods (t) - annual data (from 2008 onwards)
road_go_na_ru3g.csv,National road freight transport by region of unloading (NUTS 3) and type of goods (t) - annual data (from 2008 onwards)
road_go_na_tgtt.csv,"National road transport by type of goods and type of transport (t, tkm)  - annual data (from 2008 onwards)"
road_go_ta7dctg.csv,"Road freight transport by distance class and type of goods (t, tkm, vehicle-km, basic transport operations)  - annual data (1999-2007)"
road_go_ta7tg.csv,"Road freight transport by type of goods and type of transport (t, tkm) - annual data (1999-2007)"
road_go_ta_agev.csv,"Road freight transport by age of vehicle (tkm, vehicle-km, journeys)  - annual data"
road_go_ta_axle.csv,"Road freight transport by axle configuration of vehicle (tkm, vehicle-km, journeys)  - annual data"
road_go_ta_dc.csv,"Road freight transport by distance class and type of transport (t, tkm, vehicle-km, basic transport operations) - annual data"
road_go_ta_dctg.csv,"Road freight transport by distance class and type of goods (t, tkm, vehicle-km, basic transport operations)  - annual data (from 2008 onwards)"
road_go_ta_dg.csv,"Road freight transport of dangerous goods by type of dangerous goods and territorial coverage (tkm, vehicle-km, basic transport operations) - annual data"
road_go_ta_lc.csv,"Road freight transport by load capacity (LC) of vehicle and type of transport (tkm, vehicle-km,  journeys) - annual data"
road_go_ta_mplw.csv,"Road freight transport by maximum permissible laden weight (MPLW) of vehicle (tkm, vehicle-km, journeys) - annual data"
road_go_ta_nace.csv,"Road freight transport by NACE Rev. 2 activity (tkm, vehicle-km,  journeys) - annual data"
road_go_ta_rl.csv,"Road freight transport by region of loading (t, tkm, journeys) - annual data"
road_go_ta_ru.csv,"Road freight transport by region of unloading (t, tkm, journeys)  - annual data"
road_go_ta_tcrg.csv,"Road freight transport by type of cargo and distance class (t, tkm, vehicle-km, basic transport operations) - annual data"
road_go_ta_tg.csv,"Road freight transport by type of goods and type of transport (t, tkm) - annual data"
road_go_ta_tott.csv,"Road freight transport by type of operation and type of transport (t, tkm, vehicle-km) - annual data"
road_go_ta_tra.csv,"Road freight transport vehicle transit movements by transit country (t, journeys) - annual data"
road_go_ta_trat.csv,"Road freight transport vehicle transit movements by transit country, loading status and maximum permissible laden weight (MPLW) of vehicle (t, journeys) - annual data, EU aggregates"
road_go_ta_vm.csv,"Road freight transport vehicle movements by loading status, type of transport and territorial coverage (vehicle-km, journeys)  - annual data"
road_go_tq_tott.csv,"Road freight transport by type of operation and type of transport -  (t, tkm, vehicle-km) - quarterly data"
road_go_tq_trat.csv,"Road freight transport vehicle transit movements by transit country, loading status and maximum permissible laden weight (MPLW) of vehicle (t, journeys) - quarterly data, EU totals"
road_if_barea.csv,Length of other roads within/outside built-up areas
road_if_bsurfa.csv,Length of paved and unpaved roads
road_if_motorwa.csv,Length of motorways and e-roads
road_if_roadsc.csv,"Length of state, provincial and communal roads"
road_pa_buscoa.csv,Passenger transport performance of buses and coaches registered in the reporting country by transport coverage
road_pa_mov.csv,National passenger road transport  performance  by type of vehicles registered in the reporting country
road_tert_go.csv,"Territorialised road freight transport, by transport coverage – annual data"
road_tf_buscoa.csv,Buses and coaches traffic performance registered in the reporting country by transport covarage
road_tf_road.csv,National road traffic performance by type of vehicle and type of road
road_tf_road_h.csv,National road traffic performance by type of vehicle and type of road (until 2012)
road_tf_veh.csv,"Road traffic performance by category of vehicle registration and traffic, type of vehicle and motor energy"
road_tf_veh_h.csv,"Road traffic performance by traffic and registration location, type of vehicle and motor energy (until 2012)"
road_tf_vehage.csv,"Road traffic performance on national and foreign territory by age of vehicle, type of vehicle and motor energy"
road_tf_vehmov.csv,Road motor vehicle traffic performance by traffic and registration location and type of vehicle
sbs_cre_6g_01.csv,Annual enterprise statistics by geographical breakdown (2001-2005)
sbs_cre_elegsta.csv,Number of enterprises and balance sheet total by legal status (1997-2012)
sbs_cre_eres.csv,Number of enterprises and balance sheet total by residence of the parent enterprise (1997-2012)
sbs_cre_esc.csv,Number of enterprises by size class of balance sheet total (1997-2012)
sbs_cre_gbeea.csv,Business written by EEA branches (1997-2001)
sbs_cre_gbneea.csv,Business written in non-EEA countries (1997-2001)
sbs_cre_geea.csv,Number of EEA branches (1997-2001)
sbs_cre_gfinsub.csv,Financial subsidiaries in other countries (1997-2001)
sbs_cre_gneea.csv,Number of branches in non-EEA countries (1997-2001)
sbs_cre_icat.csv,Number of enterprises and persons employed by category of credit institutions (1997-2012)
sbs_cre_pacc.csv,Number of accounts linked to CPA categories (1997-2001)
sbs_cre_pcpay.csv,Commissions payable by product (1997-2001)
sbs_cre_pcrec.csv,Commissions receivable by product (1997-2001)
sbs_cre_pintpay.csv,Interests payable and similar charges by product (1997-2001)
sbs_cre_pintrex.csv,Interests receivable and similar income by product (1997-2001)
sbs_cre_ploans.csv,Number of loans and advances to customers linked to CPA categories (1997-2001)
sbs_cre_prod.csv,Annual enterprise statistics by product (2002-2007)
sbs_cre_rreg.csv,"Number of local units, persons employed and wages and salaries by NUTS 2 regions (1997-2007)"
sbs_cre_tannex1.csv,Economic variables being part of Annex1 to Council Regulation 58/97 (1992-2001)
sbs_cre_tent.csv,Annual enterprise statistics (1999-2012)
sbs_cre_tspe.csv,"Sector specific variables - profit and loss account, balance sheet, additional accounting variables (1992-2001)"
sbs_env_2b_02.csv,"Environmental protection expenditure by environmental domains (NACE Rev. 1.1, C-E) (2001-2007)"
sbs_env_2b_95.csv,"Environmental protection expenditure in industry (NACE Rev. 1.1, C-E) (1995-2001)"
sbs_env_2o_sc01.csv,"Environmental protection expenditure by size class (NACE Rev. 1.1, C-E) (2001-2007)"
sbs_env_dom_r2.csv,"Environmental protection expenditure by environmental domains (NACE Rev. 2, B-E) (2008-2015)"
sbs_env_sc_r2.csv,"Environmental protection expenditure by size class (NACE Rev. 2, B-E) (2008-2018)"
sbs_ins_5a.csv,Annual enterprise statistics (1985-2012)
sbs_ins_5b.csv,Annual enterprise statistics by legal status (1995-2012)
sbs_ins_5c.csv,Annual enterprise statistics according to the country of residence of the parent enterprise (1995-2012)
sbs_ins_5d1.csv,Annual enterprise statistics by size class of gross premium written (1995-2012)
sbs_ins_5d2.csv,Annual enterprise statistics by size class of technical provisions (1995-2012)
sbs_ins_5e.csv,Annual enterprise statistics by product (1995-2007)
sbs_ins_5fco04.csv,Annual enterprise statistics by geographical breakdown (2004-2007)
sbs_ins_5fco96.csv,Annual enterprise statistics by geographical breakdown (1995-2003)
sbs_ins_5ffp04.csv,Annual enterprise statistics by geographical breakdown and products (2004-2007)
sbs_ins_5ffp96.csv,Annual enterprise statistics by geographical breakdown and products (1995-2003)
sbs_is_2j_intan.csv,"Multi-yearly enterprise statistics - intangible investment and subcontracting (NACE Rev. 1.1, C-F) (1997-2007)"
sbs_is_2k_sub02.csv,"Multi-yearly enterprise statistics - subcontracting by size class (NACE Rev. 1.1, C-F) (2002-2007)"
sbs_is_2k_sub99.csv,"Multi-yearly enterprise statistics - subcontracting by size class (NACE Rev. 1.1, C-F) (1999-2001)"
sbs_is_inv_r2.csv,"Multiannual enterprise statistics - intangible investment statistics for industry and construction (NACE Rev. 2, B-F) (2009-2018)"
sbs_is_sc_r2.csv,"Multi-yearly enterprise statistics - subcontracting by size class for construction (NACE Rev. 2, F) (2008-2020)"
sbs_is_subc_r2.csv,"Multi-yearly enterprise statistics - subcontracting for industry and construction (NACE Rev. 2, B-F) (2008-2020)"
sbs_mlenv_dom_r2.csv,Multiannual enterprises statistics on environmental protection expenditure by environmental domains for industry (NACE Rev. 2 B-E) (2010-2016)
sbs_mlenv_sc_r2.csv,Multiannual enterprises statistics on environmental protection expenditure by size class for industry (NACE Rev. 2 B-E) (2010-2016)
sbs_na_1a_se.csv,Annual detailed enterprise statistics on services (NACE Rev. 1.1 H-K) (1995-2007)
sbs_na_1a_se_r2.csv,Annual detailed enterprise statistics for services (NACE Rev. 2 H-N and S95) (2005-2020)
sbs_na_2a_dade.csv,"Annual detailed enterprise statistics on manufacturing subsections DA-DE and total manufacturing (NACE Rev. 1.1, D) (1995-2008)"
sbs_na_2a_dfdn.csv,"Annual detailed enterprise statistics on manufacturing, subsections DF-DN and total (NACE Rev. 1.1, D) (1995-2008)"
sbs_na_2a_el.csv,"Annual detailed enterprise statistics on electricity, gas and water supply (NACE Rev. 1.1, E) (1995-2008)"
sbs_na_2a_mi.csv,"Annual detailed enterprise statistics on mining and quarrying (NACE Rev. 1.1, C) (1995-2008)"
sbs_na_2c_own.csv,"Annual enterprise statistics by type of ownership in industry and construction (NACE Rev. 1.1, C-F) (1995-2001)"
sbs_na_3b_tr.csv,Annual detailed enterprise statistics on trade (NACE Rev. 1.1 G) (1990-2008)
sbs_na_4a_co.csv,"Annual detailed enterprise statistics on construction (NACE Rev. 1.1, F) (1995-2008)"
sbs_na_con_r2.csv,"Annual detailed enterprise statistics for construction (NACE Rev. 2, F) (2005-2020)"
sbs_na_dt_r2.csv,Annual detailed enterprise statistics for trade (NACE Rev. 2 G) (2005-2020)
sbs_na_ind_r2.csv,"Annual detailed enterprise statistics for industry (NACE Rev. 2, B-E) (2005-2020)"
sbs_na_indc_lgt.csv,"Long time series covering enterprises with 20 persons employed and more, main indicators (NACE Rev. 1.1, C-F) (1985-2008)"
sbs_na_sca_r2$dv_123.csv,Annual enterprise statistics for special aggregates of NACE Rev.2 activities (2005-2020)
sbs_na_sca_r2.csv,Annual enterprise statistics for special aggregates of NACE Rev.2 activities (2005-2020)
sbs_ovw_act$dv_1481.csv,Enterprises by detailed NACE Rev.2 activity and special aggregates
sbs_ovw_act$dv_1521.csv,Enterprises by detailed NACE Rev.2 activity and special aggregates
sbs_ovw_act$dv_1587.csv,Enterprises by detailed NACE Rev.2 activity and special aggregates
sbs_ovw_act$dv_2301.csv,Enterprises by detailed NACE Rev.2 activity and special aggregates
sbs_ovw_act.csv,Enterprises by detailed NACE Rev.2 activity and special aggregates
sbs_ovw_iep.csv,"Investment, expenditure and purchases of enterprises by NACE Rev.2 activity"
sbs_part_bscl.csv,Enterprises in business services - net turnover by residence of client
sbs_part_bsprd.csv,Enterprises in business services - net turnover by kind of product (CPA 2.1)
sbs_part_wtsct.csv,"Enterprises in wholesale trade, repair of vehicles and motorcycles (NACE Rev.2, G) by size class of turnover"
sbs_part_wtstck.csv,"Enterprises in wholesale trade, repair of vehicles and motorcycles (NACE Rev.2, G) - changes in stocks"
sbs_part_xrtvc.csv,"Enterprises in NACE Rev.2 Sections B to G (except G45, G47) - net turnover from selected activities"
sbs_pen_7a.csv,Autonomous pension funds - all indicators (1997-2012)
sbs_pen_7b1.csv,Autonomous pension funds - number of enterprises by size class of investments (1997-2012)
sbs_pen_7b2.csv,Autonomous pension funds - number of enterprises by size class of members (1997-2012)
sbs_pen_7c.csv,Autonomous pension funds - total investments by currencies (2003-2012)
sbs_pen_7d.csv,Autonomous pension funds - geographical breakdown (1997-2012)
sbs_pen_7e.csv,Non-autonomous pension funds (1997-2007)
sbs_pen_enteea.csv,Enterprises with members in other EEA countries (1988-2000)
sbs_pu_2l_97.csv,"Multi-yearly enterprise statistics - purchases of energy products (NACE Rev. 1.1, C, D, F) (1997-2001)"
sbs_pu_4l_02.csv,"Multi-yearly enterprise statistics - purchases of energy products (NACE Rev. 1.1, C, D, F) (1999-2007)"
sbs_r_3f_my.csv,Multi yearly statistics by NUTS 2 regions (NUTS 2006) (1999-2004)
sbs_r_3k_my_r2.csv,"Multiannual statistics for distributive trades (NACE Rev. 2, G) by NUTS 2 regions (2009-2014)"
sbs_r_nuts03.csv,SBS data by NUTS 2 regions (NUTS 2006) and NACE Rev. 1.1 (1995-2007)
sbs_r_nuts06_r2.csv,SBS data by NUTS 2 regions and NACE Rev. 2 (2008-2020)
sbs_r_nuts2021.csv,Enterprises by NUTS 2 regions and NACE Rev.2 activity
sbs_sc_1b_se02.csv,"Services by employment size class (NACE Rev. 1.1, H-K) (2002-2007)"
sbs_sc_1b_se95.csv,"Services by employment size class (NACE Rev. 1.1, H-K) (1995-2001)"
sbs_sc_1b_se_r2$dv_664.csv,"Services by employment size class (NACE Rev. 2, H-N, S95) (2005-2020)"
sbs_sc_1b_se_r2.csv,"Services by employment size class (NACE Rev. 2, H-N, S95) (2005-2020)"
sbs_sc_2d_dade02.csv,"Manufacturing, subsections DA-DE and total (NACE Rev. 1.1, D) by employment size class (from 2002 onwards)"
sbs_sc_2d_dade95.csv,"Manufacturing, subsections DA-DE and total (NACE Rev. 1.1, D) by employment size class (1995-2001)"
sbs_sc_2d_dfdn02.csv,"Manufacturing subsections DF-DN and total (NACE Rev. 1.1, D) by employment size class (2002-2007)"
sbs_sc_2d_dfdn95.csv,"Manufacturing, subsections DF-DN and total (NACE Rev. 1.1, D) by employment size class (1995-1997)"
sbs_sc_2d_dfdn98.csv,"Manufacturing, subsections DF-DN and total (NACE Rev. 1.1, D) by employment size class (1998-2001)"
sbs_sc_2d_el02.csv,"Electricity, gas and water by employment size class (NACE Rev. 1.1, E) (2002-2007)"
sbs_sc_2d_el95.csv,"Electricity, gas and water by employment size class (NACE Rev. 1.1, E) (1995-2001)"
sbs_sc_2d_mi02.csv,"Mining and quarrying by employment size class (NACE Rev. 1.1, C) (2002-2007)"
sbs_sc_2d_mi95.csv,"Mining and quarrying by employment size class (NACE Rev. 1.1, C) (1995-2001)"
sbs_sc_3ce_tr02.csv,"Distributive trades by employment size class (NACE Rev. 1.1, G) (2002-2007)"
sbs_sc_3ce_tr95.csv,"Distributive trades by employment size class (NACE Rev. 1, G) (1995-2007)"
sbs_sc_3ctrn_tr.csv,"Distributive trades by size class of turnover (NACE Rev. 1.1, G) (1995-2007)"
sbs_sc_4d_co02.csv,"Construction by employment size class (NACE Rev. 1.1, F) (2002-2007)"
sbs_sc_4d_co95.csv,"Construction by employment size class (NACE Rev. 1.1, F) (1995-2001)"
sbs_sc_con_r2.csv,"Construction by employment size class (NACE Rev. 2, F) (2005-2020)"
sbs_sc_dt_r2.csv,"Distributive trades by employment size class (NACE Rev. 2, G) (2005-2020)"
sbs_sc_ind_r2$dv_665.csv,"Industry by employment size class (NACE Rev. 2, B-E) (2005-2020)"
sbs_sc_ind_r2.csv,"Industry by employment size class (NACE Rev. 2, B-E) (2005-2020)"
sbs_sc_ovw$dv_1482.csv,Enterprise statistics by size class and NACE Rev.2 activity (from 2021 onwards)
sbs_sc_ovw$dv_1601.csv,Enterprise statistics by size class and NACE Rev.2 activity (from 2021 onwards)
sbs_sc_ovw$dv_2302.csv,Enterprise statistics by size class and NACE Rev.2 activity (from 2021 onwards)
sbs_sc_ovw.csv,Enterprise statistics by size class and NACE Rev.2 activity (from 2021 onwards)
sbs_sc_sca_r2$dv_342.csv,Annual enterprise statistics by size class for special aggregates of NACE Rev.2 activities (2005-2020)
sbs_sc_sca_r2.csv,Annual enterprise statistics by size class for special aggregates of NACE Rev.2 activities (2005-2020)
sbs_sctrn_dt_r2.csv,"Distributive trades by size class of turnover (NACE Rev. 2, G) (2008-2018)"
sbs_turn_con_r2.csv,"Turnover statistics for construction (NACE Rev. 2, F) (2008-2020)"
sbs_turn_ind_r2.csv,"Turnover statistics for industry (NACE Rev. 2, B-E) (2008-2018)"
sdg_01_10.csv,Persons at risk of poverty or social exclusion
sdg_01_10a.csv,Persons at risk of poverty or social exclusion by degree of urbanisation
sdg_01_20.csv,Persons at risk of monetary poverty after social transfers - EU-SILC and ECHP surveys
sdg_01_20a.csv,Persons at risk of monetary poverty after social transfers by citizenship
sdg_01_31.csv,Severe material and social deprivation rate by age group and sex
sdg_01_40.csv,"Persons living in households with very low work intensity, by age group"
sdg_01_41.csv,In work at-risk-of-poverty rate
sdg_01_50.csv,Housing cost overburden rate by poverty status
sdg_02_10.csv,Obesity rate by body mass index (BMI)
sdg_02_20.csv,Agricultural real factor income per annual work unit (AWU)
sdg_02_30.csv,Government support to agricultural research and development
sdg_02_40.csv,Area under organic farming
sdg_02_52.csv,Use of more hazardous pesticides
sdg_02_53.csv,Use and risk of chemical pesticides
sdg_02_60.csv,Ammonia emissions from agriculture
sdg_03_11.csv,Healthy life years at birth by sex
sdg_03_20.csv,Share of people with good or very good perceived health by sex
sdg_03_30.csv,Smoking prevalence by sex
sdg_03_41.csv,"Standardised death rate due to tuberculosis, HIV and hepatitis by type of disease"
sdg_03_42.csv,Standardised preventable and treatable mortality
sdg_03_60.csv,Self-reported unmet need for medical examination and care by sex
sdg_03_70.csv,Consumption of antibiotics in the community and hospital sectors – defined daily doses (DDD) per day
sdg_04_10.csv,Early leavers from education and training by sex
sdg_04_10a.csv,"Early leavers from education and training, by citizenship"
sdg_04_20.csv,Tertiary educational attainment by sex
sdg_04_31.csv,Participation in early childhood education by sex (children aged 3 and over)
sdg_04_40.csv,"Low achieving 15-year-olds in reading, mathematics or science"
sdg_04_60.csv,Adult participation in learning in the past four weeks by sex
sdg_04_70.csv,"Share of individuals having at least basic digital skills, by sex"
sdg_05_10.csv,Physical and sexual violence to women by age group (2012 data)
sdg_05_20.csv,Gender pay gap in unadjusted form
sdg_05_30.csv,"Gender employment gap, by type of employment"
sdg_05_40.csv,Persons outside the labour force due to caring responsibilities by sex
sdg_05_50.csv,Seats held by women in national parliaments and governments
sdg_05_60.csv,Positions held by women in senior management positions
sdg_06_10.csv,"Population having neither a bath, nor a shower, nor indoor flushing toilet in their household by poverty status"
sdg_06_20.csv,Population connected to at least secondary wastewater treatment
sdg_06_30.csv,Biochemical oxygen demand in rivers
sdg_06_40.csv,Nitrate in groundwater
sdg_06_50.csv,Phosphate in rivers
sdg_06_60.csv,"Water exploitation index, plus (WEI+)"
sdg_07_10.csv,Primary energy consumption
sdg_07_11.csv,Final energy consumption
sdg_07_20.csv,Final energy consumption in households per capita
sdg_07_30.csv,Energy productivity
sdg_07_40.csv,Share of renewable energy in gross final energy consumption by sector
sdg_07_50.csv,Energy import dependency by products
sdg_07_60.csv,Population unable to keep home adequately warm by poverty status
sdg_08_10.csv,Real GDP per capita
sdg_08_11.csv,Investment share of GDP by institutional sectors
sdg_08_20.csv,Young people neither in employment nor in education and training by sex (NEET)
sdg_08_20a.csv,"Young people neither in employment nor in education and training (NEET), by citizenship"
sdg_08_30.csv,Employment rate by sex
sdg_08_30a.csv,"Employment rate, by citizenship"
sdg_08_40.csv,Long-term unemployment rate by sex
sdg_08_60.csv,"Fatal accidents at work per 100 000 workers, by sex"
sdg_09_10.csv,Gross domestic expenditure on R&D by sector
sdg_09_30.csv,R&D personnel by sector
sdg_09_40.csv,Patent applications to the European Patent Office by applicants' / inventors' country of residence
sdg_09_50.csv,Share of buses and trains in inland passenger transport
sdg_09_60.csv,Share of rail and inland waterways in inland freight transport
sdg_09_70.csv,Air emission intensity from industry
sdg_10_10.csv,Purchasing power adjusted GDP per capita
sdg_10_20.csv,Adjusted gross disposable income of households per capita
sdg_10_30.csv,Relative median at-risk-of-poverty gap
sdg_10_41.csv,Income distribution
sdg_10_50.csv,Income share of the bottom 40 % of the population
sdg_10_60.csv,Asylum applications by state of procedure
sdg_11_11.csv,Severe housing deprivation rate by poverty status
sdg_11_20.csv,"Population living in households considering that they suffer from noise, by poverty status"
sdg_11_31.csv,Settlement area per capita
sdg_11_32.csv,Soil sealing index
sdg_11_40.csv,"Road traffic deaths, by type of roads"
sdg_11_51.csv,Years of life lost due to PM2.5 exposure
sdg_11_52.csv,Premature deaths due to exposure to fine particulate matter (PM2.5)
sdg_11_60.csv,Recycling rate of municipal waste
sdg_12_10.csv,Consumption of chemicals by hazardousness - EU aggregate
sdg_12_21.csv,Raw material consumption (RMC)
sdg_12_30.csv,Average CO2 emissions per km from new passenger cars
sdg_12_31.csv,Consumption footprint – single weighted score
sdg_12_41.csv,Circular material use rate
sdg_12_51.csv,Generation of waste by hazardousness
sdg_12_61.csv,Gross value added in environmental goods and services sector
sdg_13_10.csv,Net greenhouse gas emissions
sdg_13_21.csv,"Net greenhouse gas emissions of the Land use, Land use change and Forestry (LULUCF) sector"
sdg_13_31.csv,"Average CO2 emissions per km from new passenger cars (source: EEA, DG CLIMA) - HIDDEN DAT"
sdg_13_40.csv,Climate related economic losses – values at constant 2022 prices
sdg_13_50.csv,Contribution to the international 100bn USD commitment on climate related expending
sdg_13_60.csv,Population covered by the Covenant of Mayors for Climate & Energy signatories
sdg_13_70.csv,Green bond issuance by type of issuer
sdg_13_70a.csv,Green bond issuance by corporates and governments
sdg_14_10.csv,Surface of the marine protected areas
sdg_14_21.csv,"Estimated trends in fish stock biomass, by fishing areas"
sdg_14_30.csv,"Estimated trends in fishing pressure, by fishing area"
sdg_14_40.csv,Bathing sites with excellent water quality by location
sdg_14_50.csv,Global mean surface seawater acidity
sdg_14_60.csv,Marine waters affected by eutrophication
sdg_15_10.csv,Share of forest area
sdg_15_20.csv,Surface of the terrestrial protected areas
sdg_15_41.csv,Soil sealing index
sdg_15_42.csv,Drought impact area on ecosystems
sdg_15_50.csv,Area at risk of severe soil erosion by water
sdg_15_60.csv,Common bird index by type of species - EU aggregate
sdg_15_61.csv,Grassland butterfly index - EU aggregate
sdg_16_10.csv,Standardised death rate due to homicide by sex
sdg_16_20.csv,"Population reporting occurrence of crime, violence or vandalism in their area by poverty status"
sdg_16_30.csv,General government total expenditure on law courts
sdg_16_40.csv,Perceived independence of the justice system
sdg_16_50.csv,Corruption Perceptions Index
sdg_16_60.csv,Population with confidence in EU institutions by institution
sdg_16_70.csv,Victims of trafficking in human beings by sex
sdg_17_10.csv,Official development assistance as share of gross national income
sdg_17_20.csv,EU financing to developing countries by financing source
sdg_17_30.csv,EU imports from developing countries by country income groups
sdg_17_40.csv,General government gross debt
sdg_17_50.csv,Share of environmental taxes in total tax revenues
sdg_17_60.csv,"High-speed internet coverage, by type of area"
spr_exp_eur.csv,"Tables by functions, aggregated benefits and grouped schemes - million EUR"
spr_exp_fdi.csv,Tables by benefits - disability function
spr_exp_fex.csv,Tables by benefits - social exclusion n.e.c. function
spr_exp_ffa.csv,Tables by benefits - family/children function
spr_exp_fho.csv,Tables by benefits - housing function
spr_exp_fol.csv,Tables by benefits - old age function
spr_exp_fsi.csv,Tables by benefits - sickness/health care function
spr_exp_fsu.csv,Tables by benefits - survivors function
spr_exp_fto.csv,Tables by benefits - all functions
spr_exp_fun.csv,Tables by benefits - unemployment function
spr_exp_gdp.csv,"Tables by functions, aggregated benefits and grouped schemes - in % of the GDP"
spr_exp_nac.csv,"Tables by functions, aggregated benefits and grouped schemes - in MIO of national currency"
spr_exp_pens.csv,Pensions
spr_exp_pps.csv,"Tables by functions, aggregated benefits and grouped schemes - in MIO of PPS"
spr_exp_ppsh.csv,"Tables by functions, aggregated benefits and grouped schemes - in PPS per head"
spr_exp_sum.csv,Expenditure: main results
spr_net_ben$dv_1622.csv,Net social protection benefits
spr_net_ben.csv,Net social protection benefits
spr_pns_ben.csv,Pensions beneficiaries at 31st December
spr_rec_eur.csv,"Receipts - tables by sector of origin and type, million EUR"
spr_rec_gdp.csv,"Receipts - Tables by sector of origin and type, in % of the GDP"
spr_rec_nac.csv,"Receipts - Tables by sector of origin and type, in MIO of national currency (including 'euro fixed' series for euro area countries)"
spr_rec_sums.csv,Receipts by sector of origin
spr_rec_sumt.csv,Receipts by type
sprt_emp_age.csv,Employment in sport by age
sprt_emp_edu.csv,Employment in sport by educational attainment level
sprt_emp_sex.csv,Employment in sport by sex
sprt_pcs_hbs.csv,Mean consumption expenditure of private households on sporting goods and services by COICOP consumption purpose
sprt_pcs_qnt.csv,Mean consumption expenditure of private households on sporting goods and services by income quintile
sprt_pcs_sea.csv,Persons attending live sport events in the last 12 months by sex and age
sprt_pcs_see.csv,Persons attending live sport events in the last 12 months by sex and educational attainment level
sprt_trd_prd.csv,Intra and extra-EU trade in sporting goods by product
sprt_trd_prt.csv,Intra and extra-EU trade in sporting goods by product and partner
sts_cobp_a.csv,Building permits - annual data
sts_cobp_m.csv,Building permits - monthly data
sts_cobp_q.csv,Building permits - quarterly data
sts_colb_a.csv,Labour input in construction - annual data
sts_colb_m.csv,Labour input in construction - monthly data
sts_colb_q.csv,Labour input in construction - quarterly data
sts_copi_a.csv,"Construction producer prices or costs, new residential buildings - annual data"
sts_copi_m.csv,"Construction producer prices or costs, new residential buildings - monthly data"
sts_copi_q.csv,"Construction producer prices or costs, new residential buildings - quarterly data"
sts_copr_a.csv,Production in construction - annual data
sts_copr_m.csv,Production in construction - monthly data
sts_copr_q.csv,Production in construction - quarterly data
sts_inlb_a.csv,Labour input in industry - annual data
sts_inlb_m.csv,Labour input in industry - monthly data
sts_inlb_q.csv,Labour input in industry - quarterly data
sts_inpi_a.csv,Import prices in industry - annual data
sts_inpi_m.csv,Import prices in industry - monthly data
sts_inpi_q.csv,Import prices in industry - quarterly data
sts_inpp_a.csv,"Producer prices in industry, total - annual data"
sts_inpp_m.csv,"Producer prices in industry, total - monthly data"
sts_inpp_q.csv,"Producer prices in industry, total - quarterly data"
sts_inppd_a.csv,"Producer prices in industry, domestic market - annual data"
sts_inppd_m.csv,"Producer prices in industry, domestic market - monthly data"
sts_inppd_q.csv,"Producer prices in industry, domestic market - quarterly data"
sts_inppnd_a.csv,"Producer prices in industry, non domestic market - annual data"
sts_inppnd_m.csv,"Producer prices in industry, non domestic market - monthly data"
sts_inppnd_q.csv,"Producer prices in industry, non domestic market - quarterly data"
sts_inpr_a.csv,Production in industry - annual data
sts_inpr_m.csv,Production in industry - monthly data
sts_inpr_q.csv,Production in industry - quarterly data
sts_intv_a.csv,"Turnover in industry, total - annual data"
sts_intv_m.csv,"Turnover in industry, total - monthly data"
sts_intv_q.csv,"Turnover in industry, total - quarterly data"
sts_intvd_a.csv,"Turnover in industry, domestic market - annual data"
sts_intvd_m.csv,"Turnover in industry, domestic market - monthly data"
sts_intvd_q.csv,"Turnover in industry, domestic market - quarterly data"
sts_intvnd_a.csv,"Turnover in industry, non domestic market - annual data"
sts_intvnd_m.csv,"Turnover in industry, non domestic market - monthly data"
sts_intvnd_q.csv,"Turnover in industry, non domestic market - quarterly data"
sts_rb_a.csv,Business registration and bankruptcy index by NACE Rev.2 activity - annual data
sts_rb_m.csv,Business registration and bankruptcy index by NACE Rev.2 activity - monthly data
sts_rb_q.csv,Business registration and bankruptcy index by NACE Rev.2 activity - quarterly data
sts_selb_a.csv,Labour input in services - annual data
sts_selb_m.csv,Labour input in services - monthly data
sts_selb_q.csv,Labour input in services - quarterly data
sts_sepp_a.csv,Service producer prices - annual data
sts_sepp_q.csv,Service producer prices - quarterly data
sts_sepr_a.csv,Production in services - annual data
sts_sepr_m.csv,Production in services - monthly data
sts_sepr_q.csv,Production in services - quarterly data
sts_setu_a$dv_666.csv,Turnover in services - annual data
sts_setu_a.csv,Turnover in services - annual data
sts_setu_m$dv_667.csv,Turnover in services - monthly data
sts_setu_m.csv,Turnover in services - monthly data
sts_setu_q$dv_668.csv,Turnover in services - quarterly data
sts_setu_q.csv,Turnover in services - quarterly data
sts_tot_prod_a.csv,Market production - annual data
sts_tot_prod_m.csv,Market production - monthly data
sts_tot_prod_q.csv,Market production - quarterly data
sts_trlb_a.csv,Labour input in wholesale and retail trade - annual data
sts_trlb_m.csv,Labour input in wholesale and retail trade - monthly data
sts_trlb_q.csv,Labour input in wholesale and retail trade - quarterly data
sts_trtu_a.csv,Turnover and volume of sales in wholesale and retail trade - annual data
sts_trtu_m.csv,Turnover and volume of sales in wholesale and retail trade - monthly data
sts_trtu_q.csv,Turnover and volume of sales in wholesale and retail trade - quarterly data
tag00001.csv,Agricultural holdings by agricultural area
tag00007.csv,Agricultural holdings by crops
tag00014.csv,Number of dairy cows
tag00016.csv,Number of bovine animals
tag00017.csv,Number of sheep
tag00018.csv,Number of pigs
tag00020.csv,Farm labour force
tag00025.csv,Utilised agricultural area by categories
tag00027.csv,"Cereals for the production of grain (including seed) by area, production and humidity"
tag00029.csv,Agricultural holdings by age of holder
tag00037.csv,Collection of cow's milk
tag00038.csv,Production of butter
tag00039.csv,Production of milk powder
tag00040.csv,Production of cheese
tag00041.csv,Production of milk on farms
tag00042.csv,Production of pigmeat in slaughterhouses
tag00043.csv,Production of poultry meat in slaughterhouses
tag00044.csv,Production of bovine meat in slaughterhouses
tag00045.csv,Production of sheepmeat and goat meat in slaughterhouses
tag00046.csv,"Producer price indices, total agricultural production"
tag00047.csv,"Wheat and spelt by area, production and humidity"
tag00048.csv,"Producer price indices, crop products"
tag00049.csv,"Rye and winter cereal mixtures by area, production and humidity"
tag00050.csv,"Producer price indices, animals and animal products"
tag00051.csv,"Barley by area, production and humidity"
tag00052.csv,"Purchase price indices, total means of agricultural production"
tag00053.csv,"Oats and spring cereal mixtures by area, production and humidity"
tag00054.csv,Crop output - basic and producer prices
tag00055.csv,Animal output - basic and producer prices
tag00056.csv,Gross value added of the agricultural industry - basic and producer prices
tag00057.csv,Indicator A of the income from agricultural activity
tag00059.csv,Selling prices of soft wheat
tag00060.csv,Selling prices of barley
tag00061.csv,Selling prices of oats
tag00062.csv,Selling prices of maize
tag00063.csv,Selling prices of main crop potatoes
tag00064.csv,Selling prices of sugar beet (unit value)
tag00065.csv,Selling prices of calves
tag00066.csv,Selling prices of pigs (light)
tag00067.csv,Selling prices of piglets
tag00068.csv,Selling prices of chickens (live 1st choice)
tag00069.csv,Selling prices of sheep
tag00070.csv,Selling prices of raw cow's milk
tag00071.csv,Selling prices of fresh eggs
tag00075.csv,Aquaculture production in tonnes and value
tag00076.csv,Catches in all fishing regions
tag00083.csv,"Fishing fleet, total tonnage"
tag00093.csv,"Grain maize and corn-cob-mix by area, production and humidity"
tag00094.csv,"Dry pulses and protein crops for the production of grain (including seed and mixtures of cereals and pulses) by area, production and humidity"
tag00100.csv,"Rape, turnip rape, sunflower seeds and soya by area"
tag00101.csv,"Green maize by area, production and humidity"
tag00102.csv,Output of the agricultural industry - basic and producer prices
tag00103.csv,Root crops and plants harvested green from arable land by area
tag00115.csv,Fresh vegetables and strawberries by area
tag00116.csv,"Fishing Fleet, Number of Vessels"
tag00120.csv,Permanent crops for human consumption by area
tag00121.csv,Grapes by production
tag00122.csv,Olives by production
tag00123.csv,Agricultural holdings by economic size of the farm (Standard Output in Euro)
tag00124.csv,Agricultural holdings with livestock
tag00125.csv,Agricultural holdings by age of manager
tai02.csv,Sales of pesticides by type of pesticide
tai03.csv,Share of irrigable and irrigated areas in utilised agricultural area (UAA) by NUTS 2 regions
tai04.csv,Final energy consumption by agriculture/forestry per hectare of utilised agricultural area
tai05.csv,Share of main land types in utilised agricultural area (UAA) by NUTS 2 regions
tai06.csv,Share of main livestock types in total livestock units (LSU) by NUTS 2 regions
tai07.csv,Ammonia emissions from agriculture - % of total emissions
tai08.csv,Greenhouse gas emissions from agriculture
tai09.csv,Livestock density index
tai10.csv,Estimated soil loss by water erosion by land cover type
tai11.csv,Share of landcover types affected by severe erosion
tec00001.csv,Gross domestic product at market prices
tec00009.csv,Final consumption expenditure of households and non-profit institutions serving households
tec00010.csv,Final consumption expenditure of general government
tec00011.csv,Gross fixed capital formation (investments)
tec00013.csv,Compensation of employees
tec00021.csv,Total general government revenue
tec00023.csv,Total general government expenditure
tec00027.csv,HICP - all items - annual average indices
tec00033.csv,ECU/EUR exchange rates versus national currencies
tec00038.csv,"Current account transactions - credits, debits and balance"
tec00039.csv,"Current account transactions - goods: credits, debits and balance"
tec00040.csv,"Current account transactions - services: credits, debits and balance"
tec00041.csv,"Current account transactions - primary income: credits, debits and balance"
tec00042.csv,"Current account transactions - secondary income: credits, debits and balance"
tec00097.csv,EMU convergence criterion series - annual data
tec00104.csv,Gross debt-to-income ratio of households
tec00105.csv,Inward FDI stocks in % of GDP
tec00106.csv,Outward FDI stocks in % of GDP
tec00107.csv,"FDI flows intensity, market integration"
tec00108.csv,Employment by NACE Rev.2 - percentage change Q/Q-1
tec00109.csv,Employment by NACE Rev.2 - thousand persons
tec00110.csv,"Goods and services, imports and exports"
tec00112.csv,"Employment, domestic concept - Total"
tec00113.csv,Adjusted gross disposable income of households per capita in PPS
tec00114.csv,GDP per capita in PPS
tec00115.csv,Real GDP growth rate - volume
tec00116.csv,Nominal labour productivity per person employed (ESA 2010)
tec00118.csv,HICP - inflation rate
tec00120.csv,Comparative price levels
tec00121.csv,Price and volume convergence between EU Member States
tec00127.csv,General government deficit/surplus
tec00131.csv,Household saving rate
tec00132.csv,Investment by institutional sectors
tec00134.csv,"Final consumption expenditure of households, by consumption purpose"
teibp010.csv,"Balance of payments, current account, monthly data"
teibp020.csv,"Balance of payments, capital account, monthly data"
teibp030.csv,"Balance of payments, current and capital account, monthly data"
teibp040.csv,"Balance of payments, financial account, monthly data"
teibp041.csv,International investment position - quarterly data
teibp050.csv,"Balance of payments, current account, quarterly data"
teibp051.csv,"Balance of payments, current account, quarterly data - % of GDP"
teibp060.csv,"Balance of payments, capital account, quarterly data"
teibp070.csv,"Balance of payments, current and capital account, quarterly data"
teibp110.csv,"Balance of payments, financial account, net, quarterly data"
teibs010.csv,Economic sentiment indicator
teibs020.csv,Confidence indicators by sector
teibs030.csv,Employment expectations indicator
teibs040.csv,Employment expectations by sectors
teibs070.csv,Current level of capacity utilization in manufacturing industry
teicp000.csv,HICP - all items
teicp010.csv,HICP - food
teicp020.csv,HICP - alcohol and tobacco
teicp030.csv,HICP - clothing
teicp040.csv,HICP - housing
teicp050.csv,HICP - household equipment
teicp060.csv,HICP - health
teicp070.csv,HICP - transport
teicp080.csv,HICP - communications
teicp090.csv,HICP - recreation and culture
teicp100.csv,HICP - education
teicp110.csv,HICP - hotels and restaurants
teicp120.csv,HICP - miscellaneous goods and services
teicp200.csv,"HICP - all items excluding energy, food, alcohol and tobacco"
teicp210.csv,HICP - all items excluding energy
teicp220.csv,HICP - all items excluding energy and unprocessed food
teicp230.csv,HICP - all items excluding energy and seasonal food
teicp240.csv,HICP - all items excluding tobacco
teicp250.csv,HICP - energy
teicp260.csv,"HICP - food, alcohol and tobacco"
teicp270.csv,House price index (2015 = 100) - quarterly data
teicp280.csv,HICP - services
teicp290.csv,HICP - non-energy industrial goods
teiet010.csv,Exports of goods - total
teiet020.csv,"Exports of goods - food, drinks and tobacco"
teiet030.csv,Exports of goods - raw materials
teiet040.csv,"Exports of goods - mineral fuels, lubricants and related materials"
teiet050.csv,Exports of goods - chemicals and related products
teiet060.csv,Exports of goods - other manufactured products
teiet070.csv,Exports of goods - machinery and transport equipment
teiet110.csv,Imports of goods - total
teiet120.csv,"Imports of goods - food, drinks and tobacco"
teiet130.csv,Imports of goods - raw materials
teiet140.csv,"Imports of goods - mineral fuels, lubricants and related materials"
teiet150.csv,Imports of goods - chemicals and related products
teiet160.csv,Imports of goods - other manufactured products
teiet170.csv,Imports of goods - machinery and transport equipment
teiet210.csv,Balance of trade - EU and euro area aggregates
teiet215.csv,Balance of trade
teiet300.csv,Unit value of exports
teiet310.csv,Unit value of imports
teiis010.csv,Domestic producer prices - total industry (excluding construction)
teiis011.csv,Import prices - total industry
teiis012.csv,Import prices - manufacturing
teiis013.csv,Import prices - intermediate goods
teiis014.csv,Import prices - capital goods
teiis015.csv,Import prices - consumer durables
teiis016.csv,Import prices - consumer non-durables
teiis020.csv,Domestic producer prices - manufacturing
teiis030.csv,Domestic producer prices - energy
teiis040.csv,Domestic producer prices - intermediate goods
teiis050.csv,Domestic producer prices - capital goods
teiis060.csv,Domestic producer prices - consumer durables
teiis070.csv,Domestic producer prices - consumer non-durables
teiis080.csv,Production in industry - total (excluding construction)
teiis090.csv,Production in industry - manufacturing
teiis100.csv,Production in industry - energy
teiis110.csv,Production in industry - intermediate goods
teiis120.csv,Production in industry - capital goods
teiis130.csv,Production in industry - consumer durables
teiis140.csv,Production in industry - consumer non-durables
teiis150.csv,Turnover in industry - manufacturing
teiis160.csv,Turnover in industry - intermediate goods
teiis170.csv,Turnover in industry - capital goods
teiis180.csv,Turnover in industry - consumer durables
teiis190.csv,Turnover in industry - consumer non-durables
teiis200.csv,Retail trade turnover - total
teiis210.csv,"Retail trade turnover - food, beverages and tobacco"
teiis220.csv,Retail trade turnover - non food
teiis230.csv,Retail trade turnover - automotive fuel
teiis240.csv,Retail trade volume of sales - total
teiis250.csv,"Retail trade volume of sales - food, beverages and tobacco"
teiis260.csv,Retail trade volume of sales - non food
teiis270.csv,Retail trade volume of sales - automotive fuel
teiis400.csv,Labour input - total industry (excluding construction)
teiis500.csv,Production in construction
teiis510.csv,Construction cost of new residential buildings
teiis521.csv,Labour input in construction
teiis550.csv,Building permits - monthly data
teiis715.csv,Production in services
teiis721.csv,Service producer prices
teilm010.csv,Unemployment by sex
teilm011.csv,Unemployment by sex - age group 15-24
teilm012.csv,Unemployment by sex - age group 25-74
teilm020.csv,Unemployment rate by sex
teilm021.csv,Unemployment rate by sex - age group 15-24
teilm022.csv,Unemployment rate by sex - age group 25-74
teilm100.csv,Labour cost index by NACE Rev. 2
teilm120.csv,Labour cost index by NACE Rev. 2 - percentage change Q/Q-1
teilm130.csv,Labour cost index by NACE Rev. 2 - percentage change Q/Q-4
teilm140.csv,Labour cost index by NACE Rev. 2 - Index (2020=100)
teilm310.csv,Job vacancy rate by NACE Rev. 2 - quarterly data
teimf040.csv,3-month-interest rate
teimf050.csv,Long term government bond yields
teimf060.csv,"Euro yield curve by maturity (1, 5 and 10 years)"
teimf100.csv,Day-to-day money market interest rates
teimf200.csv,Euro/national currency exchange rates
teimf250.csv,Real effective exchange rate - 42 trading partners
teina010.csv,"Gross domestic product, current prices"
teina011.csv,"Gross domestic product, volumes"
teina020.csv,"Final consumption expenditure of households and NPISH, current prices"
teina021.csv,"Final consumption expenditure of households and NPISH, volumes"
teina022.csv,Household final consumption expenditures by durability - percentage change Q/Q-1
teina023.csv,Household final consumption expenditures by durability - percentage change Q/Q-4
teina030.csv,"Government final consumption expenditure, current prices"
teina031.csv,"Government final consumption expenditure, volumes"
teina040.csv,"Gross fixed capital formation, current prices"
teina041.csv,"Gross fixed capital formation, volumes"
teina042.csv,Gross fixed capital formation by asset (AN_F6) - percentage change Q/Q-1
teina043.csv,Gross fixed capital formation by asset (AN_F6) - percentage change Q/Q-4
teina050.csv,"External balance of goods and services, current prices"
teina075_r2.csv,Compensation of employees - NACE Rev. 2
teina080.csv,Gross national income
teina090.csv,Gross disposable income
teina100.csv,Gross saving
teina110.csv,GDP deflator
teina200.csv,General government deficit (-) and surplus (+) - annual data
teina205.csv,General government deficit (-) and surplus (+) - quarterly data
teina210.csv,General government gross fixed capital formation - annual data
teina225.csv,General government gross debt - annual data
teina230.csv,General government gross debt - quarterly data
teina305.csv,"Employment by NACE Rev.2 - percentage change Q/Q-4, NSA"
teina306.csv,"Employment by NACE Rev.2 - percentage change Q/Q-4, SCA"
teina310.csv,"Employment by NACE Rev.2 - percentage change Q/Q-1, SCA"
teina400_r2.csv,Gross value added - NACE Rev. 2: TOTAL - current prices
teina402_r2.csv,Gross value added - NACE Rev. 2: TOTAL - volumes
teina404_r2.csv,Gross value added - NACE Rev. 2: A - current prices
teina406_r2.csv,Gross value added - NACE Rev. 2: A - volumes
teina408_r2.csv,Gross value added - NACE Rev. 2: B-E - current prices
teina410_r2.csv,Gross value added - NACE Rev. 2: B-E - volumes
teina412_r2.csv,Gross value added - NACE Rev. 2: C - current prices
teina414_r2.csv,Gross value added - NACE Rev. 2: C - volumes
teina416_r2.csv,Gross value added - NACE Rev. 2: F - current prices
teina418_r2.csv,Gross value added - NACE Rev. 2: F - volumes
teina420_r2.csv,Gross value added - NACE Rev. 2: G-I - current prices
teina422_r2.csv,Gross value added - NACE Rev. 2: G-I - volumes
teina424_r2.csv,Gross value added - NACE Rev. 2: J - current prices
teina426_r2.csv,Gross value added - NACE Rev. 2: J - volumes
teina428_r2.csv,Gross value added - NACE Rev. 2: K - current prices
teina430_r2.csv,Gross value added - NACE Rev. 2: K - volumes
teina432_r2.csv,Gross value added - NACE Rev. 2: L - current prices
teina434_r2.csv,Gross value added - NACE Rev. 2: L - volumes
teina436_r2.csv,Gross value added - NACE Rev. 2: M_N - current prices
teina438_r2.csv,Gross value added - NACE Rev. 2: M_N - volumes
teina440_r2.csv,Gross value added - NACE Rev. 2: O-Q - current prices
teina442_r2.csv,Gross value added - NACE Rev. 2: O-Q - volumes
teina444_r2.csv,Gross value added - NACE Rev. 2: R-U - current prices
teina446_r2.csv,Gross value added - NACE Rev. 2: R-U - volumes
teina500.csv,Household saving rate
teina510.csv,Households investment rate
teina515.csv,Investment rate of non-financial corporations
teina520.csv,Profit share of non-financial corporations
ten00001.csv,Water resources: long-term annual average
ten00003.csv,Fresh water abstraction by source per capita - m³ per capita
ten00006.csv,Water abstracted by sector of use
ten00030.csv,Sewage sludge production and disposal from urban wastewater (in dry substance (d.s))
ten00062.csv,Recovery rates for packaging waste
ten00063.csv,Recycling rates for packaging waste
ten00106.csv,Generation of waste by economic activity
ten00108.csv,Generation of waste by waste category
ten00110.csv,Waste generated by households by year and waste category
ten00117.csv,Electricity prices by type of user
ten00118.csv,Gas prices by type of user
ten00119.csv,Market share of the largest generator in the electricity market
ten00120.csv,Implicit tax rate on energy
ten00121.csv,Gross available energy by product
ten00122.csv,Total energy supply by product
ten00123.csv,Final energy consumption by product
ten00124.csv,Final energy consumption by sector
ten00125.csv,Final energy consumption in households by type of fuel
ten00126.csv,Final energy consumption in transport by type of fuel
ten00127.csv,Final energy consumption in road transport by type of fuel
ten00129.csv,Final energy consumption in industry by type of fuel
ten00135.csv,National expenditure on environmental protection
ten00136.csv,Environmental protection investments of total economy
ten00137.csv,Domestic material consumption per capita
ten00138.csv,Landfill rate of waste excluding major mineral wastes
ten00139.csv,Energy taxes
ten00141.csv,Environmental tax revenues
tepsr_lm210.csv,Gender gap in part-time employment
tepsr_lm220.csv,Gender employment gap by NUTS 2 regions
tepsr_lm230.csv,Gender employment gap by degree of urbanisation
tepsr_lm410.csv,People at risk of poverty or social exclusion by sex
tepsr_lm411.csv,People at risk of poverty or social exclusion by age
tepsr_lm412.csv,Children (aged less than 18) at risk of poverty or social exclusion - EU2030 target
tepsr_lm420.csv,Severe material and social deprivation rate by sex
tepsr_lm430.csv,People living in households with very low work intensity by sex
tepsr_lm440.csv,Severe housing deprivation rate by tenure status
tepsr_sp110.csv,General government expenditure by function
tepsr_sp200.csv,Disability employment gap by level of activity limitation and sex (source EU-SILC)
tepsr_sp210.csv,Children aged less than 3 years in formal childcare
tepsr_sp310.csv,Out-of-pocket expenditure on healthcare
tepsr_sp320.csv,Healthy life years at age 65 by sex
tepsr_sp410.csv,Individuals who have basic or above basic overall digital skills by sex
tepsr_spi110.csv,At-risk-of poverty rate for children (aged less than 18) by sex
tepsr_spi120.csv,Severe material and social deprivation rate for children (aged less than 18) by sex
tepsr_spi130.csv,Children (aged less than 18) living in households with very low work intensity by sex
tepsr_wc110.csv,Employment rate by age
tepsr_wc130.csv,Activity rate by sex
tepsr_wc160.csv,Activity rate by age
tepsr_wc170.csv,Unemployment rate by age
tepsr_wc220.csv,Employment in current job by duration
tepsr_wc230.csv,Labour transitions from temporary to permanent contracts by sex -3-year average
tepsr_wc310.csv,The real gross disposable income of households per capita (index = 2008)
tesem010.csv,Employment rate by sex
tesem020.csv,"Early leavers from education and training, age group 18-24"
tesem030.csv,"Tertiary educational attainment, age group 30-34"
tesem040.csv,Overall employment growth
tesem050.csv,"Employment rate of older workers, age group 55-64"
tesem060.csv,Gender employment gap
tesem070.csv,"Youth employment rate, age group 20-29"
tesem080.csv,"Employment rate of low skilled persons, age group 20-64"
tesem090.csv,"Employment rate of non-EU nationals, age group 20-64"
tesem100.csv,Part-time employment rate
tesem110.csv,Temporary employees as percentage of the total number of employees
tesem120.csv,Unemployment rate by sex
tesem130.csv,Long-term unemployment rate by sex
tesem140.csv,Youth unemployment rate by sex
tesem150.csv,Young people neither in employment nor in education and training by sex
tesem160.csv,Labour productivity per person employed and hour worked (EU27_2020=100)
tesem170.csv,Nominal unit labour cost growth
tesem180.csv,Gender pay gap in unadjusted form
tesem190.csv,Involuntary temporary employment
tesem200.csv,Newly employed
tesem210.csv,At-risk of poverty rate of unemployed persons
tesem220.csv,Tax rate on low wage earners - Unemployment trap
tesem240.csv,"Percentage of the population with at least upper secondary educational attainment, age group 25-64"
tesov016.csv,Relative median at-risk-of-poverty risk gap - EU-SILC survey
tesov092.csv,At-risk-of-poverty rate anchored at a fixed moment in time (2019) by age group - EU-SILC survey
tesov110.csv,In-work at-risk-of-poverty rate by sex
tesov190.csv,Distribution of population by household types - EU-SILC survey
tesov250.csv,At-risk-of-poverty rate before social transfers by sex - EU-SILC survey
tesov252.csv,At-risk-of-poverty rate before social transfers by age group - EU-SILC survey
tespm010.csv,At-risk-of-poverty rate
tespm020.csv,At-risk-of-poverty threshold for a single household
tespm030.csv,Severe material and social deprivation rate
tespm040.csv,Children at risk of poverty or social exclusion
tespm050.csv,Impact of social transfers (excluding pensions) on poverty reduction by sex
tespm050_r.csv,Impact of social transfers (excluding pensions) on poverty reduction by sex and NUTS 2 regions
tespm060.csv,At risk-of-poverty rate for the population living in (quasi-)jobless households
tespm070.csv,In-work at-risk-of-poverty rate
tespm080.csv,Youth unemployment ratio (15-24)
tespm090.csv,At risk of poverty or social exclusion rate for elderly (65+)
tespm100.csv,Aggregate replacement ratio
tespm110.csv,Self-reported unmet need for medical care by sex
tespm120.csv,Healthy life years at 65 - males
tespm130.csv,Healthy life years at 65 - females
tespm140.csv,Housing cost overburden rate
tespm150.csv,Persistent-at-risk-of-poverty rate
tespm151.csv,Inequality of income distribution
tespn010.csv,At-risk-of-poverty rate of older people by sex - EU-SILC survey
tespn020.csv,Median relative income of elderly people - EU-SILC survey
tespn050.csv,At-risk-of-poverty rate of older people by detailed age group - EU-SILC survey
tespn060.csv,Median relative income of elderly people (60+) - EU-SILC survey
tespn070.csv,Aggregate replacement ratio for pensions (excluding other social benefits) by sex
tespn080.csv,Income inequality for older people - EU-SILC survey
tespn090.csv,Relative median poverty risk gap of elderly people - EU-SILC survey
tespn100.csv,At-risk-of-poverty rate for pensioners - EU-SILC survey
tespn110.csv,At-risk-of-poverty rate of elderly people by tenure status - EU-SILC survey
tespn120.csv,Dispersion around the at-risk-of-poverty threshold for elderly people - EU-SILC survey
tespn240.csv,Gender differences in the at-risk-of-poverty rate by age - EU-SILC survey
tespn250.csv,Gender differences in the relative income of elderly people (65+) - EU-SILC survey
tespn260.csv,Gender differences in the aggregate replacement ratio for pensions (excluding other social benefits) - EU-SILC survey
tespn270.csv,Gender differences in the relative income of older people - EU-SILC survey
tessi010.csv,At-risk-of-poverty rate by sex
tessi012.csv,At-risk-of-poverty rate by age group - EU-SILC survey
tessi014.csv,At-risk-of-poverty threshold - EU-SILC survey
tessi020.csv,Persistent at-risk-of poverty rate by sex - EU-SILC survey
tessi022.csv,Persistent at-risk-of poverty rate by age group - EU-SILC survey
tessi030.csv,Relative median poverty risk gap by age group - EU-SILC survey
tessi080.csv,Material Deprivation rate by sex - EU-SILC survey
tessi082.csv,Material Deprivation rate by age group - EU-SILC survey
tessi120.csv,At-risk-of poverty rate by detailed age group - EU-SILC survey
tessi121.csv,At-risk-of poverty rate by household type - EU-SILC survey
tessi122.csv,At-risk-of-poverty rate of households without dependent children by work intensity - EU-SILC survey
tessi123.csv,At-risk-of-poverty rate of households with at least one dependent child by work intensity - EU-SILC survey
tessi124.csv,At-risk-of poverty rate by most frequent activity status - EU-SILC survey
tessi125.csv,At-risk-of poverty rate by tenure status - EU-SILC survey
tessi126.csv,Dispersion around the at-risk-of-poverty threshold - EU-SILC survey
tessi150.csv,Depth of material deprivation - EU-SILC survey
tessi160.csv,Housing cost overburden rate by sex - EU-SILC survey
tessi161.csv,Housing cost overburden rate by age group - EU-SILC survey
tessi162.csv,Housing cost overburden rate by income quintile - EU-SILC survey
tessi163.csv,Housing cost overburden rate by poverty status - EU-SILC survey
tessi164.csv,Housing cost overburden rate by tenure status - EU-SILC survey
tessi165.csv,Housing cost overburden rate by degree of urbanisation - EU-SILC survey
tessi166.csv,Housing cost overburden rate by household type - EU-SILC survey
tessi170.csv,Overcrowding rate by sex - EU-SILC survey
tessi171.csv,Overcrowding rate by age group - EU-SILC survey
tessi172.csv,Overcrowding rate by poverty status - EU-SILC survey
tessi173.csv,Overcrowding rate by tenure status - EU-SILC survey
tessi174.csv,Overcrowding rate by degree of urbanisation - EU-SILC survey
tessi175.csv,Overcrowding rate by household type - EU-SILC survey
tessi176.csv,Overcrowding rate by sex - population without single-person households - EU-SILC survey
tessi177.csv,Overcrowding rate by age group - population without single-person households - EU-SILC survey
tessi178.csv,Overcrowding rate by poverty status - population without single-person households - EU-SILC survey
tessi180.csv,Income quintile share ratio (S80/S20) by sex
tessi190.csv,Gini coefficient of equivalised disposable income
tessi191.csv,Gini coefficient of equivalised disposable income for children aged less than 18
tessi220.csv,At-risk-of-poverty rate anchored at a fixed moment in time (2019) by sex - EU-SILC survey
tessi230.csv,At-risk-of-poverty rate before social transfers by sex - EU-SILC survey
tessi250.csv,In-work at-risk-of-poverty rate by working time - EU-SILC survey
tessi291.csv,Housing deprivation rate by number of item - EU-SILC survey
tessi292.csv,"Share of total population living in a dwelling with a leaking roof, damp walls, floors or foundation, or rot in window frames of floor - EU-SILC survey"
tessi293.csv,"Share of total population having neither a bath, nor a shower in their dwelling - EU-SILC survey"
tessi294.csv,Share of total population not having indoor flushing toilet for the sole use of their household - EU-SILC survey
tessi295.csv,Share of total population considering their dwelling as too dark - EU-SILC survey
tessi300.csv,Median of the housing cost burden distribution by sex - EU-SILC survey
tessi301.csv,Median of the housing cost burden distribution by age group - EU-SILC survey
tessi302.csv,Median of the housing cost burden distribution by poverty status - EU-SILC survey
tessi303.csv,Median of the housing cost burden distribution by degree of urbanisation - EU-SILC survey
tet00001.csv,"Trade volume indices, by reporting country"
tet00002.csv,"International trade, by reporting country, total product"
tet00003.csv,Exports of goods and services in % of GDP
tet00004.csv,Imports of goods and services in % of GDP
tet00011.csv,"Intra-EU27 (from 2020) trade, by Member State, total product"
tet00012.csv,"Extra-EU27 (from 2020) trade, by Member State, total product"
tet00013.csv,"Extra-EU27 (from 2020) trade, by product group"
tet00028.csv,"Trade unit value indices, by reporting country"
tet00037.csv,Share of trade with the EU27 (from 2020)
tet00038.csv,"International trade of EFTA and enlargement countries, by reporting country, total product"
tet00065.csv,"Extra-euro area (EA20) trade, by main partners, total product"
tet00066.csv,"Extra-euro area (EA20) trade, by product group"
tet00067.csv,"Extra-EU imports by Member State, shares by invoicing currency"
tet00068.csv,"Extra-EU exports by Member State, shares by invoicing currency"
tet00071.csv,"Trade in goods, by main world traders - EU27 (from 2020)"
tgs00003.csv,Regional gross domestic product by NUTS 2 regions - million EUR
tgs00004.csv,Regional gross domestic product (million PPS) by NUTS 2 regions
tgs00005.csv,Regional gross domestic product (PPS per inhabitant) by NUTS 2 regions
tgs00006.csv,Regional gross domestic product (PPS per inhabitant in % of the EU27 (from 2020) average) by NUTS 2 regions
tgs00007.csv,Employment rate of the age group 15-64 by NUTS 2 regions
tgs00010.csv,Unemployment rate by NUTS 2 regions
tgs00024.csv,Population density by NUTS 2 region
tgs00026.csv,Disposable income of private households by NUTS 2 regions
tgs00027.csv,"Total population, Candidate countries and potential candidates"
tgs00036.csv,Primary income of private households by NUTS 2 regions
tgs00037.csv,Real growth rate of regional gross value added (GVA) at basic prices by NUTS 2 regions
tgs00038.csv,Human resources in science and technology (HRST) by NUTS 2 regions
tgs00039.csv,Employment in high-tech sectors by NUTS 2 regions
tgs00042.csv,Intramural R&D expenditure (GERD) by NUTS 2 regions
tgs00043.csv,"Researchers, all sectors by NUTS 2 regions"
tgs00045.csv,Animal populations by NUTS 2 regions
tgs00046.csv,Production of cow's milk on farms by NUTS 2 regions
tgs00047.csv,Households that have internet access at home by NUTS 2 regions
tgs00050.csv,Individuals regularly using the internet by NUTS 2 regions
tgs00052.csv,Individuals who ordered goods or services over the internet for private use in the last year by NUTS 2 regions
tgs00057.csv,All causes of death by NUTS 2 regions
tgs00058.csv,Death due to cancer by NUTS 2 regions
tgs00059.csv,Death due to ischaemic heart diseases by NUTS 2 regions
tgs00060.csv,Death due to accidents by NUTS 2 regions
tgs00061.csv,Death due to transport accidents by NUTS 2 regions
tgs00064.csv,Available beds in hospitals by NUTS 2 regions
tgs00075.csv,Maritime transport of passengers by NUTS 2 regions
tgs00076.csv,Maritime transport of freight by NUTS 2 regions
tgs00077.csv,Air transport of passengers by NUTS 2 regions
tgs00078.csv,Air transport of freight by NUTS 2 regions
tgs00096.csv,Population on 1 January by NUTS 2 region
tgs00099.csv,"Population change by NUTS 2 region - Crude rates of total change, natural change and net migration plus adjustment"
tgs00100.csv,Total fertility rate by NUTS 2 region
tgs00101.csv,Life expectancy at birth by sex and NUTS 2 region
tgs00103.csv,At-risk-of-poverty rate by NUTS 2 regions
tgs00104.csv,Severe material deprivation rate by NUTS 2 regions
tgs00105.csv,"Tertiary educational attainment, age group 25-34 by sex and NUTS 1 regions"
tgs00106.csv,Early leavers from education and training by sex and NUTS 1 regions
tgs00107.csv,People at risk of poverty or social exclusion by NUTS 2 regions
tgs00108.csv,People living in households with very low work intensity by NUTS 2 regions (population aged 0 to 59 years)
tgs00109.csv,"Tertiary educational attainment, age group 25-64 by sex and NUTS 2 regions"
tgs00111.csv,Nights spent at tourist accommodation establishments by NUTS 2 regions
tgs00112.csv,Number of establishments and bed-places by NUTS 2 regions
tgs00113.csv,Rail network by NUTS 2 regions
tgs00114.csv,Motorways network by NUTS 2 regions
tin00028.csv,Internet use by individuals
tin00074.csv,Percentage of the ICT sector in Gross value added
tin00085.csv,Percentage of the ICT personnel on total employment
tin00086.csv,Percentage change of value added by ICT sector at current prices
tin00091.csv,Individuals regularly using the internet
tin00092.csv,Individuals frequently using the internet
tin00093.csv,Individuals who have never used the internet
tin00094.csv,Individuals using the internet for sending/receiving e-mails
tin00095.csv,Individuals using the internet for finding information about goods and services
tin00096.csv,Individuals using the internet for buying goods or services
tin00098.csv,Individuals using the internet for selling goods or services
tin00099.csv,Individuals using the internet for internet banking
tin00101.csv,Individuals using the internet for seeking health-related information
tin00102.csv,Individuals using the internet for looking for a job or sending a job application
tin00103.csv,Individuals using the internet for doing an online course
tin00110.csv,Share of enterprises' turnover on e-commerce - %
tin00111.csv,Enterprises having received orders online (at least 1%) - % of enterprises
tin00116.csv,"Enterprises using software solutions, like CRM to analyse information about clients for marketing purposes"
tin00127.csv,Individuals using the internet for participating in social networks
tin00129.csv,Individuals using the internet for taking part in online consultations or voting
tin00134.csv,Level of internet access - households
tin00140.csv,High-tech exports
tin00170.csv,Business demography main variables - NACE Rev. 2 (B-N excluding K64.2)
tin00171.csv,Nights spent at tourist accommodation establishments by residents/non-residents - monthly data
tin00172.csv,Percentage change (compared to corresponding period of the previous year) in nights spent at tourist accommodation establishments by residents/non-residents - monthly data
tin00173.csv,"Net occupancy rate of bed-places and bedrooms in hotels and similar accommodations (NACE Rev. 2, I, 55.1) - monthly data"
tin00174.csv,Arrivals of residents/non-residents at tourist accommodation establishments
tin00175.csv,Nights spent at tourist accommodation establishments by residents/non-residents
tin00176.csv,Nights spent at tourist accommodation establishments by country/world region of residence of the tourist
tin00177.csv,Nights spent at tourist accommodation establishments by NACE
tin00180.csv,"Net occupancy rate of bed-places and bedrooms in hotels and similar accommodation (NACE Rev. 2, I, 55.1) (from 2012 onwards)"
tin00181.csv,Number of establishments and bed-places
tin00182.csv,Number of bed-places by NACE Rev.2 (I)
tin00185.csv,Persons participating in tourism for personal purposes - number of tourists
tin00186.csv,Participation in tourism for personal purposes - % of total population
tin00187.csv,Persons participating in tourism for personal purposes by age group - number of tourists
tin00188.csv,Trips by purpose
tin00189.csv,Trips by duration of the trip
tin00190.csv,Trips by detailed country/world region of main destination
tin00191.csv,Nights spent by purpose
tin00192.csv,Nights spent by duration of the trip
tin00193.csv,Nights spent by detailed country/world region of the main destination
tin00194.csv,Expenditure by category of expenditure
tin00195.csv,Average expenditure per trip
tin00196.csv,Average expenditure per night
tipsau10.csv,Gross domestic product (GDP) at market prices - annual data
tipsau20.csv,Gross domestic product (GDP) at market prices - quarterly data
tipsbd10.csv,"Gross non-performing loans, domestic and foreign entities - % of gross loans"
tipsbd20.csv,"Consolidated banking leverage, domestic and foreign entities (asset-to-equity multiple)"
tipsbd30.csv,Tier-1 capital ratio banking sector
tipsbd40.csv,Return on equity of banks
tipsbp10.csv,Current account balance - 3 year average
tipsbp100.csv,"Direct investment liabilities (stocks) - annual data, % of GDP"
tipsbp11.csv,"Current account, main components, net balance - annual data, % of GDP"
tipsbp12.csv,"Current account, main component, credit - annual data, % of GDP"
tipsbp13.csv,"Current account, main components, debit - annual data, % of GDP"
tipsbp14.csv,"Current account, main components, net balance - annual data, million units of national currency"
tipsbp15.csv,"Current account, main components, credit - annual data, million units of national currency"
tipsbp16.csv,"Current account, main components, debit - annual data, million units of national currency"
tipsbp17.csv,Capital account - annual data
tipsbp18.csv,Financial account - annual data
tipsbp19.csv,"Financial account by components, net balance - annual data, million units of national currency"
tipsbp20.csv,Current account balance - annual data
tipsbp21.csv,"Direct investment in the reporting economy, main components - annual data, million units of national currency"
tipsbp22.csv,"Direct investment abroad, main components - annual data, million units of national currency"
tipsbp40.csv,Current account balance - quarterly data
tipsbp41.csv,"Current account, main components, net balance - quarterly data, % of GDP"
tipsbp42.csv,"Current account, main components, credit - quarterly data, % of GDP"
tipsbp43.csv,"Current account, main components, debit - quarterly data, % of GDP"
tipsbp44.csv,"Current account, main components, net balance - quarterly data, million units of national currency"
tipsbp45.csv,"Current account, main components, credit - quarterly data, million units of national currency"
tipsbp46.csv,"Current account, main components, debit - quarterly data, million units of national currency"
tipsbp47.csv,Capital account - quarterly data
tipsbp48.csv,Financial account - quarterly data
tipsbp49.csv,"Financial account, main components - quarterly data, million units of national currency"
tipsbp50.csv,Net Lending/Borrowing (current and capital account) - quarterly data
tipsbp51.csv,"Direct investment in the reporting economy - quarterly data, % of GDP"
tipsbp52.csv,"Direct investment in the reporting economy, main components - quarterly data, million units of national currency"
tipsbp53.csv,"Direct investment abroad - quarterly data, % of GDP"
tipsbp54.csv,"Direct investment abroad, main components - quarterly data, million units of national currency"
tipsbp60.csv,Share of exports of advanced economies
tipsbp70.csv,Net Lending/Borrowing (current and capital account) - annual data
tipsbp90.csv,"Direct investment liabilities (flows) - annual data, % of GDP"
tipsen10.csv,Net trade balance of energy products - % of GDP
tipser10.csv,"Real effective exchange rate – percentage changes, 42 trading partners"
tipser11.csv,Nominal effective exchange rate – 42 trading partners
tipser12.csv,Nominal effective exchange rate – euro area trading partners
tipser13.csv,"Real effective exchange rate – index, 42 trading partners"
tipser20.csv,Real effective exchange rate – euro area trading partners
tipsex10.csv,Export market shares - 3 years % change
tipsex11.csv,Export market shares by items - 1 year % change
tipsex12.csv,"Exports of high technology products as a share of total exports, SITC Rev. 4 - %"
tipsex13.csv,Export market shares in volume
tipsex20.csv,Export market shares by items - % of world total
tipsfs10.csv,"Total financial sector liabilities, non-consolidated - annual data"
tipsfs11.csv,"Total financial sector liabilities, by sub-sectors, non-consolidated - % of GDP"
tipsfs12.csv,"Total financial sector liabilities, by sub-sectors, non-consolidated - million units of national currency"
tipsfs13.csv,"Total financial sector liabilities, by instruments, non-consolidated - % of GDP"
tipsfs14.csv,"Total financial sector liabilities, by instruments, non-consolidated - million units of national currency"
tipsfs20.csv,"Financial sector leverage (debt to equity), non-consolidated - %"
tipsfs30.csv,"Total financial sector liabilities, consolidated"
tipsfs31.csv,"Total financial sector liabilities, by sub-sectors, consolidated - % of GDP"
tipsfs32.csv,"Total financial sector liabilities, by sub-sectors, consolidated - million units of national currency"
tipsfs33.csv,"Total financial sector liabilities, by instruments, consolidated - % of GDP"
tipsfs34.csv,"Total financial sector liabilities, by instruments, consolidated - million units of national currency"
tipsgo10.csv,"General government gross debt (EDP concept), consolidated - annual data"
tipsgo11.csv,Government consolidated gross debt by components - annual data
tipsgo20.csv,"General government gross debt (EDP concept), consolidated - quarterly data"
tipsho10.csv,"House price index, deflated - annual data"
tipsho20.csv,House price index - annual data
tipsho30.csv,"House price index, deflated - quarterly data"
tipsho40.csv,House price index - quarterly data
tipsho41.csv,Final consumption expenditure of households and non-profit institutions serving households - quarterly data
tipsho50.csv,Building permits - annual data
tipsii10.csv,Net international investment position - annual data
tipsii12.csv,"Direct investment - annual data, million units of national currency"
tipsii13.csv,"Direct investment assets, by instruments - annual data, million units of national currency"
tipsii14.csv,"Direct investment liabilities, by instruments - annual data, million units of national currency"
tipsii15.csv,"Portfolio investement - annual data, million units of national currency"
tipsii16.csv,"Portfolio investment assets, by instuments - annual data, million units of national currency"
tipsii17.csv,"Portfolio investment liabilities, by instruments - annual data, million units of national currency"
tipsii18.csv,"Financial derivatives and employee stock options - annual data, million units of national currency"
tipsii19.csv,"Financial derivatives and employee stock options, by sectors - annual data, million units of national currency"
tipsii20.csv,"Net external debt - annual data, % of GDP"
tipsii21.csv,"Other investment - annual data, million units of national currency"
tipsii22.csv,"Other investment by sectors - annual data, million units of national currency"
tipsii30.csv,"Net external debt - quarterly data, % of GDP"
tipsii40.csv,"Net international investment position - quarterly data, % of GDP"
tipsii41.csv,"International investment position - quarterly data, million units of national currency"
tipsii42.csv,"Direct investment - quarterly data, million units of national currency"
tipsii43.csv,"Portfolio investment - quarterly data, million units of national currency"
tipsii44.csv,"Financial derivatives and employee stock options - quarterly data, million units of national currency"
tipsii45.csv,"Other investment - quarterly data, million units of national currency"
tipsii50.csv,Net international investment position excluding non-defaultable instruments - % of GDP
tipslc10.csv,People at risk of poverty or social exclusion
tipslc20.csv,People at risk of poverty after social transfer
tipslc30.csv,Severely materially and socially deprived people
tipslc40.csv,People living in households with very low work intensity
tipslm10.csv,Nominal unit labour cost per hour worked - 3 years % change
tipslm100.csv,Employment rate
tipslm13.csv,"Compensation of employees - annual data, million units of national currency"
tipslm14.csv,"Compensation of employees - quarterly data, million units of national currency"
tipslm15.csv,"Labour force participation rate, aged 15-64 - annual averages"
tipslm16.csv,"Population, aged 15-74 - EU labour force survey"
tipslm20.csv,"Nominal unit labour cost per hour worked  - annual data, % changes and index (2015 = 100)"
tipslm40.csv,Nominal unit labour cost (NULC) - quarterly data
tipslm50.csv,Unit labour cost performance related to the euro area - annual data
tipslm60.csv,Labour force participation rate - % of total population aged 15-64
tipslm70.csv,"Long-term unemployment rate, % of active population aged 15-74"
tipslm80.csv,Youth unemployment rate - % of active population aged 15-24
tipslm90.csv,Young people neither in employment nor in education and training (15-29 years) - % of the total population in the same age group
tipsna20.csv,Gross fixed capital formation at current prices
tipsna30.csv,Terms of trade by items - 5 years % change
tipsna40.csv,Real GDP per capita
tipsna50.csv,"Residential construction - annual data, % of GDP"
tipsna51.csv,Final consumption expenditure of households and non-profit institutions serving households - annual data
tipsna60.csv,"Employment, domestic concept - annual data"
tipsna61.csv,"Employment, domestic concept - quarterly data, thousands persons, not seasonally adjusted"
tipsna62.csv,"Employees, domestic concept - annual data"
tipsna70.csv,Labour productivity per hour worked - annual data
tipsna71.csv,Real labour productivity per person employed - quarterly data
tipsnf10.csv,"Net lending (+) /net borrowing (-), by sub-sector - current prices, million units of national currency"
tipsnf11.csv,"Net savings by sub-sectors - current prices, million units of national currency"
tipspc10.csv,"Private sector credit flow, non-consolidated"
tipspc13.csv,"Private sector credit flow: debt securities by sectors, non-consolidated - % of GDP"
tipspc14.csv,"Private sector credit flow: debt securities by sectors, non-consolidated - million units of national currency"
tipspc15.csv,"Private sector credit flow: loans by sectors, non-consolidated - % of GDP"
tipspc16.csv,"Private sector credit flow: loans by sectors, non-consolidated - million units of national currency"
tipspc20.csv,"Private sector credit flow, consolidated - % GDP"
tipspc23.csv,"Private sector credit flow: debt securities by sectors, consolidated - % of GDP"
tipspc24.csv,"Private sector credit flow: debt securities by sectors, consolidated - million units of national currency"
tipspc25.csv,"Private sector credit flow: loans by sectors, consolidated - % of GDP"
tipspc26.csv,"Private sector credit flow: loans by sectors, consolidated - million units of national currency"
tipspd10.csv,"Private sector debt, non-consolidated"
tipspd13.csv,"Private sector debt: debt securities by sectors, non-consolidated - % of GDP"
tipspd14.csv,"Private sector debt: debt securities by sectors, non-consolidated - million units of national currency"
tipspd15.csv,"Private sector debt: loans, by sectors, non-consolidated - % of GDP"
tipspd16.csv,"Private sector debt: loans by sectors, non-consolidated - million units of national currency"
tipspd20.csv,"Private sector debt, consolidated - % of GDP"
tipspd22.csv,"Household debt, consolidated including Non-profit institutions serving households - % of GDP"
tipspd23.csv,"Private sector debt: debt securities, by sectors, consolidated - % of GDP"
tipspd24.csv,"Private sector debt: debt securities, by sectors, consolidated - million units of national currency"
tipspd25.csv,"Private sector debt: loans, by sectors, consolidated - % of GDP"
tipspd26.csv,"Private sector debt: loans, by sectors, consolidated - million units of national currency"
tipspd30.csv,"Non-financial corporations debt - consolidated,  % of GDP"
tipsst10.csv,Gross domestic expenditure on research and development (R&D)
tipsun10.csv,Unemployment rate - 3 year average
tipsun20.csv,Unemployment rate - annual data
tipsun30.csv,"Unemployment rate - quarterly data, seasonally adjusted"
tour_cap_nat.csv,"Establishments, bedrooms and bed-places in tourist accommodation"
tour_cap_natdc.csv,"Establishments, bedrooms and bed-places in tourist accommodation, by degree of urbanisation and coastal/non-coastal area"
tour_cap_nats.csv,"Establishments, bedrooms and bed-places in hotels and similar accommodation by size class"
tour_cap_nuts2.csv,"Establishments, bedrooms and bed-places in tourist accommodation, by NUTS 2 regions"
tour_cap_nuts2dc.csv,"Establishments, bedrooms and bed-places in tourist accommodation, by degree of urbanisation and coastal/non-coastal area and NUTS 2 regions"
tour_cap_nuts3.csv,"Establishments, bedrooms and bed-places in tourist accommodation by NUTS 3 regions - annual data (1990-2011)"
tour_ce_oam.csv,Guest nights spent at short-stay accommodation offered via collaborative economy platforms by mode of accommodation - experimental statistics
tour_ce_oan3.csv,Guest nights spent at short-stay accommodation offered via collaborative economy platforms by NUTS 3 regions - experimental statistics
tour_ce_oar.csv,Guest nights spent at short-stay accommodation offered via collaborative economy platforms by country of residence of the guest - experimental statistics
tour_ce_oarc.csv,Short-stay accommodation offered via collaborative economy platforms by residence of the guest and cities - experimental statistics
tour_ce_oasc.csv,Guest nights spent at short-stay accommodation offered via collaborative economy platforms by size class of accommodation - experimental statistics
tour_ce_oaw.csv,"Guest nights spent at short-stay accommodation offered via collaborative economy platforms by NUTS1 and NUTS 2 regions, by world regions of residence of the guest - experimental statistics"
tour_ce_omn12.csv,"Short-stay accommodation offered via collaborative economy platforms by months, residence of the guest and NUTS1 and NUTS2 regions - experimental statistics"
tour_ce_omr.csv,Short-stay accommodation offered via collaborative economy platforms by months and residence of the guest - experimental statistics
tour_dem_exac.csv,Expenditure on accommodation by main mode of accommodation
tour_dem_exacw.csv,Expenditure on accommodation by trip arrangement and booking channel of the main mode of accommodation (from 2020 onwards)
tour_dem_exage.csv,Expenditure by age group of the tourist
tour_dem_exed11.csv,Expenditure by educational attainment level of the tourist
tour_dem_exinc.csv,Expenditure by household income quartile of the tourist
tour_dem_exls.csv,Expenditure by duration of the trip
tour_dem_exmd.csv,Expenditure by month of departure of the trip
tour_dem_exorg.csv,Expenditure by type of trip arrangement (2014-2019)
tour_dem_expktw.csv,Expenditure related to package trips (2012-2019)
tour_dem_expur.csv,Expenditure by purpose of the trip
tour_dem_expw.csv,"Expenditure during package trips by duration, category of expenditure, purpose and main destination of the trip (from 2020 onwards)"
tour_dem_exq.csv,"Expenditure by purpose, duration, destination and sex of the tourist  (1996-2011)"
tour_dem_exq1.csv,"Expenditure by purpose, duration, destination and age group (1996-2011)"
tour_dem_exq2.csv,"Expenditure on trips by purpose, duration, destination and main mode of transport (1996-2011)"
tour_dem_exq3.csv,"Expenditure on trips by purpose, duration, destination and trip arrangement (1996-2011)"
tour_dem_exq4.csv,"Expenditure on trips by purpose, duration, destination and main mode of accommodation (1996-2011)"
tour_dem_exsex.csv,Expenditure by sex of the tourist
tour_dem_extot.csv,"Expenditure by duration, purpose, main destination of the trip and expenditure category"
tour_dem_extotw.csv,Expenditure by detailed country/world region of the main destination of the trip
tour_dem_extr.csv,Expenditure on transport by main mode of transport
tour_dem_extrw.csv,Expenditure on transport by booking channel for main mode of transport (from 2020 onwards)
tour_dem_exws.csv,Expenditure by activity status of the tourist
tour_dem_npage.csv,Persons not participating in tourism by reason and age group
tour_dem_nped11.csv,Persons not participating in tourism by reason and educational attainment level
tour_dem_npinc.csv,Persons not participating in tourism by reason and household income
tour_dem_npsex.csv,Persons not participating in tourism by reason and sex
tour_dem_npws.csv,Persons not participating in tourism by reason and employment status
tour_dem_sdva.csv,Same-day visits - annual data
tour_dem_sdvexa.csv,Expenditure on same-day visits - annual data
tour_dem_sdvexq.csv,Expenditure on same-day visits - quarterly data
tour_dem_sdvq.csv,Same-day visits - quarterly data
tour_dem_tnac.csv,Nights spent by main mode of accommodation
tour_dem_tnacb.csv,Nights spent by booking channel for the main mode of accommodation (from 2020 onwards)
tour_dem_tnage.csv,Nights spent by age group of the tourist
tour_dem_tned11.csv,Nights spent by educational attainment level of the tourist
tour_dem_tnhd.csv,Nights spent by type of destination of the trip (personal trips only)
tour_dem_tninc.csv,Nights spent by household income quartile of the tourist
tour_dem_tnls.csv,Nights spent by duration of the trip
tour_dem_tnmd.csv,Nights spent by month of departure
tour_dem_tnorg.csv,Nights spent by trip arrangement (2014-2019)
tour_dem_tnpur.csv,Nights spent by purpose of the trip
tour_dem_tnpw.csv,"Nights spent during package trips by duration, purpose and main destination of the trip (from 2020 onwards)"
tour_dem_tnq.csv,"Nights spent by purpose, duration, destination and sex of the tourist  (1996-2011)"
tour_dem_tnq1.csv,"Nights spent by purpose, duration, destination and main mode of accommodation (1996-2011)"
tour_dem_tnq2.csv,"Nights spent by purpose, duration, destination and month of departure (1996-2011)"
tour_dem_tnsex.csv,Nights spent by sex of the tourist
tour_dem_tntot.csv,"Nights spent by duration, purpose and main destination of the trip"
tour_dem_tntr.csv,Nights spent by main mode of transport used for the trip
tour_dem_tntrb.csv,Nights spent by booking channel for the main mode of transport used for the trip (from 2020 onwards)
tour_dem_tnw.csv,Nights spent by detailed country/world region of the main destination of the trip
tour_dem_tnws.csv,Nights spent by activity status of the tourist
tour_dem_toage.csv,Persons participating in tourism for personal purposes by age group
tour_dem_toed11.csv,Persons participating in tourism for personal purposes by educational attainment level
tour_dem_toinc.csv,Persons participating in tourism for personal purposes by household income quartile
tour_dem_toq.csv,"Persons participating in tourism by destination, purpose, duration and sex of the tourist 1996-2011)"
tour_dem_tosex.csv,Persons participating in tourism for personal purposes by sex
tour_dem_totot.csv,Persons participating in tourism for personal purposes by duration of the stay and destination
tour_dem_tows.csv,Persons participating in tourism for personal purposes by activity status
tour_dem_ttac.csv,Trips by main mode of accommodation
tour_dem_ttacb.csv,Trips by booking channel for the main mode of accommodation (from 2020 onwards)
tour_dem_ttage.csv,Trips by age group of the tourist
tour_dem_tted11.csv,Trips by educational attainment level of the tourist
tour_dem_tthd.csv,Trips by type of destination (personal trips only)
tour_dem_ttinc.csv,Trips by household income quartile of the tourist
tour_dem_ttls.csv,Trips by duration of the trip
tour_dem_ttmd.csv,Trips by month of departure
tour_dem_ttorg.csv,Trips by trip arrangement (2014-2019)
tour_dem_ttpur.csv,Trips by purpose
tour_dem_ttpw.csv,"Package trips by duration, purpose and main destination (from 2020 onwards)"
tour_dem_ttq.csv,"Trips by purpose, duration, destination and sex of the tourist (1996-2011)"
tour_dem_ttq1.csv,"Trips by purpose, duration, destination and main mode of accommodation (1996-2011)"
tour_dem_ttq2.csv,"Trips by purpose, duration, destination and month of departure (1996-2011)"
tour_dem_ttsex.csv,Trips by sex of the tourist
tour_dem_tttot.csv,"Trips by duration, purpose and main destination"
tour_dem_tttr.csv,Trips by main mode of transport
tour_dem_tttrb.csv,Trips by booking channel for the main mode of transport (from 2020 onwards)
tour_dem_ttw.csv,Trips by detailed country/world region of main destination
tour_dem_ttws.csv,Trips by activity status of the tourist
tour_lfs1r2.csv,Employed persons by full-time/part-time activity and NACE Rev. 2 activity
tour_lfs2r2.csv,Employed persons by age groups and NACE Rev. 2 activity
tour_lfs3r2.csv,Employed persons by educational attainment level and Nace Rev. 2 activity
tour_lfs4r2.csv,Permanency of job (permanent or temporary) and NACE Rev. 2 activity
tour_lfs5r2.csv,Average seniority of work with the same employer and NACE Rev. 2 activity
tour_lfs6r2.csv,Employed persons and employees by sex and full-time/part-time activity and NACE Rev. 2 activity
tour_lfsq1r2.csv,Employed persons by full-time/part-time activity and Nace Rev. 2 activity
tour_lfsq2r2.csv,Employed persons by age groups and Nace Rev. 2 activity
tour_lfsq3r2.csv,Employed persons by educational attainment level and Nace Rev. 2 activity
tour_lfsq4r2.csv,Permanency of job (permanent or temporary) and Nace Rev. 2 activity
tour_lfsq5r2.csv,Average seniority of work with the same employer and Nace Rev. 2 activity
tour_lfsq6r2.csv,Employed persons and employees by sex and full-time/part-time activity and Nace Rev. 2 activity
tour_occ_anor.csv,Net occupancy rate of bed-places and bedrooms in hotels and similar accommodation (NACE Rev. 2 activity I55.1) by size class
tour_occ_anor2.csv,Net occupancy rate of bed-places and bedrooms in hotels and similar accommodation (NACE Rev. 2 activity I55.1) by  NUTS 2 regions
tour_occ_arm.csv,Arrivals at tourist accommodation establishments - monthly data
tour_occ_arn2.csv,Arrivals at tourist accommodation establishments by NUTS 2 regions
tour_occ_arnat.csv,Arrivals at tourist accommodation establishments
tour_occ_arnraw.csv,Arrivals at tourist accommodation establishments by country of origin of the tourist
tour_occ_arnrmw.csv,Arrivals at tourist accommodation establishments by country of origin of the tourist - monthly data (1990-2011)
tour_occ_mnor.csv,"Net occupancy rate of bed-places and bedrooms in hotels and similar accommodation (NACE Rev. 2, I, 55.1) - monthly data"
tour_occ_nim.csv,Nights spent at tourist accommodation establishments - monthly data
tour_occ_nin2.csv,Nights spent at tourist accommodation establishments by NUTS 2 regions
tour_occ_nin2dc.csv,Nights spent at tourist accommodation establishments by degree of urbanisation and coastal/non-coastal area and NUTS 2 regions
tour_occ_nin2m.csv,Nights spent at tourist accommodation establishments  by month and NUTS 2 regions (from 2020 onwards)
tour_occ_nin3.csv,Nights spent at tourist accommodation establishments by NUTS 3 regions (from 2020 onwards)
tour_occ_ninat.csv,Nights spent at tourist accommodation establishments
tour_occ_ninatdc.csv,Nights spent at tourist accommodation establishments by degree of urbanisation and coastal/non-coastal area
tour_occ_ninats.csv,Nights spent at hotels and similar accommodation (NACE Rev.2 activity I55.1) by size class
tour_occ_ninc.csv,Nights spent at tourist accommodation establishments for selected cities (from 2020 onwards)
tour_occ_ninraw.csv,Nights spent at tourist accommodation establishments  by country of origin of the tourist
tour_occ_ninrmw.csv,Nights spent at tourist accommodation establishments by country of origin of the tourist - monthly data (1990-2011)
tps00001.csv,Population on 1 January
tps00002.csv,Population projections
tps00003.csv,Population density
tps00005.csv,Population as a percentage of EU27 (from 2020) population
tps00010.csv,Population by age group
tps00014.csv,Mean age at first marriage by sex
tps00017.csv,Mean age of women at childbirth and at birth of first child
tps00019.csv,"Population change - crude rates of total change, natural change and net migration plus adjustment"
tps00024.csv,Acquisition of citizenship
tps00027.csv,Infant mortality rate
tps00028.csv,Proportion of population aged 65 and over
tps00029.csv,Deaths and crude death rate
tps00044.csv,Practising physicians
tps00045.csv,Practising dentists
tps00046.csv,Hospital beds
tps00048.csv,Discharges from hospitals
tps00053.csv,Employment rates of recent graduates
tps00065.csv,"At least upper secondary educational attainment, age group 25-64 by sex"
tps00066.csv,Unemployment rates of the population aged 25-64 by educational attainment level
tps00071.csv,Hours worked per week of full-time employment
tps00073.csv,Employees with a contract of limited duration (annual average)
tps00082.csv,Social benefits by function - million EUR
tps00083.csv,Net social benefits by function
tps00098.csv,Expenditure on social protection
tps00099.csv,Total expenditure on social protection per head of population. ECU/EUR
tps00100.csv,Expenditure on social protection per inhabitant
tps00101.csv,Total expenditure on social protection by type
tps00102.csv,Total expenditure on social benefits
tps00103.csv,Expenditure on pensions
tps00104.csv,Total expenditure on administration costs
tps00105.csv,Other expenditure on social protection
tps00106.csv,Social benefits by function - % of total benefits
tps00107.csv,Social benefits per head of population by function
tps00108.csv,Social protection receipts by type
tps00113.csv,Total wages and salaries
tps00114.csv,Social security and other labour costs paid by employer
tps00116.csv,"Death due to cancer, by sex"
tps00119.csv,"Death due to other ischaemic heart diseases, by sex"
tps00122.csv,"Death due to suicide, by sex"
tps00125.csv,"Death due to accidents, by sex"
tps00128.csv,"Death due to pneumonia, by sex"
tps00131.csv,"Death due to chronic liver disease, by sex"
tps00134.csv,"Death due to diseases of the nervous system, by sex"
tps00137.csv,"Death due to diabetes mellitus, by sex"
tps00140.csv,"Death due to alcoholic abuse, by sex"
tps00143.csv,"Death due to AIDS (HIV-disease), by sex"
tps00146.csv,"Death due to homicide, assault, by sex"
tps00149.csv,"Death due to drugs dependence, by sex"
tps00150.csv,Healthy life years at birth by sex
tps00151.csv,"At-risk-of-poverty-rate, by highest level of education attained"
tps00152.csv,"Causes of death, by sex"
tps00153.csv,Pension expenditure projections (baseline scenario)
tps00155.csv,Minimum wages
tps00157.csv,Population without the citizenship of the reporting country
tps00159.csv,Persons employed part-time - Total
tps00165.csv,"Death due to transport accidents, by sex"
tps00167.csv,Licensed physicians
tps00170.csv,First permits by reason
tps00171.csv,All valid permits by reason on 31 December of each year
tps00172.csv,"Job vacancies in number and % - NACE Rev. 2, B-S, quarterly data"
tps00173.csv,Labour costs annual data - NACE Rev. 2
tps00175.csv,"Average gross annual earnings in industry and services, by sex"
tps00176.csv,Immigration
tps00177.csv,Emigration
tps00178.csv,Foreign-born population
tps00181.csv,Jobless households - children
tps00182.csv,Jobless households by sex
tps00184.csv,At-risk-of-poverty rate after social transfers by sex
tps00185.csv,Formal child care by duration and age group
tps00186.csv,"At least upper secondary educational attainment, age group 20-24 by sex"
tps00189.csv,Asylum applicants by type - monthly data
tps00190.csv,Persons subject of asylum applications pending at the end of the month - monthly data
tps00191.csv,Asylum applicants by type - annual aggregated data
tps00192.csv,First instance decisions on asylum applications by type of decision - annual aggregated data
tps00193.csv,Final decisions on asylum applicationsby type of decision - annual data
tps00194.csv,Asylum applicants considered to be unaccompanied minors - annual data
tps00195.csv,Resettled persons - annual data
tps00197.csv,At most lower secondary educational attainment by age
tps00198.csv,Old-age-dependency ratio
tps00199.csv,Total fertility rate
tps00200.csv,Projected old-age dependency ratio
tps00202.csv,Suicide death rate by age group
tps00203.csv,Total unemployment rate
tps00204.csv,Live births and crude birth rate
tps00205.csv,Life expectancy at birth by sex
tps00206.csv,Crude marriage rate
tps00207.csv,Total health care expenditure
tps00208.csv,Life expectancy at birth by sex
tps00214.csv,Long-term care (health) expenditure
tps00215.csv,Exposure of VET graduates to work-based learning
tps00216.csv,Crude divorce rate
tps00217.csv,Female tertiary education graduates in STEM education fields - % of all tertiary education graduates in STEM education fields
tqoe1c2.csv,Employed women being in managerial positions by age
tqoe3a5.csv,Employed persons having more than one job by sex
tqoe3b4.csv,Employees with a flexible work schedule by sex
tqoe4a3.csv,Employed persons being self-employed without employees by sex
tran_hv_frmod.csv,Modal split of inland freight transport
tran_hv_frtra.csv,Volume of freight transport relative to GDP
tran_hv_ms_frmod.csv,"Modal split of air, sea and inland freight transport"
tran_hv_ms_psmod.csv,"Modal split of air, sea and inland passenger transport"
tran_hv_psmod.csv,Modal split of inland passenger transport
tran_hv_pstra.csv,Volume of passenger transport relative to GDP
tran_im_mosp.csv,Modal shift potential of long-distance road freight in containers - tonne-kilometre
tran_im_mospt.csv,Modal shift potential of long-distance road freight in containers - tonne
tran_im_uiww.csv,Unitisation in inland waterways freight transport - tonne-kilometre for gross-gross weight of goods
tran_im_umar.csv,Unitisation in maritime freight transport - tonnes for gross weight of goods
tran_im_umod.csv,Unitisation in the different modes of transport - tonne-kilometre for gross weight of goods
tran_im_urail.csv,Unitisation in rail freight transport- tonne-kilometre for gross-gross weight of goods
tran_im_uroad.csv,Unitisation in road freight transport - tonne-kilometre for gross weight of goods
tran_r_acci.csv,Victims in road accidents by NUTS 2 regions
tran_r_avgo_nm.csv,Air transport of freight by NUTS 2 regions
tran_r_avgo_om.csv,Air transport of freight by NUTS 2 regions (questionnaire)
tran_r_avpa_nm.csv,Air transport of passengers by NUTS 2 regions
tran_r_avpa_om.csv,Air transport of passengers by NUTS 2 regions (questionnaire)
tran_r_elvehst.csv,Stock of electric vehicles by category and NUTS 2 regions
tran_r_mago_nm.csv,Maritime transport of freight by NUTS 2 regions
tran_r_mago_om.csv,Maritime transport of freight by NUTS 2 regions (questionnaire)
tran_r_mapa_nm.csv,Maritime transport of passengers by NUTS 2 regions
tran_r_mapa_om.csv,Maritime transport of passengers by NUTS 2 regions (questionnaire)
tran_r_net.csv,"Road, rail and navigable inland waterways networks by NUTS 2 regions"
tran_r_rago.csv,Railway transport - national and international railway goods transport by loading/unloading NUTS 2 region
tran_r_rapa.csv,Railway transport - national and international railway passengers transport by loading/unloading NUTS 2 region
tran_r_vehst.csv,Stock of vehicles by category and NUTS 2 regions
tran_sf_aviaaw.csv,"Air accident victims in aerial works, by country of occurrence and country of registration of aircraft"
tran_sf_aviaca.csv,"Air accident victims in commercial air transport, by country of occurrence and country of registration of aircraft"
tran_sf_aviagah.csv,"Air accident victims in general aviation, by country of occurrence and country of registration of aircraft - maximum take-off mass above 2250 kg"
tran_sf_aviagal.csv,Air accident victims in general aviation by country of occurrence and country of registration of aircraft - maximum take-off mass under 2250 kg
tran_sf_marv.csv,Maritime accident victims by sea basin of occurrence and country of registration of vessels
tran_sf_marves.csv,"Maritime accident victims by sea basin of occurrence, country of registration of vessels and type of vessels"
tran_sf_marvper.csv,"Maritime accident victims by sea basin of occurrence, country of registration of vessels and category of victims"
tran_sf_railac.csv,Rail accidents by type of accident
tran_sf_raildg.csv,Rail accidents involving the transport of dangerous goods
tran_sf_railsu.csv,Suicides involving railways
tran_sf_railvi.csv,Rail accidents victims by type of accident and category of persons involved
tran_sf_roadnu.csv,Road accidents by NUTS 3 regions
tran_sf_roadro.csv,Persons killed in road accidents by type of road
tran_sf_roadus.csv,"Persons killed in road accidents by age, sex and category of persons involved"
tran_sf_roadve.csv,Persons killed in road accidents by type of vehicle
trng_aes_100.csv,Participation rate in education and training by sex
trng_aes_101.csv,Participation rate in education and training by age
trng_aes_102.csv,Participation rate in education and training by educational attainment level
trng_aes_103.csv,Participation rate in education and training by labour status
trng_aes_104.csv,Participation rate in education and training by occupation
trng_aes_105.csv,Participation rate in education and training by degree of urbanisation
trng_aes_120.csv,Participation rate in job-related non-formal education and training by type and sex
trng_aes_121.csv,Participation rate in job-related non-formal education and training by type and age
trng_aes_122.csv,Participation rate in job-related non-formal education and training by type and educational attainment level
trng_aes_123.csv,Participation rate in job-related non-formal education and training by type and labour status
trng_aes_124.csv,Participation rate in job-related non-formal education and training by type and occupation
trng_aes_125.csv,Participation rate in job-related non-formal education and training by degree of urbanisation
trng_aes_147.csv,Mean instruction hours spent by participant in education and training by age
trng_aes_148.csv,Mean instruction hours spent by participant in education and training by educational attainment level
trng_aes_149.csv,Mean instruction hours spent by participant in education and training by labour status
trng_aes_150.csv,Mean instruction hours spent by participant in education and training by occupation
trng_aes_151.csv,Mean instruction hours spent by participant in education and training by sex
trng_aes_152.csv,Mean instruction hours spent by participant in education and training by degree of urbanisation
trng_aes_165.csv,Distribution of education and training activities by field (ISCED-F 1999)
trng_aes_166.csv,Distribution of education and training activities by field (ISCED-F 2013)
trng_aes_170.csv,Distribution of non-formal education and training activities by provider
trng_aes_173.csv,Distribution of instruction hours by field (ISCED-F 1999)
trng_aes_174.csv,Distribution of instruction hours by field (ISCED-F 2013)
trng_aes_175.csv,Population by will to participate in education and training
trng_aes_176.csv,"Population wanting to participate in education and training, by reason for not participating and sex"
trng_aes_177.csv,"Population wanting to participate in education and training, by reason for not participating and age"
trng_aes_178.csv,"Population wanting to participate in education and training, by reason for not participating and educational attainment level"
trng_aes_179.csv,"Population wanting to participate in education and training, by main reason for not participating and sex"
trng_aes_180.csv,"Population wanting to participate in education and training, by main reason for not participating and age"
trng_aes_181.csv,"Population wanting to participate in education and training, by main reason for not participating and educational attainment level"
trng_aes_182.csv,Search for information on learning possibilities by type of learning and sex
trng_aes_183.csv,Search for information on learning possibilities by type of learning and age
trng_aes_184.csv,Search for information on learning possibilities by type of learning and educational attainment level
trng_aes_186.csv,Effect of the search for information on learning possibilities
trng_aes_187.csv,Sources of information used for getting information on learning possibilities
trng_aes_188.csv,Distribution of non-formal education and training activities by type and sex
trng_aes_189.csv,Distribution of non-formal education and training activities by type and age
trng_aes_190.csv,Distribution of non-formal education and training activities by type and educational attainment level
trng_aes_192.csv,Population not wanting to participate in education and training by main reason and sex
trng_aes_193.csv,Population not wanting to participate in education and training by main reason and age
trng_aes_194.csv,Population not wanting to participate in education and training by main reason and educational attainment level
trng_aes_195.csv,Population not participating in education or training by main reason and sex
trng_aes_196.csv,Population not participating in education or training by main reason and age
trng_aes_197.csv,Population not participating in education or training by main reason and educational attainment level
trng_aes_200.csv,Participation rate in informal learning by learning form and sex
trng_aes_201.csv,Participation rate in informal learning by learning form and age
trng_aes_202.csv,Participation rate in informal learning by learning form and educational attainment level
trng_aes_203.csv,Participation rate in informal learning by learning form and labour status
trng_aes_204.csv,Participation rate in informal learning by learning form and occupation
trng_aes_205.csv,Participation rate in informal learning by learning form and degree of urbanisation
trng_any1.csv,Participation in any learning activities by sex and age
trng_any2.csv,Participation in any learning activities by educational attainment level and labour status
trng_any3.csv,Participation in any learning activities by degree of urbanisation
trng_any4.csv,Participation in any learning activities by NACE Rev. 1.1 activity
trng_any5.csv,Participation in any learning activities by size of the local unit
trng_any6.csv,Participation in any learning activities by occupation
trng_cvt_01n1.csv,Enterprises providing training by type of training and NACE Rev. 1.1 activity - % of all enterprises
trng_cvt_01n2.csv,Enterprises providing training by type of training and NACE Rev. 2 activity - % of all enterprises
trng_cvt_01s.csv,Enterprises providing training by type of training and size class - % of all enterprises
trng_cvt_02n1.csv,Enterprises not providing training by reason for non-provision and NACE Rev. 1.1 activity - % of non-training enterprises
trng_cvt_02n2.csv,Enterprises not providing training by reason for non-provision and NACE Rev. 2 activity - % of non-training enterprises
trng_cvt_02s.csv,Enterprises not providing training by reason for non-provision and size class - % of non-training enterprises
trng_cvt_03n1.csv,Enterprises providing training by factor limiting provision and NACE Rev. 1.1 activity - % of training enterprises
trng_cvt_03n2.csv,Enterprises providing training by factor limiting provision and NACE Rev. 2 activity - % of training enterprises
trng_cvt_03s.csv,Enterprises providing training by factor limiting provision and size class - % of training enterprises
trng_cvt_04n1.csv,"Enterprises providing training by participation intensity, type of training and NACE Rev. 1.1 activity - % of training enterprises"
trng_cvt_04n2.csv,"Enterprises providing training by participation intensity, type of training and NACE Rev. 2 activity - % of training enterprises"
trng_cvt_04s.csv,"Enterprises providing training by participation intensity, type of training and size class - % of training enterprises"
trng_cvt_06n1.csv,Enterprises providing training in previous year by type of training and NACE Rev. 1.1 activity - % of all enterprises
trng_cvt_06n2.csv,Enterprises providing training in previous year by type of training and NACE Rev. 2 activity - % of all enterprises
trng_cvt_06s.csv,Enterprises providing training in previous year by type of training and size class - % of all enterprises
trng_cvt_07n1.csv,"Enterprises with CVT planning by type of planning, type of training provided and NACE Rev. 1.1 activity - % of all enterprises"
trng_cvt_07n2.csv,"Enterprises with CVT planning by type of planning, type of training provided and NACE Rev. 2 activity - % of all enterprises"
trng_cvt_07s.csv,"Enterprises with CVT planning by type of planning, type of training provided and size class - % of all enterprises"
trng_cvt_08n1.csv,"Enterprises with CVT agreement by type of agreement, type of training provided and NACE Rev. 1.1 activity - % of all enterprises"
trng_cvt_08n2.csv,"Enterprises with CVT agreement by type of agreement, type of training provided and NACE Rev. 2 activity - % of all enterprises"
trng_cvt_08s.csv,"Enterprises with CVT agreement by type of agreement, type of training provided and size class - % of all enterprises"
trng_cvt_09n1.csv,Enterprises with staff representatives involved in the management of CVT by type of involvement and NACE Rev. 1.1 activity - % of all enterprises
trng_cvt_09n2.csv,Enterprises with staff representatives involved in the management of CVT by type of involvement and NACE Rev. 2 activity - % of all enterprises
trng_cvt_09s.csv,Enterprises with staff representatives involved in the management of CVT by type of involvement and size class - % of all enterprises
trng_cvt_10n2.csv,Main skills needed for the development of the enterprise by type of skill and NACE Rev. 2 activity - % of all enterprises
trng_cvt_10s.csv,Main skills needed for the development of the enterprise by type of skill and size class - % of all enterprises
trng_cvt_11n2.csv,Usual reaction to future skill needs by type of reaction and NACE Rev. 2 activity - % of all enterprises
trng_cvt_11s.csv,Usual reaction to future skill needs by type of reaction and size class - % of all enterprises
trng_cvt_12n1.csv,Participants in CVT courses by sex and NACE Rev. 1.1 activity - % of persons employed in all enterprises
trng_cvt_12n2.csv,Participants in CVT courses by sex and NACE Rev. 2 activity - % of persons employed in all enterprises
trng_cvt_12s.csv,Participants in CVT courses by sex and size class - % of persons employed in all enterprises
trng_cvt_13n1.csv,Participants in CVT courses by sex and NACE Rev. 1.1 activity - % of persons employed in enterprises providing CVT courses
trng_cvt_13n2.csv,Participants in CVT courses by sex and NACE Rev. 2 activity - % of persons employed in enterprises providing CVT courses
trng_cvt_13s.csv,Participants in CVT courses by sex and size class - % of persons employed in enterprises providing CVT courses
trng_cvt_14n1.csv,Participants in CVT courses by type of CVT planning and NACE Rev. 1.1 activity - % of persons employed in all enterprises
trng_cvt_14n2.csv,Participants in CVT courses by type of CVT planning and NACE Rev. 2 activity - % of persons employed in all enterprises
trng_cvt_14s.csv,Participants in CVT courses by type of CVT planning and size class - % of persons employed in all enterprises
trng_cvt_15n1.csv,Participants in CVT courses by type of CVT agreement and NACE Rev. 1.1 activity - % of persons employed in all enterprises
trng_cvt_15n2.csv,Participants in CVT courses by type of CVT agreement and NACE Rev. 2 activity - % of persons employed in all enterprises
trng_cvt_15s.csv,Participants in CVT courses by type of CVT agreement and size class - % of persons employed in all enterprises
trng_cvt_16n1.csv,Cost of CVT courses by type and NACE Rev. 1.1 activity - % of total labour cost of all enterprises
trng_cvt_16n2.csv,Cost of CVT courses by type and NACE Rev. 2 activity - % of total labour cost of all enterprises
trng_cvt_16s.csv,Cost of CVT courses by type and size class - % of total labour cost of all enterprises
trng_cvt_17n1.csv,Cost of CVT courses by type and NACE Rev 1.1 activity - cost per person employed in all enterprises
trng_cvt_17n2.csv,Cost of CVT courses by type and NACE Rev. 2 activity - cost per person employed in all enterprises
trng_cvt_17s.csv,Cost of CVT courses by type and size class - cost per person employed in all enterprises
trng_cvt_18n1.csv,Cost of CVT courses by type and NACE Rev 1.1 activity - cost per person employed in enterprises providing CVT courses
trng_cvt_18n2.csv,Cost of CVT courses by type and NACE Rev. 2 activity - cost per person employed in enterprises providing CVT courses
trng_cvt_18s.csv,Cost of CVT courses by type and size class - cost per person employed in enterprises providing CVT courses
trng_cvt_19n1.csv,Cost of CVT courses by type and NACE Rev. 1.1 activity - cost per participant
trng_cvt_19n2.csv,Cost of CVT courses by type and NACE Rev. 2 activity - cost per participant
trng_cvt_19s.csv,Cost of CVT courses by type and size class - cost per participant
trng_cvt_20n1.csv,Cost of CVT courses by type and NACE Rev. 1.1 activity - cost per training hour
trng_cvt_20n2.csv,Cost of CVT courses by type and NACE Rev. 2 activity - cost per training hour
trng_cvt_20s.csv,Cost of CVT courses by type and size class - cost per training hour
trng_cvt_21n1.csv,Hours spent in CVT courses by NACE Rev. 1.1 activity - hours per 1000 hours worked in all enterprises
trng_cvt_21n2.csv,Hours spent in CVT courses by NACE Rev. 2 activity - hours per 1000 hours worked in all enterprises
trng_cvt_21s.csv,Hours spent in CVT courses by size class - hours per 1000 hours worked in all enterprises
trng_cvt_22n1.csv,Hours spent in CVT courses by NACE Rev. 1.1 activity - hours per 1000 hours worked in enterprises providing CVT courses
trng_cvt_22n2.csv,Hours spent in CVT courses by NACE Rev. 2 activity - hours per 1000 hours worked in enterprises providing CVT courses
trng_cvt_22s.csv,Hours spent in CVT courses by size class - hours per 1000 hours worked in enterprises providing CVT courses
trng_cvt_23n1.csv,Hours spent in CVT courses by NACE Rev. 1.1 activity - hours per person employed in all enterprises
trng_cvt_23n2.csv,Hours spent in CVT courses by NACE Rev. 2 activity - hours per person employed in all enterprises
trng_cvt_23s.csv,Hours spent in CVT courses by size class - hours per person employed in all enterprises
trng_cvt_24n1.csv,Hours spent in CVT courses by NACE Rev. 1.1 activity - hours per person employed in enterprises providing CVT courses
trng_cvt_24n2.csv,Hours spent in CVT courses by NACE Rev. 2 activity - hours per person employed in enterprises providing CVT courses
trng_cvt_24s.csv,Hours spent in CVT courses by size class - hours per person employed in enterprises providing CVT courses
trng_cvt_25n1.csv,Hours spent in CVT courses by NACE Rev. 1.1 activity - hours per participant
trng_cvt_25n2.csv,Hours spent in CVT courses by NACE Rev. 2 activity - hours per participant
trng_cvt_25s.csv,Hours spent in CVT courses by size class - hours per participant
trng_cvt_26n1.csv,Hours spent in CVT courses by type of course and NACE Rev. 1.1 activity - % of total hours spent in CVT courses
trng_cvt_26n2.csv,Hours spent in CVT courses by type of course and NACE Rev. 2 activity - % of total hours spent in CVT courses
trng_cvt_26s.csv,Hours spent in CVT courses by type of course and size class - % of total hours spent in CVT courses
trng_cvt_27n1.csv,Hours spent in CVT courses by type of CVT planning and NACE Rev. 1.1 activity - hours per person employed in all enterprises
trng_cvt_27n2.csv,Hours spent in CVT courses by type of CVT planning and NACE Rev. 2 activity - hours per person employed in all enterprises
trng_cvt_27s.csv,Hours spent in CVT courses by type of CVT planning and size class - hours per person employed in all enterprises
trng_cvt_28n1.csv,Hours spent in CVT courses by type of CVT agreement and NACE Rev. 1.1 activity - hours per person employed in all enterprises
trng_cvt_28n2.csv,Hours spent in CVT courses by type of CVT agreement and NACE Rev. 2 activity - hours per person employed in all enterprises
trng_cvt_28s.csv,Hours spent in CVT courses by type of CVT agreement and size class - hours per person employed in all enterprises
trng_cvt_29n2.csv,Main skills targeted by CVT courses by type of skill and NACE Rev. 2 activity - % of enterprises providing CVT courses
trng_cvt_29s.csv,Main skills targeted by CVT courses by type of skill and size class - % of enterprises providing CVT courses
trng_cvt_30n2.csv,Main providers used for external CVT courses by type of provider and NACE Rev. 2 activity - % of enterprises providing external CVT courses
trng_cvt_30s.csv,Main providers used for external CVT courses by type of provider and size class - % of enterprises providing external CVT courses
trng_cvt_31n2.csv,Enterprises which assess the outcomes of CVT activities by type of training provided and NACE Rev. 2 activity - % of training enterprises
trng_cvt_31s.csv,Enterprises which assess the outcomes of CVT activities by type of training provided and size class - % of training enterprises
trng_cvt_32n1.csv,Enterprises which assess the outcomes of CVT activities by assessment method and NACE Rev. 1.1 activity - % of training enterprises
trng_cvt_32n2.csv,Enterprises which assess the outcomes of CVT activities by assessment method and NACE Rev. 2 activity - % of training enterprises
trng_cvt_32s.csv,Enterprises which assess the outcomes of CVT activities by assessment method and size class - % of training enterprises
trng_cvt_33n1.csv,Enterprises which assess their future skill needs by type of training provided and NACE Rev. 1.1 activity - % of all enterprises
trng_cvt_33n2.csv,Enterprises which assess their future skill needs by type of training provided and NACE Rev. 2 activity - % of all enterprises
trng_cvt_33s.csv,Enterprises which assess their future skill needs by type of training provided and size class - % of all enterprises
trng_cvt_34n1.csv,Enterprises employing IVT participants by NACE Rev. 1.1 activity - % of all enterprises
trng_cvt_34n2.csv,Enterprises employing IVT participants by NACE Rev. 2 activity - % of all enterprises
trng_cvt_34s.csv,Enterprises employing IVT participants by size class - % of all enterprises
trng_cvt_35n2.csv,Enterprises employing IVT participants by reason and NACE Rev. 2 activity - % of enterprises employing IVT participants
trng_cvt_35s.csv,Enterprises employing IVT participants by reason and size class - % of enterprises employing IVT participants
trng_fed1.csv,Participation in formal education by sex and age
trng_fed2.csv,Participation in formal education by educational attainment level and labour status
trng_fed3.csv,Participation in formal education by degree of urbanisation
trng_fed6.csv,Participation in formal education by sex and labour status
trng_fed8.csv,Fields of study in formal education by sex and labour status
trng_inf1.csv,Participation in informal learning by sex and age
trng_inf10.csv,Participants studying in libraries or learning centres by sex and age
trng_inf11.csv,Participants studying in libraries or learning centres by educational attainment level and labour status
trng_inf2.csv,Participation in informal learning by educational attainment level and labour status
trng_inf3.csv,Participation in informal learning by degree of urbanisation
trng_inf4.csv,Self-studying (with printed materials) participants by sex and age
trng_inf5.csv,Self-studying (with printed materials) participants by educational attainment level and labour status
trng_inf6.csv,Computer based learning participants by sex and age
trng_inf7.csv,Computer based learning participants by educational attainment level and labour status
trng_inf8.csv,Participants studying by making use of educational broadcasting by sex and age
trng_inf9.csv,Participants studying by making use of educational broadcasting by educational attainment level and labour status
trng_lfs_01.csv,Participation rate in education and training (last 4 weeks) by sex and age
trng_lfs_02$dv_2221.csv,"Participation rate in education and training (last 4 weeks) by sex, age and educational attainment level"
trng_lfs_02.csv,"Participation rate in education and training (last 4 weeks) by sex, age and educational attainment level"
trng_lfs_03.csv,"Participation rate in education and training (last 4 weeks) by sex, age and labour status"
trng_lfs_04.csv,"Participation rate of employees in education and training (last 4 weeks) by sex, age and occupation"
trng_lfs_05.csv,"Participation rate of employees in education and training (last 4 weeks) by sex, age and employment contract"
trng_lfs_06.csv,"Participation rate of employees in education and training (last 4 weeks) by sex, age and full-time/part-time employment"
trng_lfs_07.csv,"Participation rate of employees in education and training (last 4 weeks) by sex, age and size of the local unit"
trng_lfs_08a.csv,"Participation rate of employees in education and training (last 4 weeks) by sex, age and NACE Rev. 1.1 activity"
trng_lfs_08b.csv,"Participation rate of employees in education and training (last 4 weeks) by sex, age and NACE Rev. 2 activity"
trng_lfs_09.csv,"Participation rate in education and training (last 4 weeks) by type, sex and age"
trng_lfs_10.csv,"Participation rate in education and training (last 4 weeks) by type, sex, age and educational attainment level"
trng_lfs_11.csv,"Participation rate in education and training (last 4 weeks) by type, sex, age and labour status"
trng_lfs_12$dv_1803.csv,"Participation rate in education and training (last 4 weeks) by sex, age and citizenship"
trng_lfs_12.csv,"Participation rate in education and training (last 4 weeks) by sex, age and citizenship"
trng_lfs_13$dv_1804.csv,"Participation rate in education and training (last 4 weeks) by sex, age and country of birth"
trng_lfs_13.csv,"Participation rate in education and training (last 4 weeks) by sex, age and country of birth"
trng_lfs_14.csv,"Participation rate in education and training (last 4 weeks) by sex, age and degree of urbanisation"
trng_lfs_15.csv,"Distribution of participation in formal education and training (last 4 weeks) by education programme, sex and age"
trng_lfs_16.csv,"Participation rate in education and training (last 4 weeks) by sex, age and level of disability (activity limitation)"
trng_lfs_17.csv,Participation rate in education and training (last 12 months) by sex and age
trng_lfs_18.csv,"Participation rate in education and training (last 12 months) by sex, age and educational attainment level"
trng_lfs_19.csv,"Participation rate in education and training (last 12 months) by sex, age and labour status"
trng_lfs_20.csv,"Participation rate in education and training (last 12 months) by sex, age and citizenship"
trng_lfs_21.csv,"Participation rate in education and training (last 12 months) by sex, age and country of birth"
trng_lfs_22.csv,"Participation rate in education and training (last 12 months) by sex, age and NUTS 2 regions"
trng_lfs_23.csv,"Participation rate in education and training (last 12 months) by sex, age and degree of urbanisation"
trng_lfs_24.csv,"Participation rate in education and training (last 12 months) by sex, age and level of disability (activity limitation)"
trng_lfs_25.csv,"Participation rate of employees in education and training (last 12 months) by sex, age and occupation"
trng_lfs_26.csv,"Participation rate of employees in education and training (last 12 months) by sex, age and employment contract"
trng_lfs_27.csv,"Participation rate of employees in education and training (last 12 months) by sex, age and full-time/part-time employment"
trng_lfs_28.csv,"Participation rate of employees in education and training (last 12 months) by sex, age and size of the local unit"
trng_lfs_29.csv,"Participation rate of employees in education and training (last 12 months) by sex, age and NACE Rev. 2 activity"
trng_lfs_30.csv,"Participation rate in education and training (last 12 months) by type, sex and age"
trng_lfs_31.csv,"Participation rate in education and training (last 12 months) by type, sex, age and educational attainment level"
trng_lfs_32.csv,"Participation rate in education and training (last 12 months) by type, sex, age and labour status"
trng_lfs_33.csv,"Distribution of participation in formal education and training (last 12 months) by education programme, sex and age"
trng_lfse_01$dv_1801.csv,Participation rate in education and training (last 4 weeks) by sex and age
trng_lfse_01.csv,Participation rate in education and training (last 4 weeks) by sex and age
trng_lfse_02.csv,Participation rate in education and training (last 4 weeks) by sex and labour status
trng_lfse_03.csv,Participation rate in education and training (last 4 weeks) by sex and educational attainment level
trng_lfse_04.csv,Participation rate in education and training (last 4 weeks) by NUTS 2 regions
trng_nfe1.csv,Participation in non-formal education and training by sex and age
trng_nfe11.csv,Participation of employed persons in non-formal education and training by sex and occupation
trng_nfe12.csv,Participation of employed persons in non-formal education and training by sex and NACE Rev. 1.1 activity
trng_nfe13.csv,Mean instruction hours per employed participant in non-formal education and training by sex and NACE Rev. 1.1 activity
trng_nfe14.csv,Mean instruction hours per participant in non-formal education and training by sex and age
trng_nfe15.csv,Mean instruction hours per participant in non-formal education and training by sex and labour status
trng_nfe16.csv,Mean instruction hours per employed participant in non-formal education and training by sex and occupation
trng_nfe18.csv,Mean instruction hours per participant in non-formal education and training by field of learning
trng_nfe2.csv,Participation in non-formal education and training by number of activities
trng_nfe21.csv,Participation of employed persons in non-formal education and training activities on foreign languages and computers by sex and occupation
trng_nfe23.csv,"Participation of employed persons in non-formal education and training by field of study, sex and NACE Rev. 1.1 activity"
trng_nfe25.csv,Participation in non-formal education and training within/-out paid hours by sex and labour status
trng_nfe3.csv,Participation in non-formal education and training by educational attainment level and labour status
trng_nfe4.csv,Participation in non-formal education and training by degree of urbanisation
trng_nfe5.csv,Participation in job-related non-formal education and training by size of the local unit
trng_nfe6.csv,Participation in non-formal education and training by main reason for participating in the taught activity
trng_nfe7.csv,Participation in non-formal education and training within (or not) paid working hours
trng_nfe8.csv,"Participation in non-formal education and training by number of taught activities, sex and age"
trng_nfe9.csv,"Participation in non-formal education and training by number of taught activities, sex and labour status"
tsc00001.csv,"Research and development expenditure, by sectors of performance"
tsc00002.csv,"Research and development personnel, by sectors of performance"
tsc00003.csv,Total researchers by sectors of performance - head count
tsc00004.csv,Total researchers by sectors of performance - full time equivalent
tsc00005.csv,"Share of women researchers, by sectors of performance"
tsc00006.csv,"Share of women researchers, all sectors"
tsc00007.csv,Share of government budget appropriations or outlays on research and development
tsc00008.csv,Share of GBAORD allocated to defence and total civil socio-economic objectives
tsc00011.csv,Employment in high- and medium-high technology manufacturing sectors and knowledge-intensive service sectors
tsc00025.csv,Human resources in science and technology (HRST)
tsc00031.csv,Intramural R&D expenditure (GERD) by source of funds
ttr00001.csv,Volume of passenger transport relative to GDP
ttr00002.csv,Total length of motorways
ttr00003.csv,Total length of railway lines
ttr00005.csv,Goods transport by road
ttr00006.csv,Goods transport by rail
ttr00007.csv,Goods transport by inland waterways
ttr00009.csv,Sea transport of goods
ttr00011.csv,Air transport of goods by country (yearly data)
ttr00012.csv,Air transport of passengers by country (yearly data)
ttr00015.csv,Rail transport of passengers
ttr00016.csv,Air transport of passengers by country and type of transport (monthly data)
ttr00017.csv,Air transport of passengers by airport and type of transport (monthly data)
tus_00age$dv_166.csv,"Time spent, participation time and participation rate in the main activity by sex and age group"
tus_00age$dv_167.csv,"Time spent, participation time and participation rate in the main activity by sex and age group"
tus_00age.csv,"Time spent, participation time and participation rate in the main activity by sex and age group"
tus_00age2.csv,"Time spent, participation time and participation rate in the secondary activity by sex and age group"
tus_00alone.csv,Time spent alone
tus_00educ$dv_571.csv,"Time spent, participation time and participation rate in the main activity by sex and educational attainment level"
tus_00educ$dv_572.csv,"Time spent, participation time and participation rate in the main activity by sex and educational attainment level"
tus_00educ$dv_573.csv,"Time spent, participation time and participation rate in the main activity by sex and educational attainment level"
tus_00educ.csv,"Time spent, participation time and participation rate in the main activity by sex and educational attainment level"
tus_00educ2.csv,"Time spent, participation time and participation rate in the secondary activity by sex and educational attainment level"
tus_00hhstatus$dv_164.csv,"Time spent, participation time and participation rate in the main activity by sex and household composition"
tus_00hhstatus$dv_165.csv,"Time spent, participation time and participation rate in the main activity by sex and household composition"
tus_00hhstatus.csv,"Time spent, participation time and participation rate in the main activity by sex and household composition"
tus_00hhstatus2.csv,"Time spent, participation time and participation rate in the secondary activity by sex and household composition"
tus_00meal.csv,Time spent on eating at home (as main or secondary activity)
tus_00month$dv_293.csv,"Time spent, participation time and participation rate in the main activity by sex and month of the year"
tus_00month$dv_295.csv,"Time spent, participation time and participation rate in the main activity by sex and month of the year"
tus_00month.csv,"Time spent, participation time and participation rate in the main activity by sex and month of the year"
tus_00npaycare.csv,Time spent providing childcare (as main or secondary activity)
tus_00npaywork.csv,Time spent in unpaid forms of work (as main or secondary activity) by sex and by form of work
tus_00profstat$dv_162.csv,"Time spent, participation time and participation rate in the main activity by sex and professional status"
tus_00profstat$dv_163.csv,"Time spent, participation time and participation rate in the main activity by sex and professional status"
tus_00profstat.csv,"Time spent, participation time and participation rate in the main activity by sex and professional status"
tus_00screen$dv_670.csv,"Time spent watching TV or other media, playing computer games and any similar screen activities (as main or secondary activity)"
tus_00screen.csv,"Time spent watching TV or other media, playing computer games and any similar screen activities (as main or secondary activity)"
tus_00selfstat$dv_141.csv,"Time spent, participation time and participation rate in the main activity by sex and self-declared labour status"
tus_00selfstat$dv_161.csv,"Time spent, participation time and participation rate in the main activity by sex and self-declared labour status"
tus_00selfstat.csv,"Time spent, participation time and participation rate in the main activity by sex and self-declared labour status"
tus_00simuact.csv,Time spent doing more than one activity simultaneously
tus_00startime.csv,Participation rate in the main activity (wide groups) by sex and time of the day
tus_00travel.csv,Time spent on travelling by mode of transport
tus_00week$dv_103.csv,"Time spent, participation time and participation rate in the main activity by sex and day of the week"
tus_00week$dv_104.csv,"Time spent, participation time and participation rate in the main activity by sex and day of the week"
tus_00week.csv,"Time spent, participation time and participation rate in the main activity by sex and day of the week"
tus_00work$dv_671.csv,Time spent in total work (paid and unpaid work as main or secondary activity) by sex and by form of work
tus_00work.csv,Time spent in total work (paid and unpaid work as main or secondary activity) by sex and by form of work
une_educ_a.csv,"Unemployment by sex, age and educational attainment - annual data"
une_educ_a_h.csv,"Unemployment by sex, age and educational attainment (1998-2020) - annual data"
une_educ_q.csv,"Unemployment by sex, age and educational attainment - quarterly data"
une_educ_q_h.csv,"Unemployment by sex, age and educational attainment (1998-2020) - quarterly data"
une_ltu_a$dv_1821.csv,Long-term unemployment by sex - annual data
une_ltu_a.csv,Long-term unemployment by sex - annual data
une_ltu_a_h.csv,Long-term unemployment by sex (1996-2020) - annual data
une_ltu_q.csv,Long-term unemployment by sex - quarterly data
une_ltu_q_h.csv,Long-term unemployment by sex (1992-2020) - quarterly data
une_rt_a$dv_1761.csv,Unemployment by sex and age – annual data
une_rt_a.csv,Unemployment by sex and age – annual data
une_rt_a_h.csv,Unemployment by sex and age (1992-2020) - annual data
une_rt_m.csv,Unemployment by sex and age – monthly data
une_rt_q.csv,Unemployment by sex and age – quarterly data
une_rt_q_h.csv,Unemployment by sex and age (1992-2020) - quarterly data
urb_cecfi.csv,Economy and finance - cities and greater cities
urb_ceduc.csv,Education - cities and greater cities
urb_cenv.csv,Environment - cities and greater cities
urb_cfermor.csv,Fertility and mortality - cities and greater cities
urb_clivcon.csv,Living conditions - cities and greater cities
urb_clma.csv,Labour market - cities and greater cities
urb_cpop1.csv,Population on 1 January by age groups and sex - cities and greater cities
urb_cpopcb.csv,Population by citizenship and country of birth - cities and greater cities
urb_cpopstr.csv,Population structure - cities and greater cities
urb_ctour$dv_168.csv,Culture and tourism - cities and greater cities
urb_ctour$dv_169.csv,Culture and tourism - cities and greater cities
urb_ctour.csv,Culture and tourism - cities and greater cities
urb_ctran.csv,Transport - cities and greater cities
urb_leduc.csv,Education - functional urban areas
urb_lenv.csv,Environment - functional urban areas
urb_lfermor.csv,Fertility and mortality - functional urban areas
urb_llivcon.csv,Living conditions - functional urban areas
urb_llma.csv,Labour market - functional urban areas
urb_lpop1.csv,Population on 1 January by age groups and sex - functional urban areas
urb_lpopcb.csv,Population by citizenship and country of birth - functional urban areas
urb_lpopstr.csv,Population structure - functional urban areas
urb_ltran.csv,Transport - functional urban areas
urb_percep$dv_283.csv,Perception survey results
urb_percep$dv_981.csv,Perception survey results
urb_percep.csv,Perception survey results
urt_10r_3emp.csv,Employment by NACE Rev. 2 activity and other typologies
urt_10r_3gdp$dv_1584.csv,Gross domestic product (GDP) at current market prices by other typologies
urt_10r_3gdp.csv,Gross domestic product (GDP) at current market prices by other typologies
urt_10r_3gva$dv_1585.csv,Gross value added at basic prices by other typologies
urt_10r_3gva.csv,Gross value added at basic prices by other typologies
urt_10r_3pgdp.csv,Average annual population to calculate regional GDP data by other typologies
urt_bd_en2.csv,Employer business demography by NACE Rev. 2 activity and other typologies
urt_bd_esize.csv,Employer business demography by size class and other typologies
urt_bd_hgn2.csv,Business demography and high growth enterprise by NACE Rev. 2 activity and other typologies
urt_bd_size.csv,Business demography by size class and other typologies
urt_births.csv,Live births (total) by other typologies
urt_crim_gen.csv,Crimes recorded by the police by other typologies
urt_d3area.csv,Area of the regions by other typologies
urt_d3dens.csv,Population density by other typologies
urt_deaths.csv,Deaths (total) by other typologies
urt_edat_lfse4.csv,"Population aged 25-64 by educational attainment level, sex and other typologies"
urt_gind3$dv_1583.csv,Demographic balance and crude rates by other typologies
urt_gind3.csv,Demographic balance and crude rates by other typologies
urt_ipr_da.csv,Community design (CD) applications by other typologies
urt_ipr_dagdp.csv,Community design (CD) applications per billion GDP by other typologies
urt_ipr_dapop.csv,Community design (CD) applications per million population by other typologies
urt_ipr_dfa.csv,Community designs (CD) by other typologies
urt_ipr_dfagdp.csv,Community designs (CD) per billion GDP by other typologies
urt_ipr_dfapop.csv,Community designs (CD) per million population by other typologies
urt_ipr_dr.csv,Registered Community designs (RCD) by other typologies
urt_ipr_ta.csv,European Union trade mark (EUTM) applications by other typologies
urt_ipr_tagdp.csv,European Union trade mark (EUTM) applications per billion GDP by other typologies
urt_ipr_tapop.csv,European Union trade mark (EUTM) applications per million population by other typologies
urt_lfe3emp.csv,"Employment by sex, age and other typologies"
urt_lfe3emprt$dv_1586.csv,"Employment rates by sex, age and other typologies"
urt_lfe3emprt.csv,"Employment rates by sex, age and other typologies"
urt_lfp3pop.csv,"Economically active population by sex, age and other typologies"
urt_lfsd3pop.csv,"Population by sex, age and other typologies"
urt_lfu3pers.csv,"Unemployment by sex, age and other typologies"
urt_lfu3rt.csv,"Unemployment rates by sex, age and other typologies"
urt_pat_epipc.csv,"Patent applications to the EPO by priority year, international patent classification (IPC) sections, classes and other typologies"
urt_pat_eptec.csv,High-tech patent applications to the EPO by priority year and other typologies
urt_pat_eptot.csv,Patent applications to the EPO by priority year and other typologies
urt_pjanaggr3.csv,"Population on 1 January by broad age group, sex and other typologies"
urt_pjangrp3.csv,"Population on 1 January by five year age group, sex and other typologies"
urt_proj_19ranmig.csv,"Assumptions for net migration by age, sex, type of projection and other typologies"
urt_proj_19rdbi.csv,Demographic balances and indicators by type of projection and other typologies
urt_proj_19rdth.csv,"Projected deaths by age, sex, type of projection and other typologies"
urt_proj_19rp.csv,"Population on 1st January by age, sex, type of projection and other typologies"
urt_road_gonl.csv,"National annual road freight transport by regions of loading, group of goods and other typologies"
urt_road_gonu.csv,"National annual road freight transport by regions of unloading, group of goods and other typologies"
vit_an5.csv,"Area under wine-grape vine varieties by type of production, yield class and regions"
vit_an6.csv,"Area under wine-grape vine varieties which have been grubbed, planted or replanted, by type of production, yield class and regions"
vit_an7.csv,"Grape must or wine production of the area under wine-grape vine varieties, by yield class and estimated average natural alcoholic strength, broken down by type of production and regions"
vit_bs1.csv,"Holdings, cultivated area under vines (CAV) and agricultural area in use broken down by type of production, size class and regions"
vit_bs2.csv,"Holdings, cultivated area under vines (CAV) and utilised agricultural area (AA) by AV/AA ratio, size class and regions"
vit_bs3.csv,"Holdings and areas under wine-grape vine varieties, broken down by vine area size class and classes of % of area producing quality wines produced in specific regions (quality wines psr) in the total area under wine-grape vines"
vit_bs4_at.csv,Area under wine-grape vine varieties broken down by vine variety and by age of the vines - Austria
vit_bs4_bg.csv,Area under wine-grape vine varieties broken down by vine variety and by age of the vines - Bulgaria
vit_bs4_cy.csv,Area under wine-grape vine varieties broken down by vine variety and by age of the vines - Cyprus
vit_bs4_cz.csv,Area under wine-grape vine varieties broken down by vine variety and by age of the vines - Czech Republic
vit_bs4_de.csv,Area under wine-grape vine varieties broken down by vine variety and by age of the vines - Germany
vit_bs4_el.csv,Area under wine-grape vine varieties broken down by vine variety and by age of the vines - Greece
vit_bs4_es.csv,"Area under wine-grape vine varieties broken down by vine variety, age of the vines and regions - Spain"
vit_bs4_fr.csv,Area under wine-grape vine varieties broken down by vine variety and by age of the vines - France
vit_bs4_hu.csv,Area under wine-grape vine varieties broken down by vine variety and by age of the vines - Hungaria
vit_bs4_it.csv,Area under wine-grape vine varieties broken down by vine variety and by age of the vines - Italy
vit_bs4_lu.csv,Area under wine-grape vine varieties broken down by vine variety and by age of the vines - Luxembourg
vit_bs4_pt.csv,Area under wine-grape vine varieties broken down by vine variety and by age of the vines - Portugal
vit_bs4_ro.csv,"Area under wine-grape vine varieties broken down by vine variety, age of the vines and NUTS 2 regions - Romania"
vit_bs4_si.csv,Area under wine-grape vine varieties broken down by vine variety and by age of the vines - Slovenia
vit_bs4_sk.csv,Area under wine-grape vine varieties broken down by vine variety and by age of the vines - Slovakia
vit_bs4_uk.csv,Area under wine-grape vine varieties broken down by vine variety and by age of the vines - United Kingdom
vit_bs5.csv,"Area under wine-grape vine varieties broken down by type of production, yield class and regions"
vit_t1.csv,Wine-grower holdings by production
vit_t2.csv,Wine-grower holdings by size class
vit_t3.csv,Wine-grower holdings by degree of specialisation
vit_t4.csv,Main vine varieties by age group
yth_demo_010.csv,Child and youth population on 1 January by sex and age
yth_demo_020.csv,Ratio of young people in the total population on 1 January by sex and age
yth_demo_030.csv,Estimated average age of young people leaving the parental household by sex
yth_demo_040.csv,"Young people by educational attainment level, sex and age"
yth_demo_060.csv,"Youth population on 1 January by sex, age and country of birth"
yth_demo_070.csv,"Young immigrants by sex, age and country of birth"
yth_demo_080.csv,"Young emigrants by sex, age and country of birth"
yth_educ_020.csv,Population aged 30-34 with tertiary educational attainment level by sex
yth_educ_030.csv,Young people aged 20-24 with at least upper secondary educational attainment level by sex
yth_educ_060.csv,Participation rate in non-formal education and training (last 4 weeks) by sex and age
yth_empl_010.csv,"Youth employment by sex, age and educational attainment level"
yth_empl_020.csv,"Youth employment rate by sex, age and country of birth"
yth_empl_030.csv,"Youth employment rate by sex, age and NUTS 2 regions"
yth_empl_040.csv,"Youth self-employment by sex, age and educational attainment level"
yth_empl_060.csv,"Part-time employment as percentage of the total employment for young people by sex, age and country of birth"
yth_empl_080.csv,Involuntary part-time employment as percentage of the total part-time employment for young people by sex and age
yth_empl_090.csv,"Youth unemployment by sex, age and educational attainment level"
yth_empl_100.csv,"Youth unemployment rate by sex, age and country of birth"
yth_empl_110.csv,"Youth unemployment rate by sex, age and NUTS 2 regions"
yth_empl_120.csv,Youth long-term unemployment rate (12 months or longer) by sex and age
yth_empl_130.csv,"Youth long-term unemployment rate (12 months or longer) by sex, age and NUTS 2 regions"
yth_empl_140.csv,"Youth unemployment ratio by sex, age and NUTS 2 regions"
