code,type,breadcrumb
tus_00work$dv_671,dataset,Database by themes > Population and social conditions > Living conditions and welfare > Time use survey > Time use survey – 2000 and 2010 > Time spent in total work (paid and unpaid work as main or secondary activity) by sex and form of work (2000 and 2010)
pipe_if_capac,dataset,"Database by themes > Transport > Oil pipeline transport > Oil pipeline transport - Infrastructure, investment and maintenance > Carrying capacity of pipelines operated"
prc_rem_idx,dataset,Database by themes > Economy and finance > Prices > Remuneration of civil servants - key indicators (Art. 65) > Joint Index
gbv_npv_rp,dataset,"Database by themes > Population and social conditions > Living conditions and welfare > Gender based violence against women > Violence by non-partner since the age of 15 > Women who have experienced violence by a non-partner, by person/support service to whom violence was reported"
sbs_part_wtstck,dataset,"Database by themes > Industry, trade and services > Business structure and dynamics > Structural business statistics > Enterprise statistics on particular activities > Enterprises in wholesale trade, repair of vehicles and motorcycles (NACE Rev.2, G) - changes in stocks"
gbv_any_lim,dataset,"Database by themes > Population and social conditions > Disability > Income and living conditions > Gender based violence against women > Women who have experienced violence by any perpetrator, by level of disability (activity limitation)"
crim_hom_ocit,dataset,Database by themes > Population and social conditions > Crime and criminal justice > Recorded intentional homicide and sexual offences > Intentional homicide offences in largest cities
cei_cie011,dataset,Cross cutting topics > Tables on EU policy > Circular economy indicators > Competitiveness and innovation > Persons employed in circular economy sectors
env_chmhaz,dataset,Database by themes > Environment and energy > Environment > Chemicals > Production and consumption of chemicals by hazard class
ilc_scp19$dv_312,dataset,"Database by themes > Population and social conditions > Living conditions and welfare > Income and living conditions > EU-SILC modules > Social and cultural participation (2015 and 2022) > Persons participating in formal/informal voluntary activities or active citizenship by sex, age and educational attainment"
teiis240,table,"Cross cutting topics > Tables on EU policy > Euro indicators / PEEIs > Industry, trade and services > Trade and services > Retail trade volume of sales - total"
ttr00006,table,Database by themes > Transport > Railway transport > Railway transport measurement - goods > Goods transported > Goods transport by rail
tag00044,table,"Database by themes > Agriculture, forestry and fisheries > Agriculture > Animal production > Livestock and meat > Meat production > Slaughtering in slaughterhouses - annual data > Production of bovine meat in slaughterhouses"
teiis016,table,"Cross cutting topics > Tables on EU policy > Euro indicators / PEEIs > Industry, trade and services > Industry - import prices > Import prices - consumer non-durables"
for_secwpp,dataset,"Database by themes > Agriculture, forestry and fisheries > Forestry > Timber removals, wood products and trade > Production and trade in secondary processed products > Secondary wood products, production"
rail_tf_ns15_no,dataset,Database by themes > Transport > Railway transport > Railway traffic > Train traffic on the rail network (2015) > Train traffic on the rail network - Norway (2015)
bs_bs9_00,dataset,"Database by themes > Industry, trade and services > Business structure and dynamics > Structural business statistics > Structural business statistics - historical data > SBS - services - historical data > Business services statistics > Business services (2001-2003) > Turnover by client specialisation and NACE Rev.1 at 3-digit level (2000)"
rail_go_quartal,dataset,Database by themes > Transport > Railway transport > Railway transport measurement - goods > Goods transported (detailed reporting only ) - quarterly data
egr_emp,dataset,"Database by themes > Industry, trade and services > Globalisation in business statistics > Multinational enterprise groups in EuroGroups Register (EGR) - experimental statistics > Persons employed in multinational enterprise groups by size class - experimental statistics"
nrg_pc_205_v,dataset,Database by themes > Environment and energy > Energy > Energy statistics - prices of natural gas and electricity > Energy statistics - natural gas and electricity prices (from 2007 onwards) > Non-household consumption volumes of electricity by consumption bands
irt_lt_mcby_a,dataset,Database by themes > Economy and finance > Interest rates > Long-term interest rates > Maastricht criterion interest rates > EMU convergence criterion series - annual data
demo_popmdctb,dataset,"Database by themes > Population and social conditions > Migration > International migration, citizenship > Migrant population indicators > Median age of residents by sex and country of birth"
sdg_08_30,table,Cross cutting topics > Tables on EU policy > Sustainable development indicators > Goal 8 - Decent work and economic growth > Employment rate by sex
teicp260,table,"Database by themes > Economy and finance > Prices > Harmonised index of consumer prices (HICP) > Harmonised index of consumer prices (HICP) - ECOICOP ver.2 > Harmonised index of consumer prices (HICP) - ECOICOP ver.2 - indices and rates of change, monthly data > HICP - food, alcohol and tobacco"
enps_lfsa_pganws,dataset,Database by themes > General and regional statistics > Non EU countries > Southern European Neighbourhood Policy countries (ENP-South) > Population and social conditions > Labour market > Employment > Total employment by age group - ENP-South countries
cens_91dper,dataset,Database by themes > Population and social conditions > Population and housing censuses > Census 1990/91 round > Dwellings > Occupied conventional dwellings by tenure status and period of construction
ilc_mddd11$dv_655,dataset,Database by themes > Population and social conditions > Living conditions and welfare > Income and living conditions > Material deprivation > Material deprivation by dimension > Severe material deprivation rate by age and sex
tran_sf_marves,dataset,"Database by themes > Transport > Transport safety > Maritime transport safety > Maritime accident victims by sea basin of occurrence, country of registration of vessels and type of vessels"
tin00095,table,"Database by themes > Science, technology, digital society > Digital economy and society > ICT usage in households and by individuals > Internet use > Individuals - internet activities > Individuals using the internet for finding information about goods and services"
educ_fiexpc,dataset,Database by themes > Population and social conditions > Education and training > Education and training - historical data > Education-administrative data (ISCED1997) - historical data > Indicators on education finance > Expenditure on education in constant prices (1999-2011)
hlth_co_dischnr,dataset,"Database by themes > Population and social conditions > Health > Health care > Health care activities > Health care activities - historical data > Non-residents among all hospital discharges, % - historical data (2003-2019)"
migr_eiord$dv_1261,dataset,Database by themes > Population and social conditions > Migration > Managed migration > Enforcement of Immigration Legislation > Third country nationals ordered to leave - annual data (rounded)
sdg_10_50,table,Cross cutting topics > Tables on EU policy > Sustainable development indicators > Goal 10 - Reduced inequalities > Income share of the bottom 40 % of the population
ttr00015,table,Database by themes > Transport > Railway transport > Railway transport measurement - passengers > Passenger transport by type of transport (detailed reporting only) > Rail transport of passengers
ilc_lvhd04,dataset,Database by themes > Population and social conditions > Living conditions and welfare > Income and living conditions > EU-SILC modules > Housing difficulties (2023) > Persons having experienced housing difficulties in their lifetime by sex and group of current country of citizenship
educ_uoe_fina01,dataset,Database by themes > Population and social conditions > Education and training > Education finance > Education finance > Financial aid to students by education level - as % of total public expenditure
prc_rem_nr,dataset,Database by themes > Economy and finance > Prices > Remuneration of civil servants - key indicators (Art. 65) > National civil servants in central public administration
rail_tf_ns20_hu,dataset,Database by themes > Transport > Railway transport > Railway traffic > Train traffic on the rail network (2020) > Train traffic on the rail network - Hungary (2020)
urt_10r_3gdp$dv_1584,dataset,Database by themes > General and regional statistics > Regional statistics by typology > Other typologies > Economic accounts by other typologies (ESA 2010) > Gross domestic product (GDP) at current market prices by other typologies
ten00006,table,Database by themes > Environment and energy > Environment > Water > Water statistics on national level > Annual freshwater abstraction by source and sector > Water abstracted by sector of use
egr_mne_n2sc,dataset,"Database by themes > Industry, trade and services > Globalisation in business statistics > Multinational enterprise groups in EuroGroups Register (EGR) - experimental statistics > Multinational enterprise groups in EU-EFTA countries by controlling country, size class and NACE Rev. 2 activity - experimental statistics"
road_eqs_carage,dataset,Database by themes > Transport > Road transport > Road transport equipment - stock of vehicles > Passenger cars by age
ilc_lvho07b,dataset,Database by themes > Population and social conditions > Living conditions and welfare > Income and living conditions > Living conditions > Housing conditions > Housing cost burden > Housing cost overburden rate by income quintile
tesem190,table,Cross cutting topics > Tables on EU policy > Employment and social policy indicators > Employment performance monitor - indicators > Involuntary temporary employment
tag00116,table,"Database by themes > Agriculture, forestry and fisheries > Fisheries > Fishing fleet > Fishing fleet by type of gear and engine power > Fishing Fleet, Number of Vessels"
enpe_irt_st,dataset,Database by themes > General and regional statistics > Non EU countries > Eastern European Neighbourhood Policy countries (ENP-East) > Economy and finance > Interest and exchange rates > Money market interest rates - ENP-East countries
bs_bs7_00,dataset,"Database by themes > Industry, trade and services > Business structure and dynamics > Structural business statistics > Structural business statistics - historical data > SBS - services - historical data > Business services statistics > Business services (2001-2003) > Turnover by nationality of client and NACE Rev.1 at 3-digit level (2000)"
ert_h_eur_a,dataset,Database by themes > Economy and finance > Exchange rates > Exchange rates - historical data > Former euro area national currencies vs. euro/ECU - annual data
tesem130,table,Cross cutting topics > Tables on EU policy > Employment and social policy indicators > Social protection performance monitor - indicators > Long-term unemployment rate by sex
sdg_09_50,table,"Cross cutting topics > Tables on EU policy > Sustainable development indicators > Goal 9 - Industry, innovation and infrastructure > Share of buses and trains in inland passenger transport"
teicp090,table,"Database by themes > Economy and finance > Prices > Harmonised index of consumer prices (HICP) > Harmonised index of consumer prices (HICP) - ECOICOP ver.2 > Harmonised index of consumer prices (HICP) - ECOICOP ver.2 - indices and rates of change, monthly data > HICP - recreation and culture"
tps00165,table,"Database by themes > General and regional statistics > Regional statistics by NUTS classification > Regional health statistics > Causes of death > Causes of death - standardised death rate by NUTS 2 region of residence > Death due to transport accidents, by sex"
tsc00006,table,"Database by themes > Science, technology, digital society > Science and technology > Research and development (R&D) > R&D personnel at national and regional level > Share of female researchers by sector of performance > Share of women researchers in all sectors"
rail_tf_ns20_mk,dataset,Database by themes > Transport > Railway transport > Railway traffic > Train traffic on the rail network (2020) > Train traffic on the rail network - North Macedonia (2020)
sdg_15_20,table,Cross cutting topics > Tables on EU policy > Sustainable development indicators > Goal 15 - Life on land > Surface of the terrestrial protected areas
trng_nfe15,dataset,Database by themes > Population and social conditions > Education and training > Education and training - historical data > Adult learning - historical data > Lifelong learning - LFS ad-hoc module 2003 > ----- > Mean instruction hours per participant in non-formal education and training by sex and labour status (2003)
ttr00005,table,"Database by themes > Transport > Road transport > Road freight transport measurement > Total road freight transport > Road freight transport by type of operation and type of transport (t, tkm, vehicle-km) - annual data > Goods transport by road"
tgs00064,table,Database by themes > General and regional statistics > Regional statistics by NUTS classification > Regional health statistics > Health care: resources and patients (non-expenditure data) > Available beds in hospitals by NUTS 2 region > Available beds in hospitals by NUTS 2 region
tepsr_spi110,table,Cross cutting topics > Tables on EU policy > Employment and social policy indicators > Social inclusion and social policy indicators > Overarching portfolio > At-risk-of poverty rate for children (aged less than 18) by sex
gbv_dv_occ,dataset,"Database by themes > Population and social conditions > Living conditions and welfare > Gender based violence against women > Violence by domestic perpetrator during adulthood > Women who have experienced violence by a domestic perpetrator, by occurrence of the last episode"
ilc_pw12$dv_2547,dataset,"Database by themes > Population and social conditions > Disability > Leisure and social participation > Social interactions > Persons feeling left out from society by sex, age and level of disability (activity limitation)"
tesem120,table,Cross cutting topics > Tables on EU policy > Employment and social policy indicators > Employment performance monitor - indicators > Unemployment rate by sex
irt_lt_gby10_m,dataset,"Database by themes > Economy and finance > Interest rates > Long-term interest rates > Government bond yields - 10 years' maturity > Government bond yields, 10 years' maturity - monthly data"
enps_env_wastrt,dataset,Database by themes > General and regional statistics > Non EU countries > Southern European Neighbourhood Policy countries (ENP-South) > Environment and energy > Environment > Waste > Treatment of municipal waste - ENP-South countries
urt_lfe3emprt$dv_1586,dataset,"Database by themes > General and regional statistics > Regional statistics by typology > Other typologies > Labour market statistics by other typologies > Employment rates by sex, age and other typologies"
tps00197,table,Database by themes > Population and social conditions > Education and training > Education and training outcomes > Educational attainment level > Educational attainment of population > Population in private households by educational attainment level > Persons with at most lower secondary educational attainment level by age
tet00012,table,"Database by themes > International trade > International trade in goods > International trade in goods - aggregated data > International trade in goods - long-term indicators > EU trade by Member State, partner and product group > Intra and Extra-EU trade by Member State and by product group > Extra-EU27 (from 2020) trade, by Member State, total product"
ilc_odbt12,dataset,"Database by themes > Population and social conditions > Living conditions and welfare > Income and living conditions > EU-SILC modules > Over-indebtedness, consumption and wealth as well as labour (2020) > Persons owning real estate other than main residence by risk of poverty threshold"
tipsbp18,table,Cross cutting topics > Tables on EU policy > Macroeconomic imbalance procedure indicators > Current account balance and balance of payments > Annual data > Financial account > Financial account - annual data
crim_just_bri,dataset,Database by themes > Population and social conditions > Crime and criminal justice > Persons in the criminal justice system > Bribery by legal status and sex of the person involved
crim_smu_sctz,dataset,Database by themes > Population and social conditions > Crime and criminal justice > Smuggling of migrants > Suspects of migrant smuggling by citizenship
enps_demo_gind,dataset,"Database by themes > General and regional statistics > Non EU countries > Southern European Neighbourhood Policy countries (ENP-South) > Population and social conditions > Population and demographic indicators > Demographic indicators > Crude rate of birth, of dead and of population change - ENP-South countries"
sdg_10_41,table,Cross cutting topics > Tables on EU policy > Sustainable development indicators > Goal 10 - Reduced inequalities > Income quintile share ratio
enps_mar_eq1000,dataset,Database by themes > General and regional statistics > Non EU countries > Southern European Neighbourhood Policy countries (ENP-South) > Transport > Maritime transport > Number of ships of 1000 GT and over by type of vessel - ENP-South countries
ilc_pnp11,dataset,Database by themes > Population and social conditions > Living conditions and welfare > Income and living conditions > Income distribution and monetary poverty > Monetary poverty for elderly people > Gender differences in the aggregate replacement ratio for pensions (excluding other social benefits)
tps00024,table,"Database by themes > Population and social conditions > Migration > International migration, citizenship > Acquisition and loss of citizenship > Acquisition of citizenship by age group, sex and former citizenship > Acquisition of citizenship"
tps00186,table,Database by themes > Population and social conditions > Education and training > Education and training outcomes > Educational attainment level > Educational attainment of population > Population in private households by educational attainment level > Persons aged 20-24 with at least upper secondary educational attainment level by sex
enps_rail_eq,dataset,Database by themes > General and regional statistics > Non EU countries > Southern European Neighbourhood Policy countries (ENP-South) > Transport > Rail transport > Number of railway vehicles per type - ENP-South countries
tag00048,table,"Database by themes > Agriculture, forestry and fisheries > Agriculture > Agricultural prices and price indices > Price indices of agricultural products > Price indices of agricultural products, output - annual data > Producer price indices, crop products"
tps00149,table,"Database by themes > General and regional statistics > Regional statistics by NUTS classification > Regional health statistics > Causes of death > Causes of death - standardised death rate by NUTS 2 region of residence > Death due to drugs dependence, by sex"
teiet140,table,"Cross cutting topics > Tables on EU policy > Euro indicators / PEEIs > International trade > Imports of goods > Imports of goods - mineral fuels, lubricants and related materials"
teicp210,table,"Database by themes > Economy and finance > Prices > Harmonised index of consumer prices (HICP) > Harmonised index of consumer prices (HICP) - ECOICOP ver.2 > Harmonised index of consumer prices (HICP) - ECOICOP ver.2 - indices and rates of change, monthly data > HICP - all items excluding energy"
educ_uoe_enra19,dataset,"Database by themes > Population and social conditions > Education and training > Participation in education and training > Pupils and students - enrolments > All education levels > Pupils aged 4 years old, by sex - as % of the population of the corresponding age group"
ilc_li13,dataset,Database by themes > Population and social conditions > Living conditions and welfare > Income and living conditions > Income distribution and monetary poverty > Monetary poverty > Relative poverty gap by risk of poverty and work intensity of the households with income from benefits
cens_91hpnper,dataset,Database by themes > Population and social conditions > Population and housing censuses > Census 1990/91 round > Households > Household composition by size
enps_tour_dem_tttot,dataset,Database by themes > General and regional statistics > Non EU countries > Southern European Neighbourhood Policy countries (ENP-South) > Tourism > Departures of residents going abroad for all holidays and business - ENP-South countries
enpe_road_pa,dataset,Database by themes > General and regional statistics > Non EU countries > Eastern European Neighbourhood Policy countries (ENP-East) > Transport > Road transport > Passenger road transport - ENP-East countries
enps_env_wasgenh,dataset,Database by themes > General and regional statistics > Non EU countries > Southern European Neighbourhood Policy countries (ENP-South) > Environment and energy > Environment > Waste > Generation of waste by households - ENP-South countries
lfso_12earlyret,dataset,Database by themes > Population and social conditions > Labour market > Employment and unemployment (Labour force survey) > Labour force survey (LFS) - ad-hoc modules > Transition from work to retirement (2012) > Early retirement among persons who receive an old-age pension (2012)
rail_tf_ns20_bg,dataset,Database by themes > Transport > Railway transport > Railway traffic > Train traffic on the rail network (2020) > Train traffic on the rail network - Bulgaria (2020)
tessi190,table,Cross cutting topics > Tables on EU policy > Employment and social policy indicators > Social inclusion and social policy indicators > Social inclusion portfolio > Context information > Gini coefficient of equivalised disposable income
tps00137,table,"Database by themes > General and regional statistics > Regional statistics by NUTS classification > Regional health statistics > Causes of death > Causes of death - standardised death rate by NUTS 2 region of residence > Death due to diabetes mellitus, by sex"
iss_18bfmove,dataset,"Database by themes > Industry, trade and services > Globalisation in business statistics > Global value chains and international sourcing statistics > International sourcing statistics (2002-2020) - experimental statistics > International sourcing statistics - survey 2018 - experimental statistics > International sourcing and relocation of business functions - experimental statistics > Relocation of business function to home country > Enterprises by status of movement of business functions from abroad, business function and NACE Rev.2 activity - experimental statistics"
tipsho20,dataset,"Cross cutting topics > Tables on EU policy > Macroeconomic imbalance procedure indicators > MIP Scoreboard indicators > House price index, nominal - annual data"
ilc_odbt13,dataset,"Database by themes > Population and social conditions > Living conditions and welfare > Income and living conditions > EU-SILC modules > Over-indebtedness, consumption and wealth as well as labour (2020) > Persons owning real estate other than main residence by income quantile"
migr_asydec1p,dataset,Database by themes > Population and social conditions > Migration > Asylum > Asylum and temporary protection indicators > Asylum indicators > Positive first instance decisions - per thousand persons
ilc_mdho06d,dataset,Database by themes > General and regional statistics > Degree of urbanisation > Living conditions and welfare > Severe housing deprivation rate by degree of urbanisation
ilc_camnothg0,dataset,Database by themes > Population and social conditions > Living conditions and welfare > Income and living conditions > Living conditions > Childcare arrangements > Average number of weekly hours of other types of care by age group - children with at least one hour of other types of care
road_eqr_tracm,dataset,Database by themes > Transport > Road transport > Road transport equipment - new registration of vehicles > Road transport equipment - new registration of vehicles - historical data > New road tractors by type of motor energy (until 2013)
ilc_li34$dv_1982,dataset,Database by themes > Population and social conditions > Living conditions and welfare > Income and living conditions > Income distribution and monetary poverty > Monetary poverty > At-risk-of poverty rate for children by country of birth of their parents (population aged 0 to 17)
earn_ses18_actrl,dataset,"Database by themes > Population and social conditions > Labour market > Earnings > Structure of earnings survey 2018 > Annual earnings > Annual earnings by economic control (enterprises with 10 employed persons or more) - NACE Rev. 2, B-S excluding O (2018)"
rail_tf_ns_hu,dataset,Database by themes > Transport > Railway transport > Railway traffic > Train traffic on the rail network (2005) > Train traffic on the rail network - Hungaria (2005)
lfsi_dwl_a,dataset,Database by themes > Population and social conditions > Labour market > Employment and unemployment (Labour force survey) > Labour force survey (LFS) series - detailed annual data > Labour force > Duration of working life
earn_ses06_rhr,dataset,"Database by themes > General and regional statistics > Regional statistics by NUTS classification > Regional labour market statistics > Regional structure of earnings survey 2006 > Mean hourly earnings by NUTS 1 region (enterprises with 10 employees or more) - NACE Rev. 1.1, C-O excluding L (2006)"
cens_91down,dataset,"Database by themes > Population and social conditions > Population and housing censuses > Census 1990/91 round > Dwellings > Occupied conventional dwellings by households, by number of rooms"
ilc_peps11,dataset,Database by themes > Population and social conditions > Living conditions and welfare > Income and living conditions > Persons at risk of poverty or social exclusion and intersections between sub-populations (EU 2020 strategy) > Persons at risk of poverty or social exclusion by NUTS 2 region - EU 2020 strategy
bs_bs13_04,dataset,"Database by themes > Industry, trade and services > Business structure and dynamics > Structural business statistics > Structural business statistics - historical data > SBS - services - historical data > Business services statistics > Business Services (2004-2020) > Turnover by type of media for advertising services (2004)"
educ_uoe_enra18,dataset,Database by themes > Population and social conditions > Education and training > Participation in education and training > Pupils and students - enrolments > All education levels > Pupils from age 5 to the starting age of compulsory education at primary level by sex - % of the population of the corresponding age
tps00101,table,Database by themes > Population and social conditions > Social protection > Social protection expenditure > Expenditure on social protection by type of expenditure > Expenditure on social protection by type
teina510,table,Cross cutting topics > Tables on EU policy > Euro indicators / PEEIs > National accounts > Quarterly sector accounts > Households investment rate
tipspd30,table,"Database by themes > Economy and finance > National accounts (ESA 2010) > Annual sector accounts (ESA 2010) > Financial flows and stocks > Financial balance sheets - annual data > Non-financial corporations debt, consolidated - % of GDP"
iss_18sojobn,dataset,"Database by themes > Industry, trade and services > Globalisation in business statistics > Global value chains and international sourcing statistics > International sourcing statistics (2002-2020) - experimental statistics > International sourcing statistics - survey 2018 - experimental statistics > International sourcing and relocation of business functions - experimental statistics > Sourcing of business functions > Jobs created by NACE Rev.2 activity - experimental statistics"
tipsex11,table,Cross cutting topics > Tables on EU policy > Macroeconomic imbalance procedure indicators > Export market shares > Export market shares by items - 1 year % change
sdg_08_60,table,"Cross cutting topics > Tables on EU policy > Sustainable development indicators > Goal 3 - Good health and well-being > Fatal accidents at work per 100 000 workers, by sex"
nama_10_fte,dataset,Database by themes > Economy and finance > National accounts (ESA 2010) > Annual national accounts > Population and employment in national accounts > Average full time adjusted salary per employee
tespn060,table,Cross cutting topics > Tables on EU policy > Employment and social policy indicators > Social inclusion and social policy indicators > Pensions portfolio > First streamlined objective pensions: adequate pensions > Median relative income of elderly people (60+) - EU-SILC survey
teina210,table,Cross cutting topics > Tables on EU policy > Euro indicators / PEEIs > National accounts > Public finance - excessive deficit procedure statistics > General government gross fixed capital formation - annual data
tet00004,table,"Database by themes > General and regional statistics > European and national indicators for short-term analysis > National accounts > Gross domestic product (GDP) and main components (output, expenditure and income) - annual data > Imports of goods and services in % of GDP"
rail_tf_ns_ee,dataset,Database by themes > Transport > Railway transport > Railway traffic > Train traffic on the rail network (2005) > Train traffic on the rail network - Estonia (2005)
bs_bs10_00,dataset,"Database by themes > Industry, trade and services > Business structure and dynamics > Structural business statistics > Structural business statistics - historical data > SBS - services - historical data > Business services statistics > Business services (2001-2003) > Turnover by client specialisation and employment size class (2000)"
iww_ec_empsex,dataset,"Database by themes > Transport > Inland waterways transport > Enterprises, economic performances and employment in inland waterway transport - historical data > Employment in inland waterways transport enterprises by sex (1990 - 2012)"
tec00121,table,Database by themes > Economy and finance > Prices > Purchasing power parities > Convergence indicators > Price and volume convergence between EU Member States
icw_sr_10,dataset,"Database by themes > Population and social conditions > Income, consumption and wealth - experimental statistics > Saving rates > Aggregate propensity to consume by income quintile - experimental statistics"
enpe_reg_area3,dataset,Database by themes > General and regional statistics > Non EU countries > Eastern European Neighbourhood Policy countries (ENP-East) > Agriculture and fisheries > Agriculture > Total area - ENP-East countries
teiis200,table,"Cross cutting topics > Tables on EU policy > Euro indicators / PEEIs > Industry, trade and services > Trade and services > Retail trade turnover - total"
sdg_04_60,table,Cross cutting topics > Tables on EU policy > Sustainable development indicators > Goal 4 - Quality education > Adult participation in learning by sex
rail_tf_ns20_hr,dataset,Database by themes > Transport > Railway transport > Railway traffic > Train traffic on the rail network (2020) > Train traffic on the rail network - Croatia (2020)
tec00104,table,Database by themes > Economy and finance > National accounts (ESA 2010) > Annual sector accounts (ESA 2010) > Key indicators for sector accounts - annual data > Gross debt-to-income ratio of households
teina408_r2,table,Cross cutting topics > Tables on EU policy > Euro indicators / PEEIs > National accounts > Gross value added > Gross value added - NACE Rev. 2: B-E - current prices
gbv_npv_cnq,dataset,Database by themes > Population and social conditions > Living conditions and welfare > Gender based violence against women > Violence by non-partner since the age of 15 > Women who have experienced violence by a non-partner and consequences of violence
tps00028,table,"Database by themes > Population and social conditions > Demography, population stock and balance > Main population indicators > Population structure indicators at national level > Proportion of population aged 65 and over"
avia_ec_emp_arp,dataset,Database by themes > Transport > Air transport > Air transport - enterprises and persons employed > Persons employed in main airports by sex
tran_hv_pstra,dataset,"Database by themes > Transport > Modal split, intermodal transport and transport performance relative to GDP > Index of inland transport performance per GDP unit > Volume of passenger transport relative to GDP"
teiet300,table,Cross cutting topics > Tables on EU policy > Euro indicators / PEEIs > International trade > Trade Balance and indices > Unit value of exports
mar_qg_qm_pwh,dataset,Database by themes > Transport > Maritime transport > Maritime transport - main quarterly results > Top 5 ports - gross weight of goods handled in each port
gbv_shw_comm,dataset,Database by themes > Population and social conditions > Living conditions and welfare > Gender based violence against women > Sexual harassment at work during lifetime > Perception of ever-working women as victims/non-victims of sexual harassment at work by commonness of harassment
gbv_ipv_rp,dataset,"Database by themes > Population and social conditions > Living conditions and welfare > Gender based violence against women > Violence by intimate partner during lifetime > Ever-partnered women who have experienced violence by an intimate partner, by person/support service to whom violence was reported"
teina442_r2,table,Cross cutting topics > Tables on EU policy > Euro indicators / PEEIs > National accounts > Gross value added > Gross value added - NACE Rev. 2: O-Q - volumes
ilc_chmd02,dataset,Database by themes > Population and social conditions > Living conditions and welfare > Income and living conditions > Material deprivation > Child specific material deprivation > Child specific material deprivation rate by household composition (children aged less than 16 years)
rail_tf_ns10_hu,dataset,Database by themes > Transport > Railway transport > Railway traffic > Train traffic on the rail network (2010) > Train traffic on the rail network - Hungary (2010)
ilc_li34,dataset,Database by themes > Population and social conditions > Living conditions and welfare > Income and living conditions > Income distribution and monetary poverty > Monetary poverty > At-risk-of poverty rate for children by country of birth of their parents (population aged 0 to 17)
tespm130,table,Cross cutting topics > Tables on EU policy > Employment and social policy indicators > Social protection performance monitor - indicators > Healthy life years at 65 - females
rail_tf_ns15_ee,dataset,Database by themes > Transport > Railway transport > Railway traffic > Train traffic on the rail network (2015) > Train traffic on the rail network - Estonia (2015)
teiis260,table,"Cross cutting topics > Tables on EU policy > Euro indicators / PEEIs > Industry, trade and services > Trade and services > Retail trade volume of sales - non food"
tps00185,table,Database by themes > Population and social conditions > Living conditions and welfare > Income and living conditions > Living conditions > Childcare arrangements > Children in formal childcare or education by age group and duration - % over the population of each age group > Formal child care by duration and age group
teina424_r2,table,Database by themes > Economy and finance > National accounts (ESA 2010) > Quarterly national accounts > GDP and components > Gross value added and income by main industry (NACE Rev.2 ) - quarterly data > Gross value added - NACE Rev. 2: J - current prices
cens_01ndcomf,dataset,Database by themes > Population and social conditions > Population and housing censuses > Census 2001 round > National level > Dwellings > Occupied conventional dwellings by presence of comfort characteristics
tin00101,table,"Database by themes > Science, technology, digital society > Digital economy and society > ICT usage in households and by individuals > Internet use > Individuals - internet activities > Individuals using the internet for seeking health-related information"
ilc_li22$dv_2664,dataset,Database by themes > Population and social conditions > Living conditions and welfare > Income and living conditions > Income distribution and monetary poverty > Monetary poverty > At-risk-of-poverty rate anchored at a fixed moment in time (2019) by age and sex - EU-SILC survey
tag00018,table,"Database by themes > Agriculture, forestry and fisheries > Agriculture > Animal production > Livestock and meat > Livestock > Pig population > Number of pigs"
icw_sr_03,dataset,"Database by themes > Population and social conditions > Income, consumption and wealth - experimental statistics > Saving rates > Median saving rate by income quintile - experimental statistics"
sdg_07_60,table,Cross cutting topics > Tables on EU policy > Sustainable development indicators > Goal 7 - Affordable and clean energy > Population unable to keep home adequately warm by poverty status
lfsa_eppgai$dv_577,dataset,Database by themes > Population and social conditions > Labour market > Employment and unemployment (Labour force survey) > Labour force survey (LFS) series - detailed annual data > Full-time and part-time employment > Persons in involuntary part-time employment - % of total part-time employment
enps_educ_enrate,dataset,Database by themes > General and regional statistics > Non EU countries > Southern European Neighbourhood Policy countries (ENP-South) > Population and social conditions > Education > General education > Net enrolment rates by sex and education level - ENP-South countries
tessi174,table,Cross cutting topics > Tables on EU policy > Employment and social policy indicators > Social inclusion and social policy indicators > Social inclusion portfolio > Secondary indicators > Overcrowding rate > Overcrowding rate by degree of urbanisation - EU-SILC survey
educ_uoe_enra27,dataset,Database by themes > Population and social conditions > Education and training > Participation in education and training > Pupils and students - enrolments > All education levels > Out-of-school rate by sex and age - as % of the population of the corresponding age
hlth_ps_immu,dataset,Database by themes > Population and social conditions > Health > Health care > Preventive services > Vaccination against influenza of population aged 65 and over
trng_nfe7,dataset,Database by themes > Population and social conditions > Education and training > Education and training - historical data > Adult learning - historical data > Lifelong learning - LFS ad-hoc module 2003 > ----- > Participation in non-formal education and training within (or not) paid working hours (2003)
tag00040,table,"Database by themes > Agriculture, forestry and fisheries > Agriculture > Animal production > Milk and milk products > Milk collection (all milks) and dairy products obtained - annual data > Production of cheese"
sdg_06_20,table,Cross cutting topics > Tables on EU policy > Sustainable development indicators > Goal 6 - Clean water and sanitation > Population connected to at least secondary wastewater treatment
hlth_ehis_hc3,dataset,Database by themes > Population and social conditions > Health > Health care > Preventive services > Preventive services - historical data > Self-reported cervical smear test by educational attainment level among women aged 20-69 (%)
tessi121,table,Cross cutting topics > Tables on EU policy > Employment and social policy indicators > Social inclusion and social policy indicators > Social inclusion portfolio > Secondary indicators > At-risk-of poverty > At-risk-of poverty rate by household type - EU-SILC survey
hsw_ij_svhos,dataset,"Database by themes > Population and social conditions > Health > Health and safety at work > Work related health problems and accidental injuries - LFS 1999 > Accidental injuries > Relative incidence rate of accidental injuries at work by severity, working hours and sex (EU mean rate = 100 for each severity)"
sdg_05_30,table,"Cross cutting topics > Tables on EU policy > Sustainable development indicators > Goal 5 - Gender equality > Gender employment gap, by type of employment"
tespm040,table,Cross cutting topics > Tables on EU policy > Employment and social policy indicators > Social protection performance monitor - indicators > Children at risk of poverty or social exclusion
trng_nfe6,dataset,Database by themes > Population and social conditions > Education and training > Education and training - historical data > Adult learning - historical data > Lifelong learning - LFS ad-hoc module 2003 > ----- > Participation in non-formal education and training by main reason for participating in the taught activity (2003)
edat_lfse_03$dv_598,dataset,Database by themes > Population and social conditions > Education and training > Education and training outcomes > Educational attainment level > Educational attainment of population > Population in private households by educational attainment level
teiis120,table,"Cross cutting topics > Tables on EU policy > Euro indicators / PEEIs > Industry, trade and services > Industry - industrial production > Production in industry - capital goods"
tesem020,table,Cross cutting topics > Tables on EU policy > Employment and social policy indicators > Social protection performance monitor - indicators > Early leavers from education and training (age group 18-24)
teina432_r2,table,Database by themes > Economy and finance > National accounts (ESA 2010) > Quarterly national accounts > GDP and components > Gross value added and income by main industry (NACE Rev.2 ) - quarterly data > Gross value added - NACE Rev. 2: L - current prices
earn_ses14_adeci,dataset,"Database by themes > Population and social conditions > Labour market > Earnings > Structure of earnings survey 2014 > Annual earnings > Annual earnings by quantiles and contractual working time (enterprises with 10 employed persons or more) - NACE Rev. 2, B-S excluding O (2014)"
teina418_r2,table,Database by themes > Economy and finance > National accounts (ESA 2010) > Quarterly national accounts > GDP and components > Gross value added and income by main industry (NACE Rev.2 ) - quarterly data > Gross value added - NACE Rev. 2: F - volumes
sdg_14_40,dataset,Cross cutting topics > Tables on EU policy > Sustainable development indicators > Goal 6 - Clean water and sanitation > Bathing waters with excellent quality by location
nama_10r_3gva$dv_1563,dataset,Database by themes > General and regional statistics > Regional statistics by NUTS classification > Regional economic accounts > Branch and household accounts > Gross value added at basic prices by NUTS 3 region
tec00039,table,"Database by themes > Economy and finance > Balance of payments - International transactions (BPM6) > Balance of payments statistics and international investment positions (BPM6) > Balance of payments by country - annual data (BPM6) > Current account transactions - goods: credits, debits and balance"
enpe_isoc_ci_ifp_fu,dataset,"Database by themes > General and regional statistics > Non EU countries > Eastern European Neighbourhood Policy countries (ENP-East) > Research and development, digital society > Digital society > Frequency of internet use by individuals (aged 16-74) - ENP-East countries"
tgs00076,table,Database by themes > General and regional statistics > Regional statistics by NUTS classification > Regional transport statistics > Other regional transport > Maritime transport of freight by NUTS 2 region > Maritime transport of freight by NUTS 2 region
rail_tf_ns15_tr,dataset,Database by themes > Transport > Railway transport > Railway traffic > Train traffic on the rail network (2015) > Train traffic on the rail network - Türkiye (2015)
enps_rail_fr,dataset,Database by themes > General and regional statistics > Non EU countries > Southern European Neighbourhood Policy countries (ENP-South) > Transport > Rail transport > Rail freight traffic - ENP-South countries
apro_ec_egghen,dataset,"Database by themes > Agriculture, forestry and fisheries > Agriculture > Animal production > Animal production - historical data > apro_anip_h_ > Production of eggs for consumption and number of laying hens (2013-2024)"
crim_thb_vctz,dataset,Database by themes > Population and social conditions > Crime and criminal justice > Trafficking in human beings > Victims of trafficking in human beings by citizenship
educ_uoe_enra05$dv_441,dataset,Database by themes > Population and social conditions > Education and training > Participation in education and training > Pupils and students - enrolments > All education levels > Pupils and students in education by age groups - as % of corresponding age population
tespn020,table,Cross cutting topics > Tables on EU policy > Employment and social policy indicators > Social protection performance monitor - indicators > Median relative income of elderly people - EU-SILC survey
ilc_odbt06,dataset,"Database by themes > Population and social conditions > Living conditions and welfare > Income and living conditions > EU-SILC modules > Over-indebtedness, consumption and wealth as well as labour (2020) > Persons with loans for transport purposes by risk of poverty threshold"
rd_p_sen,dataset,"Database by themes > Science, technology, digital society > Science and technology > Research and development (R&D) > R&D personnel at national and regional level > Researchers in the higher education sector by seniority category"
enpe_nama_10_ulc,dataset,"Database by themes > General and regional statistics > Non EU countries > Eastern European Neighbourhood Policy countries (ENP-East) > Economy and finance > National accounts > GDP, main aggregates and economic indicators > Nominal unit labour cost growth - ENP-East countries"
rail_pa_speed,dataset,Database by themes > Transport > Railway transport > Railway transport measurement - passengers > Passengers transported by type of train speed
enps_road_eqs_car,dataset,Database by themes > General and regional statistics > Non EU countries > Southern European Neighbourhood Policy countries (ENP-South) > Transport > Road transport > Stock of vehicles by category - ENP-South countries
sdg_12_31,table,Cross cutting topics > Tables on EU policy > Circular economy indicators > Global sustainability and resilience > Consumption footprint > Consumption footprint - single weighted score
teiis020,table,"Cross cutting topics > Tables on EU policy > Euro indicators / PEEIs > Industry, trade and services > Industry - domestic producer prices > Domestic producer prices - manufacturing"
tesov190,table,Cross cutting topics > Tables on EU policy > Employment and social policy indicators > Social inclusion and social policy indicators > Overarching portfolio > Context information > Distribution of population by household types - EU-SILC survey
tipsbp70,table,Cross cutting topics > Tables on EU policy > Macroeconomic imbalance procedure indicators > Current account balance and balance of payments > Annual data > Annual data > Net Lending/Borrowing (current and capital account) - annual data
teiet160,table,Database by themes > International trade > International trade in goods > International trade in goods - aggregated data > International trade in goods - short-term indicators > Euro area trade by SITC product group > Imports of goods - other manufactured products
ilc_peps07n,dataset,Database by themes > Population and social conditions > Living conditions and welfare > Income and living conditions > Persons at risk of poverty or social exclusion (EU 2030 target) > Main indicator - persons at risk of poverty or social exclusion > Persons at risk of poverty or social exclusion by tenure status
tipspc15,table,"Cross cutting topics > Tables on EU policy > Macroeconomic imbalance procedure indicators > Private sector credit flow > Non-consolidated data > Private sector credit flow: loans by sectors, non-consolidated - % of GDP"
isoc_cisci_f$dv_536,dataset,"Database by themes > General and regional statistics > Degree of urbanisation > Digital economy and society > ICT usage in households and by individuals > ICT trust, security and privacy > Safety copies and back up files (2007-2019)"
egi_so1,dataset,Cross cutting topics > Cross cutting topics > Economic globalisation indicators > Enterprises sourcing abroad
educ_uoe_grad06,dataset,Database by themes > Population and social conditions > Education and training > Education and training outcomes > Graduates > Graduates at doctoral level by sex and age groups - per 1000 of population aged 25-34
pipe_ec_invest,dataset,"Database by themes > Transport > Oil pipeline transport > Oil pipeline transport - Infrastructure, investment and maintenance > Investment and maintenance in oil pipeline infrastructure"
tipsex20,table,Cross cutting topics > Tables on EU policy > Macroeconomic imbalance procedure indicators > Export market shares > Export market shares by items - % of world total
tepsr_wc130,table,Cross cutting topics > Tables on EU policy > Employment and social policy indicators > Social inclusion and social policy indicators > Overarching portfolio > Activity rate by sex
apro_ec_lshen,dataset,"Database by themes > Agriculture, forestry and fisheries > Agriculture > Animal production > Animal production - historical data > apro_anip_h_ > Laying hens population - annual data (1960-2012)"
teicp110,table,"Database by themes > Economy and finance > Prices > Harmonised index of consumer prices (HICP) > Harmonised index of consumer prices (HICP) - ECOICOP ver.2 > Harmonised index of consumer prices (HICP) - ECOICOP ver.2 - indices and rates of change, monthly data > HICP - hotels and restaurants"
road_ec_entveh,dataset,"Database by themes > Transport > Road transport > Road transport - enterprises, economic performances and employment > Road transport - enterprises, economic performances and employment - historical data > Goods road transport enterprises by number of vehicles (1988-2012)"
earn_gr_gpgr2ct,dataset,Database by themes > Population and social conditions > Labour market > Earnings > Gender pay and earnings gaps > Gender pay gap in unadjusted form - NACE Rev. 2 activity > Gender pay gap in unadjusted form by type of ownership and NACE Rev. 2 activity (B-S except O) - structure of earnings survey methodology
tipspd20,table,"Cross cutting topics > Tables on EU policy > Macroeconomic imbalance procedure indicators > Private sector debt > Consolidated data > Private sector debt, consolidated - % of GDP"
enpe_rd_e_gerdfund,dataset,"Database by themes > General and regional statistics > Non EU countries > Eastern European Neighbourhood Policy countries (ENP-East) > Research and development, digital society > R&D expenditure > Gross domestic expenditure on R&D (GERD) - ENP-East countries"
tepsr_lm420,table,Cross cutting topics > Tables on EU policy > Employment and social policy indicators > Social inclusion and social policy indicators > Overarching portfolio > Severe material and social deprivation rate by sex
teicp250,table,"Database by themes > Economy and finance > Prices > Harmonised index of consumer prices (HICP) > Harmonised index of consumer prices (HICP) - ECOICOP ver.2 > Harmonised index of consumer prices (HICP) - ECOICOP ver.2 - indices and rates of change, monthly data > HICP - energy"
tps00193,table,"Database by themes > Population and social conditions > Migration > Asylum > Decisions on applications > Final decisions in appeal or review on applications by type of decision, citizenship, age and sex - annual data > Final decisions on asylum applications by type of decision - annual data"
pipe_if_lenght,dataset,"Database by themes > Transport > Oil pipeline transport > Oil pipeline transport - Infrastructure, investment and maintenance > Length of pipelines operated"
tgs00107,table,Database by themes > General and regional statistics > Regional statistics by NUTS classification > Regional poverty and social exclusion statistics > Persons at risk of poverty or social exclusion by NUTS 2 region > People at risk of poverty or social exclusion by NUTS 2 region
tipser20,dataset,Cross cutting topics > Tables on EU policy > Macroeconomic imbalance procedure indicators > Effective exchange rates > Real effective exchange rate - euro area trading partners
educ_uoe_perp05,dataset,Database by themes > Population and social conditions > Education and training > Education personnel > Teachers and academic staff > Ratio of pupils to teachers and teacher aides by education level and programme orientation
tessi163,table,Cross cutting topics > Tables on EU policy > Employment and social policy indicators > Social inclusion and social policy indicators > Social inclusion portfolio > Secondary indicators > Housing cost overburden > Housing cost overburden rate by poverty status - EU-SILC survey
sdg_08_11,table,Cross cutting topics > Tables on EU policy > Sustainable development indicators > Goal 8 - Decent work and economic growth > Investment share of GDP by institutional sectors
tps00204,table,"Database by themes > Population and social conditions > Demography, population stock and balance > Main population indicators > Population change - Demographic balance and crude rates at national level > Live births and crude birth rate"
lfsi_jhh_a,dataset,Database by themes > Population and social conditions > Labour market > Employment and unemployment (Labour force survey) > Labour force survey (LFS) series - specific topics > Private households > Working status within households > Population in jobless private households - % of persons living in private households where no-one is employed
tepsr_lm412,table,Cross cutting topics > Tables on EU policy > Employment and social policy indicators > Social inclusion and social policy indicators > Overarching portfolio > Children (aged less than 18) at risk of poverty or social exclusion
qoe_ewcs_3c3,dataset,Cross cutting topics > Cross cutting topics > Quality of employment > Working time and work-life balance > Work-life balance > Mean duration of commuting time one-way between work and home by sex and age
ttr00001,table,Cross cutting topics > Cross cutting topics > Climate change > Drivers > Transport > Volume of passenger transport relative to GDP > Volume of passenger transport relative to GDP
road_eqs_trams,dataset,Database by themes > Transport > Road transport > Road transport equipment - stock of vehicles > Trams
teiis550,table,Cross cutting topics > Tables on EU policy > Euro indicators / PEEIs > Housing market statistics > Building permits - monthly data
tag00052,table,"Database by themes > Agriculture, forestry and fisheries > Agriculture > Agricultural prices and price indices > Price indices of agricultural products > Price indices of the means of agricultural production, input - annual data > Purchase price indices, total means of agricultural production"
tps00005,table,"Database by themes > Population and social conditions > Demography, population stock and balance > Main population indicators > Population change - Demographic balance and crude rates at national level > Population as a percentage of EU27 (from 2020) population"
ilc_chmd01,dataset,Database by themes > Population and social conditions > Living conditions and welfare > Income and living conditions > Material deprivation > Child specific material deprivation > Child specific material deprivation rate by age (children aged less than 16 years)
rail_ec_ent,dataset,"Database by themes > Transport > Railway transport > Railway transport - enterprises, economic performances and employment > Railway enterprises by type of enterprise"
ilc_li11$dv_2662,dataset,Database by themes > Population and social conditions > Living conditions and welfare > Income and living conditions > Income distribution and monetary poverty > Monetary poverty > Relative at risk of poverty gap by poverty threshold - EU-SILC and ECHP surveys
gbv_any_ed,dataset,"Database by themes > Population and social conditions > Living conditions and welfare > Gender based violence against women > Violence by any perpetrator during adulthood > Women who have experienced violence by any perpetrator, by level of education"
teina090,table,Cross cutting topics > Tables on EU policy > Euro indicators / PEEIs > National accounts > Others > Gross disposable income
crim_pris_cap,dataset,Database by themes > Population and social conditions > Crime and criminal justice > Prison and prisoner characteristics > Prison capacity and number of persons held
ilc_camnothall,dataset,Database by themes > Population and social conditions > Living conditions and welfare > Income and living conditions > Living conditions > Childcare arrangements > Average number of weekly hours of other types of care by age group - children with or without other types of care
enpe_hlth_exp,dataset,Database by themes > General and regional statistics > Non EU countries > Eastern European Neighbourhood Policy countries (ENP-East) > Population and social conditions > Living conditions > Social and health expenditure > Health care expenditure - % of GDP - ENP-East countries
tet00013,table,"Database by themes > International trade > International trade in goods > International trade in goods - aggregated data > International trade in goods - long-term indicators > EU trade by Member State, partner and product group > Intra and Extra-EU trade by Member State and by product group > Extra-EU27 (from 2020) trade, by product group"
crim_crt_per,dataset,Database by themes > Population and social conditions > Crime and criminal justice > Court processes > Persons brought before criminal courts by legal status of the court process
ilc_camdforg0,dataset,Database by themes > Population and social conditions > Living conditions and welfare > Income and living conditions > Living conditions > Childcare arrangements > Median number of weekly hours of formal care by age group - children with at least 1 hour of formal care
ilc_pns5,table,Database by themes > Population and social conditions > Living conditions and welfare > Income and living conditions > Income distribution and monetary poverty > Monetary poverty for elderly people > Relative median at-risk-of-poverty gap of elderly people - EU-SILC and ECHP surveys
educ_uoe_enrt08,dataset,Database by themes > Population and social conditions > Education and training > Participation in education and training > Pupils and students - enrolments > Tertiary education > Students in tertiary education - as % of 20-24 years old in the population
tec00127,table,"Database by themes > Economy and finance > Government statistics > Government finance statistics (EDP and ESA 2010) > Government deficit and debt > Government deficit/surplus, debt and associated data > General government deficit/surplus"
earn_ses06_rann,dataset,"Database by themes > General and regional statistics > Regional statistics by NUTS classification > Regional labour market statistics > Regional structure of earnings survey 2006 > Mean annual earnings by NUTS 1 region (enterprises with 10 employees or more) - NACE Rev. 1.1, C-O excluding L (2006)"
enpe_lfsa_urgan,dataset,Database by themes > General and regional statistics > Non EU countries > Eastern European Neighbourhood Policy countries (ENP-East) > Population and social conditions > Labour market > Unemployment > Unemployment rates by sex and age - ENP-East countries
sdg_08_30a,table,Cross cutting topics > Tables on EU policy > Sustainable development indicators > Goal 8 - Decent work and economic growth > Employment rate by citizenship
teimf250,table,Cross cutting topics > Tables on EU policy > Euro indicators / PEEIs > Monetary and financial indicators > Exchange rates > Real effective exchange rate - 42 trading partners
tepsr_sp310,table,Cross cutting topics > Tables on EU policy > Employment and social policy indicators > Social inclusion and social policy indicators > Health and long-term care portfolio > Access to care > Primary indicators > Out-of-pocket expenditure on healthcare
tps00208,table,Database by themes > Population and social conditions > Health > Health status > Healthy life years > Healthy life years by sex (from 2004 onwards) > Life expectancy at birth by sex
rail_tf_ns10_at,dataset,Database by themes > Transport > Railway transport > Railway traffic > Train traffic on the rail network (2010) > Train traffic on the rail network - Austria (2010)
trng_cvt_23s,dataset,Database by themes > Population and social conditions > Education and training > Participation in education and training > Continuing vocational training (CVT) in enterprises > Time spent in continuing vocational training (CVT) courses > Hours spent in CVT courses by size class - per person employed in all enterprises
for_area,dataset,"Database by themes > Agriculture, forestry and fisheries > Forestry > Forest resources > Area of wooded land (FAO)"
ilc_mddd04b$dv_2721,dataset,"Database by themes > Population and social conditions > Living conditions and welfare > Income and living conditions > Material deprivation > Material deprivation by dimension > Material deprivation for the 'Housing' dimension, by age, sex and by number of item of deprivation"
teiet310,table,Cross cutting topics > Tables on EU policy > Euro indicators / PEEIs > International trade > Trade Balance and indices > Unit value of imports
ilc_iw07,dataset,Database by themes > Population and social conditions > Living conditions and welfare > Income and living conditions > Income distribution and monetary poverty > In-work poverty > In-work at-risk-of-poverty rate by full-/part-time work
tessi010,table,Cross cutting topics > Tables on EU policy > Employment and social policy indicators > Social inclusion and social policy indicators > Overarching portfolio > At-risk-of-poverty rate by sex
hsw_ij_svsha,dataset,"Database by themes > Population and social conditions > Health > Health and safety at work > Work related health problems and accidental injuries - LFS 1999 > Accidental injuries > Relative incidence rate of accidental injuries at work by severity, frequency of shift work and age (EU mean rate = 100 for each severity)"
nrg_ind_esr,dataset,"Database by themes > Environment and energy > Energy > Energy statistics - quantities > Energy statistics - quantities, annual data > Energy indicators > Energy self-reliance"
rail_pa_nbcar,dataset,"Database by themes > Transport > Railway transport > Railway transport measurement - passengers > Railway transport measurement - passengers - historical data > Passenger cars in accompanied passenger car railway transport, by type of transport (1979-2012)"
migr_asytpfpop,dataset,Database by themes > Population and social conditions > Migration > Asylum > Asylum and temporary protection indicators > Temporary protection indicators > Decisions granting temporary protection by citizenship - per thousand persons
tin00103,table,"Database by themes > Science, technology, digital society > Digital economy and society > ICT usage in households and by individuals > Internet use > Individuals - internet activities > Individuals using the internet for doing an online course"
teiis270,table,"Cross cutting topics > Tables on EU policy > Euro indicators / PEEIs > Industry, trade and services > Trade and services > Retail trade volume of sales - automotive fuel"
ilc_pw01$dv_2761,dataset,"Database by themes > Population and social conditions > Living conditions and welfare > Income and living conditions > Living conditions > Life satisfaction and trust > Overall life satisfaction by sex, age and educational attainment"
tepsr_sp410,table,Database by themes > General and regional statistics > Degree of urbanisation > Digital economy and society > Digital skills > ICT users > Individuals' level of digital skills (from 2021 onwards) > Individuals who have basic or above basic overall digital skills by sex
road_eqr_bum,dataset,"Database by themes > Transport > Road transport > Road transport equipment - new registration of vehicles > Road transport equipment - new registration of vehicles - historical data > New motor coaches, buses and trolley buses by type of motor energy (until 2013)"
earn_gr_gpgr2ag,dataset,Database by themes > Population and social conditions > Labour market > Earnings > Gender pay and earnings gaps > Gender pay gap in unadjusted form - NACE Rev. 2 activity > Gender pay gap in unadjusted form by age and NACE Rev. 2 activity (B-S except O) - structure of earnings survey methodology
mar_sg_am_cwd,dataset,"Database by themes > Transport > Maritime transport > Maritime transport - short sea shipping - main annual results > Short sea shipping - country level - gross weight of goods transported to/from main ports, by direction"
sdg_07_40,table,Cross cutting topics > Tables on EU policy > Sustainable development indicators > Goal 7 - Affordable and clean energy > Share of renewable energy in gross final energy consumption by sector
hsw_aw_ws2,dataset,"Database by themes > Population and social conditions > Health > Health and safety at work > Accidents at work (ESAW) - until 2007 > Causes and circumstances of accidents at work (ESAW Phase III) > Incidence rate of accidents at work by type of workstation, NACE Rev. 1.1 activity, sex, age and severity"
ilc_pw08$dv_426,dataset,"Database by themes > Population and social conditions > Living conditions and welfare > Income and living conditions > EU-SILC modules > Personal well-being indicators (2013, 2018 and 2022) > Persons being happy in the last 4 weeks by sex, age, educational attainment and frequency"
tipsna20,table,"Database by themes > Economy and finance > National accounts (ESA 2010) > Annual national accounts > GDP and components > Gross domestic product (GDP) and main components (output, expenditure and income) - annual data > Gross fixed capital formation at current prices"
ilc_mdes01_r,dataset,Database by themes > General and regional statistics > Regional statistics by NUTS classification > Regional poverty and social exclusion statistics > Inability to keep home adequately warm by NUTS 2 region
demo_mexrt,dataset,"Database by themes > Population and social conditions > Demography, population stock and balance > Mortality (national level) > Excess mortality by month"
fish_ca_pac61,dataset,"Database by themes > Agriculture, forestry and fisheries > Fisheries > Catches by fishing area > Catches by fishing area - historical data (1950-1999) > Catches - Pacific ocean > Catches - north-west Pacific"
bs_bs2_00,dataset,"Database by themes > Industry, trade and services > Business structure and dynamics > Structural business statistics > Structural business statistics - historical data > SBS - services - historical data > Business services statistics > Business services (2001-2003) > Turnover by product specialisation and employment size class for group 72.2 (2000)"
tesem060,table,Cross cutting topics > Tables on EU policy > Employment and social policy indicators > Employment performance monitor - indicators > Gender employment gap
tipsbp100,table,"Cross cutting topics > Tables on EU policy > Macroeconomic imbalance procedure indicators > Current account balance and balance of payments > Annual data > Financial account > Direct investment liabilities (stocks) - annual data, % of GDP"
rail_go_total,dataset,Database by themes > Transport > Railway transport > Railway transport measurement - goods > Goods transported
iss_18bfbck,dataset,"Database by themes > Industry, trade and services > Globalisation in business statistics > Global value chains and international sourcing statistics > International sourcing statistics (2002-2020) - experimental statistics > International sourcing statistics - survey 2018 - experimental statistics > International sourcing and relocation of business functions - experimental statistics > Relocation of business function to home country > Enterprises by movement of business functions from abroad and by NACE Rev.2 activity - experimental statistics"
tag00071,table,"Database by themes > Agriculture, forestry and fisheries > Agriculture > Agricultural prices and price indices > Selling prices of agricultural products (absolute prices) > Selling prices of animal products (absolute prices) - annual price (from 2000 onwards) > Selling prices of fresh eggs"
cei_pc050,table,Cross cutting topics > Tables on EU policy > Circular economy indicators > Production and consumption > Generation of plastic packaging waste per capita
earn_ses_pub1t,dataset,Database by themes > Population and social conditions > Labour market > Earnings > Structure of earnings survey - main indicators > Low-wage earners and median earnings > Proportion of low-wage earners > Low-wage earners as a proportion of all employees (excluding apprentices) by employment contract
lfsa_qoe_3a2$dv_608,dataset,Database by themes > Population and social conditions > Labour market > Employment and unemployment (Labour force survey) > Labour force survey (LFS) series - detailed annual data > Quality of employment > Long working hours in the main job by professional status and occupation
tet00028,table,"Database by themes > International trade > International trade in goods > International trade in goods - aggregated data > International trade in goods - long-term indicators > International trade > International trade of EU, the euro area and the Member States by SITC product group > Trade unit value indices, by reporting country"
bs_bs5_00,dataset,"Database by themes > Industry, trade and services > Business structure and dynamics > Structural business statistics > Structural business statistics - historical data > SBS - services - historical data > Business services statistics > Business services (2001-2003) > Turnover by type of client and NACE Rev.1 at 3-digit level (2000)"
enps_env_wat_cov,dataset,Database by themes > General and regional statistics > Non EU countries > Southern European Neighbourhood Policy countries (ENP-South) > Environment and energy > Environment > Water > Population connected to public water supply - ENP-South countries
tipsun10,table,Cross cutting topics > Tables on EU policy > Macroeconomic imbalance procedure indicators > Unemployment > Unemployment rate - 3 year average
road_eqr_loralt,dataset,Database by themes > Transport > Road transport > Road transport equipment - new registration of vehicles > Road transport equipment - new registration of vehicles - historical data > New lorries by alternative motor energy and load capacity of +/- 1500 kg (until 2012)
sbs_pen_7e,dataset,"Database by themes > Industry, trade and services > Business structure and dynamics > Structural business statistics > Structural business statistics - historical data > SBS - services - historical data > Financial services statistics > Statistics on pension funds > Non-autonomous pension funds (1997-2007)"
sdg_03_42,table,Cross cutting topics > Tables on EU policy > Sustainable development indicators > Goal 3 - Good health and well-being > Standardised preventable and treatable mortality
earn_ses_pub1i,dataset,Database by themes > Population and social conditions > Labour market > Earnings > Structure of earnings survey - main indicators > Low-wage earners and median earnings > Proportion of low-wage earners > Low-wage earners as a proportion of all employees (excluding apprentices) by educational attainment level
earn_mw_avgr2,dataset,Database by themes > Population and social conditions > Labour market > Earnings > Minimum wages > Monthly minimum wage as a proportion of average monthly earnings (%) - NACE Rev. 2 (from 2008 onwards)
road_eqs_roaene_h,dataset,Database by themes > Transport > Road transport > Road transport equipment - stock of vehicles > Road transport equipment - stock of vehicles - historical data > Road tractors by type of motor energy (until 2013)
enps_demo_infant,dataset,Database by themes > General and regional statistics > Non EU countries > Southern European Neighbourhood Policy countries (ENP-South) > Population and social conditions > Population and demographic indicators > Demographic indicators > Infant mortality rate by sex - ENP-South countries
ilc_scp17$dv_434,dataset,"Database by themes > Population and social conditions > Living conditions and welfare > Income and living conditions > EU-SILC modules > Social and cultural participation (2015 and 2022) > Persons having someone to discuss personal matters by sex, age and educational attainment"
tipsbp10,table,Cross cutting topics > Tables on EU policy > Macroeconomic imbalance procedure indicators > MIP Scoreboard indicators > Current account balance - 3 year average
hlth_ps_scre,dataset,Database by themes > Population and social conditions > Health > Health care > Preventive services > Preventive services - historical data > Breast cancer and cervical cancer screenings - historical data (2000-2021)
teibs020,table,Database by themes > General and regional statistics > European and national indicators for short-term analysis > Business and consumer surveys > Business and consumer survey - composite indicators > Economic sentiment and confidence indicators by sector - monthly data > Confidence indicators by sector
qoe_ewcs_1c3,dataset,Cross cutting topics > Cross cutting topics > Quality of employment > Safety and ethics of employment > Fair treatment in employment > Employed persons discriminated at work during the last 12 months by sex and age
road_eqs_busveh,dataset,"Database by themes > Transport > Road transport > Road transport equipment - stock of vehicles > Motor coaches, buses and trolley buses, by type of vehicle"
ilc_scp38$dv_2388,dataset,"Database by themes > Population and social conditions > Disability > Leisure and social participation > Leisure and cultural participation > Persons not participating in cultural or sport activities in the last 12 months by sex, age, level of disability (activity limitation), activity type and reasons"
pipe_ec_employ,dataset,Database by themes > Transport > Oil pipeline transport > Oil pipeline transport - Enterprises and employment - historical data > Persons employed in oil pipeline enterprises by sex (2003-2012)
tps00217,table,"Database by themes > Population and social conditions > Education and training > Education and training outcomes > Graduates > Distribution of male and female graduates in different fields of education, by education level and programme orientation > Female tertiary education graduates in STEM education fields - % of all tertiary education graduates in STEM education fields"
org_aprod_h,dataset,"Database by themes > Agriculture, forestry and fisheries > Agriculture > Organic farming > Organic farming - historical data (until 2011) > Organic production of animal products (until 2011)"
sbs_cre_pcpay,dataset,"Database by themes > Industry, trade and services > Business structure and dynamics > Structural business statistics > Structural business statistics - historical data > SBS - services - historical data > Financial services statistics > Statistics on credit institutions > Commissions payable by product (1997-2001)"
trng_cvt_25n2,dataset,Database by themes > Population and social conditions > Education and training > Participation in education and training > Continuing vocational training (CVT) in enterprises > Time spent in continuing vocational training (CVT) courses > Hours spent in CVT courses by NACE Rev. 2 activity - per participant
gbv_npv_du,dataset,"Database by themes > Population and social conditions > Living conditions and welfare > Gender based violence against women > Violence by non-partner since the age of 15 > Women who have experienced violence by a non-partner, by degree of urbanisation"
ilc_mdsd03$dv_1165,dataset,"Database by themes > Population and social conditions > Living conditions and welfare > Income and living conditions > Material deprivation > Material and social deprivation > Material and social deprivation rate by age, sex and educational attainment level"
tec00115,table,"Database by themes > General and regional statistics > European and national indicators for short-term analysis > National accounts > Gross domestic product (GDP) and main components (output, expenditure and income) - annual data > Real GDP growth rate - volume"
qoe_ewcs_7a3,dataset,"Cross cutting topics > Cross cutting topics > Quality of employment > Employment-related relationships and work motivation > Employment-related relationships > Employed persons exposed to employment-related physical, psychological or sexual violence in the last 12 months by sex and age"
ilc_iw04,dataset,Database by themes > Population and social conditions > Living conditions and welfare > Income and living conditions > Income distribution and monetary poverty > In-work poverty > In-work at-risk-of-poverty rate by educational attainment level
tesov092,table,Cross cutting topics > Tables on EU policy > Employment and social policy indicators > Social inclusion and social policy indicators > Overarching portfolio > At-risk-of-poverty rate anchored at a fixed moment in time (2019) by age group - EU-SILC survey
teicp050,table,"Database by themes > Economy and finance > Prices > Harmonised index of consumer prices (HICP) > Harmonised index of consumer prices (HICP) - ECOICOP ver.2 > Harmonised index of consumer prices (HICP) - ECOICOP ver.2 - indices and rates of change, monthly data > HICP - household equipment"
ilc_chsb02,dataset,Database by themes > Population and social conditions > Living conditions and welfare > Income and living conditions > EU-SILC modules > Living arrangements and conditions of children in separated and blended families (2021) > Parents spending enough time with children living with them
tessi178,table,Cross cutting topics > Tables on EU policy > Employment and social policy indicators > Social inclusion and social policy indicators > Social inclusion portfolio > Secondary indicators > Overcrowding rate > Overcrowding rate by poverty status - population without single-person households - EU-SILC survey
tessi014,table,Cross cutting topics > Tables on EU policy > Employment and social policy indicators > Social inclusion and social policy indicators > Overarching portfolio > At-risk-of-poverty threshold - EU-SILC survey
educ_iste,dataset,Database by themes > Population and social conditions > Education and training > Education and training - historical data > Education-administrative data (ISCED1997) - historical data > Education indicators - non-finance > Pupil/ student - teacher ratio and average class size (ISCED 1-3) (1998-2012)
rail_eq_pa_nca,dataset,Database by themes > Transport > Railway transport > Railway transport equipment > Passenger railway vehicles by category of vehicle (until 2012)
tag00121,table,"Database by themes > Agriculture, forestry and fisheries > Agriculture > Crop production > Crop production > Crop production in EU standard humidity (from 2000 onwards) > Crop production in EU standard humidity > Grapes by production"
hlth_ehis_fv3e$dv_462,dataset,"Database by themes > Population and social conditions > Health > Health determinants > Consumption of fruits and vegetables > Daily consumption of fruit and vegetables by sex, age and educational attainment level"
cens_91typl,dataset,Database by themes > Population and social conditions > Population and housing censuses > Census 1990/91 round > Dwellings > Housing units by type
sdg_01_20,table,Cross cutting topics > Tables on EU policy > Sustainable development indicators > Goal 1 - No poverty > Persons at risk of monetary poverty after social transfers - EU-SILC and ECHP surveys
gbv_ch_perp,dataset,"Database by themes > Population and social conditions > Living conditions and welfare > Gender based violence against women > Violence experienced in childhood > Women who have experienced sexual violence during childhood, by type of perpetrator"
isoc_cbs,dataset,"Database by themes > Science, technology, digital society > Digital economy and society > Additional indicators on digitalisation > Internet coverage and prices > Broadband internet coverage by speed"
ilc_lvho05a$dv_1185,dataset,"Database by themes > Population and social conditions > Living conditions and welfare > Income and living conditions > Living conditions > Housing conditions > Overcrowding rate > Overcrowding rate by age, sex and poverty status - total population"
tps00167,table,Database by themes > Population and social conditions > Health > Health care > Health care resources > Health care resources - historical data > Health personnel (excluding nursing and caring professionals) - historical data (1980-2021) > Licensed physicians
sdg_12_51,table,"Database by themes > Environment and energy > Environment > Waste > Waste generation and treatment > Generation of waste by waste category, hazardousness and NACE Rev. 2 activity > Generation of waste by hazardousness"
hlth_db_emasnt,dataset,"Database by themes > Population and social conditions > Labour market > Employment and unemployment (Labour force survey) > Labour force survey (LFS) - ad-hoc modules > Labour fource survey (LFS) - ad-hoc modules, historical data > Employment of disabled persons (2002) > Percentage distribution of types of assistance needed by not employed disabled people by sex"
ilc_chmd03,dataset,Database by themes > Population and social conditions > Living conditions and welfare > Income and living conditions > Material deprivation > Child specific material deprivation > Child specific material deprivation rate by educational attainment level of their parents (children aged less than 16 years)
trng_nfe16,dataset,Database by themes > Population and social conditions > Education and training > Education and training - historical data > Adult learning - historical data > Lifelong learning - LFS ad-hoc module 2003 > ----- > Mean instruction hours per employed participant in non-formal education and training by sex and occupation (2003)
tessi292,table,"Cross cutting topics > Tables on EU policy > Employment and social policy indicators > Social inclusion and social policy indicators > Social inclusion portfolio > Context information > Share of total population living in a dwelling with a leaking roof, damp walls, floors or foundation, or rot in window frames of floor - EU-SILC survey"
mar_qg_qm_cwh,dataset,Database by themes > Transport > Maritime transport > Maritime transport - main quarterly results > Country level - gross weight of goods handled in main ports
enpe_nama_10_gdp_ea,dataset,"Database by themes > General and regional statistics > Non EU countries > Eastern European Neighbourhood Policy countries (ENP-East) > Economy and finance > National accounts > GDP, main aggregates and economic indicators > Gross domestic product at market prices by expenditure - ENP-East countries"
iww_if_hordim,dataset,"Database by themes > Transport > Inland waterways transport > Inland waterways transport infrastructure > Navigable inland waterways, by horizontal dimensions of vessels and pushed convoys"
ilc_mdsd08,dataset,Database by themes > General and regional statistics > Regional statistics by NUTS classification > Regional poverty and social exclusion statistics > Material and social deprivation rate by NUTS 2 region
trng_aes_187,dataset,"Database by themes > Population and social conditions > Education and training > Participation in education and training > Adult learning > Adult learning - last 12 months, AES > Access to information on education and training - last 12 months, AES > Sources of information used for getting information on learning possibilities (2007-2011)"
sdg_07_30,table,"Database by themes > Environment and energy > Energy > Energy statistics - quantities > Energy statistics - quantities, annual data > Energy indicators > Energy productivity > Energy productivity"
ten00030,table,Database by themes > Environment and energy > Environment > Water > Water statistics on national level > Sewage sludge production and disposal > Sewage sludge production and disposal from urban wastewater (in dry substance (d.s))
bs_bs6_00,dataset,"Database by themes > Industry, trade and services > Business structure and dynamics > Structural business statistics > Structural business statistics - historical data > SBS - services - historical data > Business services statistics > Business services (2001-2003) > Turnover by type of client and employment size class (2000)"
rail_tf_ns20_pt,dataset,Database by themes > Transport > Railway transport > Railway traffic > Train traffic on the rail network (2020) > Train traffic on the rail network - Portugal (2020)
sdg_14_21,dataset,"Cross cutting topics > Tables on EU policy > Sustainable development indicators > Goal 14 - Life below water > Estimated trends in fish stock biomass, by fishing areas"
teina080,table,Cross cutting topics > Tables on EU policy > Euro indicators / PEEIs > National accounts > Others > Gross national income
tps00119,table,"Database by themes > General and regional statistics > Regional statistics by NUTS classification > Regional health statistics > Causes of death > Causes of death - standardised death rate by NUTS 2 region of residence > Death due to other ischaemic heart diseases, by sex"
cei_gsr030,table,Cross cutting topics > Tables on EU policy > Circular economy indicators > Global sustainability and resilience > Material import dependency
road_eqr_semit,dataset,"Database by themes > Transport > Road transport > Road transport equipment - new registration of vehicles > New semi-trailers and their load capacity, by permissible maximum gross weight"
sdg_03_41,table,"Database by themes > General and regional statistics > Regional statistics by NUTS classification > Regional health statistics > Causes of death > Causes of death - standardised death rate by NUTS 2 region of residence > Standardised death rate due to tuberculosis, HIV and hepatitis by type of disease"
lan_lcv_arti,dataset,"Database by themes > General and regional statistics > Land cover and land use, landscape (LUCAS) > Land covered by artificial surfaces - index"
earn_ses10_rhr,dataset,"Database by themes > General and regional statistics > Regional statistics by NUTS classification > Regional labour market statistics > Regional structure of earnings survey 2010 > Mean hourly earnings by NUTS 1 region (enterprises with 10 employees or more) - NACE Rev. 2, B-S excluding O (2010)"
gbv_ipv_frq,dataset,"Database by themes > Population and social conditions > Living conditions and welfare > Gender based violence against women > Violence by intimate partner during lifetime > Ever-partnered women who have experienced violence by an intimate partner, by type and frequency of violence"
ilc_di12,dataset,Database by themes > Population and social conditions > Living conditions and welfare > Income and living conditions > Inequality > Income inequality > Gini coefficient of equivalised disposable income by age
nrg_ind_ffgae,dataset,"Database by themes > Environment and energy > Energy > Energy statistics - quantities > Energy statistics - quantities, annual data > Energy indicators > Share of fossil fuels in gross available energy"
road_eqr_lsttt,dataset,"Database by themes > Transport > Road transport > Road transport equipment - new registration of vehicles > Road transport equipment - new registration of vehicles - historical data > Load capacity of new lorries, semi-trailers and trailers, by type of carriage (until 2012)"
tps00155,table,Database by themes > Population and social conditions > Labour market > Earnings > Minimum wages > Monthly minimum wages - bi-annual data > Minimum wages
for_vol,dataset,"Database by themes > Agriculture, forestry and fisheries > Forestry > Forest resources > Volume of timber (FAO)"
trng_nfe13,dataset,Database by themes > Population and social conditions > Education and training > Education and training - historical data > Adult learning - historical data > Lifelong learning - LFS ad-hoc module 2003 > ----- > Mean instruction hours per employed participant in non-formal education and training by sex and NACE Rev. 1.1 activity (2003)
mar_sg_am_pwc,dataset,Database by themes > Transport > Maritime transport > Maritime transport - short sea shipping - main annual results > Gross weight of goods in containers transported in short sea shipping from/to the top 5 EU ports for goods in containers
enpe_tour_cap_nat,dataset,"Database by themes > General and regional statistics > Non EU countries > Eastern European Neighbourhood Policy countries (ENP-East) > Industry, trade and services > Tourism > Number of bed places in hotels and similar accomodation - ENP-East countries"
gbv_dv_cob,dataset,"Database by themes > Population and social conditions > Living conditions and welfare > Gender based violence against women > Violence by domestic perpetrator during adulthood > Women who have experienced violence by a domestic perpetrator, by country of birth"
sdg_16_70,table,Database by themes > Population and social conditions > Crime and criminal justice > Trafficking in human beings > Persons involved in trafficking in human beings by legal status and sex > Victims of trafficking in human beings by sex
tipspc24,table,"Cross cutting topics > Tables on EU policy > Macroeconomic imbalance procedure indicators > Private sector credit flow > Consolidated data > Private sector credit flow: debt securities by sectors, consolidated - million units of national currency"
rail_eq_trset,dataset,Database by themes > Transport > Railway transport > Railway transport equipment > Trainsets and capacity by type of speed
road_eqr_trail,dataset,"Database by themes > Transport > Road transport > Road transport equipment - new registration of vehicles > New trailers and their load capacity, by permissible maximum gross weight"
sdg_16_40,dataset,"Cross cutting topics > Tables on EU policy > Sustainable development indicators > Goal 16 - Peace, justice and strong institutions > Perceived independence of the justice system"
qoe_ewcs_6_5,dataset,Cross cutting topics > Cross cutting topics > Quality of employment > Skills development and training > Employed persons whose work experience and job skills would be helpful to find another job by sex and age
teiis500,table,"Cross cutting topics > Tables on EU policy > Euro indicators / PEEIs > Industry, trade and services > Construction > Production in construction"
road_pa_mov,dataset,Database by themes > Transport > Road transport > Road transport measurement - passengers > National passenger road transport performance by type of vehicles registered in the reporting country
apro_mt_ppighq,dataset,"Database by themes > Agriculture, forestry and fisheries > Agriculture > Animal production > Livestock and meat > Meat production > Production forecasts for pigs - quarterly data"
sbs_cre_gbneea,dataset,"Database by themes > Industry, trade and services > Business structure and dynamics > Structural business statistics > Structural business statistics - historical data > SBS - services - historical data > Financial services statistics > Statistics on credit institutions > Business written in non-EEA countries (1997-2001)"
sdg_02_20,table,Cross cutting topics > Tables on EU policy > Sustainable development indicators > Goal 2 - Zero hunger > Agricultural real factor income per annual work unit (AWU)
sdg_02_40,table,Cross cutting topics > Tables on EU policy > Sustainable development indicators > Goal 2 - Zero hunger > Area under organic farming
gbv_awr_leg,dataset,"Database by themes > Population and social conditions > Living conditions and welfare > Gender based violence against women > Awareness of support services > Women as victims/non-victims of violence, by awareness of free legal aid"
avia_tpgo,dataset,Database by themes > Transport > Air transport > Air transport performance > Freight and mail air transport over national territory (including territorial sea) - million tonne-km
sdg_12_61,table,"Database by themes > Environment and energy > Environment > Environmental goods and services sector > Production, value added and exports in the environmental goods and service sector > Gross value added in environmental goods and services sector"
hlth_rs_prs2$dv_2824,dataset,Database by themes > Population and social conditions > Health > Health care > Health care resources > Health care staff > Health personnel
tgs00052,table,Database by themes > General and regional statistics > Regional statistics by NUTS classification > Regional digital economy and society > Regional statistics on ICT usage in households and by individuals > Individuals who ordered goods or services over the internet for private use > Individuals who ordered goods or services over the internet for private use in the last year by NUTS 2 region
teina438_r2,table,Database by themes > Economy and finance > National accounts (ESA 2010) > Quarterly national accounts > GDP and components > Gross value added and income by main industry (NACE Rev.2 ) - quarterly data > Gross value added - NACE Rev. 2: M_N - volumes
icw_sr_02,dataset,"Database by themes > Population and social conditions > Income, consumption and wealth - experimental statistics > Saving rates > Median saving rate by household type - experimental statistics"
trng_cvt_34n2,dataset,Database by themes > Population and social conditions > Education and training > Participation in education and training > Continuing vocational training (CVT) in enterprises > Provision of initial vocational training (IVT) > Enterprises employing IVT participants by NACE Rev. 2 activity - % of all enterprises
rail_tf_ns15_lu,dataset,Database by themes > Transport > Railway transport > Railway traffic > Train traffic on the rail network (2015) > Train traffic on the rail network - Luxembourg (2015)
enps_ilc_secure,dataset,Database by themes > General and regional statistics > Non EU countries > Southern European Neighbourhood Policy countries (ENP-South) > Population and social conditions > Living conditions > Access to basic services and housing > Households with access to secure tenure by simplified degree of urbanisation - ENP-South countries
tespm110,table,Cross cutting topics > Tables on EU policy > Employment and social policy indicators > Social protection performance monitor - indicators > Self-reported unmet need for medical care by sex
road_if_bsurfa,dataset,Database by themes > Transport > Road transport > Road transport infrastructure > Length of paved and unpaved roads
bs_bs8_00,dataset,"Database by themes > Industry, trade and services > Business structure and dynamics > Structural business statistics > Structural business statistics - historical data > SBS - services - historical data > Business services statistics > Business services (2001-2003) > Turnover by nationality of client and employment size class (2000)"
env_ac_landfp,dataset,Database by themes > Environment and energy > Environment > Environmental footprints - modelling results > Land use footprints
egi_tr2,dataset,Cross cutting topics > Cross cutting topics > Economic globalisation indicators > International trade > Intermediate goods trade
rail_tf_ns10_lu,dataset,Database by themes > Transport > Railway transport > Railway traffic > Train traffic on the rail network (2010) > Train traffic on the rail network - Luxembourg (2010)
rail_tf_ns15_si,dataset,Database by themes > Transport > Railway transport > Railway traffic > Train traffic on the rail network (2015) > Train traffic on the rail network - Slovenia (2015)
tag00067,table,"Database by themes > Agriculture, forestry and fisheries > Agriculture > Agricultural prices and price indices > Selling prices of agricultural products (absolute prices) > Selling prices of animal products (absolute prices) - annual price (from 2000 onwards) > Selling prices of piglets"
trng_nfe18,dataset,Database by themes > Population and social conditions > Education and training > Education and training - historical data > Adult learning - historical data > Lifelong learning - LFS ad-hoc module 2003 > ----- > Mean instruction hours per participant in non-formal education and training by field of learning (2003)
tps00140,table,"Database by themes > General and regional statistics > Regional statistics by NUTS classification > Regional health statistics > Causes of death > Causes of death - standardised death rate by NUTS 2 region of residence > Death due to alcoholic abuse, by sex"
prc_hpi_inw,dataset,Database by themes > Economy and finance > Prices > Housing price and sales statistics > House price and sales index > House price index - Item weights
ilc_scp31$dv_2383,dataset,"Database by themes > Population and social conditions > Living conditions and welfare > Income and living conditions > EU-SILC modules > Social and cultural participation - new indicators and breakdowns (2022) > Persons reading books in the last 12 months by sex, age, risk of poverty or social exclusion situation and number of books"
orch_grapes3,dataset,Database by themes > General and regional statistics > Other sub-national statistics > Orchard statistics by production region > Table grape vines - Area by age and density classes (area in ha)
enps_educ_comprate,dataset,Database by themes > General and regional statistics > Non EU countries > Southern European Neighbourhood Policy countries (ENP-South) > Population and social conditions > Education > General education > School completion rate at ISCED 1 level by sex - ENP-South countries
lfso_10fvaredu$dv_609,dataset,Database by themes > Population and social conditions > Labour market > Employment and unemployment (Labour force survey) > Labour force survey (LFS) - ad-hoc modules > Reconciliation between work and family life (2010) > Flexibility of working time > Employees by flexibility of their working schedule and educational attainment level (2010)
tag00122,table,"Database by themes > Agriculture, forestry and fisheries > Agriculture > Crop production > Crop production > Crop production in EU standard humidity (from 2000 onwards) > Crop production in EU standard humidity > Olives by production"
hlth_db_emaspr,dataset,"Database by themes > Population and social conditions > Labour market > Employment and unemployment (Labour force survey) > Labour force survey (LFS) - ad-hoc modules > Labour fource survey (LFS) - ad-hoc modules, historical data > Employment of disabled persons (2002) > Percentage distribution of assistance provided to employed disabled people by sex"
ilc_mdho03c,dataset,Database by themes > Population and social conditions > Living conditions and welfare > Income and living conditions > Material deprivation > Housing deprivation > Children (aged 0 to 17) not having indoor flushing toilet for the sole use of their household
lfst_r_edatd_16,dataset,Database by themes > General and regional statistics > Regional statistics by NUTS classification > Regional labour market statistics > Labour market disparities > Regional disparities in the rate of early leavers from education and training (NUTS level 2)
sdg_01_20a,table,Cross cutting topics > Tables on EU policy > Sustainable development indicators > Goal 1 - No poverty > Persons at risk of monetary poverty after social transfers by citizenship
tec00011,table,"Database by themes > General and regional statistics > European and national indicators for short-term analysis > National accounts > Gross domestic product (GDP) and main components (output, expenditure and income) - annual data > Gross fixed capital formation (investments)"
hlth_dhc140$dv_2681,dataset,"Database by themes > Population and social conditions > Disability > Income and living conditions > Housing conditions > Inability to keep home adequately warm by level of disability (activity limitation), sex and age"
bs_bs5_04,dataset,"Database by themes > Industry, trade and services > Business structure and dynamics > Structural business statistics > Structural business statistics - historical data > SBS - services - historical data > Business services statistics > Business Services (2004-2020) > Number of enterprises carrying out cross border trade by employment size class (2004)"
tepsr_wc230,table,Cross cutting topics > Tables on EU policy > European pillar of social rights (EPSR) > Fair working conditions > Fair working conditions - secondary indicators > Labour transitions from temporary to permanent contracts by sex -3-year average
tps00199,table,"Database by themes > Population and social conditions > Demography, population stock and balance > Fertility (national level) > Fertility indicators > Total fertility rate"
isoc_sks_itsps$dv_1846,dataset,"Database by themes > Science, technology, digital society > Digital economy and society > Digital skills > ICT specialists > ICT specialists in employment > Employed information and communications technology (ICT) specialists by sex"
lfsi_long_e08,dataset,"Database by themes > Population and social conditions > Labour market > Employment and unemployment (Labour force survey) > LFS main indicators > Labour market transitions - LFS longitudinal data > Transition from part-time work to full-time work (annual averages of quarterly transitions, estimated probabilities) - experimental statistics"
tin00186,table,"Database by themes > Industry, trade and services > Tourism > Trips of EU residents - annual data > Participation in tourism > Persons participating in tourism for personal purposes by duration of the stay and destination > Participation in tourism for personal purposes - % of total population"
isoc_bde15ag,dataset,"Database by themes > Science, technology, digital society > Digital economy and society > ICT sector > Percentage of the ICT sector in Gross value added"
tps00171,table,"Database by themes > Population and social conditions > Migration > Managed migration > Residence permits > Residence permits by reason, length of validity and citizenship > All valid permits by reason, length of validity and citizenship on 31 December of each year > All valid permits by reason on 31 December of each year"
teicp120,table,"Database by themes > Economy and finance > Prices > Harmonised index of consumer prices (HICP) > Harmonised index of consumer prices (HICP) - ECOICOP ver.2 > Harmonised index of consumer prices (HICP) - ECOICOP ver.2 - indices and rates of change, monthly data > HICP - miscellaneous goods and services"
tag00042,table,"Database by themes > Agriculture, forestry and fisheries > Agriculture > Animal production > Livestock and meat > Meat production > Slaughtering in slaughterhouses - annual data > Production of pigmeat in slaughterhouses"
tipsbp90,table,"Cross cutting topics > Tables on EU policy > Macroeconomic imbalance procedure indicators > Current account balance and balance of payments > Annual data > Financial account > Direct investment liabilities (flows) - annual data, % of GDP"
nrg_ind_ep,dataset,"Database by themes > Environment and energy > Energy > Energy statistics - quantities > Energy statistics - quantities, annual data > Energy indicators > Energy productivity"
iww_eq_power_lo,dataset,Database by themes > Transport > Inland waterways transport > Inland waterways transport equipment > Power of self-propelled vessels by load capacity
enps_mar_por,dataset,Database by themes > General and regional statistics > Non EU countries > Southern European Neighbourhood Policy countries (ENP-South) > Transport > Maritime transport > Number of principal ports - ENP-South countries
teicp060,table,"Database by themes > Economy and finance > Prices > Harmonised index of consumer prices (HICP) > Harmonised index of consumer prices (HICP) - ECOICOP ver.2 > Harmonised index of consumer prices (HICP) - ECOICOP ver.2 - indices and rates of change, monthly data > HICP - health"
trng_nfe14,dataset,Database by themes > Population and social conditions > Education and training > Education and training - historical data > Adult learning - historical data > Lifelong learning - LFS ad-hoc module 2003 > ----- > Mean instruction hours per participant in non-formal education and training by sex and age (2003)
sbs_cre_pintrex,dataset,"Database by themes > Industry, trade and services > Business structure and dynamics > Structural business statistics > Structural business statistics - historical data > SBS - services - historical data > Financial services statistics > Statistics on credit institutions > Interests receivable and similar income by product (1997-2001)"
teicp010,table,"Database by themes > Economy and finance > Prices > Harmonised index of consumer prices (HICP) > Harmonised index of consumer prices (HICP) - ECOICOP ver.2 > Harmonised index of consumer prices (HICP) - ECOICOP ver.2 - indices and rates of change, monthly data > HICP - food"
tsc00008,table,"Database by themes > Science, technology, digital society > Science and technology > Research and development (R&D) > Government budget allocations for R&D (GBARD) > GBARD by socioeconomic objectives (NABS 2007) > Share of government allocations for R&D (GBARD) allocated to defence and total civil socio-economic objectives"
tessi150,table,Cross cutting topics > Tables on EU policy > Employment and social policy indicators > Social inclusion and social policy indicators > Social inclusion portfolio > Secondary indicators > At-risk-of poverty > Depth of material deprivation - EU-SILC survey
enps_nama_10_a10,dataset,Database by themes > General and regional statistics > Non EU countries > Southern European Neighbourhood Policy countries (ENP-South) > Economy and finance > National accounts > Gross value added by industry > Gross value added by industry - ENP-South countries
sdg_17_20,dataset,Cross cutting topics > Tables on EU policy > Sustainable development indicators > Goal 17 - Partnerships for the goals > EU financing to developing countries by financing source
crim_hom_city,dataset,Database by themes > Population and social conditions > Crime and criminal justice > Crime - historical data (until 2007) > Crimes recorded by the police - homicide in cities (1993-2007)
ten00141,table,Database by themes > Environment and energy > Environment > Environmental taxes > Environmental tax revenues > Environmental tax revenues as share of total taxes
cei_wm011,table,Cross cutting topics > Tables on EU policy > Circular economy indicators > Waste management > Recycling rate of municipal waste
enpe_bop_iip6,dataset,Database by themes > General and regional statistics > Non EU countries > Eastern European Neighbourhood Policy countries (ENP-East) > Economy and finance > Deficit/surplus and debt > Gross external debt of the whole economy - ENP-East countries
tepsr_sp110,table,Cross cutting topics > Tables on EU policy > European pillar of social rights (EPSR) > Social protection and inclusion > Social protection and inclusion - secondary indicators > General government expenditure by function
hlth_ehis_sk3i$dv_304,dataset,"Database by themes > Population and social conditions > Health > Health determinants > Tobacco consumption > Daily smokers of cigarettes by sex, age and income quintile"
enpe_tour_dem_tttot,dataset,"Database by themes > General and regional statistics > Non EU countries > Eastern European Neighbourhood Policy countries (ENP-East) > Industry, trade and services > Tourism > Departures of residents going abroad for all holidays and business - ENP-East countries"
bs_bs4_06,dataset,"Database by themes > Industry, trade and services > Business structure and dynamics > Structural business statistics > Structural business statistics - historical data > SBS - services - historical data > Business services statistics > Business Services (2004-2020) > Turnover by residence of client and economic activity (2006)"
tessi177,table,Cross cutting topics > Tables on EU policy > Employment and social policy indicators > Social inclusion and social policy indicators > Social inclusion portfolio > Secondary indicators > Overcrowding rate > Overcrowding rate by age group - population without single-person households - EU-SILC survey
enpe_ef_lus_main,dataset,Database by themes > General and regional statistics > Non EU countries > Eastern European Neighbourhood Policy countries (ENP-East) > Agriculture and fisheries > Agriculture > Main farm land use - ENP-East countries
lfst_r_lmdltu,dataset,Database by themes > General and regional statistics > Regional statistics by NUTS classification > Regional labour market statistics > Labour market disparities > Regional disparities in long-term unemployment rates (NUTS level 2)
sdg_11_60,table,Cross cutting topics > Tables on EU policy > Sustainable development indicators > Goal 11 - Sustainable cities and communities > Recycling rate of municipal waste
enps_lfsa_argaed,dataset,Database by themes > General and regional statistics > Non EU countries > Southern European Neighbourhood Policy countries (ENP-South) > Population and social conditions > Labour market > Active population > Activity rates (aged 15-64) by sex - ENP-South countries
org_cpreact_h,dataset,"Database by themes > Agriculture, forestry and fisheries > Agriculture > Organic farming > Organic farming - historical data (until 2011) > Processors of organic products by NACE Rev. 2 activity (C) (2008 -2011)"
cens_91typb,dataset,Database by themes > Population and social conditions > Population and housing censuses > Census 1990/91 round > Dwellings > Housing units by type of building
tec00105,table,"Database by themes > Economy and finance > Balance of payments - International transactions (BPM6) > European Union direct investments (BPM6) > EU direct investments indicators in % of GDP, impact indicators and rate of return on direct investment (BPM6) > Inward FDI stocks in % of GDP"
isoc_sks_itspa,dataset,"Database by themes > Science, technology, digital society > Digital economy and society > Digital skills > ICT specialists > ICT specialists in employment > Employed information and communications technology (ICT) specialists by age"
tepsr_spi120,table,Cross cutting topics > Tables on EU policy > Employment and social policy indicators > Social inclusion and social policy indicators > Overarching portfolio > Severe material and social deprivation rate for children (aged less than 18) by sex
avia_ec_emp_ent,dataset,Database by themes > Transport > Air transport > Air transport - enterprises and persons employed > Persons employed in aviation and airport enterprises by sex (2001-2013)
teiet120,table,"Cross cutting topics > Tables on EU policy > Euro indicators / PEEIs > International trade > Imports of goods > Imports of goods - food, drinks and tobacco"
ilc_mddd17,dataset,Database by themes > Population and social conditions > Living conditions and welfare > Income and living conditions > Material deprivation > Material deprivation by dimension > Severe material deprivation rate by tenure status
rail_eq_pa_csb,dataset,Database by themes > Transport > Railway transport > Railway transport equipment > Seat/berth capacity of passenger railway vehicles
sdg_15_50,table,Cross cutting topics > Tables on EU policy > Sustainable development indicators > Goal 2 - Zero hunger > Area at risk of severe soil erosion by water
earn_ses_actrl,dataset,"Database by themes > Population and social conditions > Labour market > Earnings > Structure of earnings survey 2006 > Annual earnings > Annual earnings by economic control (enterprises with 10 employed persons or more) - NACE Rev. 1.1, C-O excluding L"
enpe_nama_10_a10,dataset,Database by themes > General and regional statistics > Non EU countries > Eastern European Neighbourhood Policy countries (ENP-East) > Economy and finance > National accounts > Gross value added by industry > Gross value added by industry - ENP-East countries
tesem200,table,Cross cutting topics > Tables on EU policy > Employment and social policy indicators > Employment performance monitor - indicators > Newly employed
gov_10dd_acd,dataset,Database by themes > Economy and finance > Government statistics > Government finance statistics (EDP and ESA 2010) > Government deficit and debt > Structure of government debt > Apparent cost of general government gross debt
sdg_04_40,table,"Cross cutting topics > Tables on EU policy > Sustainable development indicators > Goal 4 - Quality education > Low achieving 15-year-olds in reading, mathematics or science"
tespm020,table,Cross cutting topics > Tables on EU policy > Employment and social policy indicators > Social protection performance monitor - indicators > At-risk-of-poverty threshold for a single household
tag00051,table,"Database by themes > Agriculture, forestry and fisheries > Agriculture > Crop production > Crop production > Crop production in EU standard humidity (from 2000 onwards) > Crop production in EU standard humidity > Barley by area, production and humidity"
irt_st_a,dataset,Database by themes > Economy and finance > Interest rates > Short-term interest rates > Money market interest rates - annual data
earn_ses18_mctrl,dataset,"Database by themes > Population and social conditions > Labour market > Earnings > Structure of earnings survey 2018 > Monthly earnings > Monthly earnings by economic control (enterprises with 10 employed persons or more) - NACE Rev. 2, B-S excluding O (2018)"
tipslc20,table,Cross cutting topics > Tables on EU policy > Macroeconomic imbalance procedure indicators > Poverty and social exclusion > People at risk of poverty after social transfer
tps00098,table,Database by themes > Population and social conditions > Social protection > Social protection expenditure > Expenditure on social protection by type of expenditure > Expenditure on social protection as percentage of GDP
ilc_li21$dv_2663,dataset,Database by themes > Population and social conditions > Living conditions and welfare > Income and living conditions > Income distribution and monetary poverty > Monetary poverty > Persistent at-risk-of-poverty rate by sex and age - EU-SILC and ECHP surveys
tps00198,table,"Database by themes > Population and social conditions > Demography, population stock and balance > Main population indicators > Population structure indicators at national level > Old-age-dependency ratio"
enpe_road_if,dataset,Database by themes > General and regional statistics > Non EU countries > Eastern European Neighbourhood Policy countries (ENP-East) > Transport > Road transport > Length of roads network - ENP-East countries
teiis250,table,"Cross cutting topics > Tables on EU policy > Euro indicators / PEEIs > Industry, trade and services > Trade and services > Retail trade volume of sales - food, beverages and tobacco"
ilc_scp10$dv_2744,dataset,"Database by themes > General and regional statistics > Degree of urbanisation > Living conditions and welfare > EU-SILC ad-hoc modules > Social and cultural participation (2015) > Persons getting together with family and relatives or friends by income quintile, household composition, degree of urbanisation and frequency"
enpe_mon_res,dataset,Database by themes > General and regional statistics > Non EU countries > Eastern European Neighbourhood Policy countries (ENP-East) > Economy and finance > Money supply and official reserves > Money supply and official reserves - ENP-East countries
tespm140,table,Cross cutting topics > Tables on EU policy > Employment and social policy indicators > Social protection performance monitor - indicators > Housing cost overburden rate
hbs_exp_t132,dataset,Database by themes > Population and social conditions > Living conditions and welfare > Consumption expenditure of private households > Mean consumption expenditure of private households > Mean consumption expenditure by number of active persons
isoc_ci_ac_i$dv_1122,dataset,Database by themes > General and regional statistics > Degree of urbanisation > Digital economy and society > ICT usage in households and by individuals > Internet use > Individuals - internet activities
trng_nfe5,dataset,Database by themes > Population and social conditions > Education and training > Education and training - historical data > Adult learning - historical data > Lifelong learning - LFS ad-hoc module 2003 > ----- > Participation in job-related non-formal education and training by size of the local unit (2003)
tag00069,table,"Database by themes > Agriculture, forestry and fisheries > Agriculture > Agricultural prices and price indices > Selling prices of agricultural products (absolute prices) > Selling prices of animal products (absolute prices) - annual price (from 2000 onwards) > Selling prices of sheep"
tipsfs10,table,"Cross cutting topics > Tables on EU policy > Macroeconomic imbalance procedure indicators > Financial sector liabilities > Non-consolidated data > Total financial sector liabilities, non-consolidated - annual data"
ilc_lvps08$dv_1041,dataset,Database by themes > Population and social conditions > Living conditions and welfare > Income and living conditions > Living conditions > Population structure > Persons living with their parents or contributing/benefiting from the household income (population aged 18 to 34 years)
hsw_hp_disnu,dataset,"Database by themes > Population and social conditions > Health > Health and safety at work > Work related health problems and accidental injuries - LFS 1999 > Health problems > Number of work-related health problems by diagnosis group, sex and number of complaints per victim"
hlth_cd_acdr2$dv_1145,dataset,Database by themes > General and regional statistics > Regional statistics by NUTS classification > Regional health statistics > Causes of death > Causes of death - crude death rate by NUTS 2 region of residence
tps00194,table,"Database by themes > Population and social conditions > Migration > Asylum > Applications > Applications of unaccompanied minors > Asylum applicants considered to be unaccompanied minors by citizenship, age and sex - annual data > Asylum applicants considered to be unaccompanied minors - annual data"
irt_h_cgby_a,dataset,Database by themes > Economy and finance > Interest rates > Interest rates - historical data > Central government bond yields > Central government bond yields - annual data
ttr00009,table,Database by themes > Transport > Maritime transport > Maritime transport - goods - detailed annual and quarterly results > Gross weight of goods handled in all ports by direction - annual data > Sea transport of goods
bd_size$dv_1502,dataset,Database by themes > Population and social conditions > Culture > Enterprises in cultural sectors > Business demography by size class and NACE Rev. 2 activity
crim_hom_vcit,dataset,Database by themes > Population and social conditions > Crime and criminal justice > Recorded intentional homicide and sexual offences > Intentional homicide victims in largest cities by sex
migr_asytpfm$dv_1383,dataset,"Database by themes > Population and social conditions > Migration > Asylum > Temporary protection > Decisions granting temporary protection by citizenship, age and sex - monthly data"
ert_bil_eur_a$dv_861,dataset,Database by themes > General and regional statistics > Non EU countries > Southern European Neighbourhood Policy countries (ENP-South) > Economy and finance > Exchange rates > Euro/ECU exchange rates - annual data
gov_eu_nfa,dataset,Database by themes > Economy and finance > Government statistics > Government finance statistics of the EU institutions > Non-financial accounts for EU institutions
teina410_r2,table,Database by themes > Economy and finance > National accounts (ESA 2010) > Quarterly national accounts > GDP and components > Gross value added and income by main industry (NACE Rev.2 ) - quarterly data > Gross value added - NACE Rev. 2: B-E - volumes
iss_21gvcba,dataset,"Database by themes > Industry, trade and services > Globalisation in business statistics > Global value chains and international sourcing statistics > International sourcing statistics (2002-2020) - experimental statistics > Global value chains and international sourcing statistics - survey 2021 - experimental statistics > Global value chains arrangements > Enterprises by type of buyer power asymmetry in the global value chain and NACE rev.2 activity aggregate - experimental statistics"
teilm012,table,Cross cutting topics > Tables on EU policy > Euro indicators / PEEIs > Labour market > Harmonised unemployment - monthly data > Unemployment by sex - age group 25-74
migr_asyappctza$dv_618,dataset,"Database by themes > Population and social conditions > Migration > Asylum > Applications > Asylum applicants by type, citizenship, age and sex - annual aggregated data"
mar_qg_qm_pvh,dataset,Database by themes > Transport > Maritime transport > Maritime transport - main quarterly results > Top 5 ports for volume of containers - volume (in TEUs) of containers handled in each port
enps_edat_lfse4,dataset,Database by themes > General and regional statistics > Non EU countries > Southern European Neighbourhood Policy countries (ENP-South) > Population and social conditions > Education > Educational attainment level > Population (aged 25 and over) by sex and educational attainment level - ENP-South countries
rail_tf_ns_at,dataset,Database by themes > Transport > Railway transport > Railway traffic > Train traffic on the rail network (2005) > Train traffic on the rail network - Austria (2005)
hsw_ind,dataset,Database by themes > Population and social conditions > Health > Health and safety at work > Accidents at work (ESAW) - until 2007 > Indicators on health and safety at work
tps00159,table,Database by themes > Population and social conditions > Labour market > Employment and unemployment (Labour force survey) > LFS main indicators > Employment and labour force - LFS adjusted series > Part-time employment and temporary contracts - annual data > Employed persons working part-time - annual data
bs_bs16_04,dataset,"Database by themes > Industry, trade and services > Business structure and dynamics > Structural business statistics > Structural business statistics - historical data > SBS - services - historical data > Business services statistics > Business Services (2004-2020) > Purchases of advertising space or time for resale (2004)"
enps_lfsa_urgan,dataset,Database by themes > General and regional statistics > Non EU countries > Southern European Neighbourhood Policy countries (ENP-South) > Population and social conditions > Labour market > Unemployment > Unemployment rates by sex and age - ENP-South countries
lfst_r_lmdgeg,dataset,Database by themes > General and regional statistics > Regional statistics by NUTS classification > Regional labour market statistics > Labour market disparities > Regional disparities in gender employment gap (NUTS level 2)
ilc_pw15$dv_2750,dataset,"Database by themes > Population and social conditions > Living conditions and welfare > Income and living conditions > Living conditions > Life satisfaction and trust > Satisfaction with the job by sex, age and educational attainment"
tipsii21,table,"Cross cutting topics > Tables on EU policy > Macroeconomic imbalance procedure indicators > International investment position > Annual data > Other investment - annual data, million units of national currency"
rail_tf_ns10_fi,dataset,Database by themes > Transport > Railway transport > Railway traffic > Train traffic on the rail network (2010) > Train traffic on the rail network - Finland (2010)
trng_cvt_34s,dataset,Database by themes > Population and social conditions > Education and training > Participation in education and training > Continuing vocational training (CVT) in enterprises > Provision of initial vocational training (IVT) > Enterprises employing IVT participants by size class - % of all enterprises
iss_21gvcms,dataset,"Database by themes > Industry, trade and services > Globalisation in business statistics > Global value chains and international sourcing statistics > International sourcing statistics (2002-2020) - experimental statistics > Global value chains and international sourcing statistics - survey 2021 - experimental statistics > Global value chains arrangements > Enterprises by means of services supply and NACE rev.2 activity aggregate - experimental statistics"
rail_tf_ns_dk,dataset,Database by themes > Transport > Railway transport > Railway traffic > Train traffic on the rail network (2005) > Train traffic on the rail network - Denmark (2005)
sdg_01_41,table,Cross cutting topics > Tables on EU policy > Sustainable development indicators > Goal 1 - No poverty > In work at-risk-of-poverty rate
tag00103,table,"Database by themes > Agriculture, forestry and fisheries > Agriculture > Crop production > Crop production > Crop production in EU standard humidity (from 2000 onwards) > Crop production in EU standard humidity > Root crops and plants harvested green from arable land by area"
demo_mlexpec$dv_292,dataset,"Database by themes > Population and social conditions > Demography, population stock and balance > Mortality (national level) > Life expectancy by age and sex"
ilc_scp21$dv_436,dataset,"Database by themes > Population and social conditions > Living conditions and welfare > Income and living conditions > EU-SILC modules > Social and cultural participation (2015 and 2022) > Persons not participating in formal/informal voluntary activities or active citizenship in the last 12 months by sex, age, educational attainment and reasons"
mar_mg_aa_cwh,dataset,Database by themes > Transport > Maritime transport > Maritime transport - main annual results > Country level - gross weight of goods handled in all ports
sdg_05_20,table,Cross cutting topics > Tables on EU policy > Sustainable development indicators > Goal 5 - Gender equality > Gender pay gap in unadjusted form
ilc_hch18$dv_2263,dataset,"Database by themes > Population and social conditions > Disability > Disability prevalence > Difficulties in functioning in basic actions > Persons reporting basic activity difficulty by sex, age, level of difficulty and degree of urbanization"
teina426_r2,table,Database by themes > Economy and finance > National accounts (ESA 2010) > Quarterly national accounts > GDP and components > Gross value added and income by main industry (NACE Rev.2 ) - quarterly data > Gross value added - NACE Rev. 2: J - volumes
rail_tf_ns_ie,dataset,Database by themes > Transport > Railway transport > Railway traffic > Train traffic on the rail network (2005) > Train traffic on the rail network - Ireland (2005)
teimf040,table,Cross cutting topics > Tables on EU policy > Euro indicators / PEEIs > Monetary and financial indicators > Interest rates > 3-month-interest rate
trng_cvt_25n1,dataset,Database by themes > Population and social conditions > Education and training > Participation in education and training > Continuing vocational training (CVT) in enterprises > Time spent in continuing vocational training (CVT) courses > Hours spent in CVT courses by NACE Rev. 1.1 activity - per participant (2005)
rail_tf_ns_el,dataset,Database by themes > Transport > Railway transport > Railway traffic > Train traffic on the rail network (2005) > Train traffic on the rail network - Greece (2005)
prc_colc_pppnat,dataset,Database by themes > Economy and finance > Prices > Correction coefficients > Purchasing Power Parities in the European Union (Countries) - index (Belgium = 1)
teiis070,table,"Cross cutting topics > Tables on EU policy > Euro indicators / PEEIs > Industry, trade and services > Industry - domestic producer prices > Domestic producer prices - consumer non-durables"
road_ec_invest,dataset,"Database by themes > Transport > Road transport > Road transport - enterprises, economic performances and employment > Expenditure on road transport vehicles and road infrastructure"
enpe_bop_c6_a,dataset,Database by themes > General and regional statistics > Non EU countries > Eastern European Neighbourhood Policy countries (ENP-East) > Economy and finance > Balance of payments > Balance of payments - ENP-East countries
tin00110,table,"Database by themes > Science, technology, digital society > Digital economy and society > ICT usage in enterprises > E-commerce > Value of e-commerce sales by NACE Rev. 2 activity > Share of enterprises' turnover on e-commerce"
hlth_ehis_al1e$dv_1142,dataset,"Database by themes > Population and social conditions > Health > Health determinants > Alcohol consumption > Frequency of alcohol consumption by sex, age and educational attainment level"
tipslm70,table,"Cross cutting topics > Tables on EU policy > Macroeconomic imbalance procedure indicators > Unemployment > Long-term unemployment rate, % of active population aged 15-74"
enps_env_wat_abs,dataset,Database by themes > General and regional statistics > Non EU countries > Southern European Neighbourhood Policy countries (ENP-South) > Environment and energy > Environment > Water > Annual freshwater abstraction by source - ENP-South countries
rd_p_con,dataset,"Database by themes > Science, technology, digital society > Science and technology > Research and development (R&D) > R&D personnel at national and regional level > R&D personnel and researchers in the business enterprise sector by concentration of personnel (ranking)"
teina225,table,Cross cutting topics > Tables on EU policy > Euro indicators / PEEIs > National accounts > Public finance - excessive deficit procedure statistics > General government gross debt - annual data
mar_mp_aa_cph,dataset,Database by themes > Transport > Maritime transport > Maritime transport - main annual results > Country level - passengers embarked and disembarked in all ports
earn_gr_goeg,dataset,Database by themes > Population and social conditions > Labour market > Earnings > Gender pay and earnings gaps > Gender overall earnings gap
enpe_cpi,dataset,Database by themes > General and regional statistics > Non EU countries > Eastern European Neighbourhood Policy countries (ENP-East) > Economy and finance > Consumer price index > Consumer price index - ENP-East countries
gbv_any_du,dataset,"Database by themes > Population and social conditions > Living conditions and welfare > Gender based violence against women > Violence by any perpetrator during adulthood > Women who have experienced violence by any perpetrator, by degree of urbanisation"
teiis011,table,"Cross cutting topics > Tables on EU policy > Euro indicators / PEEIs > Industry, trade and services > Industry - import prices > Import prices - total industry"
lfso_06finiagps,dataset,Database by themes > Population and social conditions > Labour market > Employment and unemployment (Labour force survey) > Labour force survey (LFS) - ad-hoc modules > Transition from work into retirement (2006) > Average age at which employed persons started receiving a retirement pension - by sex and main financial incentive to stay at work
sdg_12_10,table,Cross cutting topics > Tables on EU policy > Sustainable development indicators > Goal 12 - Responsible consumption and production > Consumption of chemicals by hazardousness - EU aggregate
gbv_shw_frq,dataset,"Database by themes > Population and social conditions > Living conditions and welfare > Gender based violence against women > Sexual harassment at work during lifetime > Ever-working women who have experienced sexual harassment at work, by frequency"
tipsii30,table,"Cross cutting topics > Tables on EU policy > Macroeconomic imbalance procedure indicators > External debt > Net external debt - quarterly data, % of GDP"
tesem030,table,Cross cutting topics > Tables on EU policy > Employment and social policy indicators > Employment performance monitor - indicators > Tertiary educational attainment (age group 30-34)
avia_eq_arc_age,dataset,Database by themes > Transport > Air transport > Air transport equipment > Commercial aircraft fleet by age of aircraft and country of operator
enps_env_wasacc,dataset,Database by themes > General and regional statistics > Non EU countries > Southern European Neighbourhood Policy countries (ENP-South) > Environment and energy > Environment > Waste > Population served by municipal waste - ENP-South countries
tin00111,table,"Database by themes > Science, technology, digital society > Digital economy and society > ICT usage in enterprises > E-commerce > E-commerce sales of enterprises by NACE Rev. 2 activity > Enterprises having received orders online (at least 1%) - % of enterprises"
tin00195,table,"Database by themes > Industry, trade and services > Tourism > Trips of EU residents - annual data > Expenditure on tourism trips > Expenditure by duration, purpose, main destination of the trip and expenditure category > Average expenditure per trip"
tag00041,table,"Database by themes > Agriculture, forestry and fisheries > Agriculture > Animal production > Milk and milk products > Production and utilization of milk on the farm - annual data > Production of milk on farms"
teiet050,table,Cross cutting topics > Tables on EU policy > Euro indicators / PEEIs > International trade > Exports of goods > Exports of goods - chemicals and related products
orch_olives2,dataset,Database by themes > General and regional statistics > Other sub-national statistics > Orchard statistics by production region > Regional data > Olive trees - Area by density classes (area in ha)
gbv_npv_type,dataset,"Database by themes > Population and social conditions > Living conditions and welfare > Gender based violence against women > Violence by non-partner since the age of 15 > Women who have experienced violence by a non-partner, by type of violence"
apro_mt_lsequi,dataset,"Database by themes > Agriculture, forestry and fisheries > Agriculture > Animal production > Animal production - historical data > apro_anip_h_ > Livestock - Equidae - annual data (1960-1997)"
demo_r_gind3$dv_1542,dataset,Database by themes > General and regional statistics > Regional statistics by NUTS classification > Regional demographic statistics > Population and area > Population change - Demographic balance and crude rates at regional level (NUTS 3)
tec00116,table,Database by themes > Economy and finance > National accounts (ESA 2010) > Annual national accounts > Labour and capital productivity > Labour and capital productivity for total economy by industry > Labour productivity and unit labour costs - annual data > Nominal labour productivity per person employed (ESA 2010)
sdg_01_40,table,"Cross cutting topics > Tables on EU policy > Sustainable development indicators > Goal 1 - No poverty > Persons living in households with very low work intensity, by age group"
irt_lt_mcby_q,dataset,Database by themes > Economy and finance > Interest rates > Long-term interest rates > Maastricht criterion interest rates > EMU convergence criterion series - quarterly data
ilc_lvho04d,dataset,Database by themes > General and regional statistics > Degree of urbanisation > Living conditions and welfare > Average number of rooms per person by degree of urbanization
tessi300,table,Cross cutting topics > Tables on EU policy > Employment and social policy indicators > Social inclusion and social policy indicators > Social inclusion portfolio > Context information > Median of the housing cost burden distribution by sex - EU-SILC survey
migr_eilretpc,dataset,Database by themes > Population and social conditions > Migration > Managed migration > Managed migration indicators > Irregular migration and return indicators > Returns by type of return - % of total returns
teina434_r2,table,Database by themes > Economy and finance > National accounts (ESA 2010) > Quarterly national accounts > GDP and components > Gross value added and income by main industry (NACE Rev.2 ) - quarterly data > Gross value added - NACE Rev. 2: L - volumes
hlth_ehis_fv3e$dv_1143,dataset,"Database by themes > Population and social conditions > Health > Health determinants > Consumption of fruits and vegetables > Daily consumption of fruit and vegetables by sex, age and educational attainment level"
enps_env_wat_cat,dataset,Database by themes > General and regional statistics > Non EU countries > Southern European Neighbourhood Policy countries (ENP-South) > Environment and energy > Environment > Water > Water use by economic activity - ENP-South countries
sdg_11_20,table,"Cross cutting topics > Tables on EU policy > Sustainable development indicators > Goal 3 - Good health and well-being > Population living in households considering that they suffer from noise, by poverty status"
teicp020,table,"Database by themes > Economy and finance > Prices > Harmonised index of consumer prices (HICP) > Harmonised index of consumer prices (HICP) - ECOICOP ver.2 > Harmonised index of consumer prices (HICP) - ECOICOP ver.2 - indices and rates of change, monthly data > HICP - alcohol and tobacco"
road_tf_buscoa,dataset,Database by themes > Transport > Road transport > Road traffic > Buses and coaches traffic performance registered in the reporting country by transport covarage
hlth_cd_apyll,dataset,Database by themes > Population and social conditions > Health > Causes of death > General mortality > Causes of death - potential years of life lost by country of residence
enps_env_ww_con,dataset,Database by themes > General and regional statistics > Non EU countries > Southern European Neighbourhood Policy countries (ENP-South) > Environment and energy > Environment > Water > Population connected to wastewater collection and treatment systems - ENP-South countries
ilc_camnforall,dataset,Database by themes > Population and social conditions > Living conditions and welfare > Income and living conditions > Living conditions > Childcare arrangements > Average number of weekly hours of formal care by age group - children with or without formal care
tag00061,table,"Database by themes > Agriculture, forestry and fisheries > Agriculture > Agricultural prices and price indices > Selling prices of agricultural products (absolute prices) > Selling prices of crop products (absolute prices) - annual price (2000-2024) > Selling prices of oats"
mar_tp_pa,dataset,Database by themes > Transport > Maritime transport > Maritime transport performance > Maritime passenger transport performed in the Exclusive Economic Zone (EEZ) of the countries
teina446_r2,table,Database by themes > Economy and finance > National accounts (ESA 2010) > Quarterly national accounts > GDP and components > Gross value added and income by main industry (NACE Rev.2 ) - quarterly data > Gross value added - NACE Rev. 2: R-U - volumes
tessi126,table,Cross cutting topics > Tables on EU policy > Employment and social policy indicators > Social inclusion and social policy indicators > Social inclusion portfolio > Secondary indicators > At-risk-of poverty > Dispersion around the at-risk-of-poverty threshold - EU-SILC survey
sbs_cre_pacc,dataset,"Database by themes > Industry, trade and services > Business structure and dynamics > Structural business statistics > Structural business statistics - historical data > SBS - services - historical data > Financial services statistics > Statistics on credit institutions > Number of accounts linked to CPA categories (1997-2001)"
ilc_camnforg0,dataset,Database by themes > Population and social conditions > Living conditions and welfare > Income and living conditions > Living conditions > Childcare arrangements > Average number of weekly hours of formal care by age group - children with at least 1 hour of formal care
teilm020,table,Cross cutting topics > Tables on EU policy > Euro indicators / PEEIs > Labour market > Harmonised unemployment - monthly data > Unemployment rate by sex
enpe_road_eqs_car,dataset,Database by themes > General and regional statistics > Non EU countries > Eastern European Neighbourhood Policy countries (ENP-East) > Transport > Road transport > Passenger cars - ENP-East countries
enpe_wg_m,dataset,Database by themes > General and regional statistics > Non EU countries > Eastern European Neighbourhood Policy countries (ENP-East) > Population and social conditions > Labour market > Wages and salaries > Average nominal monthly wages and salaries - ENP-East countries
teiis080,table,"Cross cutting topics > Tables on EU policy > Euro indicators / PEEIs > Industry, trade and services > Industry - industrial production > Production in industry - total (excluding construction)"
tus_00simuact,dataset,Database by themes > Population and social conditions > Living conditions and welfare > Time use survey > Time use survey – 2000 and 2010 > Time spent doing more than one activity simultaneously (2000 and 2010)
qoe_ewcs_6_3,dataset,Cross cutting topics > Cross cutting topics > Quality of employment > Skills development and training > Employed persons perceiving that their job-related non-formal education and training helped to improve the way they work by sex and age
tqoe3a5,table,Database by themes > Population and social conditions > Labour market > Employment and unemployment (Labour force survey) > Labour force survey (LFS) series - detailed annual data > Second jobs > Persons having a second job by professional status of both jobs > Employed persons having more than one job by sex
prc_rem_cs,dataset,Database by themes > Economy and finance > Prices > Remuneration of civil servants - key indicators (Art. 65) > Remuneration indexes of national civil servants in central public administration
trng_cvt_24n1,dataset,Database by themes > Population and social conditions > Education and training > Participation in education and training > Continuing vocational training (CVT) in enterprises > Time spent in continuing vocational training (CVT) courses > Hours spent in CVT courses by NACE Rev. 1.1 activity - per person employed in enterprises providing CVT courses (2005)
enps_apro_mt_p,dataset,Database by themes > General and regional statistics > Non EU countries > Southern European Neighbourhood Policy countries (ENP-South) > Agriculture and fisheries > Agriculture > Meat production - ENP-South countries
tipsho50,table,Database by themes > Economy and finance > National accounts (ESA 2010) > Annual national accounts > Population and employment in national accounts > Population and employment - national accounts - annual data > Residential building permits - annual data
tipspc25,table,"Cross cutting topics > Tables on EU policy > Macroeconomic imbalance procedure indicators > Private sector credit flow > Consolidated data > Private sector credit flow: loans by sectors, consolidated - % of GDP"
road_eqs_carhab,dataset,Database by themes > Transport > Road transport > Road transport equipment - stock of vehicles > Passenger cars - per thousand inhabitants
gbv_npv_frq,dataset,"Database by themes > Population and social conditions > Living conditions and welfare > Gender based violence against women > Violence by non-partner since the age of 15 > Women who have experienced violence by a non-partner, by type and frequency of violence"
hsw_ij_isna,dataset,Database by themes > Population and social conditions > Health > Health and safety at work > Work related health problems and accidental injuries - LFS 1999 > Accidental injuries > Relative incidence rate of accidental injuries at work by occupation and NACE Rev. 1.1 activity (EU mean rate = 100)
ilc_mdho06a$dv_2701,dataset,"Database by themes > Population and social conditions > Living conditions and welfare > Income and living conditions > Material deprivation > Housing deprivation > Severe housing deprivation rate by age, sex and poverty status"
mar_tp_go,dataset,Database by themes > Transport > Maritime transport > Maritime transport performance > Maritime goods transport performed in the Exclusive Economic Zone (EEZ) of the countries
hsw_occ_cnr,dataset,Database by themes > Population and social conditions > Health > Health and safety at work > Occupational diseases (EODS; 2013 onwards) - experimental statistics > Recognised cases of occupational cancers - experimental statistics
ttr00003,table,Database by themes > Transport > Railway transport > Railway transport infrastructure > Length of railway lines by number of tracks and electrification of lines > Total length of railway lines
earn_ses10_mctrl,dataset,"Database by themes > Population and social conditions > Labour market > Earnings > Structure of earnings survey 2010 > Monthly earnings > Monthly earnings by economic control (enterprises with 10 employed persons or more) - NACE Rev. 2, B-S excluding O (2010)"
rail_tf_ns10_el,dataset,Database by themes > Transport > Railway transport > Railway traffic > Train traffic on the rail network (2010) > Train traffic on the rail network - Greece (2010)
sdg_13_40,table,Cross cutting topics > Tables on EU policy > Sustainable development indicators > Goal 13 - Climate action > Economic losses from weather- and climate-related extremes
tran_sf_railac,dataset,Database by themes > Transport > Transport safety > Rail transport safety > Rail accidents by type of accident
sdg_06_50,dataset,Cross cutting topics > Tables on EU policy > Sustainable development indicators > Goal 6 - Clean water and sanitation > Phosphate in rivers
enpe_tour_occ_arnat,dataset,"Database by themes > General and regional statistics > Non EU countries > Eastern European Neighbourhood Policy countries (ENP-East) > Industry, trade and services > Tourism > Arrivals of non-residents at hotels and similar accomodation establishments - ENP-East countries"
teiis015,table,"Cross cutting topics > Tables on EU policy > Euro indicators / PEEIs > Industry, trade and services > Industry - import prices > Import prices - consumer durables"
road_eqr_trailn,dataset,Database by themes > Transport > Road transport > Road transport equipment - new registration of vehicles > Road transport equipment - new registration of vehicles - historical data > New trailers and their load capacity (until 2012)
teibs010,table,Database by themes > General and regional statistics > European and national indicators for short-term analysis > Business and consumer surveys > Business and consumer survey - composite indicators > Economic sentiment and confidence indicators by sector - monthly data > Economic sentiment indicator
ilc_lvho07_r,dataset,Database by themes > General and regional statistics > Regional statistics by NUTS classification > Regional poverty and social exclusion statistics > Housing cost overburden rate by NUTS 2 region
migr_asymrca,dataset,Database by themes > Population and social conditions > Migration > Asylum > Applications > Applicants having benefited from material reception conditions at the end of the reference year - annual data
hlth_hlye$dv_287,dataset,Database by themes > Population and social conditions > Health > Health status > Healthy life years > Healthy life years by sex (from 2004 onwards)
teicp040,table,"Database by themes > Economy and finance > Prices > Harmonised index of consumer prices (HICP) > Harmonised index of consumer prices (HICP) - ECOICOP ver.2 > Harmonised index of consumer prices (HICP) - ECOICOP ver.2 - indices and rates of change, monthly data > HICP - housing"
cens_01ndquart_oc,dataset,Database by themes > Population and social conditions > Population and housing censuses > Census 2001 round > National level > Dwellings > Occupants by type of housing
rail_tf_ns10_lt,dataset,Database by themes > Transport > Railway transport > Railway traffic > Train traffic on the rail network (2010) > Train traffic on the rail network - Lithuania (2010)
ilc_scp01$dv_1061,dataset,"Database by themes > Population and social conditions > Living conditions and welfare > Income and living conditions > EU-SILC modules > Social and cultural participation (2015 and 2022) > Persons participating in any cultural or sport activities in the last 12 months by sex, age and educational attainment"
road_eqs_bussea,dataset,"Database by themes > Transport > Road transport > Road transport equipment - stock of vehicles > Seats /berths in motor coaches, buses and trolley buses"
sdg_04_10a,table,Cross cutting topics > Tables on EU policy > Sustainable development indicators > Goal 4 - Quality education > Early leavers from education and training by citizenship
enps_mar_eqton,dataset,Database by themes > General and regional statistics > Non EU countries > Southern European Neighbourhood Policy countries (ENP-South) > Transport > Maritime transport > Carrying capacity of merchant ships of 1000 GT and over by vessel type - ENP-South countries
edat_lfso_00t2,dataset,Database by themes > Population and social conditions > Education and training > Education and training - historical data > Entry of young people into the labour market - LFS ad-hoc module 2000 > Employed in service sector and occupational status of recent school-leavers (2000)
ilc_peps01n$dv_1161,dataset,Database by themes > Population and social conditions > Living conditions and welfare > Income and living conditions > Persons at risk of poverty or social exclusion (EU 2030 target) > Main indicator - persons at risk of poverty or social exclusion > Persons at risk of poverty or social exclusion by age and sex
enps_ef_lus_main,dataset,Database by themes > General and regional statistics > Non EU countries > Southern European Neighbourhood Policy countries (ENP-South) > Agriculture and fisheries > Agriculture > Main farm land use - ENP-South countries
road_ec_entemp,dataset,"Database by themes > Transport > Road transport > Road transport - enterprises, economic performances and employment > Road transport - enterprises, economic performances and employment - historical data > Goods road transport enterprises by employment size classes (1988-2012)"
rail_tf_ns20_lu,dataset,Database by themes > Transport > Railway transport > Railway traffic > Train traffic on the rail network (2020) > Train traffic on the rail network - Luxembourg (2020)
ilc_scp07$dv_1064,dataset,"Database by themes > Population and social conditions > Living conditions and welfare > Income and living conditions > EU-SILC modules > Social and cultural participation (2015 and 2022) > Persons practicing artistic activities by sex, age, educational attainment and frequency"
ilc_camdothg0,dataset,Database by themes > Population and social conditions > Living conditions and welfare > Income and living conditions > Living conditions > Childcare arrangements > Median number of weekly hours of other types of care by age group - children with at least one hour of other types of care
teilm010,table,Cross cutting topics > Tables on EU policy > Euro indicators / PEEIs > Labour market > Harmonised unemployment - monthly data > Unemployment by sex
tipsii15,table,"Cross cutting topics > Tables on EU policy > Macroeconomic imbalance procedure indicators > International investment position > Annual data > Portfolio investment - annual data, million units of national currency"
ilc_scp20$dv_2747,dataset,"Database by themes > General and regional statistics > Degree of urbanisation > Living conditions and welfare > EU-SILC ad-hoc modules > Social and cultural participation (2015) > Persons participating in formal/informal voluntary activities or active citizenship by income quintile, household composition and degree of urbanisation"
tag00102,table,"Database by themes > Agriculture, forestry and fisheries > Agriculture > Economic accounts for agriculture > Economic accounts for agriculture > Economic accounts for agriculture - values at current prices > Output of the agricultural industry - basic and producer prices"
nrg_inf_stcs,dataset,"Database by themes > Environment and energy > Energy > Energy statistics - quantities > Energy statistics - quantities, annual data > Energy infrastructure and capacities > Solar thermal collectors' surface"
tet00066,table,"Database by themes > International trade > International trade in goods > International trade in goods - aggregated data > International trade in goods - long-term indicators > International trade > Extra-Euro area trade by partner and by SITC product group > Extra-euro area (EA20) trade, by product group"
qoe_ewcs_4a5,dataset,Cross cutting topics > Cross cutting topics > Quality of employment > Security of employment and social protection > Employed persons expecting a possible loss of their job in the next 6 months by sex and age
lfso_17seworg,dataset,Database by themes > Population and social conditions > Labour market > Employment and unemployment (Labour force survey) > Labour force survey (LFS) - ad-hoc modules > Self-employment (2017) > Self-employment > Self-employed persons having at least one client in the last 12 months by control over working time (2017)
road_ec_empl,dataset,"Database by themes > Transport > Road transport > Road transport - enterprises, economic performances and employment > Road transport - enterprises, economic performances and employment - historical data > Persons employed in goods road transport enterprises by employment size classes (1988-2012)"
enps_fish_ca_main,dataset,Database by themes > General and regional statistics > Non EU countries > Southern European Neighbourhood Policy countries (ENP-South) > Agriculture and fisheries > Fisheries > Fish catches by fishing areas - ENP-South countries
hlth_ehis_sk3e$dv_298,dataset,"Database by themes > Population and social conditions > Health > Health determinants > Tobacco consumption > Daily smokers of cigarettes by sex, age and educational attainment level"
cult_emp_art,dataset,"Database by themes > Population and social conditions > Culture > Cultural employment > Persons working as creative and performing artists, authors, journalists and linguists"
ilc_odbt02,dataset,"Database by themes > Population and social conditions > Living conditions and welfare > Income and living conditions > EU-SILC modules > Over-indebtedness, consumption and wealth as well as labour (2020) > Arrears on non-housing bills by income quintile"
tec00009,table,"Database by themes > General and regional statistics > European and national indicators for short-term analysis > National accounts > Gross domestic product (GDP) and main components (output, expenditure and income) - annual data > Final consumption expenditure of households and non-profit institutions serving households"
educ_uoe_mobs03$dv_1126,dataset,"Database by themes > Population and social conditions > Education and training > Learning mobility > Mobile students from abroad > Share of mobile students from abroad enrolled by education level, sex and country of origin"
hlth_cd_iap,dataset,Database by themes > Population and social conditions > Health > Causes of death > Public health themes > Health impacts of air pollution
tps00029,table,"Database by themes > Population and social conditions > Demography, population stock and balance > Main population indicators > Population change - Demographic balance and crude rates at national level > Deaths and crude death rate"
tipsbd30,dataset,Cross cutting topics > Tables on EU policy > Macroeconomic imbalance procedure indicators > Consolidated banking data > Tier-1 capital ratio banking sector
road_eqs_semit,dataset,"Database by themes > Transport > Road transport > Road transport equipment - stock of vehicles > Semi-trailers and their load capacity, by permissible maximum gross weight"
sdg_06_30,dataset,Cross cutting topics > Tables on EU policy > Sustainable development indicators > Goal 6 - Clean water and sanitation > Biochemical oxygen demand in rivers
tran_sf_raildg,dataset,Database by themes > Transport > Transport safety > Rail transport safety > Rail accidents involving the transport of dangerous goods
tran_im_urail,dataset,"Database by themes > Transport > Modal split, intermodal transport and transport performance relative to GDP > Intermodal transport - unitisation in freight transport > Unitisation in rail freight transport- tonne-kilometre for gross-gross weight of goods"
qoe_ewcs_7b5,dataset,Cross cutting topics > Cross cutting topics > Quality of employment > Employment-related relationships and work motivation > Work motivation > Employed persons being able to influence decisions that affect their work by sex and age
hlth_ehis_hc2,dataset,Database by themes > Population and social conditions > Health > Health care > Preventive services > Preventive services - historical data > Self-reported breast examination by X-ray by educational attainment level among women aged 50-69 (%)
teiis220,table,"Cross cutting topics > Tables on EU policy > Euro indicators / PEEIs > Industry, trade and services > Trade and services > Retail trade turnover - non food"
gbv_npv_age,dataset,"Database by themes > Population and social conditions > Living conditions and welfare > Gender based violence against women > Violence by non-partner since the age of 15 > Women who have experienced violence by a non-partner, by age group"
org_cropar_h2,dataset,"Database by themes > Agriculture, forestry and fisheries > Agriculture > Organic farming > Organic farming - historical data (until 2011) > Share of organic crop area out of the total utilised agricultural area (UAA) (until 2011)"
tai10,table,"Database by themes > General and regional statistics > Regional statistics by NUTS classification > Regional agriculture statistics > Agri-environmental indicators > Estimated soil erosion by water, by erosion level, land cover and NUTS 3 region > Estimated soil loss by water erosion by land cover type"
teina021,table,"Database by themes > Economy and finance > National accounts (ESA 2010) > Quarterly national accounts > GDP and components > Gross domestic product (GDP) and main components (output, expenditure and income) - quarterly data > Final consumption expenditure of households and NPISH, volumes"
qoe_ewcs_6_6,dataset,Cross cutting topics > Cross cutting topics > Quality of employment > Skills development and training > Employed persons having the opportunity to use their knowledge and skills in their current job by sex and age
teiet150,table,Cross cutting topics > Tables on EU policy > Euro indicators / PEEIs > International trade > Imports of goods > Imports of goods - chemicals and related products
ilc_scp19$dv_313,dataset,"Database by themes > Population and social conditions > Living conditions and welfare > Income and living conditions > EU-SILC modules > Social and cultural participation (2015 and 2022) > Persons participating in formal/informal voluntary activities or active citizenship by sex, age and educational attainment"
tps00125,table,"Database by themes > General and regional statistics > Regional statistics by NUTS classification > Regional health statistics > Causes of death > Causes of death - standardised death rate by NUTS 2 region of residence > Death due to accidents, by sex"
egi_tr3,dataset,Cross cutting topics > Cross cutting topics > Economic globalisation indicators > International trade > Trade in goods with the top 5 partners
earn_ses14_rann,dataset,"Database by themes > Population and social conditions > Labour market > Earnings > Structure of earnings survey 2014 > Annual earnings > Mean annual earnings by NUTS 1 region (enterprises with 10 employees or more) - NACE Rev. 2, B-S excluding O (2014)"
tps00195,table,"Database by themes > Population and social conditions > Migration > Asylum > Resettlement > Resettled persons by age, sex and citizenship - annual data > Resettled persons - annual data"
teibp020,table,"Cross cutting topics > Tables on EU policy > Euro indicators / PEEIs > Balance of payments > Capital account > Balance of payments, capital account, monthly data"
mar_mg_am_pvh,dataset,Database by themes > Transport > Maritime transport > Maritime transport - main annual results > Volume of containers handled in the top 20 EU main ports by loading status
nrg_dhdc_n,dataset,"Database by themes > Environment and energy > Energy > Energy statistics - quantities > Energy statistics - quantities, annual data > Energy infrastructure and capacities > District heating and district cooling (DH-DC) > Number and length of district networks by type of network and efficiency of network"
enpe_sts_trtu1,dataset,"Database by themes > General and regional statistics > Non EU countries > Eastern European Neighbourhood Policy countries (ENP-East) > Industry, trade and services > Short-term business statistics > Retail trade volume of sales index (deflated turnover) - ENP-East countries"
prc_ppp_conv,dataset,Database by themes > Economy and finance > Prices > Purchasing power parities > Convergence indicators
gbv_any_rp,dataset,"Database by themes > Population and social conditions > Living conditions and welfare > Gender based violence against women > Violence by any perpetrator during adulthood > Women who have experienced violence by any perpetrator, by person/support service to whom violence was reported"
tag00070,table,"Database by themes > Agriculture, forestry and fisheries > Agriculture > Agricultural prices and price indices > Selling prices of agricultural products (absolute prices) > Selling prices of animal products (absolute prices) - annual price (from 2000 onwards) > Selling prices of raw cow's milk"
tessi022,table,Cross cutting topics > Tables on EU policy > Employment and social policy indicators > Social inclusion and social policy indicators > Social inclusion portfolio > Primary indicators > Persistent at-risk-of poverty rate by age group - EU-SILC survey
ilc_lvhl36,dataset,Database by themes > Population and social conditions > Living conditions and welfare > Income and living conditions > Living conditions > Health and labour conditions > Labour transitions from temporary to permanent contracts by sex -3-year average
enpe_lfsa_argaed,dataset,Database by themes > General and regional statistics > Non EU countries > Eastern European Neighbourhood Policy countries (ENP-East) > Population and social conditions > Labour market > Active population > Activity rates by sex and age - ENP-East countries
tessi173,table,Cross cutting topics > Tables on EU policy > Employment and social policy indicators > Social inclusion and social policy indicators > Social inclusion portfolio > Secondary indicators > Overcrowding rate > Overcrowding rate by tenure status - EU-SILC survey
met_d3dens,dataset,Database by themes > General and regional statistics > Regional statistics by typology > Metropolitan regions > Demography statistics by metropolitan region > Population density by metropolitan region
tepsr_lm410,table,Cross cutting topics > Tables on EU policy > Employment and social policy indicators > Social inclusion and social policy indicators > Overarching portfolio > People at risk of poverty or social exclusion by sex
enpe_irt_ld,dataset,Database by themes > General and regional statistics > Non EU countries > Eastern European Neighbourhood Policy countries (ENP-East) > Economy and finance > Interest and exchange rates > Loan and deposit one year interest rate - ENP-East countries
tps00122,table,"Database by themes > General and regional statistics > Regional statistics by NUTS classification > Regional health statistics > Causes of death > Causes of death - standardised death rate by NUTS 2 region of residence > Death due to suicide, by sex"
trng_cvt_21s,dataset,Database by themes > Population and social conditions > Education and training > Participation in education and training > Continuing vocational training (CVT) in enterprises > Time spent in continuing vocational training (CVT) courses > Hours spent in CVT courses by size class - per thousand hours worked in all enterprises
migr_eilpop,dataset,Database by themes > Population and social conditions > Migration > Managed migration > Managed migration indicators > Irregular migration and return indicators > Persons subject to immigration law enforcement - per thousand persons
gov_eu_debt,dataset,Database by themes > Economy and finance > Government statistics > Government finance statistics of the EU institutions > Debt of the EU institutions
teiis060,table,"Cross cutting topics > Tables on EU policy > Euro indicators / PEEIs > Industry, trade and services > Industry - domestic producer prices > Domestic producer prices - consumer durables"
tipslm16,table,Cross cutting topics > Tables on EU policy > Macroeconomic imbalance procedure indicators > Unemployment > Population aged 15-74 in private households - LFS
eq_fer05,table,"Database by themes > Population and social conditions > Demography, population stock and balance > Main population indicators > Population change - Demographic balance and crude rates at national level > Live births"
tag00083,table,"Database by themes > Agriculture, forestry and fisheries > Fisheries > Fishing fleet > Fishing fleet by type of gear and engine power > Fishing fleet, total tonnage"
prc_colc_ppptot,dataset,Database by themes > Economy and finance > Prices > Correction coefficients > Purchasing Power Parities in the European Union (Duty stations) - index (Brussels = 1)
teina030,table,"Cross cutting topics > Tables on EU policy > Euro indicators / PEEIs > National accounts > Government final consumption expenditure > Government final consumption expenditure, current prices"
enps_road_go,dataset,Database by themes > General and regional statistics > Non EU countries > Southern European Neighbourhood Policy countries (ENP-South) > Transport > Road transport > Road freight transport - ENP-South countries
yth_educ_020,table,Database by themes > Population and social conditions > Education and training > Education and training outcomes > Educational attainment level > Educational attainment of population > Population in private households by educational attainment level > Population (aged 30-34) with tertiary educational attainment level by sex
sbs_pen_7b1,dataset,"Database by themes > Industry, trade and services > Business structure and dynamics > Structural business statistics > Structural business statistics - historical data > SBS - services - historical data > Financial services statistics > Statistics on pension funds > Autonomous pension funds - number of enterprises by size class of investments (1997-2012)"
ilc_di11h,dataset,Database by themes > Population and social conditions > Living conditions and welfare > Income and living conditions > Inequality > Income inequality > Effect of social transfers on income quintile share ratio S80/S20
ilc_lvhl21n,dataset,Database by themes > General and regional statistics > Regional statistics by NUTS classification > Regional poverty and social exclusion statistics > Persons living in households with very low work intensity by NUTS 2 region (population aged 0 to 64 years)
yth_educ_030,table,Database by themes > Population and social conditions > Education and training > Education and training outcomes > Educational attainment level > Educational attainment of population > Population in private households by educational attainment level > Young persons (aged 20-24) with at least upper secondary educational attainment level by sex
teina100,table,Cross cutting topics > Tables on EU policy > Euro indicators / PEEIs > National accounts > Others > Gross saving
road_tert_go,dataset,"Database by themes > Transport > Road transport > Territorialised road freight transport > Territorialised road freight transport, by transport coverage - annual data"
lfso_12agepens,dataset,Database by themes > Population and social conditions > Labour market > Employment and unemployment (Labour force survey) > Labour force survey (LFS) - ad-hoc modules > Transition from work to retirement (2012) > Age at which the person first received an old-age pension (2012)
sdg_10_60,dataset,Cross cutting topics > Tables on EU policy > Sustainable development indicators > Goal 10 - Reduced inequalities > Asylum applications by state of procedure
sdg_12_21,table,Database by themes > Environment and energy > Environment > Environmental footprints - modelling results > Material footprints - main indicators > Material footprint
tps00172,table,"Database by themes > Population and social conditions > Labour market > Job vacancy statistics > Job vacancy statistics - historical data > Job vacancy statistics by NACE Rev. 2 activity - quarterly data (2001-2025) > Job vacancies in number and % - NACE Rev. 2, B-S, quarterly data"
tag00046,table,"Database by themes > Agriculture, forestry and fisheries > Agriculture > Agricultural prices and price indices > Price indices of agricultural products > Price indices of agricultural products, output - annual data > Producer price indices, total agricultural production"
tgs00027,table,"Database by themes > Population and social conditions > Demography, population stock and balance > Main population indicators > Population change - Demographic balance and crude rates at national level > Total population, Candidate countries and potential candidates"
tipsii50,table,Cross cutting topics > Tables on EU policy > Macroeconomic imbalance procedure indicators > External debt > Net international investment position excluding non-defaultable instruments - % of GDP
teicp070,table,"Database by themes > Economy and finance > Prices > Harmonised index of consumer prices (HICP) > Harmonised index of consumer prices (HICP) - ECOICOP ver.2 > Harmonised index of consumer prices (HICP) - ECOICOP ver.2 - indices and rates of change, monthly data > HICP - transport"
enps_tour_cap_natb,dataset,Database by themes > General and regional statistics > Non EU countries > Southern European Neighbourhood Policy countries (ENP-South) > Tourism > Bed places in hotels and similar accommodation - ENP-South countries
tespn080,table,Cross cutting topics > Tables on EU policy > Employment and social policy indicators > Social inclusion and social policy indicators > Pensions portfolio > First streamlined objective pensions: adequate pensions > Income inequality for older people - EU-SILC survey
tipspd15,table,"Cross cutting topics > Tables on EU policy > Macroeconomic imbalance procedure indicators > Private sector debt > Non-consolidated data > Private sector debt: loans, by sectors, non-consolidated - % of GDP"
tessi162,table,Cross cutting topics > Tables on EU policy > Employment and social policy indicators > Social inclusion and social policy indicators > Social inclusion portfolio > Secondary indicators > Housing cost overburden > Housing cost overburden rate by income quintile - EU-SILC survey
teiis180,table,"Cross cutting topics > Tables on EU policy > Euro indicators / PEEIs > Industry, trade and services > Industry - turnover > Turnover in industry - consumer durables"
road_if_motorwa,dataset,Database by themes > Transport > Road transport > Road transport infrastructure > Length of motorways and e-roads
tipser10,dataset,"Cross cutting topics > Tables on EU policy > Macroeconomic imbalance procedure indicators > MIP Scoreboard indicators > Real effective exchange rate - percentage changes, 42 trading partners"
tps00001,table,"Database by themes > Population and social conditions > Demography, population stock and balance > Main population indicators > Population change - Demographic balance and crude rates at national level > Population on 1 January"
htec_si_exp4,dataset,"Database by themes > Science, technology, digital society > Science and technology > High-tech industry and knowledge-intensive services > Economic data on high-tech industry and knowledge-intensive services (HTEC) > Trade in HTEC sectors > High-tech exports - Exports of high technology products as a share of total exports (from 2007, SITC Rev. 4)"
cei_wm010,table,Cross cutting topics > Tables on EU policy > Circular economy indicators > Waste management > Recycling rate of all waste excluding major mineral waste
gbv_awr_serv,dataset,"Database by themes > Population and social conditions > Living conditions and welfare > Gender based violence against women > Awareness of support services > Women as victims/non-victims of violence, by awareness of the existence of support services"
sdg_04_10,table,Cross cutting topics > Tables on EU policy > Sustainable development indicators > Goal 4 - Quality education > Early leavers from education and training by sex
teimf050,table,Cross cutting topics > Tables on EU policy > Euro indicators / PEEIs > Monetary and financial indicators > Interest rates > Long term government bond yields
lfst_dpw_05,dataset,Database by themes > Population and social conditions > Labour market > Employment and unemployment (Labour force survey) > Labour force survey (LFS) series - specific topics > Digital platform employment - experimental statistics > Distribution of digital platform workers (at least one hour in the last month) by labour status - experimental statistics
ten00063,table,"Database by themes > Environment and energy > Environment > Waste > Waste streams > Recycling rates of packaging waste for monitoring compliance with policy targets, by type of packaging > Recycling rates for packaging waste"
tesem090,table,Cross cutting topics > Tables on EU policy > Employment and social policy indicators > Employment performance monitor - indicators > Employment rate of non-EU nationals (age group 20-64)
tipsbp22,table,"Cross cutting topics > Tables on EU policy > Macroeconomic imbalance procedure indicators > Current account balance and balance of payments > Annual data > Financial account > Direct investment abroad, main components - annual data, million units of national currency"
hlth_ehis_sk3e$dv_1127,dataset,"Database by themes > Population and social conditions > Health > Health determinants > Tobacco consumption > Daily smokers of cigarettes by sex, age and educational attainment level"
tesem080,table,Database by themes > Population and social conditions > Labour market > Employment and unemployment (Labour force survey) > Labour force survey (LFS) series - detailed annual data > Employment > --- > Employment rates by educational attainment level > Employment rate of low skilled persons (age group 20-64)
teiis400,table,"Cross cutting topics > Tables on EU policy > Euro indicators / PEEIs > Industry, trade and services > Industry - labour input > Labour input - total industry (excluding construction)"
tin00086,table,"Database by themes > Science, technology, digital society > Digital economy and society > ICT sector > Percentage change of value added by ICT sector at current prices > Percentage change of value added by ICT sector at current prices"
tag00045,table,"Database by themes > Agriculture, forestry and fisheries > Agriculture > Animal production > Livestock and meat > Meat production > Slaughtering in slaughterhouses - annual data > Production of sheepmeat and goat meat in slaughterhouses"
teibs030,table,Database by themes > General and regional statistics > European and national indicators for short-term analysis > Business and consumer surveys > Business and consumer survey - composite indicators > Employment expectations indicators - monthly data > Employment expectations indicator
tespn110,table,Cross cutting topics > Tables on EU policy > Employment and social policy indicators > Social inclusion and social policy indicators > Pensions portfolio > First streamlined objective pensions: adequate pensions > At-risk-of-poverty rate of elderly people by tenure status - EU-SILC survey
bs_bs11_00,dataset,"Database by themes > Industry, trade and services > Business structure and dynamics > Structural business statistics > Structural business statistics - historical data > SBS - services - historical data > Business services statistics > Business services (2001-2003) > Turnover by client specialisation and product specialisation (2000)"
tus_00npaywork,dataset,Database by themes > Population and social conditions > Living conditions and welfare > Time use survey > Time use survey – 2000 and 2010 > Time spent in unpaid forms of work (as main or secondary activity) by sex and form of work (2000 and 2010)
teina400_r2,table,Database by themes > Economy and finance > National accounts (ESA 2010) > Quarterly national accounts > GDP and components > Gross value added and income by main industry (NACE Rev.2 ) - quarterly data > Gross value added - NACE Rev. 2: TOTAL - current prices
aei_pestsal_rsk,dataset,"Database by themes > Agriculture, forestry and fisheries > Agriculture > Agriculture and environment > Pesticides > Pesticide sales by categorisation of active substances"
ilc_pnp2,dataset,Database by themes > Population and social conditions > Living conditions and welfare > Income and living conditions > Income distribution and monetary poverty > Monetary poverty for elderly people > Relative median income ratio (65+) - EU-SILC and ECHP surveys
rail_tf_ns15_pt,dataset,Database by themes > Transport > Railway transport > Railway traffic > Train traffic on the rail network (2015) > Train traffic on the rail network - Portugal (2015)
prc_hpi_hsva,dataset,"Database by themes > Economy and finance > Prices > Housing price and sales statistics > House price and sales index > House sales - value and index, annual data"
tessi161,table,Cross cutting topics > Tables on EU policy > Employment and social policy indicators > Social inclusion and social policy indicators > Social inclusion portfolio > Secondary indicators > Housing cost overburden > Housing cost overburden rate by age group - EU-SILC survey
tec00114,table,"Database by themes > Economy and finance > Prices > Purchasing power parities > Purchasing power parities, price level indices, nominal and real expenditures by analytical categories - based on COICOP 2018 > GDP per capita in PPS"
tessi125,table,Cross cutting topics > Tables on EU policy > Employment and social policy indicators > Social inclusion and social policy indicators > Social inclusion portfolio > Secondary indicators > At-risk-of poverty > At-risk-of poverty rate by tenure status - EU-SILC survey
bs_bs7_04,dataset,"Database by themes > Industry, trade and services > Business structure and dynamics > Structural business statistics > Structural business statistics - historical data > SBS - services - historical data > Business services statistics > Business Services (2004-2020) > Number of enterprises carrying out cross border trade by reasons for cross border trade and employment size class (2004)"
ilc_scp33$dv_2541,dataset,"Database by themes > Population and social conditions > Disability > Leisure and social participation > Leisure and cultural participation > Persons reading books in the last 12 months by sex, age, level of disability (activity limitation) and number of books"
env_bio5,dataset,Database by themes > Environment and energy > Environment > Biodiversity > Proportion of fish stocks sustainably exploited
nrg_bal_s$dv_650,dataset,"Database by themes > Agriculture, forestry and fisheries > Agriculture > Agriculture and environment > Special sector topics > Simplified energy balances"
teina440_r2,table,Database by themes > Economy and finance > National accounts (ESA 2010) > Quarterly national accounts > GDP and components > Gross value added and income by main industry (NACE Rev.2 ) - quarterly data > Gross value added - NACE Rev. 2: O-Q - current prices
sbs_pen_enteea,dataset,"Database by themes > Industry, trade and services > Business structure and dynamics > Structural business statistics > Structural business statistics - historical data > SBS - services - historical data > Financial services statistics > Statistics on pension funds > Enterprises with members in other EEA countries (1988-2000)"
tps00045,table,Database by themes > Population and social conditions > Health > Health care > Health care resources > Health care resources - historical data > Health personnel (excluding nursing and caring professionals) - historical data (1980-2021) > Practising dentists
qoe_ewcs_7b3,dataset,Cross cutting topics > Cross cutting topics > Quality of employment > Employment-related relationships and work motivation > Work motivation > Employed persons thinking that they do useful work by sex and age
tec00120,table,"Database by themes > Economy and finance > Prices > Purchasing power parities > Purchasing power parities, price level indices, nominal and real expenditures by analytical categories - based on COICOP 2018 > Price level indices"
tai07,table,Database by themes > Environment and energy > Environment > Emissions of greenhouse gases and air pollutants > Air emission inventories > Air pollutants by source sector aggregated for indicator sets > Ammonia emissions from agriculture - % of total emissions
gbv_dv_age,dataset,"Database by themes > Population and social conditions > Living conditions and welfare > Gender based violence against women > Violence by domestic perpetrator during adulthood > Women who have experienced violence by a domestic perpetrator, by age group"
tin00140,table,"Database by themes > Science, technology, digital society > Science and technology > High-tech industry and knowledge-intensive services > Economic data on high-tech industry and knowledge-intensive services (HTEC) > Trade in HTEC sectors > High-tech exports - Exports of high technology products as a share of total exports (from 2007, SITC Rev. 4) > High-tech exports"
tipsii40,table,"Cross cutting topics > Tables on EU policy > Macroeconomic imbalance procedure indicators > International investment position > Quarterly data > Net international investment position - quarterly data, % of GDP"
tipspc26,table,"Cross cutting topics > Tables on EU policy > Macroeconomic imbalance procedure indicators > Private sector credit flow > Consolidated data > Private sector credit flow: loans by sectors, consolidated - million units of national currency"
tessi294,table,Cross cutting topics > Tables on EU policy > Employment and social policy indicators > Social inclusion and social policy indicators > Social inclusion portfolio > Context information > Share of total population not having indoor flushing toilet for the sole use of their household - EU-SILC survey
env_bio4,dataset,Database by themes > Environment and energy > Environment > Biodiversity > Protected areas
rail_ac_catnmbr,dataset,Database by themes > Transport > Railway transport > Railway transport accidents - historical data > Railway accidents by type of accident - annual data (2004-2015)
ilc_pns4,table,Database by themes > Population and social conditions > Living conditions and welfare > Income and living conditions > Inequality > Income inequality > Income quintile share ratio S80/S20 for disposable income by sex and age group > Inequality of income distribution S80/S20 income quintile share ratio - EU-SILC and ECHP surveys
ilc_li12,dataset,Database by themes > Population and social conditions > Living conditions and welfare > Income and living conditions > Income distribution and monetary poverty > Monetary poverty > Relative poverty gap by risk of poverty and work intensity of the household
tus_00alone,dataset,Database by themes > Population and social conditions > Living conditions and welfare > Time use survey > Time use survey – 2000 and 2010 > Time spent alone (2000 and 2010)
sdg_01_31,table,Cross cutting topics > Tables on EU policy > Sustainable development indicators > Goal 1 - No poverty > Severe material and social deprivation rate by age group and sex
org_aqtspec,dataset,"Database by themes > Agriculture, forestry and fisheries > Fisheries > Aquaculture production by species > Organic production of aquaculture products"
apri_pi95_vwia,dataset,"Database by themes > Agriculture, forestry and fisheries > Agriculture > Agricultural prices and price indices > Agricultural prices - historical data > Price indices of agricultural products (1995 = 100) > Weights of purchase prices of the means of agricultural production - survey 1995"
migr_asyapp1up,dataset,Database by themes > Population and social conditions > Migration > Asylum > Asylum and temporary protection indicators > Asylum indicators > First-time asylum applications of unaccompanied minors - % of total first-time asylum applications of minors
tec00110,table,"Database by themes > General and regional statistics > European and national indicators for short-term analysis > National accounts > Gross domestic product (GDP) and main components (output, expenditure and income) - annual data > Goods and services, imports and exports"
tag00064,table,"Database by themes > Agriculture, forestry and fisheries > Agriculture > Agricultural prices and price indices > Selling prices of agricultural products (absolute prices) > Selling prices of crop products (absolute prices) - annual price (2000-2024) > Selling prices of sugar beet (unit value)"
tec00107,table,"Database by themes > Economy and finance > Balance of payments - International transactions (BPM6) > European Union direct investments (BPM6) > EU direct investments indicators in % of GDP, impact indicators and rate of return on direct investment (BPM6) > FDI flows intensity, market integration"
enps_nrg_bal_c,dataset,Database by themes > General and regional statistics > Non EU countries > Southern European Neighbourhood Policy countries (ENP-South) > Environment and energy > Energy > Energy balance - ENP-South countries
cult_emp_sex,dataset,Database by themes > Population and social conditions > Culture > Cultural employment > Cultural employment by sex
rail_tf_ns15_hu,dataset,Database by themes > Transport > Railway transport > Railway traffic > Train traffic on the rail network (2015) > Train traffic on the rail network - Hungary (2015)
tessi080,table,Cross cutting topics > Tables on EU policy > Employment and social policy indicators > Social inclusion and social policy indicators > Social inclusion portfolio > Primary indicators > Material Deprivation rate by sex - EU-SILC survey
enps_apro_cpnh1,dataset,Database by themes > General and regional statistics > Non EU countries > Southern European Neighbourhood Policy countries (ENP-South) > Agriculture and fisheries > Agriculture > Crop production - ENP-South countries
tran_im_umar,dataset,"Database by themes > Transport > Modal split, intermodal transport and transport performance relative to GDP > Intermodal transport - unitisation in freight transport > Unitisation in maritime freight transport - tonnes for gross weight of goods"
enps_lfsa_egaps,dataset,Database by themes > General and regional statistics > Non EU countries > Southern European Neighbourhood Policy countries (ENP-South) > Population and social conditions > Labour market > Employment > Employment by professional status - ENP-South countries
tet00001,table,"Database by themes > International trade > International trade in goods > International trade in goods - aggregated data > International trade in goods - long-term indicators > International trade > International trade of EU, the euro area and the Member States by SITC product group > Trade volume indices, by reporting country"
mar_qg_qm_ewhk,dataset,"Database by themes > Transport > Maritime transport > Maritime transport - main quarterly results > EU level - gross weight of goods handled in main ports, by type of cargo"
teina200,table,Cross cutting topics > Tables on EU policy > Euro indicators / PEEIs > National accounts > Public finance - excessive deficit procedure statistics > General government deficit (-) and surplus (+) - annual data
sdg_11_32,dataset,Cross cutting topics > Tables on EU policy > Sustainable development indicators > Goal 11 - Sustainable cities and communities > Soil sealing
egr_mne,dataset,"Database by themes > Industry, trade and services > Globalisation in business statistics > Multinational enterprise groups in EuroGroups Register (EGR) - experimental statistics > Multinational enterprise groups in EU-EFTA countries by controlling country - experimental statistics"
migr_asypenctzm$dv_723,dataset,"Database by themes > Population and social conditions > Migration > Asylum > Applications > Persons subject of asylum applications pending at the end of the month by citizenship, age and sex - monthly data"
teina422_r2,table,Cross cutting topics > Tables on EU policy > Euro indicators / PEEIs > National accounts > Gross value added > Gross value added - NACE Rev. 2: G-I - volumes
tessi030,table,Cross cutting topics > Tables on EU policy > Employment and social policy indicators > Social inclusion and social policy indicators > Social inclusion portfolio > Primary indicators > Relative median poverty risk gap by age group - EU-SILC survey
ilc_sbjp02,dataset,Database by themes > Population and social conditions > Living conditions and welfare > Income and living conditions > Living conditions > Subjective poverty > Subjective poverty by educational attainment level (population aged 18 and over)
sdg_16_10,table,Database by themes > General and regional statistics > Regional statistics by NUTS classification > Regional health statistics > Causes of death > Causes of death - standardised death rate by NUTS 2 region of residence > Standardised death rate due to homicide by sex
ilc_pw03$dv_2762,dataset,"Database by themes > Population and social conditions > Living conditions and welfare > Income and living conditions > Living conditions > Life satisfaction and trust > Trust in others by sex, age and educational attainment"
rail_tf_ns15_bg,dataset,Database by themes > Transport > Railway transport > Railway traffic > Train traffic on the rail network (2015) > Train traffic on the rail network - Bulgaria (2015)
teibp060,table,"Cross cutting topics > Tables on EU policy > Euro indicators / PEEIs > Balance of payments > Capital account > Balance of payments, capital account, quarterly data"
sdg_01_10,table,Database by themes > Population and social conditions > Living conditions and welfare > Income and living conditions > Persons at risk of poverty or social exclusion (EU 2030 target) > ----- > Persons at risk of poverty or social exclusion - EU2030 target > Persons at risk of poverty or social exclusion
ilc_mdsd07$dv_2621,dataset,Database by themes > Population and social conditions > Living conditions and welfare > Income and living conditions > Material deprivation > Material and social deprivation > Material and social deprivation rate by age and sex
enps_lfsa_ergan,dataset,Database by themes > General and regional statistics > Non EU countries > Southern European Neighbourhood Policy countries (ENP-South) > Population and social conditions > Labour market > Employment > Employment rates (aged 15-64) by sex - ENP-South countries
enps_demo_under5,dataset,Database by themes > General and regional statistics > Non EU countries > Southern European Neighbourhood Policy countries (ENP-South) > Population and social conditions > Population and demographic indicators > Demographic indicators > Mortality rate (under age 5) by sex - ENP-South countries
fish_ca_pac71,dataset,"Database by themes > Agriculture, forestry and fisheries > Fisheries > Catches by fishing area > Catches by fishing area - historical data (1950-1999) > Catches - Pacific ocean > Catches - west-central Pacific"
trng_cvt_25s,dataset,Database by themes > Population and social conditions > Education and training > Participation in education and training > Continuing vocational training (CVT) in enterprises > Time spent in continuing vocational training (CVT) courses > Hours spent in CVT courses by size class - per participant
tag00043,table,"Database by themes > Agriculture, forestry and fisheries > Agriculture > Animal production > Livestock and meat > Meat production > Slaughtering in slaughterhouses - annual data > Production of poultry meat in slaughterhouses"
tai11,table,"Database by themes > General and regional statistics > Regional statistics by NUTS classification > Regional agriculture statistics > Agri-environmental indicators > Estimated soil erosion by water, by erosion level, land cover and NUTS 3 region > Share of landcover types affected by severe erosion"
teiis210,table,"Cross cutting topics > Tables on EU policy > Euro indicators / PEEIs > Industry, trade and services > Trade and services > Retail trade turnover - food, beverages and tobacco"
earn_ses18_adeci,dataset,"Database by themes > Population and social conditions > Labour market > Earnings > Structure of earnings survey 2018 > Annual earnings > Annual earnings by quantiles and contractual working time (enterprises with 10 employed persons or more) - NACE Rev. 2, B-S excluding O (2018)"
tec00042,table,"Database by themes > Economy and finance > Balance of payments - International transactions (BPM6) > Balance of payments statistics and international investment positions (BPM6) > Balance of payments by country - annual data (BPM6) > Current account transactions - secondary income: credits, debits and balance"
teicp030,table,"Database by themes > Economy and finance > Prices > Harmonised index of consumer prices (HICP) > Harmonised index of consumer prices (HICP) - ECOICOP ver.2 > Harmonised index of consumer prices (HICP) - ECOICOP ver.2 - indices and rates of change, monthly data > HICP - clothing"
tipsun30,table,"Cross cutting topics > Tables on EU policy > Macroeconomic imbalance procedure indicators > Unemployment > Unemployment rate - quarterly data, seasonally adjusted"
for_awu,dataset,"Database by themes > Agriculture, forestry and fisheries > Forestry > Employment in forestry > Annual work units in forestry and logging"
tour_ce_oasc,dataset,"Database by themes > Industry, trade and services > Tourism > Accommodation offered via collaborative economy platforms - experimental statistics > Occupancy - annual data > Guest nights spent at short-stay accommodation offered via collaborative economy platforms by size class of accommodation - experimental statistics"
tesem220,table,Cross cutting topics > Tables on EU policy > Employment and social policy indicators > Employment performance monitor - indicators > Tax rate on low wage earners - Unemployment trap
enps_demo_pjangry,dataset,Database by themes > General and regional statistics > Non EU countries > Southern European Neighbourhood Policy countries (ENP-South) > Population and social conditions > Population and demographic indicators > Population > Average population mid-year by sex and age group - ENP-South countries
teicp280,table,"Database by themes > Economy and finance > Prices > Harmonised index of consumer prices (HICP) > Harmonised index of consumer prices (HICP) - ECOICOP ver.2 > Harmonised index of consumer prices (HICP) - ECOICOP ver.2 - indices and rates of change, monthly data > HICP - services"
educ_uoe_enra21,dataset,Database by themes > Population and social conditions > Education and training > Participation in education and training > Pupils and students - enrolments > All education levels > Pupils from age 3 to the starting age of compulsory education at primary level by sex - % of the population of the corresponding age
gbv_any_occ,dataset,"Database by themes > Population and social conditions > Living conditions and welfare > Gender based violence against women > Violence by any perpetrator during adulthood > Women who have experienced violence by any perpetrator, by occurrence of the last episode"
hlth_ehis_pe3e$dv_296,dataset,"Database by themes > Population and social conditions > Health > Health determinants > Physical activity > Performing (non-work-related) physical activities by sex, age and educational attainment level"
trng_cvt_21n2,dataset,Database by themes > Population and social conditions > Education and training > Participation in education and training > Continuing vocational training (CVT) in enterprises > Time spent in continuing vocational training (CVT) courses > Hours spent in CVT courses by NACE Rev. 2 activity - per thousand hours worked in all enterprises
migr_asytpsm$dv_1384,dataset,"Database by themes > Population and social conditions > Migration > Asylum > Temporary protection > Beneficiaries of temporary protection at the end of the month by citizenship, age and sex - monthly data"
sdg_01_10a,table,Database by themes > General and regional statistics > Degree of urbanisation > Living conditions and welfare > Persons at risk of poverty or social exclusion by degree of urbanisation > Share of persons at risk of poverty or social exclusion by degree of urbanisation
enps_avia_pa,dataset,Database by themes > General and regional statistics > Non EU countries > Southern European Neighbourhood Policy countries (ENP-South) > Transport > Air transport > Air passenger transport - ENP-South countries
rail_tf_ns_sk,dataset,Database by themes > Transport > Railway transport > Railway traffic > Train traffic on the rail network (2005) > Train traffic on the rail network - Slovakia (2005)
tag00120,table,"Database by themes > Agriculture, forestry and fisheries > Agriculture > Crop production > Crop production > Crop production in EU standard humidity (from 2000 onwards) > Crop production in EU standard humidity > Permanent crops for human consumption by area"
teiis110,table,"Cross cutting topics > Tables on EU policy > Euro indicators / PEEIs > Industry, trade and services > Industry - industrial production > Production in industry - intermediate goods"
enpe_ext_bal,dataset,Database by themes > General and regional statistics > Non EU countries > Eastern European Neighbourhood Policy countries (ENP-East) > International trade > Trade balance - ENP-East countries
lfso_12worklong,dataset,Database by themes > Population and social conditions > Labour market > Employment and unemployment (Labour force survey) > Labour force survey (LFS) - ad-hoc modules > Transition from work to retirement (2012) > Persons outside the labour force who receive a pension who would have wished to stay longer in employment (2012)
cei_pc020,table,Database by themes > Environment and energy > Environment > Environmental footprints - modelling results > Material footprints - main indicators > Material footprint
tag00020,table,"Database by themes > Agriculture, forestry and fisheries > Agriculture > Farm structure > Farm structural indicators > Average farm labour force by work status and sex of farm manager > Farm labour force"
enps_avia_fr,dataset,Database by themes > General and regional statistics > Non EU countries > Southern European Neighbourhood Policy countries (ENP-South) > Transport > Air transport > Freight and mail air transport (including national transport) - ENP-South countries
tesem100,table,Cross cutting topics > Tables on EU policy > Employment and social policy indicators > Employment performance monitor - indicators > Part-time employment rate
rail_tf_ns10_ie,dataset,Database by themes > Transport > Railway transport > Railway traffic > Train traffic on the rail network (2010) > Train traffic on the rail network - Ireland (2010)
educ_uoe_enra23,dataset,Database by themes > Population and social conditions > Education and training > Participation in education and training > Pupils and students - enrolments > All education levels > Pupils from age 0 to the starting age of compulsory education at primary level by sex - % of the population of the corresponding age
tec00033,table,Database by themes > Economy and finance > Exchange rates > Bilateral exchange rates > Euro/ECU exchange rates > Euro/ECU exchange rates - annual data > ECU/EUR exchange rates versus national currencies
ilc_mdsd18,dataset,Database by themes > General and regional statistics > Regional statistics by NUTS classification > Regional poverty and social exclusion statistics > Severe material and social deprivation by NUTS 2 region
lfst_hhwahchi$dv_1872,dataset,Database by themes > Population and social conditions > Labour market > Employment and unemployment (Labour force survey) > Labour force survey (LFS) series - specific topics > Private households > Employment by household characteristics > --- > Percentage of employed adults working from home by number of children and age of youngest child
lfst_dpw_06,dataset,Database by themes > Population and social conditions > Labour market > Employment and unemployment (Labour force survey) > Labour force survey (LFS) series - specific topics > Digital platform employment - experimental statistics > Distribution of digital platform workers (at least one hour in the last month) by share of platform income in their earnings - experimental statistics
bs_bs1_00,dataset,"Database by themes > Industry, trade and services > Business structure and dynamics > Structural business statistics > Structural business statistics - historical data > SBS - services - historical data > Business services statistics > Business services (2001-2003) > Turnover by product specialisation for div. 72 (2000)"
vit_bs4_cy,dataset,"Database by themes > Agriculture, forestry and fisheries > Agriculture > Farm structure > Farm land use by NUTS 2 region > Vineyard > Vineyard - historical data > Basic vineyard survey > Area under wine-grape vine varieties broken down by vine variety and by age of the vines - Cyprus"
enps_env_wasgenm,dataset,Database by themes > General and regional statistics > Non EU countries > Southern European Neighbourhood Policy countries (ENP-South) > Environment and energy > Environment > Waste > Municipal waste generated - ENP-South countries
dsb_sprpb01,table,Database by themes > Population and social conditions > Disability > Social protection > Beneficiaries of disability pensions > Beneficiaries of disability pensions by pension type
rail_tf_ns15_li,dataset,Database by themes > Transport > Railway transport > Railway traffic > Train traffic on the rail network (2015) > Train traffic on the rail network - Liechtenstein (2015)
irt_lt_gby10_a,dataset,"Database by themes > Economy and finance > Interest rates > Long-term interest rates > Government bond yields - 10 years' maturity > Government bond yields, 10 years' maturity - annual data"
tps00181,table,Database by themes > Population and social conditions > Labour market > Employment and unemployment (Labour force survey) > Labour force survey (LFS) series - specific topics > Private households > Working status within households > Population in jobless private households - % of persons living in private households where no-one is employed > Jobless households - children
enpe_rail_if,dataset,Database by themes > General and regional statistics > Non EU countries > Eastern European Neighbourhood Policy countries (ENP-East) > Transport > Rail transport > Length of rail lines - ENP-East countries
tepsr_wc310,table,Cross cutting topics > Tables on EU policy > Employment and social policy indicators > Social inclusion and social policy indicators > Overarching portfolio > The real gross disposable income of households per capita (index = 2008)
ilc_pns2,dataset,Database by themes > Population and social conditions > Living conditions and welfare > Income and living conditions > Income distribution and monetary poverty > Monetary poverty for elderly people > Relative median income ratio (60+)
sdg_03_70,dataset,Cross cutting topics > Tables on EU policy > Sustainable development indicators > Goal 3 - Good health and well-being > Consumption of antibiotics in the community and hospital sectors - defined daily doses (DDD) per day
tepsr_lm411,table,Cross cutting topics > Tables on EU policy > European pillar of social rights (EPSR) > Social protection and inclusion > Social protection and inclusion - headline indicators > People at risk of poverty or social exclusion by age
enpe_lfsa_ergan,dataset,Database by themes > General and regional statistics > Non EU countries > Eastern European Neighbourhood Policy countries (ENP-East) > Population and social conditions > Labour market > Employment > Employment and employment rates (aged 20-64) by sex - ENP-East countries
cei_gsr020,dataset,Cross cutting topics > Tables on EU policy > Circular economy indicators > Global sustainability and resilience > EU self-sufficiency for raw materials
sdg_15_42,dataset,Cross cutting topics > Tables on EU policy > Sustainable development indicators > Goal 6 - Clean water and sanitation > Drought impact area on ecosystems
prc_rem_avg,dataset,Database by themes > Economy and finance > Prices > Remuneration of civil servants - key indicators (Art. 65) > Average remuneration of national civil servants in central public administration
demo_r_find3$dv_1541,dataset,Database by themes > General and regional statistics > Regional statistics by NUTS classification > Regional demographic statistics > Fertility > Fertility indicators by NUTS 3 region
qoe_ewcs_7a1,dataset,Cross cutting topics > Cross cutting topics > Quality of life > Productive or other main activity > Quality of employment > Assessment of the job quality > Employed persons having a good relationship with their colleagues by sex and age
tps00152,table,"Database by themes > General and regional statistics > Regional statistics by NUTS classification > Regional health statistics > Causes of death > Causes of death - standardised death rate by NUTS 2 region of residence > Causes of death, by sex"
sdg_13_31,dataset,Cross cutting topics > Tables on EU policy > Sustainable development indicators > Goal 12 - Responsible consumption and production > Average CO2 emissions per km from new passenger cars
env_wat_pop,dataset,Database by themes > Environment and energy > Environment > Water > Water statistics on national level > Population connected to public water supply
tet00065,table,"Database by themes > International trade > International trade in goods > International trade in goods - aggregated data > International trade in goods - long-term indicators > International trade > Extra-Euro area trade by partner and by SITC product group > Extra-euro area (EA20) trade, by main partners, total product"
road_eqr_busveh,dataset,"Database by themes > Transport > Road transport > Road transport equipment - new registration of vehicles > New motor coaches, buses and trolley buses , by type of vehicles"
road_if_barea,dataset,Database by themes > Transport > Road transport > Road transport infrastructure > Length of other roads within/outside built-up areas
enps_fish_aq2a,dataset,Database by themes > General and regional statistics > Non EU countries > Southern European Neighbourhood Policy countries (ENP-South) > Agriculture and fisheries > Fisheries > Aquaculture production by aquatic environment - ENP-South countries
gov_eu_fa,dataset,Database by themes > Economy and finance > Government statistics > Government finance statistics of the EU institutions > Financial accounts for EU institutions
enps_educ_figdp,dataset,Database by themes > General and regional statistics > Non EU countries > Southern European Neighbourhood Policy countries (ENP-South) > Population and social conditions > Education > Expenditure on education > Public expenditure on education - ENP-South countries
env_air_no2,dataset,"Database by themes > Environment and energy > Environment > Emissions of greenhouse gases and air pollutants > Nitrogen dioxide concentrations in European capital cities - monthly averages, experimental statistics > Nitrogen dioxide concentrations in European capital cities - monthly averages, experimental statistics"
mar_sg_am_pwr,dataset,Database by themes > Transport > Maritime transport > Maritime transport - short sea shipping - main annual results > Gross weight of goods in Ro-ro units transported in short sea shipping from/to the top 5 EU ports for goods in Ro-ro units
tipsbd10,dataset,"Cross cutting topics > Tables on EU policy > Macroeconomic imbalance procedure indicators > Consolidated banking data > Gross non-performing loans, domestic and foreign entities - % of gross loans"
ert_bil_conv_a,dataset,Database by themes > Economy and finance > Exchange rates > Bilateral exchange rates > Conversion factors for euro fixed series into euro/ECU > Conversion factors for euro fixed series into euro/ECU - annual data
tag00057,table,"Database by themes > Agriculture, forestry and fisheries > Agriculture > Economic accounts for agriculture > Economic accounts for agriculture > Economic accounts for agriculture - agricultural income indicators > Indicator A of the income from agricultural activity"
tepsr_lm430,table,Cross cutting topics > Tables on EU policy > Employment and social policy indicators > Social inclusion and social policy indicators > Overarching portfolio > People living in households with very low work intensity by sex
hsw_aw_inaws,dataset,Database by themes > Population and social conditions > Health > Health and safety at work > Accidents at work (ESAW) - until 2007 > Standardised incidence rate of accidents at work by NACE Rev. 1.1 activity and employment status
eq_pop02,table,"Database by themes > Population and social conditions > Demography, population stock and balance > Main population indicators > Population structure indicators at national level > Population structure by sex"
enps_ilc_sanit,dataset,Database by themes > General and regional statistics > Non EU countries > Southern European Neighbourhood Policy countries (ENP-South) > Population and social conditions > Living conditions > Access to basic services and housing > Households with sustainable access to improved sanitation by simplified degree of urbanisation - ENP-South countries
tessi180,table,Cross cutting topics > Tables on EU policy > Employment and social policy indicators > Social inclusion and social policy indicators > Overarching portfolio > Income quintile share ratio (S80/S20) by sex
tai08,table,Database by themes > Environment and energy > Environment > Emissions of greenhouse gases and air pollutants > Air emission inventories > Greenhouse gas emissions by source sector > Greenhouse gas emissions from agriculture
nrg_pc_202_v,dataset,Database by themes > Environment and energy > Energy > Energy statistics - prices of natural gas and electricity > Energy statistics - natural gas and electricity prices (from 2007 onwards) > Household consumption volumes of gas by consumption bands
vit_bs4_lu,dataset,"Database by themes > Agriculture, forestry and fisheries > Agriculture > Farm structure > Farm land use by NUTS 2 region > Vineyard > Vineyard - historical data > Basic vineyard survey > Area under wine-grape vine varieties broken down by vine variety and by age of the vines - Luxembourg"
gbv_any_type,dataset,"Database by themes > Population and social conditions > Living conditions and welfare > Gender based violence against women > Violence by any perpetrator during adulthood > Women who have experienced violence by any perpetrator, by type of violence"
earn_ses14_mctrl,dataset,"Database by themes > Population and social conditions > Labour market > Earnings > Structure of earnings survey 2014 > Monthly earnings > Monthly earnings by economic control (enterprises with 10 employed persons or more) - NACE Rev. 2, B-S excluding O (2014)"
rail_tf_ns15_ie,dataset,Database by themes > Transport > Railway transport > Railway traffic > Train traffic on the rail network (2015) > Train traffic on the rail network - Ireland (2015)
tag00017,table,"Database by themes > Agriculture, forestry and fisheries > Agriculture > Animal production > Livestock and meat > Livestock > Sheep population > Number of sheep"
tsc00011,table,Cross cutting topics > Cross cutting topics > Skills-related statistics > Skills demand - indirect measures > Employment - high-tech industry and knowledge-intensive services > Employed persons in technology and knowledge-intensive sectors by NACE Rev. 2 activity (2008-2026) > Employed persons in high and medium-high technology manufacturing sectors and knowledge-intensive service sectors (2008-2026)
hsw_aw_inasz,dataset,Database by themes > Population and social conditions > Health > Health and safety at work > Accidents at work (ESAW) - until 2007 > Standardised incidence rate of accidents at work by NACE Rev. 1.1 activity and size of enterprise
gbv_st_cnq,dataset,"Database by themes > Population and social conditions > Living conditions and welfare > Gender based violence against women > Experiences on stalking > Women who have experienced stalking, by consequences of violence"
teiet110,table,Database by themes > International trade > International trade in goods > International trade in goods - aggregated data > International trade in goods - short-term indicators > Euro area trade by SITC product group > Imports of goods - total
lfst_dpw_07,dataset,Database by themes > Population and social conditions > Labour market > Employment and unemployment (Labour force survey) > Labour force survey (LFS) series - specific topics > Digital platform employment - experimental statistics > Distribution of digital platform workers (at least one hour in the last month) by social insurance coverage and risk - experimental statistics
tessi291,table,Cross cutting topics > Tables on EU policy > Employment and social policy indicators > Social inclusion and social policy indicators > Social inclusion portfolio > Context information > Housing deprivation rate by number of item - EU-SILC survey
tin00185,table,"Database by themes > Industry, trade and services > Tourism > Trips of EU residents - annual data > Participation in tourism > Persons participating in tourism for personal purposes by duration of the stay and destination > Persons participating in tourism for personal purposes - number of tourists"
avia_if_arp,dataset,Database by themes > Transport > Air transport > Air transport infrastructure > Commercial airports by type
env_bio2,dataset,Database by themes > Environment and energy > Environment > Biodiversity > Common farmland bird index
teina110,table,"Database by themes > Economy and finance > National accounts (ESA 2010) > Quarterly national accounts > GDP and components > Gross domestic product (GDP) and main components (output, expenditure and income) - quarterly data > GDP deflator"
tipsho30,dataset,"Cross cutting topics > Tables on EU policy > Macroeconomic imbalance procedure indicators > Housing market > Quarterly data > House price index, deflated - quarterly data"
ilc_scp34$dv_2542,dataset,"Database by themes > Population and social conditions > Disability > Leisure and social participation > Leisure and cultural participation > Persons not reading books in the last 12 months by sex, age, level of disability (activity limitation) and reasons"
tessi165,table,Cross cutting topics > Tables on EU policy > Sustainable development indicators > Goal 11 - Sustainable cities and communities > Housing cost overburden rate by degree of urbanisation > Housing cost overburden rate by degree of urbanisation - EU-SILC survey
ilc_pw14,dataset,Database by themes > Population and social conditions > Living conditions and welfare > Income and living conditions > Living conditions > Life satisfaction and trust > Satisfaction with the job by risk of poverty threshold and level of disability (activity limitation)
lfst_dpw_03,dataset,Database by themes > Population and social conditions > Labour market > Employment and unemployment (Labour force survey) > Labour force survey (LFS) series - specific topics > Digital platform employment - experimental statistics > Distribution of digital platform workers (in the last 12 months) by number of hours worked in the last month - experimental statistics
migr_reschst$dv_1285,dataset,"Database by themes > Population and social conditions > Migration > Managed migration > Residence permits > Residence permits by reason, age, sex and citizenship > Change of immigration status permits by age, sex and citizenship"
tgs00047,table,Database by themes > General and regional statistics > Regional statistics by NUTS classification > Regional digital economy and society > Regional statistics on ICT usage in households and by individuals > Households with access to the internet at home > Households that have internet access at home by NUTS 2 region
migr_resspc,dataset,Database by themes > Population and social conditions > Migration > Managed migration > Managed migration indicators > Residence permits indicators > Valid permits by reasons - % of total valid permits
ilc_odbt07,dataset,"Database by themes > Population and social conditions > Living conditions and welfare > Income and living conditions > EU-SILC modules > Over-indebtedness, consumption and wealth as well as labour (2020) > Persons with loans for education purposes by risk of poverty threshold"
tgs00104,table,Database by themes > Population and social conditions > Living conditions and welfare > Income and living conditions > Material deprivation > Material deprivation by dimension > Severe material deprivation rate by NUTS 2 region > Severe material deprivation rate by NUTS 2 region
sdg_04_20,table,Cross cutting topics > Tables on EU policy > Sustainable development indicators > Goal 4 - Quality education > Persons aged 25-34 with tertiary educational attainment level
educ_uoe_fini05,dataset,Database by themes > Population and social conditions > Education and training > Education finance > Expenditure of/on public and private educational institutions > Expenditure on public educational institutions - as % of total or current expenditure
tgs00103,table,Database by themes > Population and social conditions > Living conditions and welfare > Income and living conditions > Income distribution and monetary poverty > Monetary poverty > At-risk-of-poverty rate by NUTS 2 region > At-risk-of-poverty rate by NUTS 2 region
tipsho10,dataset,"Cross cutting topics > Tables on EU policy > Macroeconomic imbalance procedure indicators > Housing market > Annual data > House price index, deflated - annual data"
tag00094,table,"Database by themes > Agriculture, forestry and fisheries > Agriculture > Crop production > Crop production > Crop production in EU standard humidity (from 2000 onwards) > Crop production in EU standard humidity > Dry pulses and protein crops for the production of grain (including seed and mixtures of cereals and pulses) by area, production and humidity"
cens_hndwsize,dataset,Database by themes > Population and social conditions > Population and housing censuses > Selected indicators from different population and housing censuses > Housing > Households by size (number of persons)
tipslm90,table,Cross cutting topics > Tables on EU policy > Macroeconomic imbalance procedure indicators > Unemployment > Young persons (aged 15-24) neither in employment nor in education and training - % of total population in private households in the same age group
trng_cvt_26n1,dataset,Database by themes > Population and social conditions > Education and training > Participation in education and training > Continuing vocational training (CVT) in enterprises > Time spent in continuing vocational training (CVT) courses > Hours spent in CVT courses by type of course and NACE Rev. 1.1 activity - % of total hours spent in CVT courses (2005)
orch_olives1,dataset,Database by themes > General and regional statistics > Other sub-national statistics > Orchard statistics by production region > Regional data > Olive trees - Area by age classes (area in ha)
teina515,table,Cross cutting topics > Tables on EU policy > Euro indicators / PEEIs > National accounts > Quarterly sector accounts > Investment rate of non-financial corporations
tps00170,table,"Database by themes > Population and social conditions > Migration > Managed migration > Residence permits > Residence permits by reason, length of validity and citizenship > First permits by reason, length of validity and citizenship > First permits by reason"
enpe_nama_10_lp,dataset,"Database by themes > General and regional statistics > Non EU countries > Eastern European Neighbourhood Policy countries (ENP-East) > Economy and finance > National accounts > GDP, main aggregates and economic indicators > Labour productivity in GDP (constant prices) per person employed - ENP-East countries"
edat_lfse_20$dv_1101,dataset,Database by themes > Population and social conditions > Education and training > Education and training outcomes > Transition from education to work > Education and labour status of young people (including NEET - neither in employment nor in education and training) > Young persons neither in employment nor in education and training by labour status (NEET rates)
ert_bil_eur_a$dv_841,dataset,Database by themes > General and regional statistics > Non EU countries > Southern European Neighbourhood Policy countries (ENP-South) > Economy and finance > Exchange rates > Euro/ECU exchange rates - annual data
enps_educ_ltr,dataset,Database by themes > General and regional statistics > Non EU countries > Southern European Neighbourhood Policy countries (ENP-South) > Population and social conditions > Education > Literacy > Literacy rate by sex and age group - ENP-South countries
road_eqr_motors,dataset,Database by themes > Transport > Road transport > Road transport equipment - new registration of vehicles > New motorcycles by engine size
tps00134,table,"Database by themes > General and regional statistics > Regional statistics by NUTS classification > Regional health statistics > Causes of death > Causes of death - standardised death rate by NUTS 2 region of residence > Death due to diseases of the nervous system, by sex"
demo_fabortind,dataset,"Database by themes > Population and social conditions > Demography, population stock and balance > Fertility (national level) > Abortion indicators"
rd_b_berdcon,dataset,"Database by themes > Science, technology, digital society > Science and technology > Research and development (R&D) > Business enterprise expenditure on R&D (BERD) > BERD by concentration of personnel (ranking)"
tespn120,table,Cross cutting topics > Tables on EU policy > Employment and social policy indicators > Social inclusion and social policy indicators > Pensions portfolio > First streamlined objective pensions: adequate pensions > Dispersion around the at-risk-of-poverty threshold for elderly people - EU-SILC survey
ten00119,table,Database by themes > Environment and energy > Energy > Energy statistics - market structure indicators - natural gas and electricity > Energy market indicator > Market share of the largest generator in the electricity market
env_bio3,dataset,Database by themes > Environment and energy > Environment > Biodiversity > Common bird indices by type of estimate
trng_cvt_12s,dataset,Database by themes > Population and social conditions > Education and training > Participation in education and training > Continuing vocational training (CVT) in enterprises > Participants in continuing vocational training (CVT) courses > Participants in CVT courses by sex and size class - % of persons employed in all enterprises
trng_aes_186,dataset,"Database by themes > Population and social conditions > Education and training > Participation in education and training > Adult learning > Adult learning - last 12 months, AES > Access to information on education and training - last 12 months, AES > Effect of the search for information on learning possibilities (2007-2011)"
gbv_st_perp,dataset,"Database by themes > Population and social conditions > Living conditions and welfare > Gender based violence against women > Experiences on stalking > Women who have experienced stalking, by type of perpetrator"
rail_tf_hauseat,dataset,Database by themes > Transport > Railway transport > Railway traffic > Railway traffic - historical data (1970 - 2012) > Hauled passenger railway vehicle traffic performance by type of railway vehicle speed - seat km (until 2012)
ilc_caparents,dataset,Database by themes > Population and social conditions > Living conditions and welfare > Income and living conditions > Living conditions > Childcare arrangements > Children cared only by their parents by age group - % over the population of each age group
ten00062,table,Database by themes > Environment and energy > Environment > Waste > Waste streams > Packaging waste by waste management operations > Recovery rates for packaging waste
demo_r_pjanind3$dv_1561,dataset,Database by themes > General and regional statistics > Regional statistics by NUTS classification > Regional demographic statistics > Population and area > Population structure indicators by NUTS 3 region
teiis012,table,"Cross cutting topics > Tables on EU policy > Euro indicators / PEEIs > Industry, trade and services > Industry - import prices > Import prices - manufacturing"
teibs070,table,Cross cutting topics > Tables on EU policy > Euro indicators / PEEIs > Business and consumer surveys > Current level of capacity utilization in manufacturing industry
sdg_07_10,table,"Database by themes > Environment and energy > Energy > Energy statistics - quantities > Energy statistics - quantities, annual data > Energy indicators > Energy efficiency > Primary energy consumption"
tespn240,table,Cross cutting topics > Tables on EU policy > Employment and social policy indicators > Social inclusion and social policy indicators > Pensions portfolio > Third streamlined objective pensions: modernised pensions > Gender differences in the at-risk-of-poverty rate by age - EU-SILC survey
demo_magec$dv_1942,dataset,"Database by themes > Population and social conditions > Demography, population stock and balance > Mortality (national level) > Deaths by age and sex"
tipsex12,table,"Cross cutting topics > Tables on EU policy > Macroeconomic imbalance procedure indicators > Export market shares > Exports of high technology products as a share of total exports, SITC Rev. 4 - %"
ilc_mdes03_r,dataset,"Database by themes > General and regional statistics > Regional statistics by NUTS classification > Regional poverty and social exclusion statistics > Inability to afford a meal with meat, chicken, fish (or vegetarian equivalent) every second day by NUTS 2 region"
tag00037,table,"Database by themes > Agriculture, forestry and fisheries > Agriculture > Animal production > Milk and milk products > Milk collection (all milks) and dairy products obtained - annual data > Collection of cow's milk"
demo_urespop,dataset,"Database by themes > Population and social conditions > Demography, population stock and balance > Population (national level) > Usually resident population on 1 January"
lfso_14loq$dv_615,dataset,Database by themes > Population and social conditions > Labour market > Employment and unemployment (Labour force survey) > Labour force survey (LFS) - ad-hoc modules > Migration and labour market (2014) > Labour market situation of immigrants > Self-declared over-qualified employees by migration status and educational attainment level - % of total employees (2014)
teilm011,table,Cross cutting topics > Tables on EU policy > Euro indicators / PEEIs > Labour market > Harmonised unemployment - monthly data > Unemployment by sex - age group 15-24
tesem040,table,Cross cutting topics > Tables on EU policy > Employment and social policy indicators > Employment performance monitor - indicators > Overall employment growth
qoe_ewcs_6_1,dataset,Cross cutting topics > Cross cutting topics > Quality of employment > Skills development and training > Employed persons participating in job-related non-formal education and training in the past 12 months by sex and age
mar_v_est,dataset,Database by themes > Transport > Maritime transport > Maritime vessels movements > Vessels arriving in main EU ports by type of vessels (estimates) - experimental statistics
nrg_pc_203_v,dataset,Database by themes > Environment and energy > Energy > Energy statistics - prices of natural gas and electricity > Energy statistics - natural gas and electricity prices (from 2007 onwards) > Non-household consumption volumes of gas by consumption bands
crim_off_cat$dv_348,dataset,Database by themes > Population and social conditions > Crime and criminal justice > Police-recorded offences > Police-recorded offences by offence category
tps00150,table,Database by themes > Population and social conditions > Health > Health status > Healthy life years > Healthy life years by sex (from 2004 onwards) > Healthy life years at birth by sex
road_eqs_spurp,dataset,Database by themes > Transport > Road transport > Road transport equipment - stock of vehicles > Special purpose road vehicles
sdg_02_60,table,Cross cutting topics > Tables on EU policy > Sustainable development indicators > Goal 2 - Zero hunger > Ammonia emissions from agriculture
edat_lfso_00t5,dataset,Database by themes > Population and social conditions > Education and training > Education and training - historical data > Entry of young people into the labour market - LFS ad-hoc module 2000 > Job mismatches and their labour market effects among school-leavers in Europe (2000)
tag00062,table,"Database by themes > Agriculture, forestry and fisheries > Agriculture > Agricultural prices and price indices > Selling prices of agricultural products (absolute prices) > Selling prices of crop products (absolute prices) - annual price (2000-2024) > Selling prices of maize"
tipslm15,table,"Cross cutting topics > Tables on EU policy > Macroeconomic imbalance procedure indicators > Unemployment > Labour force participation rate, aged 15-64 - annual averages"
ilc_scp06$dv_2742,dataset,"Database by themes > General and regional statistics > Degree of urbanisation > Living conditions and welfare > EU-SILC ad-hoc modules > Social and cultural participation (2015) > Persons not participating in cultural or sport activities in the last 12 months by income quintile, household composition, degree of urbanisation, activity type and reasons"
teina406_r2,table,Database by themes > Economy and finance > National accounts (ESA 2010) > Quarterly national accounts > GDP and components > Gross value added and income by main industry (NACE Rev.2 ) - quarterly data > Gross value added - NACE Rev. 2: A - volumes
ilc_odbt09,dataset,"Database by themes > Population and social conditions > Living conditions and welfare > Income and living conditions > EU-SILC modules > Over-indebtedness, consumption and wealth as well as labour (2020) > Persons with loans for purposes other than property, transport, education and daily living expenses by risk of poverty threshold"
tai04,table,"Database by themes > Agriculture, forestry and fisheries > Agriculture > Crop production > Crop production > Crop production in EU standard humidity (from 2000 onwards) > Crop production in EU standard humidity > Final energy consumption by agriculture and forestry sector – tonne of oil equivalent per hectare of UAA"
enps_demo_nind,dataset,Database by themes > General and regional statistics > Non EU countries > Southern European Neighbourhood Policy countries (ENP-South) > Population and social conditions > Population and demographic indicators > Demographic indicators > Mean age at first marriage by sex - ENP-South countries
hsw_aw_nnasz,dataset,Database by themes > Population and social conditions > Health > Health and safety at work > Accidents at work (ESAW) - until 2007 > Number of accidents at work by NACE Rev. 1.1 activity and size of enterprise
ilc_li02$dv_548,dataset,"Database by themes > Population and social conditions > Living conditions and welfare > Income and living conditions > Income distribution and monetary poverty > Monetary poverty > At-risk-of-poverty rate by poverty threshold, age and sex - EU-SILC and ECHP surveys"
qoe_ewcs_6_4,dataset,Cross cutting topics > Cross cutting topics > Quality of employment > Skills development and training > Employed persons whose job involves improving their skills by sex and age
tag00007,table,"Database by themes > Agriculture, forestry and fisheries > Agriculture > Farm structure > Farm structural indicators > Main farm land use > Farm land use"
tespm090,table,Cross cutting topics > Tables on EU policy > Employment and social policy indicators > Social protection performance monitor - indicators > At risk of poverty or social exclusion rate for elderly (65+)
teiis040,table,"Cross cutting topics > Tables on EU policy > Euro indicators / PEEIs > Industry, trade and services > Industry - domestic producer prices > Domestic producer prices - intermediate goods"
rail_go_consgmt,dataset,Database by themes > Transport > Railway transport > Railway transport measurement - goods > Goods transported by type of consignment
ilc_lvph03,dataset,Database by themes > Population and social conditions > Living conditions and welfare > Income and living conditions > Living conditions > Private households > Distribution of households by household size
gbv_shw_occ,dataset,"Database by themes > Population and social conditions > Living conditions and welfare > Gender based violence against women > Sexual harassment at work during lifetime > Ever-working women who have experienced sexual harassment at work, by occurrence of the last episode"
migr_imm12prv,dataset,"Database by themes > Population and social conditions > Migration > International migration, citizenship > Immigration > Immigration by broad group of country of previous residence"
rail_ac_dnggood,dataset,Database by themes > Transport > Railway transport > Railway transport accidents - historical data > Accidents involving the transport of dangerous goods - annual data (2004-2015)
sdg_11_11,table,Cross cutting topics > Tables on EU policy > Sustainable development indicators > Goal 1 - No poverty > Severe housing deprivation rate by poverty status
edat_lfse_14$dv_1864,dataset,Database by themes > Population and social conditions > Education and training > Education and training outcomes > Transition from education to work > Early leavers from education and training > Early leavers from education and training by labour status
tipslm20,table,"Cross cutting topics > Tables on EU policy > Macroeconomic imbalance procedure indicators > Unit labour cost > Annual data > Nominal unit labour cost per hour worked - annual data, percentage change and index (2015 = 100)"
tepsr_lm230,table,Database by themes > General and regional statistics > Degree of urbanisation > Labour market > Regional labour market statistics by degree of urbanisation > Employment rates by degree of urbanisation > Gender employment gap by degree of urbanisation
tag00014,table,"Database by themes > Agriculture, forestry and fisheries > Agriculture > Animal production > Livestock and meat > Livestock > Bovine population > Number of dairy cows"
tipsfs30,table,"Cross cutting topics > Tables on EU policy > Macroeconomic imbalance procedure indicators > Financial sector liabilities > Consolidated data > Total financial sector liabilities, consolidated"
cei_wm060,dataset,Cross cutting topics > Tables on EU policy > Circular economy indicators > Waste management > Recycling rate of waste of electrical and electronic equipment (WEEE) separately collected
iww_ec_employ,dataset,"Database by themes > Transport > Inland waterways transport > Enterprises, economic performances and employment in inland waterway transport - historical data > Employment in inland waterways transport enterprises by number of vessels in enterprises (1990 - 2012)"
ilc_odbt03,dataset,"Database by themes > Population and social conditions > Living conditions and welfare > Income and living conditions > EU-SILC modules > Over-indebtedness, consumption and wealth as well as labour (2020) > Loans (excluding mortgages on purchase of main residence) by risk of poverty threshold"
teiet040,table,"Database by themes > International trade > International trade in goods > International trade in goods - aggregated data > International trade in goods - short-term indicators > Euro area trade by SITC product group > Exports of goods - mineral fuels, lubricants and related materials"
educ_ipart$dv_437,dataset,Database by themes > Population and social conditions > Education and training > Education and training - historical data > Education-administrative data (ISCED1997) - historical data > Education indicators - non-finance > Participation/ enrolment in education (ISCED 0-4) (1998-2012)
road_go_ca_d_ha,dataset,Database by themes > Transport > Road transport > Road freight transport measurement > Road cabotage transport > Road cabotage transport - historical data (1991-1998) > Road cabotage transport performed by each reporting country (tkm) - (1991-1998)
sbs_cre_pcrec,dataset,"Database by themes > Industry, trade and services > Business structure and dynamics > Structural business statistics > Structural business statistics - historical data > SBS - services - historical data > Financial services statistics > Statistics on credit institutions > Commissions receivable by product (1997-2001)"
ilc_lvph02h,dataset,Database by themes > Population and social conditions > Living conditions and welfare > Income and living conditions > Living conditions > Private households > Distribution of households by household type until 2001
tps00046,table,Database by themes > Population and social conditions > Health > Health care > Health care resources > Health care facilities > Hospital beds by function and type of care > Hospital beds
road_go_na_rl3g$dv_1581,dataset,Database by themes > General and regional statistics > Regional statistics by NUTS classification > Regional transport statistics > Road freight > National road freight transport by region of loading (NUTS 3) and type of goods (t) - annual data (from 2008 onwards)
enps_tran_sf_r,dataset,Database by themes > General and regional statistics > Non EU countries > Southern European Neighbourhood Policy countries (ENP-South) > Transport > Road transport > Persons killed in road accidents - ENP-South countries
tus_00meal,dataset,Database by themes > Population and social conditions > Living conditions and welfare > Time use survey > Time use survey – 2000 and 2010 > Time spent on eating at home (as main or secondary activity) (2000 and 2010)
rail_tf_ns20_si,dataset,Database by themes > Transport > Railway transport > Railway traffic > Train traffic on the rail network (2020) > Train traffic on the rail network - Slovenia (2020)
ten00135,table,Database by themes > Environment and energy > Environment > Environmental protection expenditure > Environmental protection expenditure accounts based on classification of environmental purpose (CEP) > --- > National expenditure on environmental protection by institutional sector and environmental purpose > National expenditure on environmental protection
tesem160,table,Cross cutting topics > Tables on EU policy > Employment and social policy indicators > Employment performance monitor - indicators > Labour productivity per person employed and hour worked (EU27_2020=100)
teiis100,table,"Cross cutting topics > Tables on EU policy > Euro indicators / PEEIs > Industry, trade and services > Industry - industrial production > Production in industry - energy"
enpe_sts_incopr,dataset,"Database by themes > General and regional statistics > Non EU countries > Eastern European Neighbourhood Policy countries (ENP-East) > Industry, trade and services > Short-term business statistics > Industrial and construction production volume index - calendar adjusted - ENP-East countries"
educ_uoe_perd05,dataset,"Database by themes > Population and social conditions > Education and training > Education personnel > Distribution of teachers and academic staff > Teachers working part-time - as % of all teachers, by education level"
enps_env_wasgenp,dataset,Database by themes > General and regional statistics > Non EU countries > Southern European Neighbourhood Policy countries (ENP-South) > Environment and energy > Environment > Waste > Municipal waste per inhabitant - ENP-South countries
tran_im_umod,dataset,"Database by themes > Transport > Modal split, intermodal transport and transport performance relative to GDP > Intermodal transport - unitisation in freight transport > Unitisation in the different modes of transport - tonne-kilometre for gross weight of goods"
tec00027,table,"Database by themes > Economy and finance > Prices > Harmonised index of consumer prices (HICP) > Harmonised index of consumer prices (HICP) - ECOICOP ver.2 > Harmonised index of consumer prices (HICP) - ECOICOP ver.2 - indices and rates of change, annual data > HICP - all items - annual average indices"
rail_eq_pa_cty,dataset,Database by themes > Transport > Railway transport > Railway transport equipment > Seat capacity of passenger railway vehicles by type of vehicles
lfsa_ewpeve$dv_604,dataset,Database by themes > Population and social conditions > Labour market > Employment and unemployment (Labour force survey) > Labour force survey (LFS) series - detailed annual data > Work during atypical hours > Employed persons working in the evenings by professional status - % of total employment
tipslm100,table,Cross cutting topics > Tables on EU policy > Macroeconomic imbalance procedure indicators > Unemployment > Employment rate
teiet210,table,Database by themes > International trade > International trade in goods > International trade in goods - aggregated data > International trade in goods - short-term indicators > Euro area trade by SITC product group > Balance of trade - EU and euro area aggregates
migr_asyapp1mp,dataset,Database by themes > Population and social conditions > Migration > Asylum > Asylum and temporary protection indicators > Asylum indicators > First-time asylum applicants - per thousand persons
teicp080,table,"Database by themes > Economy and finance > Prices > Harmonised index of consumer prices (HICP) > Harmonised index of consumer prices (HICP) - ECOICOP ver.2 > Harmonised index of consumer prices (HICP) - ECOICOP ver.2 - indices and rates of change, monthly data > HICP - communications"
ilc_pnp14,dataset,Database by themes > Population and social conditions > Living conditions and welfare > Income and living conditions > Income distribution and monetary poverty > Monetary poverty for elderly people > Gender coverage rate in pension by age group
enps_apro_mt_ls,dataset,Database by themes > General and regional statistics > Non EU countries > Southern European Neighbourhood Policy countries (ENP-South) > Agriculture and fisheries > Agriculture > Livestock - ENP-South countries
earn_ses10_mdeci,dataset,"Database by themes > Population and social conditions > Labour market > Earnings > Structure of earnings survey 2010 > Monthly earnings > Monthly earnings by quantiles and contractual working time (enterprises with 10 employed persons or more) - NACE Rev. 2, B-S excluding O (2010)"
gbv_dv_lim,dataset,"Database by themes > Population and social conditions > Disability > Income and living conditions > Gender based violence against women > Women who have experienced violence by a domestic perpetrator, by level of disability (activity limitation)"
earn_ses14_mdeci,dataset,"Database by themes > Population and social conditions > Labour market > Earnings > Structure of earnings survey 2014 > Monthly earnings > Monthly earnings by quantiles and contractual working time (enterprises with 10 employed persons or more) - NACE Rev. 2, B-S excluding O (2014)"
tus_00screen,dataset,"Database by themes > Population and social conditions > Living conditions and welfare > Time use survey > Time use survey – 2000 and 2010 > Time spent watching TV or other media, playing computer games and any similar screen activities (as main or secondary activity) (2000 and 2010)"
lfst_dpw_04,dataset,Database by themes > Population and social conditions > Labour market > Employment and unemployment (Labour force survey) > Labour force survey (LFS) series - specific topics > Digital platform employment - experimental statistics > Distribution of digital platform workers (at least one hour in the last month) by educational attainment level - experimental statistics
sdg_16_50,dataset,"Cross cutting topics > Tables on EU policy > Sustainable development indicators > Goal 16 - Peace, justice and strong institutions > Corruption Perceptions Index"
ilc_lvph01,dataset,Database by themes > Population and social conditions > Living conditions and welfare > Income and living conditions > Living conditions > Private households > Average household size
crim_pris_pop,dataset,Database by themes > Population and social conditions > Crime and criminal justice > Crime - historical data (until 2007) > Prison population (1993-2007)
rail_tf_ns_pt,dataset,Database by themes > Transport > Railway transport > Railway traffic > Train traffic on the rail network (2005) > Train traffic on the rail network - Portugal (2005)
enpe_gov_10dd,dataset,Database by themes > General and regional statistics > Non EU countries > Eastern European Neighbourhood Policy countries (ENP-East) > Economy and finance > Deficit/surplus and debt > Government deficit/surplus and debt - ENP-East countries
tsc00003,table,"Database by themes > Science, technology, digital society > Science and technology > Research and development (R&D) > R&D personnel at national and regional level > R&D personnel by sector of performance, professional position and sex > Total researchers by sector of performance - head count"
mar_tp_sss,dataset,Database by themes > Transport > Maritime transport > Maritime transport performance > Maritime goods short-sea shipping performed in the Exclusive Economic Zone (EEZ) of the countries
sprt_emp_sex,dataset,Database by themes > Population and social conditions > Sport > Employment in sport > Employed persons in sport by sex
tin00175,table,"Database by themes > Industry, trade and services > Tourism > Tourism industries - annual data > Occupancy of tourist accommodation establishments > Nights spent by domestic and international tourists > Nights spent at tourist accommodation establishments > Nights spent at tourist accommodation establishments by residents/non-residents"
ilc_mdes03$dv_2702,dataset,"Database by themes > Population and social conditions > Living conditions and welfare > Income and living conditions > Material deprivation > Economic strain > Inability to afford a meal with meat, chicken, fish (or vegetarian equivalent) every second day"
enps_bop_iip6,dataset,Database by themes > General and regional statistics > Non EU countries > Southern European Neighbourhood Policy countries (ENP-South) > Economy and finance > Deficit/surplus and debt > Gross external debt of the whole economy - ENP-South countries
cei_pc031,table,Cross cutting topics > Tables on EU policy > Circular economy indicators > Production and consumption > Generation of municipal waste per capita
prc_colc_surf,dataset,Database by themes > Economy and finance > Prices > Correction coefficients > Typical dwelling sizes by type of dwelling in each surveyed city
rail_tf_ns20_sk,dataset,Database by themes > Transport > Railway transport > Railway traffic > Train traffic on the rail network (2020) > Train traffic on the rail network - Slovakia (2020)
icw_sr_16,dataset,"Database by themes > Population and social conditions > Income, consumption and wealth - experimental statistics > Saving rates > Aggregate propensity to consume by activity status of the reference person - experimental statistics"
bop_its_str,dataset,"Database by themes > Economy and finance > Balance of payments - International transactions > International trade in services, geographical breakdown - historical data > International trade in services - market integration indicators - historical data (1992-2013)"
prc_hpi_hsna,dataset,"Database by themes > Economy and finance > Prices > Housing price and sales statistics > House price and sales index > House sales - number and index, annual data"
bs_bs14_04,dataset,"Database by themes > Industry, trade and services > Business structure and dynamics > Structural business statistics > Structural business statistics - historical data > SBS - services - historical data > Business services statistics > Business Services (2004-2020) > Income from intellectual property rights for computer services (2004)"
crim_thb_sex$dv_1641,dataset,Database by themes > Population and social conditions > Crime and criminal justice > Trafficking in human beings > Persons involved in trafficking in human beings by legal status and sex
hlth_ehis_pe2e$dv_1144,dataset,"Database by themes > Population and social conditions > Health > Health determinants > Physical activity > Time spent on health-enhancing (non-work-related) aerobic physical activity by sex, age and educational attainment level"
sdg_08_20,table,Cross cutting topics > Tables on EU policy > Sustainable development indicators > Goal 8 - Decent work and economic growth > Young persons neither in employment nor in education and training (NEET) by sex
earn_ses_pub2s,dataset,"Database by themes > Population and social conditions > Labour market > Earnings > Structure of earnings survey - main indicators > Low-wage earners and median earnings > Median hourly earnings > Median hourly earnings, all employees (excluding apprentices) by sex"
hlth_sha11_hf$dv_2821,dataset,Database by themes > Population and social conditions > Health > Health care > Health care expenditure (SHA 2011) > Health care expenditure - summary tables > Health care expenditure by financing scheme
rail_pa_nbpass,dataset,"Database by themes > Transport > Railway transport > Railway transport measurement - passengers > Railway transport measurement - passengers - historical data > Passengers in accompanied passenger car railway transport, by type of transport (1979-2012)"
nama_10_pp,dataset,Database by themes > Economy and finance > National accounts (ESA 2010) > Annual national accounts > GDP and components > Gross national income (GNI) per capita
enps_tour_cap_nat,dataset,Database by themes > General and regional statistics > Non EU countries > Southern European Neighbourhood Policy countries (ENP-South) > Tourism > Tourism infrastructure - ENP-South countries
tag00054,table,"Database by themes > Agriculture, forestry and fisheries > Agriculture > Economic accounts for agriculture > Economic accounts for agriculture > Economic accounts for agriculture - values at current prices > Crop output - basic and producer prices"
tipspc13,table,"Cross cutting topics > Tables on EU policy > Macroeconomic imbalance procedure indicators > Private sector credit flow > Non-consolidated data > Private sector credit flow: debt securities by sectors, non-consolidated - % of GDP"
prc_colc_tot,dataset,Database by themes > Economy and finance > Prices > Correction coefficients > Correction coefficients in the European Union (Duty stations) - index (Brussels = 100)
tran_im_mosp,dataset,"Database by themes > Transport > Modal split, intermodal transport and transport performance relative to GDP > Intermodal transport - unitisation in freight transport > Modal shift potential of long-distance road freight in containers - tonne-kilometre"
tran_im_uroad,dataset,"Database by themes > Transport > Modal split, intermodal transport and transport performance relative to GDP > Intermodal transport - unitisation in freight transport > Unitisation in road freight transport - tonne-kilometre for gross weight of goods"
tag00053,table,"Database by themes > Agriculture, forestry and fisheries > Agriculture > Crop production > Crop production > Crop production in EU standard humidity (from 2000 onwards) > Crop production in EU standard humidity > Oats and spring cereal mixtures by area, production and humidity"
gbv_ipv_type,dataset,"Database by themes > Population and social conditions > Living conditions and welfare > Gender based violence against women > Violence by intimate partner during lifetime > Ever-partnered women who have experienced violence by an intimate partner, by type of violence"
tipslm10,table,Cross cutting topics > Tables on EU policy > Macroeconomic imbalance procedure indicators > MIP Scoreboard indicators > Nominal unit labour cost per hour worked
teiis013,table,"Cross cutting topics > Tables on EU policy > Euro indicators / PEEIs > Industry, trade and services > Industry - import prices > Import prices - intermediate goods"
cei_gsr011,table,Database by themes > Environment and energy > Environment > Emissions of greenhouse gases and air pollutants > Air emissions accounts > Air emissions accounts by NACE Rev. 2 activity > Greenhouse gases emissions from production activities
tespm060,table,Cross cutting topics > Tables on EU policy > Employment and social policy indicators > Social protection performance monitor - indicators > At risk-of-poverty rate for the population living in (quasi-)jobless households
rail_tf_ns10_tr,dataset,Database by themes > Transport > Railway transport > Railway traffic > Train traffic on the rail network (2010) > Train traffic on the rail network - Türkiye (2010)
tag00125,table,"Database by themes > Agriculture, forestry and fisheries > Agriculture > Farm structure > Farm structural indicators > Age structure of farm managers > Agricultural holdings by age of manager"
sprt_pcs_qnt,dataset,Database by themes > Population and social conditions > Sport > Private households expenditure on sport > Mean consumption expenditure of private households on sporting goods and services by income quintile
mar_pa_qm_mt,dataset,"Database by themes > Transport > Maritime transport > Maritime transport - passengers - detailed annual and quarterly results > Detailed tables per each reporting country by direction, partner entity and nationality of registration of vessels - quarterly data > Passengers (excluding cruise passengers) transported from/to the main ports - Malta - quarterly data"
tipsna62,table,"Database by themes > Economy and finance > National accounts (ESA 2010) > Annual national accounts > Population and employment in national accounts > Employment by main industry (NACE Rev.2) - national accounts - annual data > Employees, domestic concept - annual data"
cult_pcs_nws,dataset,Database by themes > Population and social conditions > Culture > Cultural participation > Participation in cultural activities - AES historical data > Persons reading newspapers in the last 12 months by sex (2007 and 2011)
cens_01ndbuild,dataset,"Database by themes > Population and social conditions > Population and housing censuses > Census 2001 round > National level > Dwellings > Dwellings by type of ownership, type of building and occupancy status"
tipsbp17,table,Cross cutting topics > Tables on EU policy > Macroeconomic imbalance procedure indicators > Current account balance and balance of payments > Annual data > Annual data > Capital account - annual data
iww_tf_vetf,dataset,Database by themes > Transport > Inland waterways transport > Inland waterways transport measurement - goods > Inland waterways transport measurement - goods - annual data > Vessel traffic
ilc_lvho05c,dataset,Database by themes > Population and social conditions > Living conditions and welfare > Income and living conditions > Living conditions > Housing conditions > Overcrowding rate > Overcrowding rate by tenure status - total population
isoc_bde15ap,dataset,"Database by themes > Science, technology, digital society > Digital economy and society > ICT sector > Percentage of the ICT sector personnel in total employment"
irt_h_cgby_q,dataset,Database by themes > Economy and finance > Interest rates > Interest rates - historical data > Central government bond yields > Central government bond yields - quarterly data
mar_qg_qm_ewhd,dataset,"Database by themes > Transport > Maritime transport > Maritime transport - main quarterly results > EU level - gross weight of goods handled in main ports, by direction"
tipspc23,table,"Cross cutting topics > Tables on EU policy > Macroeconomic imbalance procedure indicators > Private sector credit flow > Consolidated data > Private sector credit flow: debt securities by sectors, consolidated - % of GDP"
tipsna60,table,"Database by themes > Economy and finance > National accounts (ESA 2010) > Annual national accounts > Population and employment in national accounts > Employment by main industry (NACE Rev.2) - national accounts - annual data > Employment, domestic concept - annual data"
icw_pov_03,dataset,"Database by themes > Population and social conditions > Income, consumption and wealth - experimental statistics > Poverty > Proportion of dissaving households - experimental statistics"
tipsun20,table,Cross cutting topics > Tables on EU policy > Macroeconomic imbalance procedure indicators > MIP Scoreboard indicators > Unemployment rate - annual data
tin00092,table,"Database by themes > Science, technology, digital society > Digital economy and society > ICT usage in households and by individuals > Internet use > Individuals - frequency of internet use > Individuals frequently using the internet"
ten00003,table,Database by themes > Environment and energy > Environment > Water > Water statistics on national level > Annual freshwater abstraction by source and sector > Fresh water abstraction by source per capita - m³ per capita
mar_qg_qm_pwhl,dataset,Database by themes > Transport > Maritime transport > Maritime transport - main quarterly results > Top 5 ports for liquid bulk - gross weight of liquid bulk goods handled in each port
tran_hv_frtra,dataset,"Database by themes > Transport > Modal split, intermodal transport and transport performance relative to GDP > Index of inland transport performance per GDP unit > Volume of freight transport relative to GDP"
tipsbd40,dataset,Cross cutting topics > Tables on EU policy > Macroeconomic imbalance procedure indicators > Consolidated banking data > Return on equity of banks
mar_mg_am_cvh,dataset,"Database by themes > Transport > Maritime transport > Maritime transport - main annual results > Country level - volume (in TEUs) of containers handled in main ports, by loading status"
migr_eirtn$dv_1241,dataset,Database by themes > Population and social conditions > Migration > Managed migration > Enforcement of Immigration Legislation > Third country nationals returned following an order to leave - annual data (rounded)
tipspd13,table,"Cross cutting topics > Tables on EU policy > Macroeconomic imbalance procedure indicators > Private sector debt > Non-consolidated data > Private sector debt: debt securities by sectors, non-consolidated - % of GDP"
lfsa_ipga$dv_610,dataset,Database by themes > Population and social conditions > Labour market > Employment and unemployment (Labour force survey) > Labour force survey (LFS) series - detailed annual data > Persons outside the labour force > Persons outside the labour force - % of total population in private households
sdg_11_52,table,Database by themes > Population and social conditions > Health > Causes of death > Public health themes > Health impacts of air pollution > Premature deaths due to exposure to fine particulate matter (PM2.5)
teiis521,table,"Cross cutting topics > Tables on EU policy > Euro indicators / PEEIs > Industry, trade and services > Construction > Labour input in construction"
tsc00025,table,"Database by themes > Science, technology, digital society > Science and technology > Human resources and education in science & technology > Stocks of HRST > Stocks of HRST - national data > Human resources in science and technology (HRST) by category, sex and age > Human resources in science and technology (HRST)"
enps_tour_occ_ninat,dataset,Database by themes > General and regional statistics > Non EU countries > Southern European Neighbourhood Policy countries (ENP-South) > Tourism > Nights spent at tourism accommodation establishments - ENP-South countries
trng_nfe2,dataset,Database by themes > Population and social conditions > Education and training > Education and training - historical data > Adult learning - historical data > Lifelong learning - LFS ad-hoc module 2003 > ----- > Participation in non-formal education and training by number of activities (2003)
iss_stat,dataset,"Database by themes > Industry, trade and services > Globalisation in business statistics > Global value chains and international sourcing statistics > International sourcing statistics (2002-2020) - experimental statistics > International sourcing statistics - survey 2007 - experimental statistics > Background Information - collection round 2007 > Enterprises by sourcing status and enterprise group identification - collection round 2007 - experimental statistics"
prc_hicp_cow,dataset,Database by themes > Economy and finance > Prices > Harmonised index of consumer prices (HICP) > Harmonised index of consumer prices (HICP) - ECOICOP ver.1 > ----- > HICP - country weights (1996-2025)
ilc_lvhd06,dataset,Database by themes > Population and social conditions > Living conditions and welfare > Income and living conditions > EU-SILC modules > Housing difficulties (2023) > Persons having overcome housing difficulties experienced in their lifetime by sex and reason
apri_lrnt_h,dataset,"Database by themes > Agriculture, forestry and fisheries > Agriculture > Agricultural prices and price indices > Land prices and rents > Agricultural land renting prices for one year by region - historical data (until 2009)"
hsw_ij_svnia,dataset,"Database by themes > Population and social conditions > Health > Health and safety at work > Work related health problems and accidental injuries - LFS 1999 > Accidental injuries > Relative incidence rate of accidental injuries at work by severity, frequency of night work and age (EU mean rate = 100 for each severity)"
nrg_ind_id3cf,dataset,"Database by themes > Environment and energy > Energy > Energy statistics - quantities > Energy statistics - quantities, annual data > Energy indicators > Import dependency on third countries by fuel type"
rail_tf_ns20_el,dataset,Database by themes > Transport > Railway transport > Railway traffic > Train traffic on the rail network (2020) > Train traffic on the rail network - Greece (2020)
gbv_npv_perp,dataset,"Database by themes > Population and social conditions > Living conditions and welfare > Gender based violence against women > Violence by non-partner since the age of 15 > Women who have experienced violence by a non-partner, by type of perpetrator"
icw_sr_09,dataset,"Database by themes > Population and social conditions > Income, consumption and wealth - experimental statistics > Saving rates > Aggregate propensity to consume by household type - experimental statistics"
icw_sr_15,dataset,"Database by themes > Population and social conditions > Income, consumption and wealth - experimental statistics > Saving rates > Median saving rate by activity status of the reference person - experimental statistics"
ilc_lvhl11n$dv_1181,dataset,Database by themes > Population and social conditions > Living conditions and welfare > Income and living conditions > Living conditions > Health and labour conditions > Persons living in households with very low work intensity by age and sex (population aged 0 to 64 years)
nama_10r_3gdp$dv_1562,dataset,Database by themes > General and regional statistics > Regional statistics by NUTS classification > Regional economic accounts > Gross domestic product indicators > Gross domestic product (GDP) at current market prices by NUTS 3 region
sdg_13_70,dataset,Cross cutting topics > Tables on EU policy > Sustainable development indicators > Goal 13 - Climate action > Green bond issuance by type of issuer
tet00011,table,"Database by themes > International trade > International trade in goods > International trade in goods - aggregated data > International trade in goods - long-term indicators > EU trade by Member State, partner and product group > Intra and Extra-EU trade by Member State and by product group > Intra-EU27 (from 2020) trade, by Member State, total product"
sdg_03_60,table,Cross cutting topics > Tables on EU policy > Sustainable development indicators > Goal 1 - No poverty > Self-reported unmet need for medical examination and care by sex
nrg_dhdc_e,dataset,"Database by themes > Environment and energy > Energy > Energy statistics - quantities > Energy statistics - quantities, annual data > Energy infrastructure and capacities > District heating and district cooling (DH-DC) > Energy removed from district networks by customers, type of networks and efficiency of network"
tag00001,table,"Database by themes > Agriculture, forestry and fisheries > Agriculture > Farm structure > Farm structural indicators > Farms by utilised agricultural area > Agricultural holdings by agricultural area"
sdg_16_20,table,"Cross cutting topics > Tables on EU policy > Sustainable development indicators > Goal 11 - Sustainable cities and communities > Population reporting occurrence of crime, violence or vandalism in their area by poverty status"
tus_00travel,dataset,Database by themes > Population and social conditions > Living conditions and welfare > Time use survey > Time use survey – 2000 and 2010 > Time spent on travelling by mode of transport (2000 and 2010)
tps00044,table,Database by themes > Population and social conditions > Health > Health care > Health care resources > Health care resources - historical data > Health personnel (excluding nursing and caring professionals) - historical data (1980-2021) > Practising physicians
avia_ec_enterp,dataset,Database by themes > Transport > Air transport > Air transport - enterprises and persons employed > Aviation and airport enterprises (2001-2013)
teicp240,table,"Database by themes > Economy and finance > Prices > Harmonised index of consumer prices (HICP) > Harmonised index of consumer prices (HICP) - ECOICOP ver.2 > Harmonised index of consumer prices (HICP) - ECOICOP ver.2 - indices and rates of change, monthly data > HICP - all items excluding tobacco"
tipsgo10,table,"Cross cutting topics > Tables on EU policy > Macroeconomic imbalance procedure indicators > MIP Scoreboard indicators > General government gross debt (EDP concept), consolidated - annual data"
ilc_odbt08,dataset,"Database by themes > Population and social conditions > Living conditions and welfare > Income and living conditions > EU-SILC modules > Over-indebtedness, consumption and wealth as well as labour (2020) > Persons with loans to cover daily living expenses by risk of poverty threshold"
migr_resfpc,dataset,Database by themes > Population and social conditions > Migration > Managed migration > Managed migration indicators > Residence permits indicators > First residence permits by reasons - % of total first residence permits
enpe_educ_uoe_enra02,dataset,Database by themes > General and regional statistics > Non EU countries > Eastern European Neighbourhood Policy countries (ENP-East) > Population and social conditions > Education > Participation in education > Pupils and students enrolled by education level - ENP-East countries
tps00066,table,Database by themes > Population and social conditions > Education and training > Education and training outcomes > Educational attainment level > Educational attainment and labour force participation > Unemployment rates by educational attainment level > Unemployment rates (persons aged 25-64) by educational attainment level
tag00068,table,"Database by themes > Agriculture, forestry and fisheries > Agriculture > Agricultural prices and price indices > Selling prices of agricultural products (absolute prices) > Selling prices of animal products (absolute prices) - annual price (from 2000 onwards) > Selling prices of chickens (live 1st choice)"
iss_21gvcsa,dataset,"Database by themes > Industry, trade and services > Globalisation in business statistics > Global value chains and international sourcing statistics > International sourcing statistics (2002-2020) - experimental statistics > Global value chains and international sourcing statistics - survey 2021 - experimental statistics > Global value chains arrangements > Enterprises by type of supplier power asymmetry in the global value chain and NACE rev.2 activity aggregate - experimental statistics"
educ_uoe_enra07,dataset,Database by themes > Population and social conditions > Education and training > Participation in education and training > Pupils and students - enrolments > All education levels > Expected school years of pupils and students by education level
enps_tour_border,dataset,Database by themes > General and regional statistics > Non EU countries > Southern European Neighbourhood Policy countries (ENP-South) > Tourism > Arrivals of tourists at the border - ENP-South countries
orch_olives3,dataset,Database by themes > General and regional statistics > Other sub-national statistics > Orchard statistics by production region > Olive trees - Area by age and density classes (area in ha)
educ_uoe_enra06,dataset,Database by themes > Population and social conditions > Education and training > Participation in education and training > Pupils and students - enrolments > All education levels > Pupils and students in education aged 30 and over - per 1000 of corresponding age population
teina500,table,Cross cutting topics > Tables on EU policy > Euro indicators / PEEIs > National accounts > Quarterly sector accounts > Household saving rate
tipspd10,table,"Database by themes > Economy and finance > National accounts (ESA 2010) > Annual national accounts > GDP and components > Gross domestic product (GDP) and main components (output, expenditure and income) - annual data > Private sector debt, non-consolidated"
rail_tf_ns20_ee,dataset,Database by themes > Transport > Railway transport > Railway traffic > Train traffic on the rail network (2020) > Train traffic on the rail network - Estonia (2020)
migr_reslas$dv_1283,dataset,"Database by themes > Population and social conditions > Migration > Managed migration > Residence permits > Residence permits by reason, age, sex and citizenship > Long-term residents by age, sex and citizenship on 31 December of each year"
lfsa_ewpsun$dv_607,dataset,Database by themes > Population and social conditions > Labour market > Employment and unemployment (Labour force survey) > Labour force survey (LFS) series - detailed annual data > Work during atypical hours > Employed persons working on Sundays by professional status - % of total employment
lfst_dpw_10,dataset,Database by themes > Population and social conditions > Labour market > Employment and unemployment (Labour force survey) > Labour force survey (LFS) series - specific topics > Digital platform employment - experimental statistics > Distribution of digital platform workers (at least one hour in the last month) by working hours setting - experimental statistics
tps00128,table,"Database by themes > General and regional statistics > Regional statistics by NUTS classification > Regional health statistics > Causes of death > Causes of death - standardised death rate by NUTS 2 region of residence > Death due to pneumonia, by sex"
egi_em2,dataset,Cross cutting topics > Cross cutting topics > Economic globalisation indicators > Employment > Employment in Foreign Affiliates of Domestic Enterprises
ilc_scp22$dv_2441,dataset,"Database by themes > General and regional statistics > Degree of urbanisation > Living conditions and welfare > EU-SILC ad-hoc modules > Social and cultural participation (2015) > Persons not participating in formal/informal voluntary activities or active citizenship in the last 12 months by income quintile, household composition, degree of urbanisation and reasons"
lfst_dpw_01,dataset,Database by themes > Population and social conditions > Labour market > Employment and unemployment (Labour force survey) > Labour force survey (LFS) series - specific topics > Digital platform employment - experimental statistics > Share of digital platform workers (in the last 12 months) by educational attainment level - experimental statistics
tipslc30,table,Cross cutting topics > Tables on EU policy > Macroeconomic imbalance procedure indicators > Poverty and social exclusion > Severely materially and socially deprived people
rail_tf_ns_li,dataset,Database by themes > Transport > Railway transport > Railway traffic > Train traffic on the rail network (2005) > Train traffic on the rail network - Liechtenstein (2005)
tipspc10,table,"Database by themes > Economy and finance > National accounts (ESA 2010) > Annual national accounts > GDP and components > Gross domestic product (GDP) and main components (output, expenditure and income) - annual data > Private sector credit flow, non-consolidated"
demo_popep,dataset,"Database by themes > Population and social conditions > Demography, population stock and balance > Population (national level) > Persons eligible to vote in the 2024 European Parliament elections by category of voters - dedicated data collection"
ilc_lvho50c,dataset,Database by themes > Population and social conditions > Living conditions and welfare > Income and living conditions > Living conditions > Housing conditions > Under-occupied dwellings > Share of people living in under-occupied dwellings by tenure status - total population
cult_pcs_qnt,dataset,Database by themes > Population and social conditions > Culture > Private households expenditure on culture > Mean consumption expenditure of private households on cultural goods and services by income quintile
yth_demo_030,dataset,Cross cutting topics > Cross cutting topics > Children and youth > Children and youth contextual indicators > Estimated average age of young persons leaving the parental household
teicp100,table,"Database by themes > Economy and finance > Prices > Harmonised index of consumer prices (HICP) > Harmonised index of consumer prices (HICP) - ECOICOP ver.2 > Harmonised index of consumer prices (HICP) - ECOICOP ver.2 - indices and rates of change, monthly data > HICP - education"
tran_sf_railsu,dataset,Database by themes > Transport > Transport safety > Rail transport safety > Suicides involving railways
tps00202,table,Database by themes > General and regional statistics > Regional statistics by NUTS classification > Regional health statistics > Causes of death > Causes of death - crude death rate by NUTS 2 region of residence > Suicide death rate by age group
mar_sg_am_cv,dataset,"Database by themes > Transport > Maritime transport > Maritime transport - short sea shipping - main annual results > Short sea shipping - country level - volume (in TEUs) of containers transported to/from main ports, by loading status"
tipspc14,table,"Cross cutting topics > Tables on EU policy > Macroeconomic imbalance procedure indicators > Private sector credit flow > Non-consolidated data > Private sector credit flow: debt securities by sectors, non-consolidated - million units of national currency"
sdg_02_10,table,Cross cutting topics > Tables on EU policy > Sustainable development indicators > Goal 2 - Zero hunger > Obesity rate by body mass index (BMI)
road_eqr_spurp,dataset,Database by themes > Transport > Road transport > Road transport equipment - new registration of vehicles > New special purpose road vehicles
migr_resltra$dv_1284,dataset,"Database by themes > Population and social conditions > Migration > Managed migration > Residence permits > Residence permits by reason, age, sex and citizenship > Long-term residence permits issued during the year by age, sex and citizenship"
icw_car_01,dataset,"Database by themes > Population and social conditions > Income, consumption and wealth - experimental statistics > Household characteristics > Distribution of households by age of the reference person - experimental statistics"
sbs_cre_ploans,dataset,"Database by themes > Industry, trade and services > Business structure and dynamics > Structural business statistics > Structural business statistics - historical data > SBS - services - historical data > Financial services statistics > Statistics on credit institutions > Number of loans and advances to customers linked to CPA categories (1997-2001)"
gbv_any_frq,dataset,"Database by themes > Population and social conditions > Living conditions and welfare > Gender based violence against women > Violence by any perpetrator during adulthood > Women who have experienced violence by any perpetrator, by type and frequency of violence"
tec00040,table,"Database by themes > Economy and finance > Balance of payments - International transactions (BPM6) > Balance of payments statistics and international investment positions (BPM6) > Balance of payments by country - annual data (BPM6) > Current account transactions - services: credits, debits and balance"
env_waspb,dataset,Database by themes > Environment and energy > Environment > Waste > Waste streams > Sales and collection of portable batteries and accumulators
isoc_ci_ac_i$dv_1043,dataset,Database by themes > General and regional statistics > Degree of urbanisation > Digital economy and society > ICT usage in households and by individuals > Internet use > Individuals - internet activities
ilc_lvhd02,dataset,Database by themes > Population and social conditions > Living conditions and welfare > Income and living conditions > EU-SILC modules > Housing difficulties (2023) > Persons having experienced housing difficulties in their lifetime by sex and type of temporary solution (effect)
tipsst10,table,Cross cutting topics > Tables on EU policy > Macroeconomic imbalance procedure indicators > Research and development > Gross domestic expenditure on research and development (R&D)
tps00205,table,"Database by themes > Population and social conditions > Demography, population stock and balance > Mortality (national level) > Life expectancy by age and sex > Life expectancy at birth by sex"
educ_fiaid,dataset,Database by themes > Population and social conditions > Education and training > Education and training - historical data > Education-administrative data (ISCED1997) - historical data > Indicators on education finance > Financial aid to students (1995-2011)
tin00196,table,"Database by themes > Industry, trade and services > Tourism > Trips of EU residents - annual data > Expenditure on tourism trips > Expenditure by duration, purpose, main destination of the trip and expenditure category > Average expenditure per night"
sbs_cre_pintpay,dataset,"Database by themes > Industry, trade and services > Business structure and dynamics > Structural business statistics > Structural business statistics - historical data > SBS - services - historical data > Financial services statistics > Statistics on credit institutions > Interests payable and similar charges by product (1997-2001)"
enps_gov_10dd,dataset,Database by themes > General and regional statistics > Non EU countries > Southern European Neighbourhood Policy countries (ENP-South) > Economy and finance > Deficit/surplus and debt > Government deficit/surplus and debt - ENP-South countries
tps00178,table,"Cross cutting topics > Cross cutting topics > Equality and non-discrimination > Demography > Population by age, sex, country of birth and migration status > Population on 1 January by age group, sex and country of birth > Foreign-born population"
sdg_09_40,table,"Database by themes > Science, technology, digital society > Science and technology > Intellectual property rights - Patents > Patent applications to the EPO by country of applicants and inventors (2004 and onwards) > Patent applications to the European Patent Office by applicants' / inventors' country of residence"
rail_tf_ns10_pt,dataset,Database by themes > Transport > Railway transport > Railway traffic > Train traffic on the rail network (2010) > Train traffic on the rail network - Portugal (2010)
tag00115,table,"Database by themes > Agriculture, forestry and fisheries > Agriculture > Crop production > Crop production > Crop production in EU standard humidity (from 2000 onwards) > Crop production in EU standard humidity > Fresh vegetables and strawberries by area"
tessi160,table,Cross cutting topics > Tables on EU policy > Employment and social policy indicators > Social inclusion and social policy indicators > Social inclusion portfolio > Secondary indicators > Housing cost overburden > Housing cost overburden rate by sex - EU-SILC survey
cei_pc035,table,Database by themes > Environment and energy > Environment > Waste > Waste streams > Food waste and food waste prevention by NACE Rev. 2 activity - tonnes of fresh mass > Food waste
tipser11,table,Cross cutting topics > Tables on EU policy > Macroeconomic imbalance procedure indicators > Effective exchange rates > Nominal effective exchange rate - 42 trading partners
rail_tf_ns20_dk,dataset,Database by themes > Transport > Railway transport > Railway traffic > Train traffic on the rail network (2020) > Train traffic on the rail network - Denmark (2020)
tessi302,table,Cross cutting topics > Tables on EU policy > Employment and social policy indicators > Social inclusion and social policy indicators > Social inclusion portfolio > Context information > Median of the housing cost burden distribution by poverty status - EU-SILC survey
enps_demo_dens,dataset,Database by themes > General and regional statistics > Non EU countries > Southern European Neighbourhood Policy countries (ENP-South) > Population and social conditions > Population and demographic indicators > Population > Population density - ENP-South countries
tipsbp20,table,Cross cutting topics > Tables on EU policy > Macroeconomic imbalance procedure indicators > Current account balance and balance of payments > Annual data > Current account > Current account balance - annual data
tin00180,table,"Database by themes > Industry, trade and services > Tourism > Tourism industries - annual data > Occupancy of tourist accommodation establishments > Occupancy rates for hotels and similar accommodation > Net occupancy rate of bed-places and bedrooms in hotels and similar accommodation (NACE Rev. 2 activity I55.1) by size class > Net occupancy rate of bed-places and bedrooms in hotels and similar accommodation (NACE Rev. 2, I, 55.1) (from 2012 onwards)"
enps_mar_frdir,dataset,Database by themes > General and regional statistics > Non EU countries > Southern European Neighbourhood Policy countries (ENP-South) > Transport > Maritime transport > Gross weight of goods handled in all ports by direction - ENP-South countries
ilc_hch19$dv_2264,dataset,"Database by themes > Population and social conditions > Disability > Disability prevalence > Difficulties in functioning in basic actions > Persons reporting basic activity difficulty by sex, age, level of difficulty, type of basic action and risk of poverty threshold"
cei_pc030,table,Cross cutting topics > Tables on EU policy > Circular economy indicators > Production and consumption > Resource productivity
env_waspcb,dataset,Database by themes > Environment and energy > Environment > Waste > Waste streams > Consumption of lightweight plastic carrier bags by their wall thickness
ilc_scp15$dv_433,dataset,"Database by themes > Population and social conditions > Living conditions and welfare > Income and living conditions > EU-SILC modules > Social and cultural participation (2015 and 2022) > Persons having someone to ask for help by sex, age and educational attainment"
ilc_mdho06q,dataset,Database by themes > Population and social conditions > Living conditions and welfare > Income and living conditions > Material deprivation > Housing deprivation > Severe housing deprivation rate by income quintile
tran_im_mospt,dataset,"Database by themes > Transport > Modal split, intermodal transport and transport performance relative to GDP > Intermodal transport - unitisation in freight transport > Modal shift potential of long-distance road freight in containers - tonne"
rail_tf_ns_lt,dataset,Database by themes > Transport > Railway transport > Railway traffic > Train traffic on the rail network (2005) > Train traffic on the rail network - Lithuania (2005)
tipslm13,table,"Database by themes > Economy and finance > National accounts (ESA 2010) > Annual national accounts > GDP and components > Gross domestic product (GDP) and main components (output, expenditure and income) - annual data > Compensation of employees - annual data, million units of national currency"
ilc_mdho02c,dataset,"Database by themes > Population and social conditions > Living conditions and welfare > Income and living conditions > Material deprivation > Housing deprivation > Children (aged 0 to 17) having neither a bath, nor a shower in their dwelling"
lfst_hheredch$dv_2683,dataset,"Database by themes > Population and social conditions > Labour market > Employment and unemployment (Labour force survey) > Labour force survey (LFS) series - specific topics > Private households > Employment by household characteristics > --- > Employment rate of adults by educational attainment level, number of children and age of youngest child"
teina205,table,Cross cutting topics > Tables on EU policy > Euro indicators / PEEIs > National accounts > Public finance - excessive deficit procedure statistics > General government deficit (-) and surplus (+) - quarterly data
ttr00007,table,Database by themes > Transport > Inland waterways transport > Inland waterways transport measurement - goods > Inland waterways transport measurement - goods - annual data > Transport by type of vessel > Goods transport by inland waterways
tag00060,table,"Database by themes > Agriculture, forestry and fisheries > Agriculture > Agricultural prices and price indices > Selling prices of agricultural products (absolute prices) > Selling prices of crop products (absolute prices) - annual price (2000-2024) > Selling prices of barley"
tet00038,table,"Database by themes > International trade > International trade in goods > International trade in goods - aggregated data > International trade in goods - long-term indicators > International trade > International trade of EFTA and enlargement countries > International trade of EFTA and enlargement countries, by reporting country, total product"
crim_pris_ctz,dataset,Database by themes > Population and social conditions > Crime and criminal justice > Prison and prisoner characteristics > Prisoners by citizenship
sdg_06_10,table,"Cross cutting topics > Tables on EU policy > Sustainable development indicators > Replaced EU SDG indicators > Replaced 2025 EU SDG indicators > Population having neither a bath, nor a shower, nor indoor flushing toilet in their household by poverty status"
sbs_pen_7b2,dataset,"Database by themes > Industry, trade and services > Business structure and dynamics > Structural business statistics > Structural business statistics - historical data > SBS - services - historical data > Financial services statistics > Statistics on pension funds > Autonomous pension funds - number of enterprises by size class of members (1997-2012)"
tessi170,table,Cross cutting topics > Tables on EU policy > Employment and social policy indicators > Social inclusion and social policy indicators > Social inclusion portfolio > Secondary indicators > Overcrowding rate > Overcrowding rate by sex - EU-SILC survey
sdg_06_60,dataset,"Cross cutting topics > Tables on EU policy > Sustainable development indicators > Goal 6 - Clean water and sanitation > Water exploitation index, plus (WEI+)"
qoe_ewcs_7b4,dataset,Cross cutting topics > Cross cutting topics > Quality of employment > Employment-related relationships and work motivation > Work motivation > Employed persons having to work at very high speed or to tight deadlines by sex and age
isoc_ski_itsex,dataset,"Database by themes > Science, technology, digital society > Digital economy and society > Digital skills > ICT training > ----- > Employed persons with information and communications technology (ICT) education by sex"
gbv_npv_occ,dataset,"Database by themes > Population and social conditions > Living conditions and welfare > Gender based violence against women > Violence by non-partner since the age of 15 > Women who have experienced violence by a non-partner, by occurrence of the last episode"
sdg_13_50,dataset,Cross cutting topics > Tables on EU policy > Sustainable development indicators > Goal 13 - Climate action > Contribution to the international 100bn USD commitment on climate related expending
sdg_10_30,table,Cross cutting topics > Tables on EU policy > Sustainable development indicators > Goal 1 - No poverty > Relative median at-risk-of-poverty gap
teiet060,table,Database by themes > International trade > International trade in goods > International trade in goods - aggregated data > International trade in goods - short-term indicators > Euro area trade by SITC product group > Exports of goods - other manufactured products
tran_hv_frmod,dataset,"Database by themes > Transport > Modal split, intermodal transport and transport performance relative to GDP > Modal split of transport > Modal split of inland freight transport"
teina430_r2,table,Cross cutting topics > Tables on EU policy > Euro indicators / PEEIs > National accounts > Gross value added > Gross value added - NACE Rev. 2: K - volumes
enpe_isoc_ci_in_h,dataset,"Database by themes > General and regional statistics > Non EU countries > Eastern European Neighbourhood Policy countries (ENP-East) > Research and development, digital society > Digital society > Percentage of households having internet access at home - ENP-East countries"
tag00047,table,"Database by themes > Agriculture, forestry and fisheries > Agriculture > Crop production > Crop production > Crop production in EU standard humidity (from 2000 onwards) > Crop production in EU standard humidity > Wheat and spelt by area, production and humidity"
educ_uoe_lang03,dataset,Database by themes > Population and social conditions > Education and training > Languages > Language learning > Average number of foreign languages studied per pupil by education level
ilc_di11g,dataset,Database by themes > Population and social conditions > Living conditions and welfare > Income and living conditions > Inequality > Income inequality > Effect of taxes on income quintile share ratio S80/S20
rail_tf_ns15_dk,dataset,Database by themes > Transport > Railway transport > Railway traffic > Train traffic on the rail network (2015) > Train traffic on the rail network - Denmark (2015)
isoc_sks_itspt,dataset,"Database by themes > Science, technology, digital society > Digital economy and society > Digital skills > ICT specialists > ICT specialists in employment > Employed information and communications technology (ICT) specialists"
cei_srm010,dataset,Cross cutting topics > Tables on EU policy > Circular economy indicators > Secondary raw materials > Contribution of recycled materials to raw materials demand - end-of-life recycling input rates (EOL-RIR)
ilc_li70,dataset,Database by themes > Population and social conditions > Living conditions and welfare > Income and living conditions > Income distribution and monetary poverty > Monetary poverty > Persons receiving benefits (other than old age benefits) by risk of poverty and work intensity of the household (population aged 18 to 64)
lfst_dpw_09,dataset,Database by themes > Population and social conditions > Labour market > Employment and unemployment (Labour force survey) > Labour force survey (LFS) series - specific topics > Digital platform employment - experimental statistics > Distribution of digital platform workers (at least one hour in the last month) by consequences of rejecting the task or service - experimental statistics
tin00181,table,"Database by themes > Industry, trade and services > Tourism > Tourism industries - annual data > Capacity of tourist accommodation establishments > Establishments, bedrooms and bed-places in tourist accommodation > Number of establishments and bed-places"
tessi020,table,Cross cutting topics > Tables on EU policy > Employment and social policy indicators > Social inclusion and social policy indicators > Social inclusion portfolio > Primary indicators > Persistent at-risk-of poverty rate by sex - EU-SILC survey
iww_eq_age_loa,dataset,Database by themes > Transport > Inland waterways transport > Inland waterways transport equipment > Load capacity of self-propelled vessels by year of construction
mar_mg_am_cwt,dataset,Database by themes > Transport > Maritime transport > Maritime transport - main annual results > Country level - gross weight of goods transported to/from main ports
enpe_ext_intro,dataset,Database by themes > General and regional statistics > Non EU countries > Eastern European Neighbourhood Policy countries (ENP-East) > International trade > Share of imports and exports in EU27 trade - ENP-East countries
rail_tf_ns10_ee,dataset,Database by themes > Transport > Railway transport > Railway traffic > Train traffic on the rail network (2010) > Train traffic on the rail network - Estonia (2010)
earn_ses18_rann,dataset,"Database by themes > Population and social conditions > Labour market > Earnings > Structure of earnings survey 2018 > Annual earnings > Mean annual earnings by NUTS 1 region (enterprises with 10 employees or more) - NACE Rev. 2, B-S excluding O (2018)"
enpe_bop_iip6_serv,dataset,"Database by themes > General and regional statistics > Non EU countries > Eastern European Neighbourhood Policy countries (ENP-East) > Economy and finance > Deficit/surplus and debt > Gross external debt of the whole economy, relative to exports of goods and services - ENP-East countries"
migr_asytpfq$dv_1382,dataset,"Database by themes > Population and social conditions > Migration > Asylum > Temporary protection > Decisions granting temporary protection by citizenship, age and sex - quarterly data"
hsw_ij_edse,dataset,Database by themes > Population and social conditions > Health > Health and safety at work > Work related health problems and accidental injuries - LFS 1999 > Accidental injuries > Relative standardised incidence rate of accidental injuries at work by educational attainment level and sex (mean rate for each Member State = 100)
tipslm60,table,Cross cutting topics > Tables on EU policy > Macroeconomic imbalance procedure indicators > MIP Scoreboard indicators > Labour force participation rate
migr_asyapp1pc,dataset,Database by themes > Population and social conditions > Migration > Asylum > Asylum and temporary protection indicators > Asylum indicators > First-time asylum applicants - % of total asylum applicants
enpe_ilc_li01,dataset,"Database by themes > General and regional statistics > Non EU countries > Eastern European Neighbourhood Policy countries (ENP-East) > Population and social conditions > Living conditions > Relative poverty > Relative poverty threshold after social transfers, income per month - ENP-East countries"
gbv_st_rp,dataset,"Database by themes > Population and social conditions > Living conditions and welfare > Gender based violence against women > Experiences on stalking > Women who have experienced stalking, by person/support service to whom violence was reported"
lfst_dpw_02,dataset,Database by themes > Population and social conditions > Labour market > Employment and unemployment (Labour force survey) > Labour force survey (LFS) series - specific topics > Digital platform employment - experimental statistics > Share of digital platform workers (in the last 12 months) by type of task or service - experimental statistics
ilc_mdsd09,dataset,Database by themes > General and regional statistics > Degree of urbanisation > Living conditions and welfare > Material and social deprivation rate by degree of urbanisation
cei_pc034,table,Cross cutting topics > Tables on EU policy > Circular economy indicators > Production and consumption > Waste generation per capita
tepsr_sp320,table,Cross cutting topics > Tables on EU policy > Employment and social policy indicators > Social inclusion and social policy indicators > Health and long-term care portfolio > Access to care > Primary indicators > Healthy life years by sex (from 2004 onwards) > Healthy life years at age 65 by sex
teiis140,table,"Cross cutting topics > Tables on EU policy > Euro indicators / PEEIs > Industry, trade and services > Industry - industrial production > Production in industry - consumer non-durables"
nrg_dhdc_c,dataset,"Database by themes > Environment and energy > Energy > Energy statistics - quantities > Energy statistics - quantities, annual data > Energy infrastructure and capacities > District heating and district cooling (DH-DC) > Customers by type of district network and efficiency of network"
tgs00077,table,Database by themes > General and regional statistics > Regional statistics by NUTS classification > Regional transport statistics > Other regional transport > Air transport of passengers by NUTS 2 region > Air transport of passengers by NUTS 2 region
sdg_17_50,table,Cross cutting topics > Tables on EU policy > Sustainable development indicators > Goal 17 - Partnerships for the goals > Share of environmental taxes in total tax revenues
ten00137,table,Database by themes > Environment and energy > Environment > Material flows and resource productivity > Material flow accounts > Domestic material consumption per capita
tag00059,table,"Database by themes > Agriculture, forestry and fisheries > Agriculture > Agricultural prices and price indices > Selling prices of agricultural products (absolute prices) > Selling prices of crop products (absolute prices) - annual price (2000-2024) > Selling prices of soft wheat"
trng_cvt_23n1,dataset,Database by themes > Population and social conditions > Education and training > Participation in education and training > Continuing vocational training (CVT) in enterprises > Time spent in continuing vocational training (CVT) courses > Hours spent in CVT courses by NACE Rev. 1.1 activity - per person employed in all enterprises (2005)
ten00139,table,Database by themes > Environment and energy > Environment > Environmental taxes > Environmental taxes by economic activity (NACE Rev. 2) > Energy taxes
educ_uoe_enra25,dataset,Database by themes > Population and social conditions > Education and training > Participation in education and training > Pupils and students - enrolments > All education levels > Pupils under the age of 3 by sex - as % of the population of the corresponding age
tin00028,table,"Database by themes > Science, technology, digital society > Digital economy and society > ICT usage in households and by individuals > Internet use > Individuals - internet use > Internet use by individuals"
tipsii20,table,"Cross cutting topics > Tables on EU policy > Macroeconomic imbalance procedure indicators > External debt > Net external debt - annual data, % of GDP"
tps00184,table,"Database by themes > Population and social conditions > Living conditions and welfare > Income and living conditions > Income distribution and monetary poverty > Monetary poverty > At-risk-of-poverty rate by poverty threshold, age and sex - EU-SILC and ECHP surveys > At-risk-of-poverty rate after social transfers by sex"
tps00182,table,Database by themes > Population and social conditions > Labour market > Employment and unemployment (Labour force survey) > Labour force survey (LFS) series - specific topics > Private households > Working status within households > Population in jobless private households - % of persons living in private households where no-one is employed > Jobless households by sex
tps00131,table,"Database by themes > General and regional statistics > Regional statistics by NUTS classification > Regional health statistics > Causes of death > Causes of death - standardised death rate by NUTS 2 region of residence > Death due to chronic liver disease, by sex"
tessi293,table,"Cross cutting topics > Tables on EU policy > Employment and social policy indicators > Social inclusion and social policy indicators > Social inclusion portfolio > Context information > Share of total population having neither a bath, nor a shower in their dwelling - EU-SILC survey"
earn_nt_netft,dataset,Database by themes > Population and social conditions > Labour market > Earnings > Net earnings and tax rates > Annual net earnings of a full-time single worker without children earning an average wage
sdg_02_30,table,Cross cutting topics > Tables on EU policy > Sustainable development indicators > Goal 2 - Zero hunger > Government support to agricultural research and development
env_ac_rp,dataset,Database by themes > Environment and energy > Environment > Material flows and resource productivity > Resource productivity
road_ec_empl_s,dataset,"Database by themes > Transport > Road transport > Road transport - enterprises, economic performances and employment > Road transport - enterprises, economic performances and employment - historical data > Persons employed in goods road transport enterprises by sex (1988-2012)"
prc_colc_ext,dataset,Database by themes > Economy and finance > Prices > Correction coefficients > Correction coefficients outside the European Union (Duty stations) - index (Brussels = 100)
ttr00011,table,"Database by themes > Transport > Air transport > Air transport measurement - freight and mail > Overview of the freight and mail air transport by country and airports > Freight and mail air transport by type of schedule, transport coverage and country > Air transport of goods by country (yearly data)"
hlth_co_ren,dataset,Database by themes > Population and social conditions > Health > Health care > Health care activities > Health care activities - historical data > End-stage renal failure (ESRF) patients - historical data (1980-2014)
tin00074,table,"Database by themes > Science, technology, digital society > Digital economy and society > ICT sector > Percentage of the ICT sector in Gross value added > Percentage of the ICT sector in Gross value added"
earn_nt_lowwtrp,dataset,Database by themes > Population and social conditions > Labour market > Earnings > Net earnings and tax rates > Tax rate on low wage earners - low wage trap
rail_tf_ns10_dk,dataset,Database by themes > Transport > Railway transport > Railway traffic > Train traffic on the rail network (2010) > Train traffic on the rail network - Denmark (2010)
tour_ce_oam,dataset,"Database by themes > Industry, trade and services > Tourism > Accommodation offered via collaborative economy platforms - experimental statistics > Occupancy - annual data > Guest nights spent at short-stay accommodation offered via collaborative economy platforms by mode of accommodation - experimental statistics"
tessi303,table,Cross cutting topics > Tables on EU policy > Employment and social policy indicators > Social inclusion and social policy indicators > Social inclusion portfolio > Context information > Median of the housing cost burden distribution by degree of urbanisation - EU-SILC survey
ilc_pnp2$dv_1988,dataset,Database by themes > Population and social conditions > Living conditions and welfare > Income and living conditions > Income distribution and monetary poverty > Monetary poverty for elderly people > Relative median income ratio (65+) - EU-SILC and ECHP surveys
tin00094,table,"Database by themes > Science, technology, digital society > Digital economy and society > ICT usage in households and by individuals > Internet use > Individuals - internet activities > Individuals using the internet for sending/receiving e-mails"
teiis010,table,"Cross cutting topics > Tables on EU policy > Euro indicators / PEEIs > Industry, trade and services > Industry - domestic producer prices > Domestic producer prices - total industry (excluding construction)"
tag00050,table,"Database by themes > Agriculture, forestry and fisheries > Agriculture > Agricultural prices and price indices > Price indices of agricultural products > Price indices of agricultural products, output - annual data > Producer price indices, animals and animal products"
qoe_ewcs_7b2,dataset,Cross cutting topics > Cross cutting topics > Quality of employment > Employment-related relationships and work motivation > Work motivation > Employees receiving regular feedback from their supervisor by sex and age
educ_uoe_enra29,dataset,"Database by themes > Population and social conditions > Education and training > Participation in education and training > Pupils and students - enrolments > All education levels > Out-of-school rate in population of upper secondary school age, by sex"
ext_ser_bec01,dataset,Database by themes > International trade > International trade in services > Services trade by broad economic categories (BEC Rev.5)
tag00076,table,"Database by themes > Agriculture, forestry and fisheries > Fisheries > Catches by fishing area > Catches - major fishing areas (from 2000 onwards) > Catches in all fishing region"
eq_pop03,table,"Database by themes > Population and social conditions > Demography, population stock and balance > Main population indicators > Population structure indicators at national level > Population structure by detailed age group"
nrg_ind_di,dataset,"Database by themes > Environment and energy > Energy > Energy statistics - quantities > Energy statistics - quantities, annual data > Energy indicators > Diversity index of energy supply"
teimf060,table,"Cross cutting topics > Tables on EU policy > Euro indicators / PEEIs > Monetary and financial indicators > Interest rates > Euro yield curve by maturity (1, 5 and 10 years)"
ilc_lvho05d,dataset,Database by themes > General and regional statistics > Degree of urbanisation > Living conditions and welfare > Overcrowding rate by degree of urbanisation - total population
rail_tf_passmov,dataset,Database by themes > Transport > Railway transport > Railway traffic > Passenger train traffic performance by type of train speed
tag00038,table,"Database by themes > Agriculture, forestry and fisheries > Agriculture > Animal production > Milk and milk products > Milk collection (all milks) and dairy products obtained - annual data > Production of butter"
enpe_apro_cpnh1,dataset,Database by themes > General and regional statistics > Non EU countries > Eastern European Neighbourhood Policy countries (ENP-East) > Agriculture and fisheries > Agriculture > Crop production - ENP-East countries
gbv_shw_perp,dataset,"Database by themes > Population and social conditions > Living conditions and welfare > Gender based violence against women > Sexual harassment at work during lifetime > Ever-working women who have experienced sexual harassment at work, by type of male perpetrator"
tps00176,table,"Database by themes > Population and social conditions > Migration > International migration, citizenship > Immigration > Immigration by age group, sex and citizenship > Immigration"
sdg_07_20,table,Cross cutting topics > Tables on EU policy > Sustainable development indicators > Goal 7 - Affordable and clean energy > Final energy consumption in households per capita
tgs00075,table,Database by themes > General and regional statistics > Regional statistics by NUTS classification > Regional transport statistics > Other regional transport > Maritime transport of passengers by NUTS 2 region > Maritime transport of passengers by NUTS 2 region
earn_ses_pub2s$dv_1879,dataset,"Database by themes > Population and social conditions > Labour market > Earnings > Structure of earnings survey - main indicators > Low-wage earners and median earnings > Median hourly earnings > Median hourly earnings, all employees (excluding apprentices) by sex"
tipsna51,table,"Database by themes > Economy and finance > National accounts (ESA 2010) > Annual national accounts > GDP and components > Gross domestic product (GDP) and main components (output, expenditure and income) - annual data > Final consumption expenditure of households and non-profit institutions serving households - annual data"
tag00029,table,"Database by themes > Agriculture, forestry and fisheries > Agriculture > Farm structure > Farm structure - 2008 legislation (from 2005 onwards) > Other gainful activities and support for rural development (historical data) > Other gainful activities (OGA) of the farm of sole holder: number of farms, agricultural area, standard output (SO) and livestock (LSU) by age of holder > Agricultural holdings by age of holder"
trng_fed3,dataset,Database by themes > General and regional statistics > Degree of urbanisation > Lifelong learning > Participation in formal education by degree of urbanisation (2003)
trng_cvt_22n1,dataset,Database by themes > Population and social conditions > Education and training > Participation in education and training > Continuing vocational training (CVT) in enterprises > Time spent in continuing vocational training (CVT) courses > Hours spent in CVT courses by NACE Rev. 1.1 activity - per thousand hours worked in enterprises providing CVT courses (2005)
tipsna40,table,Database by themes > Economy and finance > National accounts (ESA 2010) > Annual national accounts > GDP and components > Gross domestic product (GDP) and main components per capita - annual data > Real GDP per capita
ilc_odbt05,dataset,"Database by themes > Population and social conditions > Living conditions and welfare > Income and living conditions > EU-SILC modules > Over-indebtedness, consumption and wealth as well as labour (2020) > Persons with loans for property purposes by risk of poverty threshold"
tec00023,table,"Database by themes > Economy and finance > Government statistics > Government finance statistics (EDP and ESA 2010) > Annual government finance statistics > Government revenue, expenditure and main aggregates > Total general government expenditure"
enps_cpi,dataset,Database by themes > General and regional statistics > Non EU countries > Southern European Neighbourhood Policy countries (ENP-South) > Economy and finance > Consumer price index > Consumer price index - ENP-South countries
teina436_r2,table,Cross cutting topics > Tables on EU policy > Euro indicators / PEEIs > National accounts > Gross value added > Gross value added - NACE Rev. 2: M_N - current prices
ilc_di12b,dataset,Database by themes > Population and social conditions > Living conditions and welfare > Income and living conditions > Inequality > Income inequality > Gini coefficient of equivalised disposable income before social transfers (pensions included in social transfers)
ilc_lvph05,dataset,Database by themes > Population and social conditions > Living conditions and welfare > Income and living conditions > Living conditions > Private households > Distribution of households with children by number of children
enps_mar_padir,dataset,Database by themes > General and regional statistics > Non EU countries > Southern European Neighbourhood Policy countries (ENP-South) > Transport > Maritime transport > Passengers embarked and disembarked (excluding cruises) in all ports by direction - ENP-South countries
teiet130,table,Cross cutting topics > Tables on EU policy > Euro indicators / PEEIs > International trade > Imports of goods > Imports of goods - raw materials
teilm021,table,Cross cutting topics > Tables on EU policy > Euro indicators / PEEIs > Labour market > Harmonised unemployment - monthly data > Unemployment rate by sex - age group 15-24
trng_cvt_23n2,dataset,Database by themes > Population and social conditions > Education and training > Participation in education and training > Continuing vocational training (CVT) in enterprises > Time spent in continuing vocational training (CVT) courses > Hours spent in CVT courses by NACE Rev. 2 activity - per person employed in all enterprises
ilc_pnp12,dataset,Database by themes > Population and social conditions > Living conditions and welfare > Income and living conditions > Income distribution and monetary poverty > Monetary poverty for elderly people > Gender differences in the at-risk-of-poverty rate by age
hlth_ehis_mh1e$dv_463,dataset,"Database by themes > Population and social conditions > Health > Health status > Self-perceived health and well-being > Current depressive symptoms by sex, age and educational attainment level"
enpe_edat_lfse_03,dataset,Database by themes > General and regional statistics > Non EU countries > Eastern European Neighbourhood Policy countries (ENP-East) > Population and social conditions > Education > Educational attainment level > Population (aged 30-34) who completed tertiary or equivalent education - ENP-East countries
eq_mor06,table,"Database by themes > Population and social conditions > Demography, population stock and balance > Main population indicators > Population change - Demographic balance and crude rates at national level > Deaths by sex"
egi_rd1,dataset,Cross cutting topics > Cross cutting topics > Economic globalisation indicators > Research and development > Intra-mural Business Enterprise R&D Expenditures in Foreign Controlled Enterprises
ten00136,table,Database by themes > Environment and energy > Environment > Environmental protection expenditure > Environmental protection expenditure accounts based on classification of environmental purpose (CEP) > Environmental protection investments > Environmental protection investments of total economy > Environmental protection investments of total economy
rail_if_lvlcros,dataset,Database by themes > Transport > Railway transport > Railway transport infrastructure > Level crossings by type
gov_10a_emp,dataset,Database by themes > Economy and finance > Government statistics > Government finance statistics (EDP and ESA 2010) > Annual government finance statistics > General government employment
mar_qg_qm_ewhg,dataset,"Database by themes > Transport > Maritime transport > Maritime transport - main quarterly results > EU level - gross weight of goods handled in main ports, by various types of partner geographical areas"
earn_ses_pub1i$dv_353,dataset,Database by themes > Population and social conditions > Labour market > Earnings > Structure of earnings survey - main indicators > Low-wage earners and median earnings > Proportion of low-wage earners > Low-wage earners as a proportion of all employees (excluding apprentices) by educational attainment level
tus_00npaycare,dataset,Database by themes > Population and social conditions > Living conditions and welfare > Time use survey > Time use survey – 2000 and 2010 > Time spent providing childcare (as main or secondary activity) (2000 and 2010)
migr_asyresa$dv_629,dataset,"Database by themes > Population and social conditions > Migration > Asylum > Resettlement > Resettled persons by age, sex and citizenship - annual data"
enpe_sts_inppd,dataset,"Database by themes > General and regional statistics > Non EU countries > Eastern European Neighbourhood Policy countries (ENP-East) > Industry, trade and services > Short-term business statistics > Domestic industrial production price index - ENP-East countries"
tesov110,table,Cross cutting topics > Tables on EU policy > Employment and social policy indicators > Social inclusion and social policy indicators > Overarching portfolio > In-work at-risk-of-poverty rate by sex
teicp220,table,"Database by themes > Economy and finance > Prices > Harmonised index of consumer prices (HICP) > Harmonised index of consumer prices (HICP) - ECOICOP ver.2 > Harmonised index of consumer prices (HICP) - ECOICOP ver.2 - indices and rates of change, monthly data > HICP - all items excluding energy and unprocessed food"
enpe_apro_mt_ls,dataset,Database by themes > General and regional statistics > Non EU countries > Eastern European Neighbourhood Policy countries (ENP-East) > Agriculture and fisheries > Agriculture > Livestock - ENP-East countries
gov_gb,dataset,"Database by themes > Economy and finance > Government statistics > ----- > Stock of general government debt security liabilities issued as 'green bonds' - one-off data collection, experimental statistics"
educ_outc_pisa,dataset,"Database by themes > Population and social conditions > Education and training > Education and training outcomes > Education and training outcomes > Low achieving 15-year-olds in reading, mathematics or science by sex"
hlth_hc_dent,dataset,Database by themes > Population and social conditions > Health > Health care > Consultations > Consultation of a dentist per inhabitant
educ_uoe_perd04,dataset,"Database by themes > Population and social conditions > Education and training > Education personnel > Distribution of teachers and academic staff > Female school-management personnel - as % of total school-management personnel, by education level"
tespm030,table,Database by themes > Population and social conditions > Living conditions and welfare > Income and living conditions > Material deprivation > Material and social deprivation > Severe material and social deprivation rate by age and sex > Severe material and social deprivation rate
nrg_chdd_a,dataset,Database by themes > Environment and energy > Energy > Energy statistics - cooling and heating degree days > Cooling and heating degree days by country - annual data
mar_qg_qm_ewht,dataset,"Database by themes > Transport > Maritime transport > Maritime transport - main quarterly results > EU level - gross weight of goods handled in main ports, by type of traffic"
tps00216,table,"Database by themes > Population and social conditions > Demography, population stock and balance > Divorces > Divorce indicators > Crude divorce rate"
educ_uoe_grad09,dataset,Database by themes > Population and social conditions > Education and training > Education and training outcomes > Graduates > Graduates in tertiary education by education level - women per 100 men
hlth_sha11_hf$dv_2826,dataset,Database by themes > Population and social conditions > Health > Health care > Health care expenditure (SHA 2011) > Health care expenditure - summary tables > Health care expenditure by financing scheme
educ_uoe_enra22,dataset,Database by themes > General and regional statistics > Regional statistics by NUTS classification > Regional education statistics > Regional education statistics - ISCED 2011 > Pupils from age 3 to the starting age of compulsory education at primary level by NUTS 2 region - % of the population of the corresponding age
enpe_sts_trtu,dataset,"Database by themes > General and regional statistics > Non EU countries > Eastern European Neighbourhood Policy countries (ENP-East) > Industry, trade and services > Short-term business statistics > Services turnover index - calendar adjusted - ENP-East countries"
tespm070,table,Cross cutting topics > Tables on EU policy > Employment and social policy indicators > Social protection performance monitor - indicators > In-work at-risk-of-poverty rate
tipser12,table,Cross cutting topics > Tables on EU policy > Macroeconomic imbalance procedure indicators > Effective exchange rates > Nominal effective exchange rate - euro area trading partners
isoc_ci_in_h$dv_512,dataset,Database by themes > General and regional statistics > Degree of urbanisation > Digital economy and society > ICT usage in households and by individuals > Connection to the internet and computer use > Households - level of internet access
crim_pris_tri,dataset,Database by themes > Population and social conditions > Crime and criminal justice > Prison and prisoner characteristics > Prisoners by legal status of the trial process
rail_tf_ns15_be,dataset,Database by themes > Transport > Railway transport > Railway traffic > Train traffic on the rail network (2015) > Train traffic on the rail network - Belgium (2015)
irt_h_euryld_a,dataset,Database by themes > Economy and finance > Interest rates > Interest rates - historical data > Euro yield curves > Euro yield curves - annual data
nrg_pc_204_v,dataset,Database by themes > Environment and energy > Energy > Energy statistics - prices of natural gas and electricity > Energy statistics - natural gas and electricity prices (from 2007 onwards) > Household consumption volumes of electricity by consumption bands
tin00091,table,"Database by themes > Science, technology, digital society > Digital economy and society > ICT usage in households and by individuals > Internet use > Individuals - frequency of internet use > Individuals regularly using the internet"
ilc_odbt01,dataset,"Database by themes > Population and social conditions > Living conditions and welfare > Income and living conditions > EU-SILC modules > Over-indebtedness, consumption and wealth as well as labour (2020) > Arrears on non-housing bills by risk of poverty threshold"
avia_tppa,dataset,Database by themes > Transport > Air transport > Air transport performance > Passenger air transport over national territory (including territorial sea) - million passenger-km
qoe_ewcs_7a2,dataset,Cross cutting topics > Cross cutting topics > Quality of life > Productive or other main activity > Quality of employment > Assessment of the job quality > Employees having a good relationship with their supervisor by sex and age
isoc_sks_itsps,dataset,"Database by themes > Science, technology, digital society > Digital economy and society > Digital skills > ICT specialists > ICT specialists in employment > Employed information and communications technology (ICT) specialists by sex"
earn_ses_pub1a$dv_352,dataset,Database by themes > Population and social conditions > Labour market > Earnings > Structure of earnings survey - main indicators > Low-wage earners and median earnings > Proportion of low-wage earners > Low-wage earners as a proportion of all employees (excluding apprentices) by age
icw_sr_14,dataset,"Database by themes > Population and social conditions > Income, consumption and wealth - experimental statistics > Saving rates > Aggregate propensity to consume by degree of urbanisation - experimental statistics"
hsw_ac4,dataset,Database by themes > Population and social conditions > Health > Health and safety at work > Accidents at work and other work-related health problems (source LFS) > Accidents at work > Persons reporting a road traffic accident
enps_educ_parity,dataset,Database by themes > General and regional statistics > Non EU countries > Southern European Neighbourhood Policy countries (ENP-South) > Population and social conditions > Education > General education > Gender parity index by education level - ENP-South countries
tespn070,table,Cross cutting topics > Tables on EU policy > Employment and social policy indicators > Social inclusion and social policy indicators > Pensions portfolio > First streamlined objective pensions: adequate pensions > Aggregate replacement ratio for pensions (excluding other social benefits) by sex
for_protect,dataset,"Database by themes > Agriculture, forestry and fisheries > Forestry > Environmental functions > Protected forests"
tipsii10,table,Cross cutting topics > Tables on EU policy > Macroeconomic imbalance procedure indicators > MIP Scoreboard indicators > Net international investment position - annual data
mar_sg_am_ewx,dataset,"Database by themes > Transport > Maritime transport > Maritime transport - short sea shipping - main annual results > Short sea shipping - EU level - gross weight of goods transported to/from main ports, by type of cargo for each sea region of partner ports"
tesem210,table,Cross cutting topics > Tables on EU policy > Employment and social policy indicators > Employment performance monitor - indicators > At-risk of poverty rate of unemployed persons
trng_any3,dataset,Database by themes > General and regional statistics > Degree of urbanisation > Lifelong learning > Participation in any learning activities by degree of urbanisation (2003)
nama_10r_3empers$dv_1564,dataset,Database by themes > General and regional statistics > Regional statistics by NUTS classification > Regional economic accounts > Branch and household accounts > Employment (thousand persons) by NUTS 3 region
ilc_peps13n,dataset,Database by themes > General and regional statistics > Degree of urbanisation > Living conditions and welfare > Persons at risk of poverty or social exclusion by degree of urbanisation
prc_colc_nat,dataset,Database by themes > Economy and finance > Prices > Correction coefficients > Correction coefficients in the European Union (Countries) - index (Belgium = 100)
tag00039,table,"Database by themes > Agriculture, forestry and fisheries > Agriculture > Animal production > Milk and milk products > Milk collection (all milks) and dairy products obtained - annual data > Production of milk powder"
nrg_ind_ren,dataset,"Database by themes > Environment and energy > Energy > Energy statistics - quantities > Energy statistics - quantities, annual data > Share of energy from renewable sources > Main indicators - share of renewable energy"
ilc_sbjp04,dataset,Database by themes > Population and social conditions > Living conditions and welfare > Income and living conditions > Living conditions > Subjective poverty > Subjective poverty by tenure status
isoc_r_cux_i,dataset,Database by themes > General and regional statistics > Regional statistics by NUTS classification > Regional digital economy and society > Regional statistics on ICT usage in households and by individuals > Individuals who have never used a computer (2006-2017)
rail_tf_ns20_lv,dataset,Database by themes > Transport > Railway transport > Railway traffic > Train traffic on the rail network (2020) > Train traffic on the rail network - Latvia (2020)
road_eqs_semitn,dataset,Database by themes > Transport > Road transport > Road transport equipment - stock of vehicles > Road transport equipment - stock of vehicles - historical data > Semi-trailers by load capacity (until 2012)
tessi171,table,Cross cutting topics > Tables on EU policy > Employment and social policy indicators > Social inclusion and social policy indicators > Social inclusion portfolio > Secondary indicators > Overcrowding rate > Overcrowding rate by age group - EU-SILC survey
tesem240,table,Cross cutting topics > Tables on EU policy > Employment and social policy indicators > Employment performance monitor - indicators > Percentage of population (age group 25-64) in private households with at least upper secondary educational attainment
gbv_npv_cob,dataset,"Database by themes > Population and social conditions > Living conditions and welfare > Gender based violence against women > Violence by non-partner since the age of 15 > Women who have experienced violence by a non-partner, by country of birth"
earn_ses_adeci,dataset,"Database by themes > Population and social conditions > Labour market > Earnings > Structure of earnings survey 2006 > Annual earnings > Annual earnings by quantiles and contractual working time (enterprises with 10 employed persons or more) - NACE Rev. 1.1, C-O excluding L (2006)"
tag00016,table,"Database by themes > Agriculture, forestry and fisheries > Agriculture > Animal production > Livestock and meat > Livestock > Bovine population > Number of bovine animals"
gbv_npv_lim,dataset,"Database by themes > Population and social conditions > Disability > Income and living conditions > Gender based violence against women > Women who have experienced violence by a non-partner, by level of disability (activity limitation)"
iww_go_actygo07,dataset,Database by themes > Transport > Inland waterways transport > Inland waterways transport measurement - goods > Inland waterways transport measurement - goods - annual data > Inland waterways transport measurment - goods- historical annual data (1982-2007) > Container transport by type of goods and coverage (2007)
enpe_nama_10_gdp,dataset,"Database by themes > General and regional statistics > Non EU countries > Eastern European Neighbourhood Policy countries (ENP-East) > Economy and finance > National accounts > GDP, main aggregates and economic indicators > Gross domestic product at market prices - ENP-East countries"
tespn010,table,Cross cutting topics > Tables on EU policy > Employment and social policy indicators > Social inclusion and social policy indicators > Pensions portfolio > First streamlined objective pensions: adequate pensions > At-risk-of-poverty rate of older people by sex - EU-SILC survey
tespm080,table,Cross cutting topics > Tables on EU policy > Employment and social policy indicators > Social protection performance monitor - indicators > Youth unemployment ratio (age group 15-24)
teina040,table,"Database by themes > Economy and finance > National accounts (ESA 2010) > Quarterly national accounts > GDP and components > Gross domestic product (GDP) and main components (output, expenditure and income) - quarterly data > Gross fixed capital formation, current prices"
apri_pi95_vwpa,dataset,"Database by themes > Agriculture, forestry and fisheries > Agriculture > Agricultural prices and price indices > Agricultural prices - historical data > Price indices of agricultural products (1995 = 100) > Weights of producer prices of agricultural products - survey 1995"
rail_tf_ns_lv,dataset,Database by themes > Transport > Railway transport > Railway traffic > Train traffic on the rail network (2005) > Train traffic on the rail network - Latvia (2005)
enps_nama_10_gdp,dataset,"Database by themes > General and regional statistics > Non EU countries > Southern European Neighbourhood Policy countries (ENP-South) > Economy and finance > National accounts > GDP, main aggregates and economic indicators > Gross domestic product at market prices - ENP-South countries"
icw_sr_05,dataset,"Database by themes > Population and social conditions > Income, consumption and wealth - experimental statistics > Saving rates > Gini coefficient on household population - experimental statistics"
tqoe3b4,table,Database by themes > Population and social conditions > Labour market > Employment and unemployment (Labour force survey) > Labour force survey (LFS) - ad-hoc modules > Reconciliation between work and family life (2010) > Flexibility of working time > Employees by flexibility of their working schedule and economic activity (2010) > Employees with a flexible work schedule by sex
tps00177,table,"Database by themes > Population and social conditions > Migration > International migration, citizenship > Emigration > Emigration by age group, sex and citizenship > Emigration"
rail_tf_ns15_lv,dataset,Database by themes > Transport > Railway transport > Railway traffic > Train traffic on the rail network (2015) > Train traffic on the rail network - Latvia (2015)
tipsii18,table,"Cross cutting topics > Tables on EU policy > Macroeconomic imbalance procedure indicators > International investment position > Annual data > Financial derivatives and employee stock options - annual data, million units of national currency"
egi_tr1,dataset,Cross cutting topics > Cross cutting topics > Economic globalisation indicators > International trade > Export to import ratio
hlth_ehis_bm1i$dv_306,dataset,"Database by themes > Population and social conditions > Health > Health determinants > Body mass index (BMI) > Body mass index (BMI) by sex, age and income quintile"
hlth_silc_11$dv_1148,dataset,"Database by themes > Population and social conditions > Health > Health status > Self-reported chronic morbidity > People having a long-standing illness or health problem, by sex, age and income quintile"
ilc_mddd21,dataset,Database by themes > Population and social conditions > Living conditions and welfare > Income and living conditions > Material deprivation > Material deprivation by dimension > Severe material deprivation rate by NUTS 2 region
enpe_spr_exp,dataset,Database by themes > General and regional statistics > Non EU countries > Eastern European Neighbourhood Policy countries (ENP-East) > Population and social conditions > Living conditions > Social and health expenditure > Social protection expenditure excluding administrative costs (including health expenditure) - % of GDP - ENP-East countries
educ_uoe_enra28,dataset,"Database by themes > Population and social conditions > Education and training > Participation in education and training > Pupils and students - enrolments > All education levels > Out-of-school rate in population of lower secondary school age, by sex"
tesem170,table,Database by themes > Economy and finance > National accounts (ESA 2010) > Annual national accounts > Labour and capital productivity > Labour and capital productivity for total economy by industry > Labour productivity and unit labour costs - annual data > Nominal unit labour cost growth
tps00048,table,"Database by themes > Population and social conditions > Health > Health care > Health care activities > Health care activities - historical data > Hospital discharges by diagnosis, in-patients, per 100 000 inhabitants - historical data (1995-2021) > Discharges from hospitals"
sdg_14_60,dataset,Cross cutting topics > Tables on EU policy > Sustainable development indicators > Goal 14 - Life below water > Marine waters affected by eutrophication
enps_rail_if,dataset,Database by themes > General and regional statistics > Non EU countries > Southern European Neighbourhood Policy countries (ENP-South) > Transport > Rail transport > Length of rail network - ENP-South countries
enps_reg_area3,dataset,Database by themes > General and regional statistics > Non EU countries > Southern European Neighbourhood Policy countries (ENP-South) > Agriculture and fisheries > Agriculture > Total area - ENP-South countries
rail_tf_ns15_hr,dataset,Database by themes > Transport > Railway transport > Railway traffic > Train traffic on the rail network (2015) > Train traffic on the rail network - Croatia (2015)
tec00132,table,Database by themes > Economy and finance > National accounts (ESA 2010) > Annual sector accounts (ESA 2010) > Key indicators for sector accounts - annual data > Investment by institutional sectors
lc_lci_r2_cow,dataset,Database by themes > Population and social conditions > Labour market > Labour costs > Labour cost index > Labour cost index by NACE Rev. 2 activity - country weights
tec00131,table,Database by themes > Economy and finance > National accounts (ESA 2010) > Annual sector accounts (ESA 2010) > Key indicators for sector accounts - annual data > Household saving rate
teina031,table,"Database by themes > Economy and finance > National accounts (ESA 2010) > Quarterly national accounts > GDP and components > Gross domestic product (GDP) and main components (output, expenditure and income) - quarterly data > Government final consumption expenditure, volumes"
enps_gov_10dde,dataset,Database by themes > General and regional statistics > Non EU countries > Southern European Neighbourhood Policy countries (ENP-South) > Economy and finance > Deficit/surplus and debt > Total economy deficit/surplus - ENP-South countries
educ_uoe_enra17,dataset,Database by themes > General and regional statistics > Regional statistics by NUTS classification > Regional education statistics > Regional education statistics - ISCED 2011 > Pupils from age 4 to the starting age of compulsory education at primary level by NUTS 2 region - % of the population of the corresponding age
ilc_scp39$dv_2548,dataset,"Database by themes > Population and social conditions > Disability > Leisure and social participation > Political and public life > Persons participating in formal/informal voluntary activities or active citizenship by sex, age, level of disability (activity limitation) and activity type"
hsw_aw_nnasv,dataset,Database by themes > Population and social conditions > Health > Health and safety at work > Accidents at work (ESAW) - until 2007 > Number of accidents at work by NACE Rev. 1.1 activity and severity
ilc_di18,dataset,Database by themes > Population and social conditions > Living conditions and welfare > Income and living conditions > Income distribution and monetary poverty > Distribution of income > Income in real terms (2010 SILC=100)
orch_total,dataset,Database by themes > General and regional statistics > Other sub-national statistics > Orchard statistics by production region > Total area by species (area in ha)
ilc_lvhd01,dataset,Database by themes > Population and social conditions > Living conditions and welfare > Income and living conditions > EU-SILC modules > Housing difficulties (2023) > Persons having experienced housing difficulties in their lifetime by sex and current risk of poverty or social exclusion situation
enps_tour_occ_arnat,dataset,Database by themes > General and regional statistics > Non EU countries > Southern European Neighbourhood Policy countries (ENP-South) > Tourism > Arrivals at tourism accommodation establishments by type of accommodation - ENP-South countries
isoc_sks_itspa$dv_1847,dataset,"Database by themes > Science, technology, digital society > Digital economy and society > Digital skills > ICT specialists > ICT specialists in employment > Employed information and communications technology (ICT) specialists by age"
tet00037,table,"Database by themes > International trade > International trade in goods > International trade in goods - aggregated data > International trade in goods - long-term indicators > International trade > International trade of EU, the euro area and the Member States by SITC product group > Share of trade with the EU27 (from 2020)"
iss_21sopref,dataset,"Database by themes > Industry, trade and services > Globalisation in business statistics > Global value chains and international sourcing statistics > International sourcing statistics (2002-2020) - experimental statistics > Global value chains and international sourcing statistics - survey 2021 - experimental statistics > Sourcing of business functions > Enterprises by international sourcing status prior to the reference period and NACE Rev.2 activity aggregate - experimental statistics"
tps00065,table,Database by themes > Population and social conditions > Education and training > Education and training outcomes > Educational attainment level > Educational attainment of population > Population in private households by educational attainment level > Persons aged 25-64 with at least upper secondary educational attainment level by sex
migr_asytpfa$dv_1381,dataset,"Database by themes > Population and social conditions > Migration > Asylum > Temporary protection > Decisions granting temporary protection by citizenship, age and sex - annual aggregated data"
irt_h_mr3_q,dataset,Database by themes > Economy and finance > Interest rates > Interest rates - historical data > 3-month rates for euro area countries > 3-month rates for euro area countries - quarterly data
ilc_igtp03,dataset,Database by themes > Population and social conditions > Living conditions and welfare > Income and living conditions > EU-SILC modules > Intergenerational transmission of disadvantages (2019 and 2023) > At-risk-of poverty rate for adults (aged 25 to 59 years) by educational attainment level of their parents
ilc_scp40$dv_2549,dataset,"Database by themes > Population and social conditions > Disability > Leisure and social participation > Political and public life > Persons not participating in active citizenship by sex, age and level of disability (activity limitation)"
tin00096,table,Database by themes > General and regional statistics > Degree of urbanisation > Digital economy and society > ICT usage in households and by individuals > E-commerce > Internet purchases by individuals (2020 onwards) > Individuals using the internet for buying goods or services
sdg_05_40,table,Cross cutting topics > Tables on EU policy > Sustainable development indicators > Goal 5 - Gender equality > Persons outside the labour force due to caring responsibilities by sex
teina404_r2,table,Database by themes > Economy and finance > National accounts (ESA 2010) > Quarterly national accounts > GDP and components > Gross value added and income by main industry (NACE Rev.2 ) - quarterly data > Gross value added - NACE Rev. 2: A - current prices
gbv_st_occ,dataset,"Database by themes > Population and social conditions > Living conditions and welfare > Gender based violence against women > Experiences on stalking > Women who have experienced stalking, by occurrence of the last episode"
tessi166,table,Cross cutting topics > Tables on EU policy > Employment and social policy indicators > Social inclusion and social policy indicators > Social inclusion portfolio > Secondary indicators > Housing cost overburden > Housing cost overburden rate by household type - EU-SILC survey
ilc_di11_r,dataset,Database by themes > General and regional statistics > Regional statistics by NUTS classification > Regional poverty and social exclusion statistics > Income quintile share ratio S80/S20 by NUTS 2 region
teina520,table,Cross cutting topics > Tables on EU policy > Euro indicators / PEEIs > National accounts > Quarterly sector accounts > Profit share of non-financial corporations
ilc_lvps20,dataset,Database by themes > Population and social conditions > Living conditions and welfare > Income and living conditions > Living conditions > Population structure > Share of children (aged less than 18) living with their parents by type of household
enps_demo_mlexpec,dataset,Database by themes > General and regional statistics > Non EU countries > Southern European Neighbourhood Policy countries (ENP-South) > Population and social conditions > Population and demographic indicators > Demographic indicators > Life expectancy at birth by sex - ENP-South countries
tessi176,table,Cross cutting topics > Tables on EU policy > Employment and social policy indicators > Social inclusion and social policy indicators > Social inclusion portfolio > Secondary indicators > Overcrowding rate > Overcrowding rate by sex - population without single-person households - EU-SILC survey
tec00021,table,"Database by themes > Economy and finance > Government statistics > Government finance statistics (EDP and ESA 2010) > Annual government finance statistics > Government revenue, expenditure and main aggregates > Total general government revenue"
hlth_ehis_am7sa,dataset,Database by themes > Population and social conditions > Health > Health care > Home care and help > Self-reported use of home care services by people with severe difficulty in personal care activities by sex and age
earn_ses_mdeci,dataset,"Database by themes > Population and social conditions > Labour market > Earnings > Structure of earnings survey 2006 > Monthly earnings > Monthly earnings by quantiles and contractual working time (enterprises with 10 employed persons or more) - NACE Rev. 1.1, C-O excluding L (2006)"
rail_tf_ns10_be,dataset,Database by themes > Transport > Railway transport > Railway traffic > Train traffic on the rail network (2010) > Train traffic on the rail network - Belgium (2010)
tipspd14,table,"Cross cutting topics > Tables on EU policy > Macroeconomic imbalance procedure indicators > Private sector debt > Non-consolidated data > Private sector debt: debt securities by sectors, non-consolidated - million units of national currency"
prc_rem_gdp,dataset,Database by themes > Economy and finance > Prices > Remuneration of civil servants - key indicators (Art. 65) > GDP weights used in the calculation of the global specific indicator
sprt_emp_age,dataset,Database by themes > Population and social conditions > Sport > Employment in sport > Employed persons in sport by age
env_ac_mid,dataset,Database by themes > Environment and energy > Environment > Material flows and resource productivity > Material import dependency
rail_ec_emplo_s,dataset,"Database by themes > Transport > Railway transport > Railway transport - enterprises, economic performances and employment > Persons employed in principal railway enterprises by sex (until 2012)"
cens_91dame,dataset,Database by themes > Population and social conditions > Population and housing censuses > Census 1990/91 round > Dwellings > Occupied conventional dwellings by tenure status and amenities
ilc_lvhl23n,dataset,Database by themes > Population and social conditions > Living conditions and welfare > Income and living conditions > Living conditions > Health and labour conditions > Persons living in households with very low work intensity by degree of urbanisation (population aged 0 to 64 years) - EU 2030 strategy
rail_eq_vans,dataset,Database by themes > Transport > Railway transport > Railway transport equipment > Railway transport vans
sdg_07_50,table,"Database by themes > Environment and energy > Energy > Energy statistics - quantities > Energy statistics - quantities, annual data > Energy indicators > Energy imports dependency > Energy import dependency by products"
earn_nt_unemtrp,dataset,Database by themes > Population and social conditions > Labour market > Earnings > Net earnings and tax rates > Tax rate on low wage earners - unemployment trap
iss_21covt,dataset,"Database by themes > Industry, trade and services > Globalisation in business statistics > Global value chains and international sourcing statistics > International sourcing statistics (2002-2020) - experimental statistics > Global value chains and international sourcing statistics - survey 2021 - experimental statistics > COVID-19 impact on global value chains and international sourcing > Enterprises by impact of COVID-19 on turnover and NACE rev.2 activity aggregate - experimental statistics"
ilc_pw01b$dv_2751,dataset,"Database by themes > Population and social conditions > Living conditions and welfare > Income and living conditions > EU-SILC modules > Personal well-being indicators (2013, 2018 and 2022) > Life satisfaction by sex, age, educational attainment and domain"
teina011,table,"Database by themes > Economy and finance > National accounts (ESA 2010) > Quarterly national accounts > GDP and components > Gross domestic product (GDP) and main components (output, expenditure and income) - quarterly data > Gross domestic product, volumes"
ilc_lvho07c,dataset,Database by themes > Population and social conditions > Living conditions and welfare > Income and living conditions > Living conditions > Housing conditions > Housing cost burden > Housing cost overburden rate by tenure status
earn_ses14_actrl,dataset,"Database by themes > Population and social conditions > Labour market > Earnings > Structure of earnings survey 2014 > Annual earnings > Annual earnings by economic control (enterprises with 10 employed persons or more) - NACE Rev. 2, B-S excluding O (2014)"
rail_ec_expend,dataset,"Database by themes > Transport > Railway transport > Railway transport - enterprises, economic performances and employment > Expenditure on rolling stock and railway infrastructure"
gbv_any_cnq,dataset,Database by themes > Population and social conditions > Living conditions and welfare > Gender based violence against women > Violence by any perpetrator during adulthood > Women who have experienced violence by any perpetrator and consequences of violence
hlth_ehis_mh1i$dv_464,dataset,"Database by themes > Population and social conditions > Health > Health status > Self-perceived health and well-being > Current depressive symptoms by sex, age and income quintile"
rail_tf_ns10_ro,dataset,Database by themes > Transport > Railway transport > Railway traffic > Train traffic on the rail network (2010) > Train traffic on the rail network - Romania (2010)
cei_wm020,table,Cross cutting topics > Tables on EU policy > Circular economy indicators > Waste management > Recycling rate of packaging waste by type of packaging
enpe_lfsa_urgan2,dataset,Database by themes > General and regional statistics > Non EU countries > Eastern European Neighbourhood Policy countries (ENP-East) > Population and social conditions > Labour market > Unemployment > Long-term unemployment rates by sex - ENP-East countries
tespn250,table,Cross cutting topics > Tables on EU policy > Employment and social policy indicators > Social inclusion and social policy indicators > Pensions portfolio > Third streamlined objective pensions: modernised pensions > Gender differences in the relative income of elderly people (65+) - EU-SILC survey
rail_tf_hautkmo,dataset,Database by themes > Transport > Railway transport > Railway traffic > Railway traffic - historical data (1970 - 2012) > Hauled vehicle traffic performance - tkm (until 2012)
nrg_pc_206,dataset,Database by themes > Environment and energy > Energy > Energy statistics - prices of natural gas and electricity > Energy statistics - natural gas and electricity prices (from 2007 onwards) > Share for transmission and distribution in the network cost for gas and electricity – annual data
env_ac_egss3,dataset,"Database by themes > Environment and energy > Environment > Environmental goods and services sector > Environmental goods and services sector - historical data > Production, value added and employment by industry groups in the environmental goods and services sector (2000-2023)"
avia_eq_arc_agereg,dataset,Database by themes > Transport > Air transport > Air transport equipment > Commercial aircraft fleet by age of aircraft and country of registration
teibp030,table,"Cross cutting topics > Tables on EU policy > Euro indicators / PEEIs > Balance of payments > Current and capital account > Balance of payments, current and capital account, monthly data"
tipsex13,table,Cross cutting topics > Tables on EU policy > Macroeconomic imbalance procedure indicators > Export market shares > Export market shares in volume
tps00206,table,"Database by themes > Population and social conditions > Demography, population stock and balance > Marriages > Marriage indicators > Crude marriage rate"
sdg_02_53,dataset,Cross cutting topics > Tables on EU policy > Sustainable development indicators > Goal 2 - Zero hunger > Use and risk of chemical pesticides
teiis014,table,"Cross cutting topics > Tables on EU policy > Euro indicators / PEEIs > Industry, trade and services > Industry - import prices > Import prices - capital goods"
tin00134,table,"Database by themes > Science, technology, digital society > Digital economy and society > ICT usage in households and by individuals > Connection to the internet and computer use > Households - level of internet access > Level of internet access - households"
icw_sr_12,dataset,"Database by themes > Population and social conditions > Income, consumption and wealth - experimental statistics > Saving rates > Median saving rate by the self-declared level of difficulty to make ends meet - experimental statistics"
cei_cie012,dataset,Cross cutting topics > Tables on EU policy > Circular economy indicators > Competitiveness and innovation > Private investment and gross added value related to circular economy sectors
gbv_ipv_du,dataset,"Database by themes > Population and social conditions > Living conditions and welfare > Gender based violence against women > Violence by intimate partner during lifetime > Ever-partnered women who have experienced violence by an intimate partner, by degree of urbanisation"
rail_tf_ns10_sk,dataset,Database by themes > Transport > Railway transport > Railway traffic > Train traffic on the rail network (2010) > Train traffic on the rail network - Slovakia (2010)
tessi301,table,Cross cutting topics > Tables on EU policy > Employment and social policy indicators > Social inclusion and social policy indicators > Social inclusion portfolio > Context information > Median of the housing cost burden distribution by age group - EU-SILC survey
ilc_di12c,dataset,Database by themes > Population and social conditions > Living conditions and welfare > Income and living conditions > Inequality > Income inequality > Gini coefficient of equivalised disposable income before social transfers (pensions excluded from social transfers)
lfst_dpw_11,dataset,Database by themes > Population and social conditions > Labour market > Employment and unemployment (Labour force survey) > Labour force survey (LFS) series - specific topics > Digital platform employment - experimental statistics > Distribution of digital platform workers (at least one hour in the last month) by price setting - experimental statistics
egi_em1,dataset,Cross cutting topics > Cross cutting topics > Economic globalisation indicators > Employment > Employment in Foreign Controlled Enterprises
gbv_ipv_cnq,dataset,Database by themes > Population and social conditions > Living conditions and welfare > Gender based violence against women > Violence by intimate partner during lifetime > Ever-partnered women who have experienced violence by an intimate partner and consequences of violence
rail_tf_ns15_fi,dataset,Database by themes > Transport > Railway transport > Railway traffic > Train traffic on the rail network (2015) > Train traffic on the rail network - Finland (2015)
rail_tf_ns20_lt,dataset,Database by themes > Transport > Railway transport > Railway traffic > Train traffic on the rail network (2020) > Train traffic on the rail network - Lithuania (2020)
tran_hv_ms_psmod,dataset,"Database by themes > Transport > Modal split, intermodal transport and transport performance relative to GDP > Modal split of transport > Modal split of air, sea and inland passenger transport"
ilc_lvho05a$dv_2685,dataset,"Database by themes > Population and social conditions > Living conditions and welfare > Income and living conditions > Living conditions > Housing conditions > Overcrowding rate > Overcrowding rate by age, sex and poverty status - total population"
hsw_ac8$dv_386,dataset,Database by themes > Population and social conditions > Health > Health and safety at work > Accidents at work and other work-related health problems (source LFS) > Accidents at work > Persons reporting an accident at work by professional status
tesem180,table,Cross cutting topics > Tables on EU policy > Employment and social policy indicators > Employment performance monitor - indicators > Gender pay gap in unadjusted form
sdg_09_70,table,"Cross cutting topics > Tables on EU policy > Sustainable development indicators > Goal 9 - Industry, innovation and infrastructure > Air emissions intensity of manufacturing"
isoc_ci_cm_h$dv_507,dataset,Database by themes > General and regional statistics > Degree of urbanisation > Digital economy and society > ICT usage in households and by individuals > Connection to the internet and computer use > Households - availability of computers (2006-2017)
enps_avia_if,dataset,Database by themes > General and regional statistics > Non EU countries > Southern European Neighbourhood Policy countries (ENP-South) > Transport > Air transport > Number of airports - ENP-South countries
tag00101,table,"Database by themes > Agriculture, forestry and fisheries > Agriculture > Crop production > Crop production > Crop production in EU standard humidity (from 2000 onwards) > Crop production in EU standard humidity > Green maize by area, production and humidity"
earn_gr_gpgr2wt,dataset,Database by themes > Population and social conditions > Labour market > Earnings > Gender pay and earnings gaps > Gender pay gap in unadjusted form - NACE Rev. 2 activity > Gender pay gap in unadjusted form by working time and NACE Rev. 2 activity (B-S except O) - structure of earnings survey methodology
educ_uoe_enra10,dataset,"Database by themes > Population and social conditions > Education and training > Participation in education and training > Pupils and students - enrolments > All education levels > Pupils from age 4 to the starting age of compulsory education at primary level, by sex - as % of the population of the corresponding age group"
trng_cvt_22n2,dataset,Database by themes > Population and social conditions > Education and training > Participation in education and training > Continuing vocational training (CVT) in enterprises > Time spent in continuing vocational training (CVT) courses > Hours spent in CVT courses by NACE Rev. 2 activity - per thousand hours worked in enterprises providing CVT courses
gbv_shw_age,dataset,"Database by themes > Population and social conditions > Living conditions and welfare > Gender based violence against women > Sexual harassment at work during lifetime > Ever-working women who have experienced sexual harassment at work, by age group"
sdg_03_30,dataset,Cross cutting topics > Tables on EU policy > Sustainable development indicators > Goal 3 - Good health and well-being > Smoking prevalence by sex
sdg_17_60,table,"Database by themes > Science, technology, digital society > Digital economy and society > Additional indicators on digitalisation > Internet coverage and prices > Broadband internet coverage by technology > High-speed internet coverage, by type of area"
sdg_03_20,table,Cross cutting topics > Tables on EU policy > Sustainable development indicators > Goal 3 - Good health and well-being > Share of people with good or very good perceived health by sex
ei_bsci_m_r2,dataset,Database by themes > General and regional statistics > European and national indicators for short-term analysis > Business and consumer surveys > Business and consumer survey - composite indicators > Euro area business climate indicator - monthly data
rail_tf_ns10_bg,dataset,Database by themes > Transport > Railway transport > Railway traffic > Train traffic on the rail network (2010) > Train traffic on the rail network - Bulgaria (2010)
rail_tf_ns10_lv,dataset,Database by themes > Transport > Railway transport > Railway traffic > Train traffic on the rail network (2010) > Train traffic on the rail network - Latvia (2010)
road_go_na_ru3g$dv_1582,dataset,Database by themes > General and regional statistics > Regional statistics by NUTS classification > Regional transport statistics > Road freight > National road freight transport by region of unloading (NUTS 3) and type of goods (t) - annual data (from 2008 onwards)
teibp070,table,"Cross cutting topics > Tables on EU policy > Euro indicators / PEEIs > Balance of payments > Current and capital account > Balance of payments, current and capital account, quarterly data"
sbs_cre_gneea,dataset,"Database by themes > Industry, trade and services > Business structure and dynamics > Structural business statistics > Structural business statistics - historical data > SBS - services - historical data > Financial services statistics > Statistics on credit institutions > Number of branches in non-EEA countries (1997-2001)"
crim_hist,dataset,Database by themes > Population and social conditions > Crime and criminal justice > Crime - historical data (until 2007) > Crimes recorded by the police (1950-2000)
tessi172,table,Cross cutting topics > Tables on EU policy > Employment and social policy indicators > Social inclusion and social policy indicators > Social inclusion portfolio > Secondary indicators > Overcrowding rate > Overcrowding rate by poverty status - EU-SILC survey
rail_tf_ns15_ro,dataset,Database by themes > Transport > Railway transport > Railway traffic > Train traffic on the rail network (2015) > Train traffic on the rail network - Romania (2015)
migr_emi5nxt,dataset,"Database by themes > Population and social conditions > Migration > International migration, citizenship > Emigration > Emigration by group of country of next usual residence"
teina416_r2,table,Database by themes > Economy and finance > National accounts (ESA 2010) > Quarterly national accounts > GDP and components > Gross value added and income by main industry (NACE Rev.2 ) - quarterly data > Gross value added - NACE Rev. 2: F - current prices
gbv_ch_rp,dataset,"Database by themes > Population and social conditions > Living conditions and welfare > Gender based violence against women > Violence experienced in childhood > Women who have experienced sexual violence during childhood, by person/support service to whom violence was reported"
nrg_ind_idogas,dataset,"Database by themes > Environment and energy > Energy > Energy statistics - quantities > Energy statistics - quantities, annual data > Energy indicators > Natural gas import dependency by country of origin"
gbv_any_cob,dataset,"Database by themes > Population and social conditions > Living conditions and welfare > Gender based violence against women > Violence by any perpetrator during adulthood > Women who have experienced violence by any perpetrator, by country of birth"
teicp000,table,"Database by themes > Economy and finance > Prices > Harmonised index of consumer prices (HICP) > Harmonised index of consumer prices (HICP) - ECOICOP ver.2 > Harmonised index of consumer prices (HICP) - ECOICOP ver.2 - indices and rates of change, monthly data > HICP - all items"
tps00189,table,"Database by themes > Population and social conditions > Migration > Asylum > Applications > Asylum applicants by type, citizenship, age and sex - monthly data > Asylum applicants by type - monthly data"
ilc_odbt04,dataset,"Database by themes > Population and social conditions > Living conditions and welfare > Income and living conditions > EU-SILC modules > Over-indebtedness, consumption and wealth as well as labour (2020) > Loans (excluding mortgages on purchase of main residence) by income quintile"
teibp010,table,"Cross cutting topics > Tables on EU policy > Euro indicators / PEEIs > Balance of payments > Current account > Balance of payments, current account, monthly data"
gbv_ipv_ed,dataset,"Database by themes > Population and social conditions > Living conditions and welfare > Gender based violence against women > Violence by intimate partner during lifetime > Ever-partnered women who have experienced violence by an intimate partner, by level of education"
gbv_dv_type,dataset,"Database by themes > Population and social conditions > Living conditions and welfare > Gender based violence against women > Violence by domestic perpetrator during adulthood > Women who have experienced violence by a domestic perpetrator, by type of violence"
earn_gr_hgpg,dataset,Database by themes > Population and social conditions > Labour market > Earnings > Gender pay and earnings gaps > Gender pay gap in unadjusted form - NACE Rev. 1.1 activity > Gender pay gap in unadjusted form (1994 - 2006)
edat_lfso_00t4,dataset,Database by themes > Population and social conditions > Education and training > Education and training - historical data > Entry of young people into the labour market - LFS ad-hoc module 2000 > Parents educational attainment level (2000)
educ_uoe_enra20,dataset,"Database by themes > Population and social conditions > Education and training > Participation in education and training > Pupils and students - enrolments > All education levels > Pupils aged 3 years old, by sex - as % of the population of the corresponding age group"
hbs_exp_t111,dataset,Database by themes > Population and social conditions > Living conditions and welfare > Consumption expenditure of private households > Mean consumption expenditure of private households > Mean consumption expenditure per household and per adult equivalent
tipslm50,table,Cross cutting topics > Tables on EU policy > Macroeconomic imbalance procedure indicators > Effective exchange rates > Real effective exchange rate - euro area trading partners > Unit labour cost performance related to the euro area - annual data
rail_tf_ns_lu,dataset,Database by themes > Transport > Railway transport > Railway traffic > Train traffic on the rail network (2005) > Train traffic on the rail network - Luxembourg (2005)
tps00027,table,Cross cutting topics > Tables on EU policy > Employment and social policy indicators > Social inclusion and social policy indicators > Health and long-term care portfolio > Access to care > Secondary indicators > Infant mortality rates > Infant mortality rate
earn_ses_pub2a$dv_1880,dataset,"Database by themes > Population and social conditions > Labour market > Earnings > Structure of earnings survey - main indicators > Low-wage earners and median earnings > Median hourly earnings > Median hourly earnings, all employees (excluding apprentices) by age"
teibs040,table,Database by themes > General and regional statistics > European and national indicators for short-term analysis > Business and consumer surveys > Business and consumer survey - composite indicators > Employment expectations indicators - monthly data > Employment expectations by sectors
hsw_aw_nbosv,dataset,Database by themes > Population and social conditions > Health > Health and safety at work > Accidents at work (ESAW) - until 2007 > Number of accidents at work by part of body injured and severity
rail_pa_total,dataset,Database by themes > Transport > Railway transport > Railway transport measurement - passengers > Passengers transported
ilc_scp03$dv_1062,dataset,"Database by themes > Population and social conditions > Living conditions and welfare > Income and living conditions > EU-SILC modules > Social and cultural participation (2015 and 2022) > Persons participating in cultural or sport activities in the last 12 months by sex, age, educational attainment, activity type and frequency"
tipspd22,table,"Cross cutting topics > Tables on EU policy > Macroeconomic imbalance procedure indicators > MIP Scoreboard indicators > Household debt including non-profit institutions serving households, consolidated"
educ_uoe_perp03,dataset,"Database by themes > Population and social conditions > Education and training > Education personnel > Teachers and academic staff > Classroom teachers working full-time and part-time in primary, lower-secondary and upper-secondary education - as % of total active population"
rail_tf_ns15_cz,dataset,Database by themes > Transport > Railway transport > Railway traffic > Train traffic on the rail network (2015) > Train traffic on the rail network - Czech Republic (2015)
egr_conc,dataset,"Database by themes > Industry, trade and services > Globalisation in business statistics > Multinational enterprise groups in EuroGroups Register (EGR) - experimental statistics > Concentration of multinational enterprise groups by NACE Rev. 2 activity - experimental statistics"
teimf200,table,Cross cutting topics > Tables on EU policy > Euro indicators / PEEIs > Monetary and financial indicators > Exchange rates > Euro/national currency exchange rates
teiis170,table,"Cross cutting topics > Tables on EU policy > Euro indicators / PEEIs > Industry, trade and services > Industry - turnover > Turnover in industry - capital goods"
sdg_07_11,table,"Database by themes > Environment and energy > Energy > Energy statistics - quantities > Energy statistics - quantities, annual data > Energy indicators > Energy efficiency > Final energy consumption"
ilc_lvho08b,dataset,Database by themes > General and regional statistics > Degree of urbanisation > Living conditions and welfare > Median of the housing cost burden distribution by degree of urbanisation
crim_thb_vexp,dataset,Database by themes > Population and social conditions > Crime and criminal justice > Trafficking in human beings > Victims of trafficking in human beings by all forms of exploitation
tipspd16,table,"Cross cutting topics > Tables on EU policy > Macroeconomic imbalance procedure indicators > Private sector debt > Non-consolidated data > Private sector debt: loans by sectors, non-consolidated - million units of national currency"
hlth_db_emaspt,dataset,"Database by themes > Population and social conditions > Labour market > Employment and unemployment (Labour force survey) > Labour force survey (LFS) - ad-hoc modules > Labour fource survey (LFS) - ad-hoc modules, historical data > Employment of disabled persons (2002) > Percentage distribution of types of assistance provided to employed disabled people by sex"
qoe_ewcs_7b1,dataset,Cross cutting topics > Cross cutting topics > Quality of life > Productive or other main activity > Quality of employment > Work/life balance > Employed persons being able to choose their methods of work or to influence their pace of work by sex and age
tipspd24,table,"Cross cutting topics > Tables on EU policy > Macroeconomic imbalance procedure indicators > Private sector debt > Consolidated data > Private sector debt: debt securities, by sectors, consolidated - million units of national currency"
earn_ses_mctrl,dataset,"Database by themes > Population and social conditions > Labour market > Earnings > Structure of earnings survey 2006 > Monthly earnings > Monthly earnings by economic control (enterprises with 10 employed persons or more) - NACE Rev. 1.1, C-O excluding L (2006)"
tps00192,table,"Database by themes > Population and social conditions > Migration > Asylum > Decisions on applications > First instance decisions on applications by type of decision, citizenship, age and sex - annual aggregated data > First instance decisions on asylum applications by type of decision - annual aggregated data"
tin00102,table,"Database by themes > Science, technology, digital society > Digital economy and society > ICT usage in households and by individuals > Internet use > Individuals - internet activities > Individuals using the internet for looking for a job or sending a job application"
rail_tf_ns_fi,dataset,Database by themes > Transport > Railway transport > Railway traffic > Train traffic on the rail network (2005) > Train traffic on the rail network - Finland (2005)
enps_road_if,dataset,Database by themes > General and regional statistics > Non EU countries > Southern European Neighbourhood Policy countries (ENP-South) > Transport > Road transport > Length of roads network - ENP-South countries
pipe_ec_ent,dataset,Database by themes > Transport > Oil pipeline transport > Oil pipeline transport - Enterprises and employment - historical data > Oil pipeline enterprises (1990-2012)
teiis090,table,"Cross cutting topics > Tables on EU policy > Euro indicators / PEEIs > Industry, trade and services > Industry - industrial production > Production in industry - manufacturing"
ilc_iw06,dataset,Database by themes > Population and social conditions > Living conditions and welfare > Income and living conditions > Income distribution and monetary poverty > In-work poverty > In-work at-risk-of-poverty rate by months worked
tessi250,table,Cross cutting topics > Tables on EU policy > Employment and social policy indicators > Social inclusion and social policy indicators > Social inclusion portfolio > Context information > In-work at-risk-of-poverty rate by working time - EU-SILC survey
tepsr_spi130,table,Cross cutting topics > Tables on EU policy > Employment and social policy indicators > Social inclusion and social policy indicators > Overarching portfolio > Children (aged less than 18) living in households with very low work intensity by sex
tipsex10,table,Cross cutting topics > Tables on EU policy > Macroeconomic imbalance procedure indicators > Export market shares > Export market shares - 3 years % change
trng_cvt_34n1,dataset,Database by themes > Population and social conditions > Education and training > Participation in education and training > Continuing vocational training (CVT) in enterprises > Provision of initial vocational training (IVT) > Enterprises employing IVT participants by NACE Rev. 1.1 activity - % of all enterprises (2005)
gbv_ipv_comm,dataset,Database by themes > Population and social conditions > Living conditions and welfare > Gender based violence against women > Violence by intimate partner during lifetime > Perception of women as victims/non-victims of intimate partner violence by commonness of this violence against women
hlth_ehis_pe2e$dv_301,dataset,"Database by themes > Population and social conditions > Health > Health determinants > Physical activity > Time spent on health-enhancing (non-work-related) aerobic physical activity by sex, age and educational attainment level"
teiet030,table,Cross cutting topics > Tables on EU policy > Euro indicators / PEEIs > International trade > Exports of goods > Exports of goods - raw materials
tec00097,table,Database by themes > Economy and finance > Interest rates > Long-term interest rates > Maastricht criterion interest rates > EMU convergence criterion series - annual data > EMU convergence criterion series - annual data
mar_mp_aa_pphd,dataset,Database by themes > Transport > Maritime transport > Maritime transport - main annual results > Passengers embarked and disembarked in the top 20 EU ports
road_eqs_trail,dataset,"Database by themes > Transport > Road transport > Road transport equipment - stock of vehicles > Trailers and their load capacity, by permissible maximum gross weight"
hlth_hc_phys,dataset,Database by themes > Population and social conditions > Health > Health care > Consultations > Consultations - historical data > Consultation of a medical doctor (in private practice or as outpatient) per inhabitant - historical data (1960-2013)
rail_tf_ns15_mk,dataset,Database by themes > Transport > Railway transport > Railway traffic > Train traffic on the rail network (2015) > Train traffic on the rail network - the Former Yugoslav Republic of Macedonia (2015)
cei_cie020,dataset,Cross cutting topics > Tables on EU policy > Circular economy indicators > Competitiveness and innovation > Patents related to recycling and secondary raw materials
enpe_road_go,dataset,Database by themes > General and regional statistics > Non EU countries > Eastern European Neighbourhood Policy countries (ENP-East) > Transport > Road transport > Road freight transport - ENP-East countries
ilc_pw05b$dv_2766,dataset,"Database by themes > Population and social conditions > Living conditions and welfare > Income and living conditions > EU-SILC modules > Personal well-being indicators (2013, 2018 and 2022) > Persons rating their life satisfaction as high, medium or low by sex, age, educational attainment and domain"
tipsho40,dataset,Cross cutting topics > Tables on EU policy > Macroeconomic imbalance procedure indicators > Housing market > Quarterly data > House price index - quarterly data
ilc_hch17$dv_2261,dataset,"Database by themes > Population and social conditions > Disability > Disability prevalence > Difficulties in functioning in basic actions > Persons reporting basic activity difficulty by sex, age, level of difficulty and income quintile"
earn_ses10_rann,dataset,"Database by themes > General and regional statistics > Regional statistics by NUTS classification > Regional labour market statistics > Regional structure of earnings survey 2010 > Mean annual earnings by NUTS 1 region (enterprises with 10 employees or more) - NACE Rev. 2, B-S excluding O (2010)"
rail_tf_ns10_li,dataset,Database by themes > Transport > Railway transport > Railway traffic > Train traffic on the rail network (2010) > Train traffic on the rail network - Liechtenstein (2010)
teina010,table,"Cross cutting topics > Tables on EU policy > Euro indicators / PEEIs > National accounts > Gross domestic product > Gross domestic product, current prices"
teiis160,table,"Cross cutting topics > Tables on EU policy > Euro indicators / PEEIs > Industry, trade and services > Industry - turnover > Turnover in industry - intermediate goods"
crim_plce,dataset,Database by themes > Population and social conditions > Crime and criminal justice > Crime - historical data (until 2007) > Police officers (1993-2007)
road_eqr_mopeds,dataset,Database by themes > Transport > Road transport > Road transport equipment - new registration of vehicles > New mopeds and motorcycles by type of motor energy
tec00041,table,"Database by themes > Economy and finance > Balance of payments - International transactions (BPM6) > Balance of payments statistics and international investment positions (BPM6) > Balance of payments by country - annual data (BPM6) > Current account transactions - primary income: credits, debits and balance"
nrg_d_sercv,dataset,"Database by themes > Environment and energy > Energy > Energy statistics - quantities > Energy statistics - quantities, annual data > Disaggregated final energy consumption > Disaggregated final energy consumption in services – calorific values"
ilc_li33,dataset,Database by themes > Population and social conditions > Living conditions and welfare > Income and living conditions > Income distribution and monetary poverty > Monetary poverty > At-risk-of poverty rate for children by citizenship of their parents (population aged 0 to 17)
teina041,table,"Database by themes > Economy and finance > National accounts (ESA 2010) > Quarterly national accounts > GDP and components > Gross domestic product (GDP) and main components (output, expenditure and income) - quarterly data > Gross fixed capital formation, volumes"
ilc_pnp13,dataset,Database by themes > Population and social conditions > Living conditions and welfare > Income and living conditions > Income distribution and monetary poverty > Monetary poverty for elderly people > Average gender pension gap by age group
teina050,table,"Cross cutting topics > Tables on EU policy > Euro indicators / PEEIs > National accounts > External balance of goods and services > External balance of goods and services, current prices"
tps00017,table,"Database by themes > Population and social conditions > Demography, population stock and balance > Fertility (national level) > Fertility indicators > Mean age of women at childbirth and at birth of first child"
trng_cvt_22s,dataset,Database by themes > Population and social conditions > Education and training > Participation in education and training > Continuing vocational training (CVT) in enterprises > Time spent in continuing vocational training (CVT) courses > Hours spent in CVT courses by size class - per thousand hours worked in enterprises providing CVT courses
cens_91hnnch,dataset,Database by themes > Population and social conditions > Population and housing censuses > Census 1990/91 round > Households > Family nuclei by number of children
earn_ses10_actrl,dataset,"Database by themes > Population and social conditions > Labour market > Earnings > Structure of earnings survey 2010 > Annual earnings > Annual earnings by economic control (enterprises with 10 employed persons or more) - NACE Rev. 2, B-S excluding O (2010)"
gbv_dv_ed,dataset,"Database by themes > Population and social conditions > Living conditions and welfare > Gender based violence against women > Violence by domestic perpetrator during adulthood > Women who have experienced violence by a domestic perpetrator, by level of education"
irt_h_ddmr_a,dataset,Database by themes > Economy and finance > Interest rates > Interest rates - historical data > Day-to-day rates for euro area countries > Day-to-day rates for euro area countries - annual data
ten00110,table,"Database by themes > Environment and energy > Environment > Waste > Waste generation and treatment > Generation of waste by waste category, hazardousness and NACE Rev. 2 activity > Waste generated by households by year and waste category"
migr_asywitha$dv_1021,dataset,"Database by themes > Population and social conditions > Migration > Asylum > Applications > Asylum applications withdrawn by citizenship, age, sex and type of withdrawal - annual aggregated data"
gbv_dv_du,dataset,"Database by themes > Population and social conditions > Living conditions and welfare > Gender based violence against women > Violence by domestic perpetrator during adulthood > Women who have experienced violence by a domestic perpetrator, by degree of urbanisation"
rail_if_traff,dataset,Database by themes > Transport > Railway transport > Railway transport infrastructure > Length of railway lines equipped with the railway traffic management system (ERTMS)
lan_settl,dataset,"Database by themes > General and regional statistics > Land cover and land use, landscape (LUCAS) > Settlement area"
enpe_mar_go,dataset,Database by themes > General and regional statistics > Non EU countries > Eastern European Neighbourhood Policy countries (ENP-East) > Transport > Maritime transport > Gross weight of goods handled - ENP-East countries
hlth_silc_08b_r,dataset,"Database by themes > General and regional statistics > Regional statistics by NUTS classification > Regional health statistics > Health care: resources and patients (non-expenditure data) > Self-reported unmet needs for medical examination due to financial reasons, long waiting list or distance by NUTS-2-region - % of the persons having the same needs"
sdg_13_70a,dataset,Cross cutting topics > Tables on EU policy > Sustainable development indicators > Goal 13 - Climate action > Green bond issuance by corporates and governments
hlth_hc_phys2,dataset,Database by themes > Population and social conditions > Health > Health care > Consultations > Consultation of a medical doctor per inhabitant and by type of consultation
ilc_pw01b$dv_2781,dataset,"Database by themes > Population and social conditions > Living conditions and welfare > Income and living conditions > EU-SILC modules > Personal well-being indicators (2013, 2018 and 2022) > Life satisfaction by sex, age, educational attainment and domain"
tipspd25,table,"Cross cutting topics > Tables on EU policy > Macroeconomic imbalance procedure indicators > Private sector debt > Consolidated data > Private sector debt: loans, by sectors, consolidated - % of GDP"
hlth_db_emasne,dataset,"Database by themes > Population and social conditions > Labour market > Employment and unemployment (Labour force survey) > Labour force survey (LFS) - ad-hoc modules > Labour fource survey (LFS) - ad-hoc modules, historical data > Employment of disabled persons (2002) > Percentage distribution of assistance needed by not employed disabled people by sex"
migr_asydec1pc,dataset,Database by themes > Population and social conditions > Migration > Asylum > Asylum and temporary protection indicators > Asylum indicators > Asylum decisions at first instance by type of decision - % of total decisions at first instance - annual data
trng_any5,dataset,Database by themes > Population and social conditions > Education and training > Education and training - historical data > Adult learning - historical data > Lifelong learning - LFS ad-hoc module 2003 > Participation in any learning activities by size of the local unit (2003)
apri_lprc_h,dataset,"Database by themes > Agriculture, forestry and fisheries > Agriculture > Agricultural prices and price indices > Land prices and rents > Agricultural land prices by region - historical data (until 2009)"
apro_mk_fatprot,dataset,"Database by themes > Agriculture, forestry and fisheries > Agriculture > Animal production > Milk and milk products > Fat contents and protein contents (cow's milk) - annual data"
teimf100,table,Cross cutting topics > Tables on EU policy > Euro indicators / PEEIs > Monetary and financial indicators > Interest rates > Day-to-day money market interest rates
tesov250,table,Cross cutting topics > Tables on EU policy > Employment and social policy indicators > Social inclusion and social policy indicators > Overarching portfolio > Context information > At-risk-of-poverty rate before social transfers by sex - EU-SILC survey
ilc_lvho03h,dataset,Database by themes > Population and social conditions > Living conditions and welfare > Income and living conditions > Living conditions > Housing conditions > Average number of rooms per person by tenure status and dwelling type until 2001
enps_rail_pa,dataset,Database by themes > General and regional statistics > Non EU countries > Southern European Neighbourhood Policy countries (ENP-South) > Transport > Rail transport > Rail passenger traffic - ENP-South countries
sdg_14_30,dataset,"Cross cutting topics > Tables on EU policy > Sustainable development indicators > Goal 14 - Life below water > Estimated trends in fishing pressure, by fishing area"
teiis230,table,"Cross cutting topics > Tables on EU policy > Euro indicators / PEEIs > Industry, trade and services > Trade and services > Retail trade turnover - automotive fuel"
migr_asyaccm$dv_961,dataset,"Database by themes > Population and social conditions > Migration > Asylum > Applications > Asylum applicants having had their applications processed under the accelerated procedure, by age, sex and citizenship - monthly data"
teina428_r2,table,Database by themes > Economy and finance > National accounts (ESA 2010) > Quarterly national accounts > GDP and components > Gross value added and income by main industry (NACE Rev.2 ) - quarterly data > Gross value added - NACE Rev. 2: K - current prices
tessi220,table,Cross cutting topics > Tables on EU policy > Employment and social policy indicators > Social inclusion and social policy indicators > Overarching portfolio > At-risk-of-poverty rate anchored at a fixed moment in time (2019) by sex - EU-SILC survey
ilc_lvho04n,dataset,Database by themes > General and regional statistics > Regional statistics by NUTS classification > Regional poverty and social exclusion statistics > Average number of rooms per person by NUTS 2 region
teina402_r2,table,Database by themes > Economy and finance > National accounts (ESA 2010) > Quarterly national accounts > GDP and components > Gross value added and income by main industry (NACE Rev.2 ) - quarterly data > Gross value added - NACE Rev. 2: TOTAL - volumes
tespn260,table,Cross cutting topics > Tables on EU policy > Employment and social policy indicators > Social inclusion and social policy indicators > Pensions portfolio > Third streamlined objective pensions: modernised pensions > Gender differences in the aggregate replacement ratio for pensions (excluding other social benefits) - EU-SILC survey
tran_im_uiww,dataset,"Database by themes > Transport > Modal split, intermodal transport and transport performance relative to GDP > Intermodal transport - unitisation in freight transport > Unitisation in inland waterways freight transport - tonne-kilometre for gross-gross weight of goods"
tran_hv_ms_frmod,dataset,"Database by themes > Transport > Modal split, intermodal transport and transport performance relative to GDP > Modal split of transport > Modal split of air, sea and inland freight transport"
dsb_sprpb02,table,Database by themes > Population and social conditions > Disability > Social protection > Beneficiaries of disability pensions > Beneficiaries of disability pensions by sex
irt_h_cgby_m,dataset,Database by themes > Economy and finance > Interest rates > Interest rates - historical data > Central government bond yields > Central government bond yields - monthly data
tag00066,table,"Database by themes > Agriculture, forestry and fisheries > Agriculture > Agricultural prices and price indices > Selling prices of agricultural products (absolute prices) > Selling prices of animal products (absolute prices) - annual price (from 2000 onwards) > Selling prices of pigs (light)"
hlth_ps_prev,dataset,Database by themes > Population and social conditions > Health > Health care > Preventive services > Preventive cancer screenings - programme data
env_ac_curm,dataset,Database by themes > Environment and energy > Environment > Material flows and resource productivity > Circular material use rate by material type
teina444_r2,table,Database by themes > Economy and finance > National accounts (ESA 2010) > Quarterly national accounts > GDP and components > Gross value added and income by main industry (NACE Rev.2 ) - quarterly data > Gross value added - NACE Rev. 2: R-U - current prices
road_eqs_unlweig,dataset,Database by themes > Transport > Road transport > Road transport equipment - stock of vehicles > Passenger cars by unloaded weight
enpe_ilc_di11,dataset,Database by themes > General and regional statistics > Non EU countries > Eastern European Neighbourhood Policy countries (ENP-East) > Population and social conditions > Living conditions > Income distribution > Income quintile share ratio - S80/S20 - ENP-East countries
ilc_scp12$dv_2746,dataset,"Database by themes > General and regional statistics > Degree of urbanisation > Living conditions and welfare > EU-SILC ad-hoc modules > Social and cultural participation (2015) > Persons having contacts with family and relatives or friends by income quintile, household composition, degree of urbanisation and frequency"
educ_uoe_grad07,dataset,"Database by themes > Population and social conditions > Education and training > Education and training outcomes > Graduates > Graduates at doctoral level, in science, math., computing, engineering, manufacturing, construction, by sex - per 1000 of population aged 25-34"
sdg_08_40,table,Cross cutting topics > Tables on EU policy > Sustainable development indicators > Goal 8 - Decent work and economic growth > Long-term unemployment rate by sex
tipslc10,table,Cross cutting topics > Tables on EU policy > Macroeconomic imbalance procedure indicators > Poverty and social exclusion > People at risk of poverty or social exclusion
sdg_08_10,table,Database by themes > Economy and finance > National accounts (ESA 2010) > Annual national accounts > GDP and components > Gross domestic product (GDP) and main components per capita - annual data > Real GDP per capita
crim_off_cat$dv_1401,dataset,Database by themes > Population and social conditions > Crime and criminal justice > Police-recorded offences > Police-recorded offences by offence category
tessi082,table,Cross cutting topics > Tables on EU policy > Employment and social policy indicators > Social inclusion and social policy indicators > Social inclusion portfolio > Primary indicators > Material Deprivation rate by age group - EU-SILC survey
road_eqr_trams,dataset,Database by themes > Transport > Road transport > Road transport equipment - new registration of vehicles > New trams
rail_tf_ns_no,dataset,Database by themes > Transport > Railway transport > Railway traffic > Train traffic on the rail network (2005) > Train traffic on the rail network - Norway (2005)
teina020,table,"Database by themes > Economy and finance > National accounts (ESA 2010) > Quarterly national accounts > GDP and components > Gross domestic product (GDP) and main components (output, expenditure and income) - quarterly data > Final consumption expenditure of households and NPISH, current prices"
tag00055,table,"Database by themes > Agriculture, forestry and fisheries > Agriculture > Economic accounts for agriculture > Economic accounts for agriculture > Economic accounts for agriculture - values at current prices > Animal output - basic and producer prices"
rail_eq_pa_nty,dataset,"Database by themes > Transport > Railway transport > Railway transport equipment > Passenger railway vehicles, by type of vehicle"
gba_nabste,dataset,"Database by themes > Science, technology, digital society > Science and technology > Research and development (R&D) > Government budget allocations for R&D (GBARD) > Share of GBARD in total general government expenditure"
iww_ec_ent_c,dataset,"Database by themes > Transport > Inland waterways transport > Enterprises, economic performances and employment in inland waterway transport - historical data > Carrying capacity of the inland waterway transport enterprises vessels by number of vessels in enterprises (1990 - 2012)"
tag00049,table,"Database by themes > Agriculture, forestry and fisheries > Agriculture > Crop production > Crop production > Crop production in EU standard humidity (from 2000 onwards) > Crop production in EU standard humidity > Rye and winter cereal mixtures by area, production and humidity"
trng_cvt_21n1,dataset,Database by themes > Population and social conditions > Education and training > Participation in education and training > Continuing vocational training (CVT) in enterprises > Time spent in continuing vocational training (CVT) courses > Hours spent in CVT courses by NACE Rev. 1.1 activity - per thousand hours worked in all enterprises (2005)
educ_uoe_fini06,dataset,"Database by themes > Population and social conditions > Education and training > Education finance > Expenditure of/on public and private educational institutions > Ratio of annual expenditure per student at the tertiary level and primary level of education, in public educational institutions"
teina412_r2,table,Database by themes > Economy and finance > National accounts (ESA 2010) > Quarterly national accounts > GDP and components > Gross value added and income by main industry (NACE Rev.2 ) - quarterly data > Gross value added - NACE Rev. 2: C - current prices
tus_00educ$dv_571,dataset,"Database by themes > Population and social conditions > Living conditions and welfare > Time use survey > Time use survey – 2000 and 2010 > Time spent, participation time and participation rate in the main activity by sex and educational attainment level (2000 and 2010)"
tag00056,table,"Database by themes > Agriculture, forestry and fisheries > Agriculture > Economic accounts for agriculture > Economic accounts for agriculture > Economic accounts for agriculture - values at current prices > Gross value added of the agricultural industry - basic and producer prices"
teiis030,table,"Cross cutting topics > Tables on EU policy > Euro indicators / PEEIs > Industry, trade and services > Industry - domestic producer prices > Domestic producer prices - energy"
tran_sf_roadro,dataset,Database by themes > Transport > Transport safety > Road transport safety > Persons killed in road accidents by type of road
teina420_r2,table,Cross cutting topics > Tables on EU policy > Euro indicators / PEEIs > National accounts > Gross value added > Gross value added - NACE Rev. 2: G-I - current prices
migr_asydecfp,dataset,Database by themes > Population and social conditions > Migration > Asylum > Asylum and temporary protection indicators > Asylum indicators > Asylum decisions at final instance by type of decision - % of total decisions at final instance
ttr00002,table,Database by themes > Transport > Road transport > Road transport infrastructure > Length of motorways and e-roads > Total length of motorways
mar_mp_am_cft,dataset,Database by themes > Transport > Maritime transport > Maritime transport - main annual results > Passengers (excluding cruise passengers) transported from/to the main ports
ilc_lvhl30$dv_1323,dataset,Database by themes > Population and social conditions > Living conditions and welfare > Income and living conditions > Living conditions > Health and labour conditions > Labour transitions by employment status
ilc_li33$dv_1983,dataset,Database by themes > Population and social conditions > Living conditions and welfare > Income and living conditions > Income distribution and monetary poverty > Monetary poverty > At-risk-of poverty rate for children by citizenship of their parents (population aged 0 to 17)
educ_uoe_enrt05,dataset,Database by themes > General and regional statistics > Regional statistics by NUTS classification > Regional education statistics > Regional education statistics - ISCED 2011 > Ratio of the proportion of tertiary students over the proportion of the population by NUTS 1 and NUTS 2 region
lfsa_ewpsat$dv_606,dataset,Database by themes > Population and social conditions > Labour market > Employment and unemployment (Labour force survey) > Labour force survey (LFS) series - detailed annual data > Work during atypical hours > Employed persons working on Saturdays by professional status - % of total employment
hlth_hlye_h,dataset,Database by themes > Population and social conditions > Health > Health status > Healthy life years > Healthy life years (1995 - 2003)
lfso_12penstyp,dataset,Database by themes > Population and social conditions > Labour market > Employment and unemployment (Labour force survey) > Labour force survey (LFS) - ad-hoc modules > Transition from work to retirement (2012) > Persons who receive a pension by type (2012)
tespm151,table,Cross cutting topics > Tables on EU policy > Employment and social policy indicators > Social protection performance monitor - indicators > Inequality of income distribution
teina230,table,Cross cutting topics > Tables on EU policy > Euro indicators / PEEIs > National accounts > Public finance - excessive deficit procedure statistics > General government gross debt - quarterly data
ilc_mdho06a$dv_1184,dataset,"Database by themes > Population and social conditions > Living conditions and welfare > Income and living conditions > Material deprivation > Housing deprivation > Severe housing deprivation rate by age, sex and poverty status"
tec00001,table,"Database by themes > General and regional statistics > European and national indicators for short-term analysis > National accounts > Gross domestic product (GDP) and main components (output, expenditure and income) - annual data > Gross domestic product at market prices"
sbs_pen_7c,dataset,"Database by themes > Industry, trade and services > Business structure and dynamics > Structural business statistics > Structural business statistics - historical data > SBS - services - historical data > Financial services statistics > Statistics on pension funds > Autonomous pension funds - total investments by currencies (2003-2012)"
isoc_sk_cskl_i$dv_266,dataset,Database by themes > General and regional statistics > Degree of urbanisation > Digital economy and society > Digital skills > ICT users > Individuals' level of computer skills (2003-2019)
tespn090,table,Cross cutting topics > Tables on EU policy > Employment and social policy indicators > Social inclusion and social policy indicators > Pensions portfolio > First streamlined objective pensions: adequate pensions > Relative median poverty risk gap of elderly people - EU-SILC survey
tin00098,table,"Database by themes > Science, technology, digital society > Digital economy and society > ICT usage in households and by individuals > Internet use > Individuals - internet activities > Individuals using the internet for selling goods or services"
hlth_rs_bdltc,dataset,Database by themes > Population and social conditions > Health > Health care > Health care resources > Health care facilities > Beds in nursing and other residential long-term care facilities
lc_lci_r1_cow,dataset,Database by themes > Population and social conditions > Labour market > Labour costs > Labour cost index > Labour costs index - historical data > Labour cost index by NACE Rev. 1.1 activity - country weights
icw_car_04,dataset,"Database by themes > Population and social conditions > Income, consumption and wealth - experimental statistics > Household characteristics > Distribution of households by activity status of the reference person - experimental statistics"
tipser13,table,"Cross cutting topics > Tables on EU policy > Macroeconomic imbalance procedure indicators > Effective exchange rates > Real effective exchange rate - index, 42 trading partners"
cens_hndwnr,dataset,Database by themes > Population and social conditions > Population and housing censuses > Selected indicators from different population and housing censuses > Housing > Occupied conventional dwellings by number of rooms
enps_avia_typ,dataset,Database by themes > General and regional statistics > Non EU countries > Southern European Neighbourhood Policy countries (ENP-South) > Transport > Air transport > Commercial aircraft fleet by type of aircraft - ENP-South countries
hlth_ehis_sk3i$dv_1141,dataset,"Database by themes > Population and social conditions > Health > Health determinants > Tobacco consumption > Daily smokers of cigarettes by sex, age and income quintile"
hlth_hlye$dv_2041,dataset,Database by themes > Population and social conditions > Health > Health status > Healthy life years > Healthy life years by sex (from 2004 onwards)
env_ac_epite1,dataset,Database by themes > Environment and energy > Environment > Environmental protection expenditure > Environmental protection expenditure - historical data > Environmental protection expenditure accounts based on the classification of environmental protection activities and expenditure (CEPA) > Environmental protection investments > Environmental protection investments of total economy
sdg_01_50,table,Cross cutting topics > Tables on EU policy > Sustainable development indicators > Goal 1 - No poverty > Housing cost overburden rate by poverty status
hlth_cd_aperrto,dataset,"Database by themes > Population and social conditions > Health > Causes of death > Peri-neonatal mortality > Fetal, peri- and neonatal mortality rates by country of occurrence"
tipslc40,table,Cross cutting topics > Tables on EU policy > Macroeconomic imbalance procedure indicators > Poverty and social exclusion > People living in households with very low work intensity
iww_if_infrastr,dataset,Database by themes > Transport > Inland waterways transport > Inland waterways transport infrastructure > Length of navigable inland waterways by waterway type
enpe_edat_lfse_14,dataset,Database by themes > General and regional statistics > Non EU countries > Eastern European Neighbourhood Policy countries (ENP-East) > Population and social conditions > Education > Early leavers from education and training > Early leavers from education and training (aged 18-24) by sex - ENP-East countries
hsw_aw_nnaws,dataset,Database by themes > Population and social conditions > Health > Health and safety at work > Accidents at work (ESAW) - until 2007 > Number of accidents at work by NACE Rev. 1.1 activity and employment status
tsc00001,table,"Database by themes > Science, technology, digital society > Science and technology > Research and development (R&D) > Gross domestic expenditure on R&D (GERD) at national and regional level > GERD by sector of performance > Research and development expenditure by sector of performance"
ilc_chmd04,dataset,Database by themes > Population and social conditions > Living conditions and welfare > Income and living conditions > Material deprivation > Child specific material deprivation > Mean number of deprivation items among the children deprived (children aged less than 16 years)
rail_tf_ns10_si,dataset,Database by themes > Transport > Railway transport > Railway traffic > Train traffic on the rail network (2010) > Train traffic on the rail network - Slovenia (2010)
tessi295,table,Cross cutting topics > Tables on EU policy > Employment and social policy indicators > Social inclusion and social policy indicators > Social inclusion portfolio > Context information > Share of total population considering their dwelling as too dark - EU-SILC survey
enps_edat_lfse3,dataset,Database by themes > General and regional statistics > Non EU countries > Southern European Neighbourhood Policy countries (ENP-South) > Population and social conditions > Education > Educational attainment level > Population (aged 20-24) who completed at least an upper secondary educational attainment level (ISCED 2011 level 3) by sex - ENP-South countries
hlth_rs_grd2$dv_2825,dataset,Database by themes > Population and social conditions > Health > Health care > Health care resources > Health care staff > Health graduates
tipsfs20,table,"Cross cutting topics > Tables on EU policy > Macroeconomic imbalance procedure indicators > Financial sector liabilities > Non-consolidated data > Financial sector leverage, debt to equity, non-consolidated - %"
tessi175,table,Cross cutting topics > Tables on EU policy > Employment and social policy indicators > Social inclusion and social policy indicators > Social inclusion portfolio > Secondary indicators > Overcrowding rate > Overcrowding rate by household type - EU-SILC survey
tin00127,table,"Database by themes > Science, technology, digital society > Digital economy and society > ICT usage in households and by individuals > Internet use > Individuals - internet activities > Individuals using the internet for participating in social networks"
tps00003,table,Database by themes > General and regional statistics > Regional statistics by NUTS classification > Regional demographic statistics > Population and area > Population density by NUTS 3 region > Population density
tesem140,table,Cross cutting topics > Tables on EU policy > Employment and social policy indicators > Employment performance monitor - indicators > Youth unemployment rate by sex
hlth_ehis_am7sh,dataset,Database by themes > Population and social conditions > Health > Health care > Home care and help > Self-reported use of home care services by people with severe difficulty in personal care activities by age and household type
teiet215,table,Database by themes > International trade > International trade in goods > International trade in goods - aggregated data > International trade in goods - short-term indicators > Euro area trade by BEC product group > Balance of trade
cei_pc032,table,"Database by themes > Economy and finance > National accounts (ESA 2010) > Annual national accounts > GDP and components > Gross domestic product (GDP) and main components (output, expenditure and income) - annual data > Generation of waste excluding major mineral wastes per GDP unit"
tipsna70,table,Cross cutting topics > Tables on EU policy > Macroeconomic imbalance procedure indicators > Unit labour cost > Annual data > Labour productivity per hour worked - annual data
migr_respop,dataset,Database by themes > Population and social conditions > Migration > Managed migration > Managed migration indicators > Residence permits indicators > First residence permits - per thousand persons
tespn100,table,Cross cutting topics > Tables on EU policy > Employment and social policy indicators > Social inclusion and social policy indicators > Pensions portfolio > First streamlined objective pensions: adequate pensions > At-risk-of-poverty rate for pensioners - EU-SILC survey
teiis190,table,"Cross cutting topics > Tables on EU policy > Euro indicators / PEEIs > Industry, trade and services > Industry - turnover > Turnover in industry - consumer non-durables"
gbv_st_age,dataset,"Database by themes > Population and social conditions > Living conditions and welfare > Gender based violence against women > Experiences on stalking > Women who have experienced stalking, by age group"
tps00173,table,Database by themes > Population and social conditions > Labour market > Labour costs > Labour costs annual data > Labour cost levels by NACE Rev. 2 activity > Labour costs annual data - NACE Rev. 2
rail_tf_ns20_cz,dataset,Database by themes > Transport > Railway transport > Railway traffic > Train traffic on the rail network (2020) > Train traffic on the rail network - Czechia (2020)
sdg_10_10,table,"Database by themes > Economy and finance > Prices > Purchasing power parities > Purchasing power parities, price level indices, nominal and real expenditures by analytical categories - based on COICOP 2018 > Purchasing power adjusted GDP per capita"
hlth_silc_08$dv_1146,dataset,"Database by themes > Population and social conditions > Health > Health care > Unmet needs for health care > Self-reported unmet needs for medical examination by sex, age, main reason declared and income quintile"
ilc_mdsd06,dataset,Database by themes > Population and social conditions > Living conditions and welfare > Income and living conditions > Material deprivation > Material and social deprivation > Material and social deprivation rate by tenure status
tipslm80,table,Cross cutting topics > Tables on EU policy > Macroeconomic imbalance procedure indicators > Unemployment > Youth unemployment rate - % of active population aged 15-24
rail_tf_ns20_ie,dataset,Database by themes > Transport > Railway transport > Railway traffic > Train traffic on the rail network (2020) > Train traffic on the rail network - Ireland (2020)
rail_tf_ns20_fi,dataset,Database by themes > Transport > Railway transport > Railway traffic > Train traffic on the rail network (2020) > Train traffic on the rail network - Finland (2020)
gbv_shw_rp,dataset,"Database by themes > Population and social conditions > Living conditions and welfare > Gender based violence against women > Sexual harassment at work during lifetime > Ever-working women who have experienced sexual harassment at work, by person/support service to whom violence was reported during last year"
teiet070,table,Cross cutting topics > Tables on EU policy > Euro indicators / PEEIs > International trade > Exports of goods > Exports of goods - machinery and transport equipment
mar_qg_qm_pwhc,dataset,Database by themes > Transport > Maritime transport > Maritime transport - main quarterly results > Top 5 ports for containers - gross weight of goods in containers handled in each port
earn_ses_pub1s,dataset,Database by themes > Population and social conditions > Labour market > Earnings > Structure of earnings survey - main indicators > Low-wage earners and median earnings > Proportion of low-wage earners > Low-wage earners as a proportion of all employees (excluding apprentices) by sex
enps_educ_compyr,dataset,Database by themes > General and regional statistics > Non EU countries > Southern European Neighbourhood Policy countries (ENP-South) > Population and social conditions > Education > General education > Net enrolment rates by sex and education level - ENP-South countries
cens_01ndquart_lq,dataset,Database by themes > Population and social conditions > Population and housing censuses > Census 2001 round > National level > Dwellings > Living quarters by type of housing
teilm100,table,Cross cutting topics > Tables on EU policy > Euro indicators / PEEIs > Labour market > Labour cost index - quarterly data > Labour cost index by NACE Rev. 2
mar_sg_am_pwl,dataset,Database by themes > Transport > Maritime transport > Maritime transport - short sea shipping - main annual results > Gross weight of liquid bulk goods transported in short sea shipping from/to the top 5 EU ports for liquid bulk goods
tipsna30,table,"Database by themes > Economy and finance > National accounts (ESA 2010) > Annual national accounts > GDP and components > Gross domestic product (GDP) and main components (output, expenditure and income) - annual data > Terms of trade by items - 5 years % change"
teiet170,table,Database by themes > International trade > International trade in goods > International trade in goods - aggregated data > International trade in goods - short-term indicators > Euro area trade by SITC product group > Imports of goods - machinery and transport equipment
sdg_17_40,table,Cross cutting topics > Tables on EU policy > Sustainable development indicators > Goal 17 - Partnerships for the goals > General government gross debt
rail_tf_ns15_sk,dataset,Database by themes > Transport > Railway transport > Railway traffic > Train traffic on the rail network (2015) > Train traffic on the rail network - Slovakia (2015)
tec00106,table,"Database by themes > Economy and finance > Balance of payments - International transactions (BPM6) > European Union direct investments (BPM6) > EU direct investments indicators in % of GDP, impact indicators and rate of return on direct investment (BPM6) > Outward FDI stocks in % of GDP"
tag00075,table,"Database by themes > Agriculture, forestry and fisheries > Fisheries > Aquaculture production by species > Production from aquaculture excluding hatcheries and nurseries (from 2008 onwards) > Aquaculture production in tonnes and value"
tessi164,table,Cross cutting topics > Tables on EU policy > Employment and social policy indicators > Social inclusion and social policy indicators > Social inclusion portfolio > Secondary indicators > Housing cost overburden > Housing cost overburden rate by tenure status - EU-SILC survey
tag00063,table,"Database by themes > Agriculture, forestry and fisheries > Agriculture > Agricultural prices and price indices > Selling prices of agricultural products (absolute prices) > Selling prices of crop products (absolute prices) - annual price (2000-2024) > Selling prices of main crop potatoes"
hlth_ehis_al3i$dv_461,dataset,"Database by themes > Population and social conditions > Health > Health determinants > Alcohol consumption > Frequency of heavy episodic drinking by sex, age and income quintile"
hlth_cd_dar,dataset,Database by themes > Population and social conditions > Health > Causes of death > Public health themes > Deaths of residents related to dementias including Alzheimer
teiis130,table,"Cross cutting topics > Tables on EU policy > Euro indicators / PEEIs > Industry, trade and services > Industry - industrial production > Production in industry - consumer durables"
ilc_odbt14,dataset,"Database by themes > Population and social conditions > Living conditions and welfare > Income and living conditions > EU-SILC modules > Over-indebtedness, consumption and wealth as well as labour (2020) > Households maintaining the same standard of living using savings by duration and risk of poverty threshold"
ilc_igtp04,dataset,Database by themes > Population and social conditions > Living conditions and welfare > Income and living conditions > EU-SILC modules > Intergenerational transmission of disadvantages (2019 and 2023) > At-risk-of poverty rate for adults (aged 25 to 59 years) by level of financial situation of their households when respondent was around 14 years old
mar_sg_am_pwb,dataset,Database by themes > Transport > Maritime transport > Maritime transport - short sea shipping - main annual results > Gross weight of dry bulk goods transported in short sea shipping from/to the top 5 EU ports for dry bulk goods
egi_tr4,dataset,Cross cutting topics > Cross cutting topics > Economic globalisation indicators > International trade > Intermediate services trade
egi_va1,dataset,Cross cutting topics > Cross cutting topics > Economic globalisation indicators > Value added > Value Added in Foreign Controlled Enterprises
ilc_mdes05_r,dataset,"Database by themes > General and regional statistics > Regional statistics by NUTS classification > Regional poverty and social exclusion statistics > Arrears (mortgage or rent, utility bills or hire purchase) by NUTS 2 region"
sdg_16_30,table,Database by themes > Economy and finance > National accounts (ESA 2010) > Annual national accounts > Population and employment in national accounts > Population and employment - national accounts - annual data > General government total expenditure on law courts
lfsi_long_e09,dataset,"Database by themes > Population and social conditions > Labour market > Employment and unemployment (Labour force survey) > LFS main indicators > Labour market transitions - LFS longitudinal data > Transition from fixed term contracts to permanent contracts (annual averages of quarterly transitions, estimated probabilities) - experimental statistics"
enpe_apro_mt_p,dataset,Database by themes > General and regional statistics > Non EU countries > Eastern European Neighbourhood Policy countries (ENP-East) > Agriculture and fisheries > Agriculture > Meat production - ENP-East countries
teilm022,table,Cross cutting topics > Tables on EU policy > Euro indicators / PEEIs > Labour market > Harmonised unemployment - monthly data > Unemployment rate by sex - age group 25-74
tipspc16,table,"Cross cutting topics > Tables on EU policy > Macroeconomic imbalance procedure indicators > Private sector credit flow > Non-consolidated data > Private sector credit flow: loans by sectors, non-consolidated - million units of national currency"
enpe_fish_ca_main,dataset,Database by themes > General and regional statistics > Non EU countries > Eastern European Neighbourhood Policy countries (ENP-East) > Agriculture and fisheries > Fisheries > Fish catches - ENP-East countries
tet00002,table,"Database by themes > International trade > International trade in goods > International trade in goods - aggregated data > International trade in goods - long-term indicators > International trade > International trade of EU, the euro area and the Member States by SITC product group > International trade, by reporting country, total product"
tipspc20,table,"Cross cutting topics > Tables on EU policy > Macroeconomic imbalance procedure indicators > Private sector credit flow > Consolidated data > Private sector credit flow, consolidated - % GDP"
sdg_06_40,dataset,Cross cutting topics > Tables on EU policy > Sustainable development indicators > Goal 2 - Zero hunger > Nitrate in groundwater
ilc_lvho50d,dataset,Database by themes > General and regional statistics > Degree of urbanisation > Living conditions and welfare > Share of people living in under-occupied dwellings by degree of urbanisation - total population
trng_cvt_13s,dataset,Database by themes > Population and social conditions > Education and training > Participation in education and training > Continuing vocational training (CVT) in enterprises > Participants in continuing vocational training (CVT) courses > Participants in CVT courses by sex and size class - % of persons employed in enterprises providing CVT courses
isoc_sk_dskl_i$dv_317,dataset,Database by themes > General and regional statistics > Degree of urbanisation > Digital economy and society > Digital skills > ICT users > Individuals' level of digital skills (2015-2019)
tesem050,table,"Cross cutting topics > Tables on EU policy > Employment and social policy indicators > Social protection performance monitor - indicators > Employment rate of older workers, age group 55-64"
enpe_irt_lt_gby10,dataset,Database by themes > General and regional statistics > Non EU countries > Eastern European Neighbourhood Policy countries (ENP-East) > Economy and finance > Interest and exchange rates > Government bond yields - 10 years' maturity - ENP-East countries
sdg_05_50,dataset,Cross cutting topics > Tables on EU policy > Sustainable development indicators > Goal 5 - Gender equality > Seats held by women in national parliaments and governments
icw_sr_13,dataset,"Database by themes > Population and social conditions > Income, consumption and wealth - experimental statistics > Saving rates > Median saving rate by degree of urbanisation - experimental statistics"
sts_tot_prod_a,dataset,"Database by themes > Industry, trade and services > Short-term business statistics > Market economy > Market production > Market production - annual data"
road_eqr_bussea,dataset,"Database by themes > Transport > Road transport > Road transport equipment - new registration of vehicles > Seat capacity of new motor coaches, buses and trolley buses"
enps_demo_frate1,dataset,Database by themes > General and regional statistics > Non EU countries > Southern European Neighbourhood Policy countries (ENP-South) > Population and social conditions > Population and demographic indicators > Demographic indicators > Fertility rate - ENP-South countries
sdg_14_10,table,Cross cutting topics > Tables on EU policy > Sustainable development indicators > Goal 14 - Life below water > Marine protected areas
gbv_ipv_occ,dataset,"Database by themes > Population and social conditions > Living conditions and welfare > Gender based violence against women > Violence by intimate partner during lifetime > Ever-partnered women who have experienced violence by an intimate partner, by occurrence of the last episode"
tps00146,table,"Database by themes > General and regional statistics > Regional statistics by NUTS classification > Regional health statistics > Causes of death > Causes of death - standardised death rate by NUTS 2 region of residence > Death due to homicide, assault, by sex"
teicp200,table,"Database by themes > Economy and finance > Prices > Harmonised index of consumer prices (HICP) > Harmonised index of consumer prices (HICP) - ECOICOP ver.2 > Harmonised index of consumer prices (HICP) - ECOICOP ver.2 - indices and rates of change, monthly data > HICP - all items excluding energy, food, alcohol and tobacco"
tec00038,table,"Database by themes > Economy and finance > Balance of payments - International transactions (BPM6) > Balance of payments statistics and international investment positions (BPM6) > Balance of payments by country - annual data (BPM6) > Current account transactions - credits, debits and balance"
rail_tf_ns_tr,dataset,Database by themes > Transport > Railway transport > Railway traffic > Train traffic on the rail network (2005) > Train traffic on the rail network - Türkiye (2005)
egi_tr5,dataset,Cross cutting topics > Cross cutting topics > Economic globalisation indicators > International trade > Trade in services with the top 5 partners
teiet020,table,"Cross cutting topics > Tables on EU policy > Euro indicators / PEEIs > International trade > Exports of goods > Exports of goods - food, drinks and tobacco"
for_profnc,dataset,"Database by themes > Agriculture, forestry and fisheries > Forestry > Environmental functions > Protective functions of forests"
rail_tf_ns20_no,dataset,Database by themes > Transport > Railway transport > Railway traffic > Train traffic on the rail network (2020) > Train traffic on the rail network - Norway (2020)
earn_ses10_adeci,dataset,"Database by themes > Population and social conditions > Labour market > Earnings > Structure of earnings survey 2010 > Annual earnings > Annual earnings by quantiles and contractual working time (enterprises with 10 employed persons or more) - NACE Rev. 2, B-S excluding O (2010)"
bs_bs6_04,dataset,"Database by themes > Industry, trade and services > Business structure and dynamics > Structural business statistics > Structural business statistics - historical data > SBS - services - historical data > Business services statistics > Business Services (2004-2020) > Number of enterprises carrying out cross border trade by type of cross border trade and employment size class (2004)"
tec00112,table,"Database by themes > Economy and finance > National accounts (ESA 2010) > Annual national accounts > Population and employment in national accounts > Employment by main industry (NACE Rev.2) - national accounts - annual data > Employment, domestic concept - Total"
gbv_npv_ed,dataset,"Database by themes > Population and social conditions > Living conditions and welfare > Gender based violence against women > Violence by non-partner since the age of 15 > Women who have experienced violence by a non-partner, by level of education"
earn_ses_pub1s$dv_354,dataset,Database by themes > Population and social conditions > Labour market > Earnings > Structure of earnings survey - main indicators > Low-wage earners and median earnings > Proportion of low-wage earners > Low-wage earners as a proportion of all employees (excluding apprentices) by sex
tec00118,table,"Database by themes > Economy and finance > Prices > Harmonised index of consumer prices (HICP) > Harmonised index of consumer prices (HICP) - ECOICOP ver.2 > Harmonised index of consumer prices (HICP) - ECOICOP ver.2 - indices and rates of change, annual data > HICP - inflation rate"
tps00116,table,"Database by themes > General and regional statistics > Regional statistics by NUTS classification > Regional health statistics > Causes of death > Causes of death - standardised death rate by NUTS 2 region of residence > Death due to cancer, by sex"
ilc_mdes04_r,dataset,Database by themes > General and regional statistics > Regional statistics by NUTS classification > Regional poverty and social exclusion statistics > Inability to face unexpected financial expenses by NUTS 2 region
tec00113,table,Database by themes > Economy and finance > National accounts (ESA 2010) > Annual sector accounts (ESA 2010) > ----- > Non-financial transactions - annual data > Adjusted gross disposable income of households per capita in PPS
tps00143,table,"Database by themes > General and regional statistics > Regional statistics by NUTS classification > Regional health statistics > Causes of death > Causes of death - standardised death rate by NUTS 2 region of residence > Death due to AIDS (HIV-disease), by sex"
enps_env_air_emis,dataset,Database by themes > General and regional statistics > Non EU countries > Southern European Neighbourhood Policy countries (ENP-South) > Environment and energy > Environment > Air emissions > Air pollutants - ENP-South countries
tepsr_lm210,table,Cross cutting topics > Tables on EU policy > European pillar of social rights (EPSR) > Equal opportunities > Equal opportunities - secondary indicators > Gender gap in part-time employment
enps_ilc_di11,dataset,Database by themes > General and regional statistics > Non EU countries > Southern European Neighbourhood Policy countries (ENP-South) > Population and social conditions > Living conditions > Income distribution > Income quintile share ratio - S80/S20 - ENP-South countries
teicp270,table,Cross cutting topics > Tables on EU policy > Euro indicators / PEEIs > Housing market statistics > House price index (2025 = 100) - quarterly data
ilc_hch15,dataset,Database by themes > Population and social conditions > Living conditions and welfare > Income and living conditions > Living conditions > Children's health > Children with unmet needs for medical examination or treatment by specific reason
ilc_pnp3,dataset,Database by themes > Population and social conditions > Living conditions and welfare > Income and living conditions > Income distribution and monetary poverty > Monetary poverty for elderly people > Aggregate replacement ratio for pensions (excluding other social benefits) by sex
eq_pop04,table,"Database by themes > Population and social conditions > Demography, population stock and balance > Main population indicators > Population structure indicators at national level > Median age by sex"
enpe_educ_figdp,dataset,Database by themes > General and regional statistics > Non EU countries > Eastern European Neighbourhood Policy countries (ENP-East) > Population and social conditions > Education > Expenditure on education > Public expenditure on education - ENP-East countries
rail_tf_ns10_mk,dataset,Database by themes > Transport > Railway transport > Railway traffic > Train traffic on the rail network (2010) > Train traffic on the rail network - the Former Yugoslav Republic of Macedonia (2010)
ilc_scp37$dv_2543,dataset,"Database by themes > Population and social conditions > Disability > Leisure and social participation > Leisure and cultural participation > Persons participating in cultural or sport activities by sex, age, level of disability (activity limitation), activity type and frequency"
rail_tf_ns20_ro,dataset,Database by themes > Transport > Railway transport > Railway traffic > Train traffic on the rail network (2020) > Train traffic on the rail network - Romania (2020)
gbv_ipv_age,dataset,"Database by themes > Population and social conditions > Living conditions and welfare > Gender based violence against women > Violence by intimate partner during lifetime > Ever-partnered women who have experienced violence by an intimate partner, by age group"
tag00027,table,"Database by themes > Agriculture, forestry and fisheries > Agriculture > Crop production > Crop production > Crop production in EU standard humidity (from 2000 onwards) > Crop production in EU standard humidity > Cereals for the production of grain (including seed) by area, production and humidity"
ilc_peps11n,dataset,Database by themes > General and regional statistics > Regional statistics by NUTS classification > Regional poverty and social exclusion statistics > Persons at risk of poverty or social exclusion by NUTS 2 region
ilc_hch16$dv_2262,dataset,"Database by themes > Population and social conditions > Disability > Disability prevalence > Difficulties in functioning in basic actions > Persons reporting basic activity difficulty by sex, age, level of difficulty and educational attainment level"
iww_ec_ent_n,dataset,"Database by themes > Transport > Inland waterways transport > Enterprises, economic performances and employment in inland waterway transport - historical data > Inland waterway transport enterprises by number of vessels (1990 - 2012)"
trng_nfe4,dataset,Database by themes > General and regional statistics > Degree of urbanisation > Lifelong learning > Participation in non-formal education and training by degree of urbanisation (2003)
gbv_ipv_cob,dataset,"Database by themes > Population and social conditions > Living conditions and welfare > Gender based violence against women > Violence by intimate partner during lifetime > Ever-partnered women who have experienced violence by an intimate partner, by country of birth"
hlth_co_bedoc,dataset,Database by themes > Population and social conditions > Health > Health care > Health care activities > Inpatient curative care bed occupancy rate by type of care
rail_tf_ns_si,dataset,Database by themes > Transport > Railway transport > Railway traffic > Train traffic on the rail network (2005) > Train traffic on the rail network - Slovenia (2005)
ilc_lvhd03,dataset,Database by themes > Population and social conditions > Living conditions and welfare > Income and living conditions > EU-SILC modules > Housing difficulties (2023) > Persons having experienced housing difficulties in their lifetime by sex and group of country of birth
sdg_10_20,dataset,Cross cutting topics > Tables on EU policy > Sustainable development indicators > Goal 10 - Reduced inequalities > Disparities in adjusted gross disposable income of households per capita
tespm120,table,Cross cutting topics > Tables on EU policy > Employment and social policy indicators > Social protection performance monitor - indicators > Healthy life years at 65 - males
rail_if_tracks,dataset,Database by themes > Transport > Railway transport > Railway transport infrastructure > Length of railway tracks by electrification of tracks
sdg_15_60,table,Cross cutting topics > Tables on EU policy > Sustainable development indicators > Goal 2 - Zero hunger > Common bird index by type of species - EU aggregate
hsw_ij_nuse,dataset,"Database by themes > Population and social conditions > Health > Health and safety at work > Work related health problems and accidental injuries - LFS 1999 > Accidental injuries > Accidental injuries at work in 1999, by sex"
icw_car_02,dataset,"Database by themes > Population and social conditions > Income, consumption and wealth - experimental statistics > Household characteristics > Distribution of households by household type - experimental statistics"
rail_tf_ns_be,dataset,Database by themes > Transport > Railway transport > Railway traffic > Train traffic on the rail network (2005) > Train traffic on the rail network - Belgium (2005)
tipsen10,table,"Database by themes > Economy and finance > National accounts (ESA 2010) > Annual national accounts > GDP and components > Gross domestic product (GDP) and main components (output, expenditure and income) - annual data > Net trade balance of energy products - % of GDP"
road_eqs_busmot_h,dataset,"Database by themes > Transport > Road transport > Road transport equipment - stock of vehicles > Road transport equipment - stock of vehicles - historical data > Motor coaches, buses and trolley buses by type of motor energy (until 2013)"
trng_any4,dataset,Database by themes > Population and social conditions > Education and training > Education and training - historical data > Adult learning - historical data > Lifelong learning - LFS ad-hoc module 2003 > Participation in any learning activities by NACE Rev. 1.1 activity (2003)
trng_cvt_24s,dataset,Database by themes > Population and social conditions > Education and training > Participation in education and training > Continuing vocational training (CVT) in enterprises > Time spent in continuing vocational training (CVT) courses > Hours spent in CVT courses by size class - per person employed in enterprises providing CVT courses
tipsii12,table,"Cross cutting topics > Tables on EU policy > Macroeconomic imbalance procedure indicators > International investment position > Annual data > Direct investment - annual data, million units of national currency"
rail_tf_ns10_no,dataset,Database by themes > Transport > Railway transport > Railway traffic > Train traffic on the rail network (2010) > Train traffic on the rail network - Norway (2010)
ilc_scp38$dv_2544,dataset,"Database by themes > Population and social conditions > Disability > Leisure and social participation > Leisure and cultural participation > Persons not participating in cultural or sport activities in the last 12 months by sex, age, level of disability (activity limitation), activity type and reasons"
iww_ec_invest,dataset,Database by themes > Transport > Inland waterways transport > Expenditure on inland waterway transport infrastructure and freight vessels
sdg_08_20a,table,Cross cutting topics > Tables on EU policy > Sustainable development indicators > Goal 8 - Decent work and economic growth > Young persons neither in employment nor in education and training (NEET) by citizenship
cei_pc040,table,Cross cutting topics > Tables on EU policy > Circular economy indicators > Production and consumption > Generation of packaging waste per capita
enps_ilc_natln,dataset,Database by themes > General and regional statistics > Non EU countries > Southern European Neighbourhood Policy countries (ENP-South) > Population and social conditions > Living conditions > Relative poverty > Poverty headcount ratio by sex (proportion of persons below the national poverty line) - ENP-South countries
irt_h_mr3_a,dataset,Database by themes > Economy and finance > Interest rates > Interest rates - historical data > 3-month rates for euro area countries > 3-month rates for euro area countries - annual data
tin00116,table,"Database by themes > Science, technology, digital society > Digital economy and society > ICT usage in enterprises > E-business > Integration of internal processes by size class of enterprise > Share of enterprises using any business software (ERP, CRM or BI)"
hlth_ehis_al3e$dv_450,dataset,"Database by themes > Population and social conditions > Health > Health determinants > Alcohol consumption > Frequency of heavy episodic drinking by sex, age and educational attainment level"
ttr00016,table,"Database by themes > Transport > Air transport > Air transport measurement - passengers > Overview of the air passenger transport by country and airports > Air passenger transport by type of schedule, transport coverage and country > Air transport of passengers by country and type of transport (monthly data)"
hlth_sha11_hc$dv_2841,dataset,Database by themes > Population and social conditions > Health > Health care > Health care expenditure (SHA 2011) > Health care expenditure - summary tables > Health care expenditure by function
tgs00078,table,Database by themes > General and regional statistics > Regional statistics by NUTS classification > Regional transport statistics > Other regional transport > Air transport of freight by NUTS 2 region > Air transport of freight by NUTS 2 region
tag00093,table,"Database by themes > Agriculture, forestry and fisheries > Agriculture > Crop production > Crop production > Crop production in EU standard humidity (from 2000 onwards) > Crop production in EU standard humidity > Grain maize and corn-cob-mix by area, production and humidity"
gbv_ch_age,dataset,"Database by themes > Population and social conditions > Living conditions and welfare > Gender based violence against women > Violence experienced in childhood > Women who have experienced sexual violence during childhood, by age group"
road_eqs_trailn,dataset,Database by themes > Transport > Road transport > Road transport equipment - stock of vehicles > Road transport equipment - stock of vehicles - historical data > Trailers by load capacity (until 2012)
enps_nrg_bal_c1,dataset,Database by themes > General and regional statistics > Non EU countries > Southern European Neighbourhood Policy countries (ENP-South) > Environment and energy > Energy > Final energy consumption by sector - ENP-South countries
teicp230,table,"Database by themes > Economy and finance > Prices > Harmonised index of consumer prices (HICP) > Harmonised index of consumer prices (HICP) - ECOICOP ver.2 > Harmonised index of consumer prices (HICP) - ECOICOP ver.2 - indices and rates of change, monthly data > HICP - all items excluding energy and seasonal food"
sdg_15_61,dataset,Cross cutting topics > Tables on EU policy > Sustainable development indicators > Goal 15 - Life on land > Grassland butterfly index - EU aggregate
irt_h_ddmr_q,dataset,Database by themes > Economy and finance > Interest rates > Interest rates - historical data > Day-to-day rates for euro area countries > Day-to-day rates for euro area countries - quarterly data
rail_tf_trainmv,dataset,Database by themes > Transport > Railway transport > Railway traffic > Goods and passenger train traffic performance
edat_lfse_14$dv_356,dataset,Database by themes > Population and social conditions > Education and training > Education and training outcomes > Transition from education to work > Early leavers from education and training > Early leavers from education and training by labour status
teiet010,table,Cross cutting topics > Tables on EU policy > Euro indicators / PEEIs > International trade > Exports of goods > Exports of goods - total
tps00099,table,Database by themes > Population and social conditions > Social protection > Social protection expenditure > Expenditure on social protection by type of expenditure > Expenditure on social protection per inhabitant at constant prices
trng_cvt_24n2,dataset,Database by themes > Population and social conditions > Education and training > Participation in education and training > Continuing vocational training (CVT) in enterprises > Time spent in continuing vocational training (CVT) courses > Hours spent in CVT courses by NACE Rev. 2 activity - per person employed in enterprises providing CVT courses
teiis050,table,"Cross cutting topics > Tables on EU policy > Euro indicators / PEEIs > Industry, trade and services > Industry - domestic producer prices > Domestic producer prices - capital goods"
tipspd26,table,"Cross cutting topics > Tables on EU policy > Macroeconomic imbalance procedure indicators > Private sector debt > Consolidated data > Private sector debt: loans, by sectors, consolidated - million units of national currency"
tipsna50,table,"Database by themes > Economy and finance > National accounts (ESA 2010) > Annual national accounts > Capital formation and stocks > Gross fixed capital formation by main asset type - annual data > Residential construction - annual data, % of GDP"
trng_inf3,dataset,Database by themes > General and regional statistics > Degree of urbanisation > Lifelong learning > Participation in informal learning by degree of urbanisation (2003)
lfso_12reduchrs,dataset,Database by themes > Population and social conditions > Labour market > Employment and unemployment (Labour force survey) > Labour force survey (LFS) - ad-hoc modules > Transition from work to retirement (2012) > Persons who reduced their working hours in a move towards retirement (2012)
hsw_occ_ina,dataset,Database by themes > Population and social conditions > Health > Health and safety at work > Occupational diseases (EODS; 2013 onwards) - experimental statistics > EU index of occupational diseases (2013=100) - experimental statistics
teicp290,table,"Database by themes > Economy and finance > Prices > Harmonised index of consumer prices (HICP) > Harmonised index of consumer prices (HICP) - ECOICOP ver.2 > Harmonised index of consumer prices (HICP) - ECOICOP ver.2 - indices and rates of change, monthly data > HICP - non-energy industrial goods"
hlth_ehis_bm1e$dv_309,dataset,"Database by themes > Population and social conditions > Health > Health determinants > Body mass index (BMI) > Body mass index (BMI) by sex, age and educational attainment level"
tet00003,table,"Database by themes > General and regional statistics > European and national indicators for short-term analysis > National accounts > Gross domestic product (GDP) and main components (output, expenditure and income) - annual data > Exports of goods and services in % of GDP"
iss_18bfmmag,dataset,"Database by themes > Industry, trade and services > Globalisation in business statistics > Global value chains and international sourcing statistics > International sourcing statistics (2002-2020) - experimental statistics > International sourcing statistics - survey 2018 - experimental statistics > International sourcing and relocation of business functions - experimental statistics > Relocation of business function to home country > Enterprises by type of movement of business functions from abroad and by NACE Rev.2 activity - experimental statistics"
road_eqr_carbua,dataset,"Database by themes > Transport > Road transport > Road transport equipment - new registration of vehicles > Road transport equipment - new registration of vehicles - historical data > New passenger cars, motor coaches, buses and trolley buses by alternative motor energy (until 2012)"
lfst_dpw_08,dataset,Database by themes > Population and social conditions > Labour market > Employment and unemployment (Labour force survey) > Labour force survey (LFS) series - specific topics > Digital platform employment - experimental statistics > Distribution of digital platform workers (at least one hour in the last month) by type of work assignment - experimental statistics
enps_nama_10_gdp_ea,dataset,"Database by themes > General and regional statistics > Non EU countries > Southern European Neighbourhood Policy countries (ENP-South) > Economy and finance > National accounts > GDP, main aggregates and economic indicators > Gross domestic product at market prices by expenditure - ENP-South countries"
road_eqs_caralt,dataset,Database by themes > Transport > Road transport > Road transport equipment - stock of vehicles > Road transport equipment - stock of vehicles - historical data > Passenger cars by alternative motor energy (until 2012)
ilc_lvho07d,dataset,Database by themes > General and regional statistics > Degree of urbanisation > Living conditions and welfare > Housing cost overburden rate by degree of urbanisation
tin00099,table,"Database by themes > Science, technology, digital society > Digital economy and society > ICT usage in households and by individuals > Internet use > Individuals - internet activities > Individuals using the internet for internet banking"
ilc_li48,dataset,Database by themes > General and regional statistics > Degree of urbanisation > Living conditions and welfare > At-risk-of-poverty rate after deducting housing costs by degree of urbanisation
road_go_ca_c,dataset,"Database by themes > Transport > Road transport > Road freight transport measurement > Road cabotage transport > Road cabotage transport by country in which cabotage takes place (t, tkm) - (from 1999 onwards)"
earn_nt_taxwedge,dataset,Database by themes > Population and social conditions > Labour market > Earnings > Net earnings and tax rates > Tax rate on low wage earners - tax wedge on labour costs
ilc_pecs01,dataset,Database by themes > Population and social conditions > Living conditions and welfare > Income and living conditions > Persons at risk of poverty or social exclusion (EU 2030 target) > ----- > Persons at risk of poverty or social exclusion - EU2030 target
sdg_17_10,dataset,Cross cutting topics > Tables on EU policy > Sustainable development indicators > Goal 17 - Partnerships for the goals > Official development assistance as share of gross national income
gbv_ipv_lim,dataset,"Database by themes > Population and social conditions > Disability > Income and living conditions > Gender based violence against women > Ever-partnered women who have experienced violence by an intimate partner, by level of disability (activity limitation)"
tec00010,table,"Database by themes > General and regional statistics > European and national indicators for short-term analysis > National accounts > Gross domestic product (GDP) and main components (output, expenditure and income) - annual data > Final consumption expenditure of general government"
hsw_hp_nuse,dataset,"Database by themes > Population and social conditions > Health > Health and safety at work > Work related health problems and accidental injuries - LFS 1999 > Health problems > Work-related health problems in 1999, by sex"
tipsbd20,dataset,"Cross cutting topics > Tables on EU policy > Macroeconomic imbalance procedure indicators > Consolidated banking data > Consolidated banking leverage, domestic and foreign entities (asset-to-equity multiple)"
tag00100,table,"Database by themes > Agriculture, forestry and fisheries > Agriculture > Crop production > Crop production > Crop production in EU standard humidity (from 2000 onwards) > Crop production in EU standard humidity > Rape, turnip rape, sunflower seeds and soya by area"
ilc_di11i,dataset,Database by themes > Population and social conditions > Living conditions and welfare > Income and living conditions > Inequality > Income inequality > Effect of taxes and social transfers on income quintile share ratio S80/S20
crim_thb_vctz$dv_1643,dataset,Database by themes > Population and social conditions > Crime and criminal justice > Trafficking in human beings > Victims of trafficking in human beings by citizenship
mar_qg_qm_pwhr,dataset,Database by themes > Transport > Maritime transport > Maritime transport - main quarterly results > Top 5 ports for Ro-ro units - gross weight of goods in Ro-Ro units handled in each port
lfst_r_edatd_22,dataset,Database by themes > General and regional statistics > Regional statistics by NUTS classification > Regional labour market statistics > Labour market disparities > Regional disparities in the rate of young people neither in employment nor in education and training (NEET) (NUTS level 2)
ilc_scp03$dv_552,dataset,"Database by themes > Population and social conditions > Living conditions and welfare > Income and living conditions > EU-SILC modules > Social and cultural participation (2015 and 2022) > Persons participating in cultural or sport activities in the last 12 months by sex, age, educational attainment, activity type and frequency"
sdg_09_60,table,"Database by themes > Transport > Modal split, intermodal transport and transport performance relative to GDP > Modal split of transport > Modal split of inland freight transport > Share of rail and inland waterways in inland freight transport"
tipspd23,table,"Cross cutting topics > Tables on EU policy > Macroeconomic imbalance procedure indicators > Private sector debt > Consolidated data > Private sector debt: debt securities, by sectors, consolidated - % of GDP"
tesem070,table,Cross cutting topics > Tables on EU policy > Employment and social policy indicators > Employment performance monitor - indicators > Youth employment rate (age group 20-29)
lfsa_ewpnig$dv_605,dataset,Database by themes > Population and social conditions > Labour market > Employment and unemployment (Labour force survey) > Labour force survey (LFS) series - detailed annual data > Work during atypical hours > Employed persons working at nights by professional status - % of total employment
lfsa_ergaed$dv_319,dataset,Database by themes > Population and social conditions > Education and training > Education and training outcomes > Educational attainment level > Educational attainment and labour force participation > Employment rates by educational attainment level
tag00124,table,"Database by themes > Agriculture, forestry and fisheries > Agriculture > Farm structure > Farm structural indicators > Livestock units by animal groups and size classes of livestock units > Agricultural holdings with livestock"
tqoe4a3,table,Cross cutting topics > Cross cutting topics > Migrant integration and children in migration > Migrant integration > Employment > Employment and self-employment > Employed persons by citizenship > Employed persons being self-employed without employees by sex
road_go_ca_d_c,dataset,Database by themes > Transport > Road transport > Road freight transport measurement > Road cabotage transport > Road cabotage transport - historical data (1991-1998) > Road cabotage transport by country in which cabotage takes place (tkm) - (1991-1997)
mar_mg_aa_pwhd,dataset,Database by themes > Transport > Maritime transport > Maritime transport - main annual results > Gross weight of goods handled in the top 20 EU ports by direction
rail_tf_ns15_lt,dataset,Database by themes > Transport > Railway transport > Railway traffic > Train traffic on the rail network (2015) > Train traffic on the rail network - Lithuania (2015)
tespn270,table,Cross cutting topics > Tables on EU policy > Employment and social policy indicators > Social inclusion and social policy indicators > Pensions portfolio > Third streamlined objective pensions: modernised pensions > Gender differences in the relative income of older people - EU-SILC survey
rail_tf_ns10_hr,dataset,Database by themes > Transport > Railway transport > Railway traffic > Train traffic on the rail network (2010) > Train traffic on the rail network - Croatia (2010)
sdg_03_11,table,Cross cutting topics > Tables on EU policy > Sustainable development indicators > Replaced EU SDG indicators > Replaced 2025 EU SDG indicators > Healthy life years at birth by sex
ten00001,table,Database by themes > Environment and energy > Environment > Water > Water statistics on national level > Renewable freshwater resources > Water resources: long-term annual average
tin00085,table,"Database by themes > Science, technology, digital society > Digital economy and society > ICT sector > Percentage of the ICT sector personnel in total employment > Percentage of the ICT sector personnel in total employment"
teiis150,table,"Cross cutting topics > Tables on EU policy > Euro indicators / PEEIs > Industry, trade and services > Industry - turnover > Turnover in industry - manufacturing"
earn_mw_avgr1,dataset,Database by themes > Population and social conditions > Labour market > Earnings > Minimum wages > Monthly minimum wage as a proportion of average monthly earnings (%) - NACE Rev. 1.1 (1999-2009)
tespm100,table,Cross cutting topics > Tables on EU policy > Employment and social policy indicators > Social protection performance monitor - indicators > Aggregate replacement ratio
env_ac_cur,dataset,Database by themes > Environment and energy > Environment > Material flows and resource productivity > Circular material use rate
enps_mar_eq300,dataset,Database by themes > General and regional statistics > Non EU countries > Southern European Neighbourhood Policy countries (ENP-South) > Transport > Maritime transport > Number of ships of 300 GT and over - ENP-South countries
enpe_rail_go,dataset,Database by themes > General and regional statistics > Non EU countries > Eastern European Neighbourhood Policy countries (ENP-East) > Transport > Rail transport > Goods transported by rail - ENP-East countries
tin00093,table,"Database by themes > Science, technology, digital society > Digital economy and society > ICT usage in households and by individuals > Internet use > Individuals - internet use > Individuals who have never used the internet"
enpe_nama_10_pe,dataset,"Database by themes > General and regional statistics > Non EU countries > Eastern European Neighbourhood Policy countries (ENP-East) > Economy and finance > National accounts > GDP, main aggregates and economic indicators > Employment growth (domestic concept) - ENP-East countries"
tepsr_sp210,table,Cross cutting topics > Tables on EU policy > European pillar of social rights (EPSR) > Social protection and inclusion > Social protection and inclusion - headline indicators > Children aged less than 3 years in formal childcare
ilc_peps07,dataset,Database by themes > Population and social conditions > Living conditions and welfare > Income and living conditions > Persons at risk of poverty or social exclusion and intersections between sub-populations (EU 2020 strategy) > Persons at risk of poverty or social exclusion by tenure status - EU 2020 strategy
enpe_ilc_li09,dataset,"Database by themes > General and regional statistics > Non EU countries > Eastern European Neighbourhood Policy countries (ENP-East) > Population and social conditions > Living conditions > Relative poverty > Proportion of persons at risk of relative poverty, before social transfers by sex - ENP-East countries"
tec00013,table,"Database by themes > General and regional statistics > European and national indicators for short-term analysis > National accounts > Gross domestic product (GDP) and main components (output, expenditure and income) - annual data > Compensation of employees"
tps00019,table,"Database by themes > Population and social conditions > Demography, population stock and balance > Main population indicators > Population change - Demographic balance and crude rates at national level > Population change - crude rates of total change, natural change and net migration plus adjustment"
tps00014,table,"Database by themes > Population and social conditions > Demography, population stock and balance > Marriages > Marriage indicators > Mean age at first marriage by sex"
isoc_sk_oja2,dataset,"Database by themes > Science, technology, digital society > Digital economy and society > Digital skills > Labour market demand for ICT specialists in online job advertisements - experimental statistics > Distribution by occupation (ISCO-08) of the labour market demand for ICT specialists in online job advertisements - experimental statistics"
road_eqs_motorc,dataset,Database by themes > Transport > Road transport > Road transport equipment - stock of vehicles > Motorcycles by engine size
lfsa_urgaed$dv_611,dataset,Database by themes > Population and social conditions > Education and training > Education and training outcomes > Educational attainment level > Educational attainment and labour force participation > Unemployment rates by educational attainment level
educ_uoe_enra08,dataset,Database by themes > Population and social conditions > Education and training > Participation in education and training > Pupils and students - enrolments > All education levels > Students in post-compulsory education - as % of the total population of post-compulsory school age
mar_pa_qm_me,dataset,"Database by themes > Transport > Maritime transport > Maritime transport - passengers - detailed annual and quarterly results > Detailed tables per each reporting country by direction, partner entity and nationality of registration of vessels - quarterly data > Passengers (excluding cruise passengers) transported from/to the main ports - Montenegro - quarterly data"
ilc_pw01b$dv_2749,dataset,"Database by themes > Population and social conditions > Living conditions and welfare > Income and living conditions > EU-SILC modules > Personal well-being indicators (2013, 2018 and 2022) > Life satisfaction by sex, age, educational attainment and domain"
earn_ses_pub1a,dataset,Database by themes > Population and social conditions > Labour market > Earnings > Structure of earnings survey - main indicators > Low-wage earners and median earnings > Proportion of low-wage earners > Low-wage earners as a proportion of all employees (excluding apprentices) by age
tesem010,table,Cross cutting topics > Tables on EU policy > Employment and social policy indicators > Employment performance monitor - indicators > Employment rate by sex
ilc_sbjp05,dataset,Database by themes > Population and social conditions > Living conditions and welfare > Income and living conditions > Living conditions > Subjective poverty > Subjective poverty by degree of urbanization
ilc_iw02$dv_2665,dataset,Database by themes > Population and social conditions > Living conditions and welfare > Income and living conditions > Income distribution and monetary poverty > In-work poverty > In-work at-risk-of-poverty rate by household type
cens_01ndquart_hd,dataset,Database by themes > Population and social conditions > Population and housing censuses > Census 2001 round > National level > Dwellings > Private households by type of housing
rail_if_line_sp,dataset,Database by themes > Transport > Railway transport > Railway transport infrastructure > Length of railway lines by maximum permitted speed
tps00100,table,Database by themes > Population and social conditions > Social protection > Social protection expenditure > Expenditure on social protection by type of expenditure > Expenditure on social protection per inhabitant in PPS
rail_tf_ns20_tr,dataset,Database by themes > Transport > Railway transport > Railway traffic > Train traffic on the rail network (2020) > Train traffic on the rail network - Türkiye (2020)
migr_asytpspop,dataset,Database by themes > Population and social conditions > Migration > Asylum > Asylum and temporary protection indicators > Temporary protection indicators > Beneficiaries of temporary protection by citizenship - per thousand persons
iww_ac_nbac,dataset,Database by themes > Transport > Transport safety > Accidents in inland waterway transport
ilc_chsb01,dataset,Database by themes > Population and social conditions > Living conditions and welfare > Income and living conditions > EU-SILC modules > Living arrangements and conditions of children in separated and blended families (2021) > Children having one of their parents living outside the household
tag00065,table,"Database by themes > Agriculture, forestry and fisheries > Agriculture > Agricultural prices and price indices > Selling prices of agricultural products (absolute prices) > Selling prices of animal products (absolute prices) - annual price (from 2000 onwards) > Selling prices of calves"
gbv_any_age,dataset,"Database by themes > Population and social conditions > Living conditions and welfare > Gender based violence against women > Violence by any perpetrator during adulthood > Women who have experienced violence by any perpetrator, by age group"
tepsr_lm440,table,Database by themes > General and regional statistics > Degree of urbanisation > Living conditions and welfare > Severe housing deprivation rate by tenure status > Severe housing deprivation rate by tenure status
tsc00005,table,"Database by themes > Science, technology, digital society > Science and technology > Research and development (R&D) > R&D personnel at national and regional level > Share of female researchers by sector of performance > Share of women researchers by sector of performance"
teina414_r2,table,Database by themes > Economy and finance > National accounts (ESA 2010) > Quarterly national accounts > GDP and components > Gross value added and income by main industry (NACE Rev.2 ) - quarterly data > Gross value added - NACE Rev. 2: C - volumes
tran_sf_marv,dataset,Database by themes > Transport > Transport safety > Maritime transport safety > Maritime accident victims by sea basin of occurrence and country of registration of vessels
